<?xml version="1.0" encoding="utf-8"?>
<COLLADA xmlns="http://www.collada.org/2005/11/COLLADASchema" version="1.4.1" xmlns:xsi="http://www.w3.org/2001/XMLSchema-instance">
  <asset>
    <contributor>
      <author>Blender User</author>
      <authoring_tool>Blender 3.4.1 commit date:2022-12-19, commit time:17:00, hash:55485cb379f7</authoring_tool>
    </contributor>
    <created>2025-11-04T17:02:29</created>
    <modified>2025-11-04T17:02:29</modified>
    <unit name="meter" meter="1"/>
    <up_axis>Z_UP</up_axis>
  </asset>
  <library_effects>
    <effect id="MaterialFBXASC032FBXASC03527-effect">
      <profile_COMMON>
        <technique sid="common">
          <lambert>
            <emission>
              <color sid="emission">0 0 0 1</color>
            </emission>
            <diffuse>
              <color sid="diffuse">0.780392 0.760784 0.741176 1</color>
            </diffuse>
            <reflectivity>
              <float sid="specular">1</float>
            </reflectivity>
            <index_of_refraction>
              <float sid="ior">1.45</float>
            </index_of_refraction>
          </lambert>
        </technique>
      </profile_COMMON>
    </effect>
    <effect id="MaterialFBXASC032FBXASC03528-effect">
      <profile_COMMON>
        <technique sid="common">
          <lambert>
            <emission>
              <color sid="emission">0 0 0 1</color>
            </emission>
            <diffuse>
              <color sid="diffuse">0 1 0 1</color>
            </diffuse>
            <reflectivity>
              <float sid="specular">1</float>
            </reflectivity>
            <index_of_refraction>
              <float sid="ior">1.45</float>
            </index_of_refraction>
          </lambert>
        </technique>
      </profile_COMMON>
    </effect>
  </library_effects>
  <library_images/>
  <library_materials>
    <material id="MaterialFBXASC032FBXASC03527-material" name="MaterialFBXASC032FBXASC03527">
      <instance_effect url="#MaterialFBXASC032FBXASC03527-effect"/>
    </material>
    <material id="MaterialFBXASC032FBXASC03528-material" name="MaterialFBXASC032FBXASC03528">
      <instance_effect url="#MaterialFBXASC032FBXASC03528-effect"/>
    </material>
  </library_materials>
  <library_geometries>
    <geometry id="stitch_result_stitchFBXASC032allMesh-mesh" name="stitch_result_stitchFBXASC032allMesh">
      <mesh>
        <source id="stitch_result_stitchFBXASC032allMesh-mesh-positions">
          <float_array id="stitch_result_stitchFBXASC032allMesh-mesh-positions-array" count="9861">24.32447 24.32447 50.99999 28.60255 19.11161 50.99999 31.78145 13.16431 50.99999 33.739 6.711106 50.99999 34.39999 0 50.99999 33.739 -6.711106 50.99999 31.78145 -13.16431 50.99999 28.60255 -19.11161 50.99999 24.32447 -24.32447 50.99999 19.11161 -28.60255 50.99999 13.16431 -31.78145 50.99999 6.711106 -33.739 50.99999 0 -34.39999 50.99999 -6.711106 -33.739 50.99999 -13.16431 -31.78145 50.99999 -19.11161 -28.60255 50.99999 -24.32447 -24.32447 50.99999 -28.60255 -19.11161 50.99999 -31.78145 -13.16431 50.99999 -33.739 -6.711106 50.99999 -34.39999 0 50.99999 -33.739 6.711106 50.99999 -31.78145 13.16431 50.99999 -28.60255 19.11161 50.99999 -24.32447 24.32447 50.99999 -19.11161 28.60255 50.99999 -13.16431 31.78145 50.99999 -6.711106 33.739 50.99999 0 34.39999 50.99999 6.711106 33.739 50.99999 13.16431 31.78145 50.99999 19.11161 28.60255 50.99999 -24.32447 -24.32447 50.49999 24.32447 24.32447 50.49999 28.60255 19.11161 50.49999 31.78145 13.16431 50.49999 33.739 6.711106 50.49999 34.39999 0 50.49999 33.739 -6.711106 50.49999 31.78145 -13.16431 50.49999 28.60255 -19.11161 50.49999 24.32447 -24.32447 50.49999 19.11161 -28.60255 50.49999 13.16431 -31.78145 50.49999 6.711106 -33.739 50.49999 0 -34.39999 50.49999 -6.711106 -33.739 50.49999 -13.16431 -31.78145 50.49999 -19.11161 -28.60255 50.49999 -28.60255 -19.11161 50.49999 -31.78145 -13.16431 50.49999 -33.739 -6.711106 50.49999 -34.39999 0 50.49999 -33.739 6.711106 50.49999 -31.78145 13.16431 50.49999 -28.60255 19.11161 50.49999 -24.32447 24.32447 50.49999 -19.11161 28.60255 50.49999 -13.16431 31.78145 50.49999 -6.711106 33.739 50.49999 0 34.39999 50.49999 6.711106 33.739 50.49999 13.16431 31.78145 50.49999 19.11161 28.60255 50.49999 -28.68073 -32.48963 47.20261 -28.77964 -32.37022 47.2014 -28.83722 -32.22626 47.20072 -28.84793 -32.07156 47.20064 -28.81073 -31.92104 47.20118 -28.81473 -31.91725 47.26018 -28.82772 -31.90552 47.31451 -28.85027 -31.88513 47.3682 -28.8813 -31.85702 47.41583 -28.91899 -31.82281 47.45412 -28.96067 -31.78489 47.48104 -29.00348 -31.74583 47.496 -29.04079 -31.7117 47.49998 -29.10919 -31.85454 47.49998 -29.1404 -31.96574 47.49999 -29.14877 -32.07389 47.49999 -29.03931 -32.1728 47.48108 -28.91455 -32.28421 47.41593 -29.08158 -31.95643 47.49603 -28.81519 -32.35051 47.31452 -28.84241 -32.0082 47.25868 -28.85086 -32.16472 47.25878 -28.83366 -32.25588 47.25868 -28.80012 -32.34289 47.25848 -28.75034 -32.4231 47.25816 -28.8589 -32.00464 47.3147 -28.86763 -32.16639 47.31476 -28.84986 -32.2606 47.31469 -28.88703 -31.99856 47.36836 -28.89626 -32.16925 47.36841 -28.8775 -32.26866 47.36835 -28.92603 -31.99012 47.41593 -28.93593 -32.1732 47.41596 -28.91581 -32.27983 47.41593 -28.9737 -31.9798 47.45419 -28.9844 -32.17803 47.45421 -29.02676 -31.96831 47.48107 -29.1086 -31.95057 47.49927 -32.48963 28.68073 47.20261 -32.37022 28.77964 47.2014 -32.22626 28.83722 47.20072 -32.07156 28.84793 47.20064 -31.92104 28.81073 47.20118 -31.91725 28.81473 47.26018 -31.90552 28.82772 47.31451 -31.88513 28.85027 47.3682 -31.85702 28.8813 47.41583 -31.82281 28.91899 47.45412 -31.78489 28.96067 47.48104 -31.74583 29.00348 47.496 -31.7117 29.04079 47.49998 -31.85454 29.10919 47.49998 -31.96574 29.1404 47.49999 -32.07389 29.14877 47.49999 -32.1728 29.03931 47.48108 -32.28421 28.91455 47.41593 -31.95643 29.08158 47.49603 -32.35051 28.81519 47.31452 -32.0082 28.84241 47.25868 -32.16472 28.85086 47.25878 -32.25588 28.83366 47.25868 -32.34289 28.80012 47.25848 -32.4231 28.75034 47.25816 -32.00464 28.8589 47.3147 -32.16639 28.86763 47.31476 -32.2606 28.84986 47.31469 -31.99856 28.88703 47.36836 -32.16925 28.89626 47.36841 -32.26866 28.8775 47.36835 -31.99012 28.92603 47.41593 -32.1732 28.93593 47.41596 -32.27983 28.91581 47.41593 -31.9798 28.9737 47.45419 -32.17803 28.9844 47.45421 -31.96831 29.02676 47.48107 -31.95057 29.1086 47.49927 28.68073 32.48963 47.20261 28.77964 32.37022 47.2014 28.83722 32.22626 47.20072 28.84793 32.07156 47.20064 28.81073 31.92104 47.20118 28.81473 31.91725 47.26018 28.82772 31.90552 47.31451 28.85027 31.88513 47.3682 28.8813 31.85702 47.41583 28.91899 31.82281 47.45412 28.96067 31.78489 47.48104 29.00348 31.74583 47.496 29.04079 31.7117 47.49998 29.10919 31.85454 47.49998 29.1404 31.96574 47.49999 29.14877 32.07389 47.49999 29.03931 32.1728 47.48108 28.91455 32.28421 47.41593 29.08158 31.95643 47.49603 28.81519 32.35051 47.31452 28.84241 32.0082 47.25868 28.85086 32.16472 47.25878 28.83366 32.25588 47.25868 28.80012 32.34289 47.25848 28.75034 32.4231 47.25816 28.8589 32.00464 47.3147 28.86763 32.16639 47.31476 28.84986 32.2606 47.31469 28.88703 31.99856 47.36836 28.89626 32.16925 47.36841 28.8775 32.26866 47.36835 28.92603 31.99012 47.41593 28.93593 32.1732 47.41596 28.91581 32.27983 47.41593 28.9737 31.9798 47.45419 28.9844 32.17803 47.45421 29.02676 31.96831 47.48107 29.1086 31.95057 47.49927 -29.14877 32.07389 47.49999 -29.1404 31.96574 47.49999 -29.10919 31.85454 47.49998 -29.04079 31.71171 47.49998 -29.00348 31.74583 47.496 -28.96067 31.78489 47.48104 -28.91899 31.82281 47.45412 -28.8813 31.85702 47.41583 -28.85027 31.88513 47.3682 -28.82772 31.90552 47.31451 -28.81473 31.91725 47.26019 -28.81073 31.92104 47.20118 -28.84793 32.07156 47.20064 -28.83722 32.22626 47.20072 -28.77964 32.37022 47.2014 -28.68073 32.48963 47.20261 -28.91455 32.28421 47.41593 -29.03931 32.1728 47.48108 -29.08158 31.95643 47.49603 -29.06332 31.96039 47.49234 -29.02676 31.96831 47.48107 -28.9737 31.9798 47.45419 -28.9844 32.17803 47.45421 -28.92603 31.99012 47.41593 -28.93593 32.1732 47.41596 -28.91581 32.27983 47.41593 -28.88703 31.99856 47.36836 -28.89626 32.16925 47.36841 -28.8775 32.26866 47.36835 -28.8589 32.00464 47.3147 -28.86763 32.1664 47.31476 -28.84986 32.2606 47.31469 -28.81519 32.35051 47.31452 -28.84241 32.0082 47.25868 -28.85085 32.16472 47.25878 -28.83366 32.25588 47.25868 -28.80012 32.34289 47.25848 -28.75034 32.4231 47.25816 -29.1086 31.95058 47.49927 -32.07389 -29.14877 47.49999 -31.96574 -29.1404 47.49999 -31.85454 -29.10919 47.49998 -31.71171 -29.04079 47.49998 -31.74583 -29.00348 47.496 -31.78489 -28.96067 47.48104 -31.82281 -28.91899 47.45412 -31.85702 -28.8813 47.41583 -31.88513 -28.85027 47.3682 -31.90552 -28.82772 47.31451 -31.91725 -28.81473 47.26019 -31.92104 -28.81073 47.20118 -32.07156 -28.84793 47.20064 -32.22626 -28.83722 47.20072 -32.37022 -28.77964 47.2014 -32.48963 -28.68073 47.20261 -32.28421 -28.91455 47.41593 -32.1728 -29.03931 47.48108 -31.95643 -29.08158 47.49603 -31.96039 -29.06332 47.49234 -31.96831 -29.02676 47.48107 -31.9798 -28.9737 47.45419 -32.17803 -28.9844 47.45421 -31.99012 -28.92603 47.41593 -32.1732 -28.93593 47.41596 -32.27983 -28.91581 47.41593 -31.99856 -28.88703 47.36836 -32.16925 -28.89626 47.36841 -32.26866 -28.8775 47.36835 -32.00464 -28.8589 47.3147 -32.1664 -28.86763 47.31476 -32.2606 -28.84986 47.31469 -32.35051 -28.81519 47.31452 -32.0082 -28.84241 47.25868 -32.16472 -28.85085 47.25878 -32.25588 -28.83366 47.25868 -32.34289 -28.80012 47.25848 -32.4231 -28.75034 47.25816 -31.95058 -29.1086 47.49927 29.14877 -32.07389 47.49999 29.1404 -31.96574 47.49999 29.10919 -31.85454 47.49998 29.04079 -31.71171 47.49998 29.00348 -31.74583 47.496 28.96067 -31.78489 47.48104 28.91899 -31.82281 47.45412 28.8813 -31.85702 47.41583 28.85027 -31.88513 47.3682 28.82772 -31.90552 47.31451 28.81473 -31.91725 47.26019 28.81073 -31.92104 47.20118 28.84793 -32.07156 47.20064 28.83722 -32.22626 47.20072 28.77964 -32.37022 47.2014 28.68073 -32.48963 47.20261 28.91455 -32.28421 47.41593 29.03931 -32.1728 47.48108 29.08158 -31.95643 47.49603 29.06332 -31.96039 47.49234 29.02676 -31.96831 47.48107 28.9737 -31.9798 47.45419 28.9844 -32.17803 47.45421 28.92603 -31.99012 47.41593 28.93593 -32.1732 47.41596 28.91581 -32.27983 47.41593 28.88703 -31.99856 47.36836 28.89626 -32.16925 47.36841 28.8775 -32.26866 47.36835 28.8589 -32.00464 47.3147 28.86763 -32.1664 47.31476 28.84986 -32.2606 47.31469 28.81519 -32.35051 47.31452 28.84241 -32.0082 47.25868 28.85085 -32.16472 47.25878 28.83366 -32.25588 47.25868 28.80012 -32.34289 47.25848 28.75034 -32.4231 47.25816 29.1086 -31.95058 47.49927 32.48963 -28.68073 47.20261 32.37022 -28.77964 47.2014 32.22626 -28.83722 47.20072 32.07156 -28.84793 47.20064 31.92104 -28.81073 47.20118 31.91725 -28.81473 47.26018 31.90552 -28.82772 47.31451 31.88513 -28.85027 47.3682 31.85702 -28.8813 47.41583 31.82281 -28.91899 47.45412 31.78489 -28.96067 47.48104 31.74583 -29.00348 47.496 31.7117 -29.04079 47.49998 31.85454 -29.10919 47.49998 31.96574 -29.1404 47.49999 32.07389 -29.14877 47.49999 32.1728 -29.03931 47.48108 32.28421 -28.91455 47.41593 31.95643 -29.08158 47.49603 32.35051 -28.81519 47.31452 32.0082 -28.84241 47.25868 32.16472 -28.85086 47.25878 32.25588 -28.83366 47.25868 32.34289 -28.80012 47.25848 32.4231 -28.75034 47.25816 32.00464 -28.8589 47.3147 32.16639 -28.86763 47.31476 32.2606 -28.84986 47.31469 31.99856 -28.88703 47.36836 32.16925 -28.89626 47.36841 32.26866 -28.8775 47.36835 31.99012 -28.92603 47.41593 32.1732 -28.93593 47.41596 32.27983 -28.91581 47.41593 31.9798 -28.9737 47.45419 32.17803 -28.9844 47.45421 31.96831 -29.02676 47.48107 31.95057 -29.1086 47.49927 32.07389 29.14877 47.49999 31.96574 29.1404 47.49999 31.85454 29.10919 47.49998 31.71171 29.04079 47.49998 31.74583 29.00348 47.496 31.78489 28.96067 47.48104 31.82281 28.91899 47.45412 31.85702 28.8813 47.41583 31.88513 28.85027 47.3682 31.90552 28.82772 47.31451 31.91725 28.81473 47.26019 31.92104 28.81073 47.20118 32.07156 28.84793 47.20064 32.22626 28.83722 47.20072 32.37022 28.77964 47.2014 32.48963 28.68073 47.20261 32.28421 28.91455 47.41593 32.1728 29.03931 47.48108 31.95643 29.08158 47.49603 31.96039 29.06332 47.49234 31.96831 29.02676 47.48107 31.9798 28.9737 47.45419 32.17803 28.9844 47.45421 31.99012 28.92603 47.41593 32.1732 28.93593 47.41596 32.27983 28.91581 47.41593 31.99856 28.88703 47.36836 32.16925 28.89626 47.36841 32.26866 28.8775 47.36835 32.00464 28.8589 47.3147 32.1664 28.86763 47.31476 32.2606 28.84986 47.31469 32.35051 28.81519 47.31452 32.0082 28.84241 47.25868 32.16472 28.85085 47.25878 32.25588 28.83366 47.25868 32.34289 28.80012 47.25848 32.4231 28.75034 47.25816 31.95058 29.1086 47.49927 20 38.47436 16.84407 23.17556 36.64825 20.51551 26.35961 34.43013 24.0532 29.44465 31.83119 27.3995 32.35007 28.87472 30.5 28.57856 32.61199 30.5 22.28226 37.19916 30.5 15.2668 40.58573 30.5 7.758602 42.6624 30.5 0 43.36215 30.5 -7.758602 42.6624 30.5 -15.2668 40.58573 30.5 -22.28226 37.19916 30.5 -28.57856 32.61199 30.5 -32.61199 28.57856 30.5 -37.19916 22.28226 30.5 -40.58573 15.2668 30.5 -42.6624 7.758602 30.5 -43.36215 0 30.5 -43.36215 0 0.500002 -42.73084 7.372361 0.500002 -40.85528 14.53005 0.500002 -37.79009 21.26466 0.500002 -33.62452 27.38007 0.500002 -28.47987 32.69822 0.500002 -22.50593 37.06427 0.500002 -15.87666 40.35106 0.500002 -8.785089 42.46291 0.500002 -1.437713 43.33832 0.500002 5.951526 42.95178 0.500002 13.16747 41.31458 0.500002 20 38.47436 0.500002 20 38.47436 3.145399 19.85672 38.54851 3.147192 19.71316 38.62212 3.148981 19.56933 38.69519 3.150768 19.42523 38.76773 3.152551 18.69305 39.12587 3.216618 17.97726 39.46004 3.410569 17.61618 39.62256 3.579772 17.33767 39.74521 3.780821 17.22118 39.79582 3.908023 17.13496 39.83302 4.055054 17.10955 39.84394 4.13057 17.09616 39.84969 4.209204 17.09601 39.84976 4.289314 17.10916 39.84412 4.368 17.97148 39.46331 7.084855 18.71894 39.11427 8.843379 20 38.47436 11.35824 20 38.76773 3.152551 20 38.94525 3.168899 20 39.12213 3.215276 20 39.29489 3.294796 20 39.46004 3.410573 20 39.61394 3.568718 20 39.74518 3.7809 20 39.83302 4.055053 20 39.84412 4.368 20 39.61021 6.169252 20 39.3033 7.938494 20 38.92212 9.669061 20 -38.47436 0.500002 13.16747 -41.31458 0.500002 5.951526 -42.95178 0.500002 -1.437713 -43.33832 0.500002 -8.785089 -42.46291 0.500002 -15.87666 -40.35106 0.500002 -22.50593 -37.06427 0.500002 -28.47987 -32.69822 0.500002 -33.62452 -27.38007 0.500002 -37.79009 -21.26466 0.500002 -40.85528 -14.53005 0.500002 -42.73084 -7.372361 0.500002 -42.6624 -7.758602 30.5 -40.58573 -15.2668 30.5 -37.19916 -22.28226 30.5 -32.61199 -28.57856 30.5 -28.57856 -32.61199 30.5 -22.28226 -37.19916 30.5 -15.2668 -40.58573 30.5 -7.758602 -42.6624 30.5 0 -43.36215 30.5 7.758602 -42.6624 30.5 15.2668 -40.58573 30.5 22.28226 -37.19916 30.5 28.57856 -32.61199 30.5 32.35007 -28.87472 30.5 29.44465 -31.83119 27.3995 26.35961 -34.43013 24.0532 23.17556 -36.64825 20.51551 20 -38.47436 16.84407 20 38.34053 17.14653 20 38.20431 17.44792 20 38.06573 17.74824 23.07377 36.28425 21.15265 26.12765 34.15138 24.44714 29.07865 31.67606 27.57871 31.86298 28.87472 30.5 20 38.06573 0.500002 31.86298 -28.87472 30.5 29.07865 -31.67606 27.57871 26.12765 -34.15138 24.44714 23.07377 -36.28425 21.15265 20 -38.06573 17.74824 20 -38.20431 17.44792 20 -38.34053 17.14653 20 -38.06573 0.500002 28.46641 -32.48401 30.5 28.54286 -32.39982 30.5 28.59829 -32.30057 30.5 28.62988 -32.19131 30.5 28.63596 -32.07774 30.5 29.74907 -31.04823 30.5 30.82519 -29.98011 30.5 30.82519 29.98011 30.5 29.74907 31.04823 30.5 28.63596 32.07774 30.5 28.62988 32.19131 30.5 28.59829 32.30057 30.5 28.54286 32.39982 30.5 28.46641 32.48401 30.5 22.19481 37.05318 30.5 15.20688 40.42645 30.5 7.728153 42.49497 30.5 0 43.19198 30.5 -7.728153 42.49497 30.5 -15.20688 40.42645 30.5 -22.19481 37.05318 30.5 -28.46641 32.48401 30.5 -28.54286 32.39982 30.5 -28.59829 32.30057 30.5 -28.62988 32.19131 30.5 -28.63596 32.07774 30.5 -29.82627 30.97407 30.5 -30.97407 29.82627 30.5 -32.07774 28.63596 30.5 -32.19131 28.62988 30.5 -32.30057 28.59829 30.5 -32.39982 28.54286 30.5 -32.48401 28.46641 30.5 -37.05318 22.19481 30.5 -40.42645 15.20688 30.5 -42.49497 7.728153 30.5 -43.19198 0 30.5 -42.49497 -7.728153 30.5 -40.42645 -15.20688 30.5 -37.05318 -22.19481 30.5 -32.48401 -28.46641 30.5 -32.39982 -28.54286 30.5 -32.30057 -28.59829 30.5 -32.19131 -28.62988 30.5 -32.07774 -28.63596 30.5 -30.97407 -29.82627 30.5 -29.82627 -30.97407 30.5 -28.63596 -32.07774 30.5 -28.62988 -32.19131 30.5 -28.59829 -32.30057 30.5 -28.54286 -32.39982 30.5 -28.46641 -32.48401 30.5 -22.19481 -37.05318 30.5 -15.20688 -40.42645 30.5 -7.728153 -42.49497 30.5 0 -43.19198 30.5 7.728153 -42.49497 30.5 15.20688 -40.42645 30.5 22.19481 -37.05318 30.5 28.72788 32.23128 38.77726 28.66661 32.37617 38.77798 28.74082 32.07109 38.77716 -28.66661 32.37617 38.77798 -28.72788 32.23128 38.77726 -28.74082 32.07109 38.77716 -32.23128 28.72788 38.77726 -32.37617 28.66661 38.77798 -32.07109 28.74082 38.77716 -28.72788 -32.23128 38.77726 -28.66661 -32.37617 38.77798 -28.74082 -32.07109 38.77716 -32.37617 -28.66661 38.77797 -32.23128 -28.72788 38.77724 -32.07109 -28.74082 38.77714 28.66661 -32.37617 38.778 28.72788 -32.23128 38.77728 28.74082 -32.07109 38.77717 32.48414 28.47125 30.87697 32.40682 28.5418 30.81176 32.31018 28.59753 30.76005 32.19705 28.6318 30.72815 32.13658 28.63889 30.72155 32.07535 28.63863 30.72179 34.30708 25.92269 33.04506 36.40328 22.88635 35.21647 38.29584 19.5545 37.16952 39.92635 15.96486 38.84732 41.24509 12.15645 40.20149 42.21401 8.183761 41.19493 42.80243 4.108313 41.79773 42.99999 0 41.99999 42.80243 -4.108313 41.79773 42.21401 -8.183761 41.19493 41.24509 -12.15645 40.20149 39.92635 -15.96486 38.84732 38.29584 -19.5545 37.16952 36.40328 -22.88635 35.21647 34.30708 -25.92269 33.04506 32.07535 -28.63863 30.72179 32.13658 -28.63889 30.72155 32.19705 -28.6318 30.72815 32.31018 -28.59753 30.76005 32.40682 -28.5418 30.81176 32.48414 -28.47125 30.87697 34.70122 -25.75574 33.17543 36.77813 -22.72728 35.31924 38.64981 -19.41087 37.24478 40.26001 -15.84301 38.89711 41.56136 -12.06157 40.23007 42.517 -8.119642 41.2076 43.09738 -4.076635 41.80083 43.29234 0 41.99999 43.09738 4.076635 41.80083 42.517 8.119642 41.2076 41.56136 12.06157 40.23007 40.26001 15.84301 38.89711 38.64981 19.41087 37.24478 36.77813 22.72728 35.31924 34.70122 25.75574 33.17543 32.37621 28.66804 38.89008 32.23132 28.72931 38.88936 32.07112 28.74225 38.88926 32.23132 -28.72931 38.88975 32.37621 -28.66805 38.89048 32.07112 -28.74226 38.88965 30.84761 -29.95705 47.49999 29.95705 -30.84761 47.49999 30.15468 -31.13005 47.49999 31.13005 -30.15468 47.49999 -29.95705 -30.84761 47.49999 -30.84761 -29.95705 47.49999 -31.13005 -30.15468 47.49999 -30.15468 -31.13005 47.49999 -30.84761 29.95705 47.49999 -29.95705 30.84761 47.49999 -30.15468 31.13005 47.49999 -31.13005 30.15468 47.49999 29.95705 30.84761 47.49999 30.84761 29.95705 47.49999 31.13005 30.15468 47.49999 30.15468 31.13005 47.49999 13.222 -40.91672 0.500002 6.057357 -42.57121 0.500002 -1.284417 -42.98081 0.500002 -8.588632 -42.13354 0.500002 -15.64169 -40.05418 0.500002 -22.23735 -36.80352 0.500002 -28.18274 -32.47665 0.500002 -33.30398 -27.20008 0.500002 -37.45134 -21.1281 0.500002 -40.50352 -14.43829 0.500002 -42.37128 -7.326264 0.500002 -42.99999 0 0.500002 -42.37128 7.326264 0.500002 -40.50352 14.43829 0.500002 -37.45134 21.1281 0.500002 -33.30398 27.20008 0.500002 -28.18274 32.47665 0.500002 -22.23735 36.80352 0.500002 -15.64169 40.05418 0.500002 -8.588632 42.13354 0.500002 -1.284417 42.98081 0.500002 6.057357 42.57121 0.500002 13.222 40.91672 0.500002 -42.99999 0 49.99999 -42.34673 7.466871 49.99999 -40.40678 14.70686 49.99999 -37.23908 21.5 49.99999 -32.9399 27.63986 49.99999 -27.63986 32.9399 49.99999 -21.5 37.23908 49.99999 -14.70686 40.40678 49.99999 -7.466871 42.34673 49.99999 0 42.99999 49.99999 7.466871 42.34673 49.99999 14.70686 40.40678 49.99999 21.5 37.23908 49.99999 27.63986 32.9399 49.99999 32.9399 27.63986 49.99999 37.23908 21.5 49.99999 40.40678 14.70686 49.99999 42.34673 7.466871 49.99999 42.99999 0 49.99999 -43.36215 0 49.99999 -42.70339 -7.52976 49.99999 -40.7471 -14.83073 49.99999 -37.55273 -21.68108 49.99999 -33.21734 -27.87266 49.99999 -27.87266 -33.21734 49.99999 -21.68108 -37.55273 49.99999 -14.83073 -40.7471 49.99999 -7.52976 -42.70339 49.99999 0 -43.36215 49.99999 7.52976 -42.70339 49.99999 14.83073 -40.7471 49.99999 21.68108 -37.55273 49.99999 27.87266 -33.21734 49.99999 33.21734 -27.87266 49.99999 37.55273 -21.68108 49.99999 40.7471 -14.83073 49.99999 42.70339 -7.52976 49.99999 43.36215 0 49.99999 42.70339 7.52976 49.99999 40.7471 14.83073 49.99999 37.55273 21.68108 49.99999 33.21734 27.87266 49.99999 27.87266 33.21734 49.99999 21.68108 37.55273 49.99999 14.83073 40.7471 49.99999 7.52976 42.70339 49.99999 0 43.36215 49.99999 -7.52976 42.70339 49.99999 -14.83073 40.7471 49.99999 -21.68108 37.55273 49.99999 -27.87266 33.21734 49.99999 -33.21734 27.87266 49.99999 -37.55273 21.68108 49.99999 -40.7471 14.83073 49.99999 -42.70339 7.52976 49.99999 42.34673 -7.466871 49.99999 40.40678 -14.70686 49.99999 37.23908 -21.5 49.99999 32.9399 -27.63986 49.99999 27.63986 -32.9399 49.99999 21.5 -37.23908 49.99999 14.70686 -40.40678 49.99999 7.466871 -42.34673 49.99999 0 -42.99999 49.99999 -7.466871 -42.34673 49.99999 -14.70686 -40.40678 49.99999 -21.5 -37.23908 49.99999 -27.63986 -32.9399 49.99999 -32.9399 -27.63986 49.99999 -37.23908 -21.5 49.99999 -40.40678 -14.70686 49.99999 -42.34673 -7.466871 49.99999 30.19346 30.19346 50.59999 30.19346 30.19346 50.49999 30.50609 29.76316 50.49999 30.67045 29.25731 50.49999 30.67045 28.72543 50.49999 30.50609 28.21959 50.49999 30.19346 27.78929 50.49999 29.76316 27.47666 50.49999 29.25731 27.3123 50.49999 28.72543 27.3123 50.49999 28.21959 27.47666 50.49999 27.78929 27.78929 50.49999 27.78929 27.78929 50.59999 28.21959 27.47666 50.59999 28.72543 27.3123 50.59999 29.25731 27.3123 50.59999 29.76316 27.47666 50.59999 30.19346 27.78929 50.59999 30.50609 28.21959 50.59999 30.67045 28.72543 50.59999 30.67045 29.25731 50.59999 30.50609 29.76316 50.59999 30.49137 28.99137 50.49999 30.41796 29.4549 50.49999 30.2049 29.87305 50.49999 29.87305 30.2049 50.49999 29.4549 30.41796 50.49999 28.99137 30.49137 50.49999 28.52785 30.41796 50.49999 28.1097 30.2049 50.49999 27.77785 29.87305 50.49999 27.56479 29.4549 50.49999 27.49137 28.99137 50.49999 27.49137 28.99137 50.59999 27.56479 29.4549 50.59999 27.77785 29.87305 50.59999 28.1097 30.2049 50.59999 28.52785 30.41796 50.59999 28.99137 30.49137 50.59999 29.4549 30.41796 50.59999 29.87305 30.2049 50.59999 30.2049 29.87305 50.59999 30.41796 29.4549 50.59999 30.49137 28.99137 50.59999 27.56479 28.52785 50.49999 27.77785 28.1097 50.49999 28.1097 27.77785 50.49999 28.52785 27.56479 50.49999 28.99137 27.49137 50.49999 29.4549 27.56479 50.49999 29.87305 27.77785 50.49999 30.2049 28.1097 50.49999 30.41796 28.52785 50.49999 30.41796 28.52785 50.59999 30.2049 28.1097 50.59999 29.87305 27.77785 50.59999 29.4549 27.56479 50.59999 28.99137 27.49137 50.59999 28.52785 27.56479 50.59999 28.1097 27.77785 50.59999 27.77785 28.1097 50.59999 27.56479 28.52785 50.59999 27.47666 28.21959 50.59999 27.3123 28.72543 50.59999 27.3123 29.25731 50.59999 27.47666 29.76316 50.59999 27.78929 30.19346 50.59999 28.21959 30.50609 50.59999 28.72543 30.67045 50.59999 29.25731 30.67045 50.59999 29.76316 30.50609 50.59999 29.76316 30.50609 50.49999 29.25731 30.67045 50.49999 28.72543 30.67045 50.49999 28.21959 30.50609 50.49999 27.78929 30.19346 50.49999 27.47666 29.76316 50.49999 27.3123 29.25731 50.49999 27.3123 28.72543 50.49999 27.47666 28.21959 50.49999 30.19346 -27.78929 50.59999 30.19346 -27.78929 50.49999 30.50609 -28.21959 50.49999 30.67045 -28.72543 50.49999 30.67045 -29.25731 50.49999 30.50609 -29.76316 50.49999 30.19346 -30.19346 50.49999 29.76316 -30.50609 50.49999 29.25731 -30.67045 50.49999 28.72543 -30.67045 50.49999 28.21959 -30.50609 50.49999 27.78929 -30.19346 50.49999 27.78929 -30.19346 50.59999 28.21959 -30.50609 50.59999 28.72543 -30.67045 50.59999 29.25731 -30.67045 50.59999 29.76316 -30.50609 50.59999 30.19346 -30.19346 50.59999 30.50609 -29.76316 50.59999 30.67045 -29.25731 50.59999 30.67045 -28.72543 50.59999 30.50609 -28.21959 50.59999 28.99137 -30.49137 50.49999 29.4549 -30.41796 50.49999 29.87305 -30.2049 50.49999 30.2049 -29.87305 50.49999 30.41796 -29.4549 50.49999 30.49137 -28.99137 50.49999 30.41796 -28.52785 50.49999 30.2049 -28.1097 50.49999 29.87305 -27.77785 50.49999 29.4549 -27.56479 50.49999 28.99137 -27.49137 50.49999 28.99137 -27.49137 50.59999 29.4549 -27.56479 50.59999 29.87305 -27.77785 50.59999 30.2049 -28.1097 50.59999 30.41796 -28.52785 50.59999 30.49137 -28.99137 50.59999 30.41796 -29.4549 50.59999 30.2049 -29.87305 50.59999 29.87305 -30.2049 50.59999 29.4549 -30.41796 50.59999 28.99137 -30.49137 50.59999 28.52785 -27.56479 50.49999 28.1097 -27.77785 50.49999 27.77785 -28.1097 50.49999 27.56479 -28.52785 50.49999 27.49137 -28.99137 50.49999 27.56479 -29.4549 50.49999 27.77785 -29.87305 50.49999 28.1097 -30.2049 50.49999 28.52785 -30.41796 50.49999 28.52785 -30.41796 50.59999 28.1097 -30.2049 50.59999 27.77785 -29.87305 50.59999 27.56479 -29.4549 50.59999 27.49137 -28.99137 50.59999 27.56479 -28.52785 50.59999 27.77785 -28.1097 50.59999 28.1097 -27.77785 50.59999 28.52785 -27.56479 50.59999 27.47666 -29.76316 50.59999 27.3123 -29.25731 50.59999 27.3123 -28.72543 50.59999 27.47666 -28.21959 50.59999 27.78929 -27.78929 50.59999 28.21959 -27.47666 50.59999 28.72543 -27.3123 50.59999 29.25731 -27.3123 50.59999 29.76316 -27.47666 50.59999 29.76316 -27.47666 50.49999 29.25731 -27.3123 50.49999 28.72543 -27.3123 50.49999 28.21959 -27.47666 50.49999 27.78929 -27.78929 50.49999 27.47666 -28.21959 50.49999 27.3123 -28.72543 50.49999 27.3123 -29.25731 50.49999 27.47666 -29.76316 50.49999 -27.78929 -27.78929 50.59999 -27.78929 -27.78929 50.49999 -27.47666 -28.21959 50.49999 -27.3123 -28.72543 50.49999 -27.3123 -29.25731 50.49999 -27.47666 -29.76316 50.49999 -27.78929 -30.19346 50.49999 -28.21959 -30.50609 50.49999 -28.72543 -30.67045 50.49999 -29.25731 -30.67045 50.49999 -29.76316 -30.50609 50.49999 -30.19346 -30.19346 50.49999 -30.19346 -30.19346 50.59999 -29.76316 -30.50609 50.59999 -29.25731 -30.67045 50.59999 -28.72543 -30.67045 50.59999 -28.21959 -30.50609 50.59999 -27.78929 -30.19346 50.59999 -27.47666 -29.76316 50.59999 -27.3123 -29.25731 50.59999 -27.3123 -28.72543 50.59999 -27.47666 -28.21959 50.59999 -30.49137 -28.99137 50.49999 -30.41796 -29.4549 50.49999 -30.2049 -29.87305 50.49999 -29.87305 -30.2049 50.49999 -29.4549 -30.41796 50.49999 -28.99137 -30.49137 50.49999 -28.52785 -30.41796 50.49999 -28.1097 -30.2049 50.49999 -27.77785 -29.87305 50.49999 -27.56479 -29.4549 50.49999 -27.49137 -28.99137 50.49999 -27.49137 -28.99137 50.59999 -27.56479 -29.4549 50.59999 -27.77785 -29.87305 50.59999 -28.1097 -30.2049 50.59999 -28.52785 -30.41796 50.59999 -28.99137 -30.49137 50.59999 -29.4549 -30.41796 50.59999 -29.87305 -30.2049 50.59999 -30.2049 -29.87305 50.59999 -30.41796 -29.4549 50.59999 -30.49137 -28.99137 50.59999 -27.56479 -28.52785 50.49999 -27.77785 -28.1097 50.49999 -28.1097 -27.77785 50.49999 -28.52785 -27.56479 50.49999 -28.99137 -27.49137 50.49999 -29.4549 -27.56479 50.49999 -29.87305 -27.77785 50.49999 -30.2049 -28.1097 50.49999 -30.41796 -28.52785 50.49999 -30.41796 -28.52785 50.59999 -30.2049 -28.1097 50.59999 -29.87305 -27.77785 50.59999 -29.4549 -27.56479 50.59999 -28.99137 -27.49137 50.59999 -28.52785 -27.56479 50.59999 -28.1097 -27.77785 50.59999 -27.77785 -28.1097 50.59999 -27.56479 -28.52785 50.59999 -30.50609 -29.76316 50.59999 -30.67045 -29.25731 50.59999 -30.67045 -28.72543 50.59999 -30.50609 -28.21959 50.59999 -30.19346 -27.78929 50.59999 -29.76316 -27.47666 50.59999 -29.25731 -27.3123 50.59999 -28.72543 -27.3123 50.59999 -28.21959 -27.47666 50.59999 -28.21959 -27.47666 50.49999 -28.72543 -27.3123 50.49999 -29.25731 -27.3123 50.49999 -29.76316 -27.47666 50.49999 -30.19346 -27.78929 50.49999 -30.50609 -28.21959 50.49999 -30.67045 -28.72543 50.49999 -30.67045 -29.25731 50.49999 -30.50609 -29.76316 50.49999 -27.78929 30.19346 50.59999 -27.78929 30.19346 50.49999 -27.47666 29.76316 50.49999 -27.3123 29.25731 50.49999 -27.3123 28.72543 50.49999 -27.47666 28.21959 50.49999 -27.78929 27.78929 50.49999 -28.21959 27.47666 50.49999 -28.72543 27.3123 50.49999 -29.25731 27.3123 50.49999 -29.76316 27.47666 50.49999 -30.19346 27.78929 50.49999 -30.19346 27.78929 50.59999 -29.76316 27.47666 50.59999 -29.25731 27.3123 50.59999 -28.72543 27.3123 50.59999 -28.21959 27.47666 50.59999 -27.78929 27.78929 50.59999 -27.47666 28.21959 50.59999 -27.3123 28.72543 50.59999 -27.3123 29.25731 50.59999 -27.47666 29.76316 50.59999 -28.99137 30.49137 50.49999 -29.4549 30.41796 50.49999 -29.87305 30.2049 50.49999 -30.2049 29.87305 50.49999 -30.41796 29.4549 50.49999 -30.49137 28.99137 50.49999 -30.41796 28.52785 50.49999 -30.2049 28.1097 50.49999 -29.87305 27.77785 50.49999 -29.4549 27.56479 50.49999 -28.99137 27.49137 50.49999 -28.99137 27.49137 50.59999 -29.4549 27.56479 50.59999 -29.87305 27.77785 50.59999 -30.2049 28.1097 50.59999 -30.41796 28.52785 50.59999 -30.49137 28.99137 50.59999 -30.41796 29.4549 50.59999 -30.2049 29.87305 50.59999 -29.87305 30.2049 50.59999 -29.4549 30.41796 50.59999 -28.99137 30.49137 50.59999 -28.52785 27.56479 50.49999 -28.1097 27.77785 50.49999 -27.77785 28.1097 50.49999 -27.56479 28.52785 50.49999 -27.49137 28.99137 50.49999 -27.56479 29.4549 50.49999 -27.77785 29.87305 50.49999 -28.1097 30.2049 50.49999 -28.52785 30.41796 50.49999 -28.52785 30.41796 50.59999 -28.1097 30.2049 50.59999 -27.77785 29.87305 50.59999 -27.56479 29.4549 50.59999 -27.49137 28.99137 50.59999 -27.56479 28.52785 50.59999 -27.77785 28.1097 50.59999 -28.1097 27.77785 50.59999 -28.52785 27.56479 50.59999 -30.50609 28.21959 50.59999 -30.67045 28.72543 50.59999 -30.67045 29.25731 50.59999 -30.50609 29.76316 50.59999 -30.19346 30.19346 50.59999 -29.76316 30.50609 50.59999 -29.25731 30.67045 50.59999 -28.72543 30.67045 50.59999 -28.21959 30.50609 50.59999 -28.21959 30.50609 50.49999 -28.72543 30.67045 50.49999 -29.25731 30.67045 50.49999 -29.76316 30.50609 50.49999 -30.19346 30.19346 50.49999 -30.50609 29.76316 50.49999 -30.67045 29.25731 50.49999 -30.67045 28.72543 50.49999 -30.50609 28.21959 50.49999 1.057925 44.98799 -8.056743 1.050188 44.98799 -1.039283 7.876242 44.98799 -1.039309 5.772564 44.98799 -2.376503 3.914783 44.98799 -4.014923 2.334811 44.98799 -5.91762 41.6194 17.1123 43.29939 43.06775 13.04485 44.58383 44.28141 8.009698 45.70957 44.67292 5.415646 46.08712 44.99999 0 46.42432 44.70757 -5.121747 46.12117 44.33322 -7.717799 45.75906 43.15408 -12.75635 44.66208 41.61898 -17.1133 43.29917 42.47272 -15.05847 43.64072 43.87202 -10.21786 44.98049 44.37262 -7.684453 45.51244 44.73109 -5.10242 45.92192 45.00878 7e-6 46.29466 44.69818 5.394808 45.88164 44.32281 7.974699 45.45808 43.80518 10.50696 44.91204 42.47301 15.05768 43.64095 42.39935 -15.1238 43.79047 43.17932 -12.7217 44.50179 43.83163 -10.2388 45.12267 44.34483 -7.699551 45.63472 44.71409 -5.111425 46.02102 44.93359 -2.496761 46.27317 45.00197 0.14165 46.35905 44.96225 1.903763 46.30865 44.67997 5.404484 45.9838 44.2937 7.990492 45.58274 43.76332 10.52851 45.0562 43.09377 13.0094 44.42237 42.29555 15.412 43.69765 7.876224 -44.98799 1.039282 11.31905 -44.99522 0.656751 12.77106 -44.99356 0.76096 14.01937 -44.98539 1.146413 15.10655 -44.96087 1.876008 16.00556 -44.90985 2.846723 17.51765 -44.71162 5.088284 19.36069 -44.25485 8.159408 21.76701 -43.33165 12.13952 24.52711 -41.86531 16.50027 27.30771 -39.95465 20.70156 30.0652 -37.61367 24.70157 32.75854 -34.85526 28.4624 35.34836 -31.69083 31.94842 37.79548 -28.12966 35.12453 40.0553 -24.1842 37.94898 42.07655 -19.87249 40.37429 43.80833 -15.21344 42.35013 45.18405 -10.28146 43.80961 46.10845 -5.233867 44.69458 46.50969 0 44.99999 46.11395 5.193422 44.69929 45.18394 10.28154 43.81008 44.77443 11.9315 43.39037 44.21277 13.92097 42.79313 42.60232 18.57852 40.98582 40.61496 23.07894 38.63113 38.36554 27.20252 35.8473 35.90851 30.92987 32.68573 33.29281 34.24661 29.19194 30.56156 37.14212 25.40527 27.75559 39.60535 21.36223 24.91864 41.62258 17.10308 22.0945 43.18007 12.66809 19.56587 44.18996 8.503355 17.62396 44.69173 5.261338 16.07979 44.90373 2.941715 15.17873 44.9581 1.941183 14.08686 44.98454 1.179193 12.82202 44.9934 0.769983 11.36222 44.99523 0.656462 7.876223 44.98799 1.039281 5.788146 44.98799 2.366974 3.927129 44.98799 4.00688 2.338887 44.98799 5.915071 1.063972 44.988 8.04789 0.80163 44.99298 11.03899 1.111151 44.98632 13.02618 1.364896 44.97933 13.64486 2.103726 44.95083 14.76022 4.08479 44.81429 16.52783 6.273341 44.56076 18.0068 8.500721 44.19021 19.40088 12.90874 43.11025 22.13152 17.17216 41.59852 24.86392 21.28253 39.65734 27.59217 25.17993 37.312 30.27597 28.85281 34.5595 32.89488 32.27533 31.40119 35.42087 35.39856 27.85181 37.8055 39.42048 21.82577 41.02035 40.55002 19.65674 41.96358 40.41571 -19.93053 41.85015 38.02366 -24.1661 39.88242 35.23863 -28.05282 37.68125 32.14895 -31.53116 35.32519 28.77095 -34.62742 32.83552 23.18343 -38.57974 28.89001 17.15304 -41.60639 24.85145 10.75758 -43.69608 20.79117 6.322595 -44.5538 18.03828 3.098881 -44.89321 15.74965 2.144387 -44.94891 14.808 1.390121 -44.97856 13.6954 0.948375 -44.99006 12.42148 0.848578 -44.99226 9.718651 1.064112 -44.988 8.047595 2.341435 -44.98799 5.912007 3.929868 -44.98799 4.004994 5.788572 -44.98799 2.367208 11.06168 44.81437 5.976917 14.98541 44.13009 10.44728 20.69072 42.17518 16.94626 26.09302 39.14913 23.09787 31.06259 35.12888 28.75378 35.47617 30.21653 33.77347 39.21868 24.53673 38.0263 42.1847 18.23368 41.39331 43.34659 14.89798 42.71109 44.27997 11.46754 43.769 44.97491 7.964244 44.55612 45.42215 4.410237 45.0623 45.61366 0.828202 45.27891 45.5428 -2.759096 45.19877 45.2126 -6.328865 44.82519 44.63093 -9.858365 44.16659 43.80638 -13.32515 43.23231 42.74872 -16.70729 42.03311 39.97564 -23.13186 38.88595 36.40336 -28.9689 34.82746 32.13479 -34.07024 29.97358 27.28289 -38.30638 24.45237 21.96912 -41.56964 18.40221 18.37044 -43.11325 14.30342 14.66928 -44.20454 10.08713 10.90147 -44.83139 5.794379 14.29572 -44.83195 4.34448 17.71634 -44.20509 8.787444 21.07653 -43.11379 13.15081 24.34383 -41.57016 17.3919 43.21619 -16.7075 41.81054 44.17739 -13.32532 43.0465 44.92686 -9.858489 44.00887 45.45563 -6.328945 44.68684 45.75585 -2.75913 45.07115 45.8203 0.828212 45.15355 45.64616 4.410292 44.9308 45.23954 7.964344 44.40991 44.60784 11.46769 43.5994 43.75952 14.89817 42.50939 42.70366 18.23391 41.15087 28.08821 39.14962 22.24938 23.18313 42.17571 15.88549 18.00335 44.13064 9.160182 14.44117 44.81493 4.533412 29.16863 -38.30685 23.65026 45.25419 -9.858613 43.9116 45.72344 -6.329024 44.59306 45.98987 -2.759165 44.97901 46.04705 0.828223 45.0617 45.89245 4.410348 44.83811 45.53155 7.964444 44.31481 45.8975 -6.329073 44.55943 46.14239 -2.759186 44.94334 46.19496 0.828229 45.02555 46.0529 4.410382 44.8032 8.194493 44.81381 8.198662 12.42568 44.12953 12.42988 18.5776 42.17465 18.58185 24.40199 39.14863 24.40626 29.75873 35.12844 29.76302 34.51488 30.21615 34.51918 38.54652 24.53643 38.55082 41.7404 18.23345 41.74469 42.99111 14.8978 42.99539 43.99557 11.4674 43.99984 44.74325 7.964144 44.74751 45.22428 4.410181 45.22853 45.43022 0.828191 45.43446 45.35401 -2.759061 45.35826 44.99892 -6.328785 45.00318 44.3732 -9.858241 44.37746 43.48595 -13.32498 43.49022 42.34758 -16.70708 42.35186 39.36177 -23.13156 39.36606 35.51384 -28.96853 35.51814 30.91428 -34.06982 30.91859 25.68466 -38.3059 25.68895 19.95597 -41.56912 19.96022 16.07577 -43.1127 16.07999 12.08478 -44.20397 12.08898 8.021725 -44.83082 8.025894 6.994563 44.81352 9.559811 11.35471 44.12926 13.6449 17.69383 42.17438 19.58465 23.69485 39.14839 25.20859 29.21326 35.12822 30.38156 34.11204 30.21596 34.97523 38.26362 24.53627 38.86987 41.55159 18.23334 41.9559 42.83883 14.8977 43.16461 43.87244 11.46733 44.13548 44.64167 7.964094 44.85826 45.13647 4.410154 45.32335 45.34825 0.828186 45.52249 45.26989 -2.759044 45.4488 44.90467 -6.328746 45.10545 44.26097 -9.858179 44.50052 43.34805 -13.3249 43.64288 42.17653 -16.70698 42.54266 39.10298 -23.13142 39.65752 35.14081 -28.96835 35.94017 30.40357 -34.0696 31.49757 25.01632 -38.30566 26.4472 19.11406 -41.56885 20.91554 15.11592 -43.11243 17.16905 11.00343 -44.2037 13.31577 6.816527 -44.83054 9.393012 5.972573 44.81324 11.06564 10.44278 44.12898 14.9893 16.94153 42.17412 20.69449 23.09294 39.14814 26.09669 28.74867 35.128 31.06614 33.76821 30.21577 35.47961 38.02092 24.53612 39.22201 41.38785 18.23322 42.18794 42.7056 14.89761 43.34979 43.76348 11.46726 44.28313 44.55059 7.964044 44.97805 45.05677 4.410126 45.42527 45.27338 0.828181 45.61678 45.19323 -2.759026 45.5459 44.81966 -6.328706 45.21573 44.16107 -9.858117 44.63409 43.22681 -13.32482 43.80956 42.02763 -16.70687 42.75194 38.88054 -23.13127 39.97895 34.82216 -28.96817 36.40678 29.96843 -34.06939 32.13832 24.44739 -38.30541 27.28652 18.39743 -41.56859 21.97287 14.29878 -43.11216 18.37426 10.08264 -44.20342 14.67318 5.790042 -44.83026 10.90544 4.528905 44.81268 14.44486 9.155373 44.12842 18.00688 15.88025 42.17359 23.18644 43.59249 11.46711 44.61005 44.40297 7.963944 45.24171 44.92382 4.41007 45.6483 45.14657 0.828171 45.82243 45.06417 -2.758992 45.75799 44.67987 -6.328626 45.45779 44.00194 -9.857993 44.92905 43.03962 -13.32465 44.17963 17.38656 -41.56807 24.34708 13.14574 -43.11162 21.07993 8.782658 -44.20286 17.71989 4.339985 -44.8297 14.29942 22.24373 39.14765 28.09129 23.64452 -38.30493 29.17166 44.82965 4.410015 45.89341 45.05323 0.82816 46.04799 44.97055 -2.758957 45.99078 44.58464 -6.328547 45.7243 44.80704 4.409996 45.98371 45.0299 0.828157 46.13117 44.94749 -2.758945 46.0766 45.01209 0.828153 46.21642 49.99999 0 41.99999 49.99999 -7.293223 41.36192 49.99999 -14.36484 39.46708 49.99999 -21 36.37306 49.99999 -26.99708 32.17386 49.99999 -32.17386 26.99708 49.99999 -36.37306 21 49.99999 -39.46708 14.36484 49.99999 -41.36192 7.293223 49.99999 -41.99999 0 49.99999 -41.36192 -7.293223 49.99999 -39.46708 -14.36484 49.99999 -36.37306 -21 49.99999 -32.17386 -26.99708 49.99999 -26.99708 -32.17386 49.99999 -21 -36.37306 49.99999 -14.36484 -39.46708 49.99999 -7.293223 -41.36192 49.99999 0 -41.99999 49.99999 7.293223 -41.36192 49.99999 14.36484 -39.46708 49.99999 21 -36.37306 49.99999 26.99708 -32.17386 49.99999 32.17386 -26.99708 49.99999 36.37306 -21 49.99999 39.46708 -14.36484 49.99999 41.36192 -7.293223 49.99999 41.99999 0 49.99999 41.36192 7.293223 49.99999 39.46708 14.36484 49.99999 36.37306 21 49.99999 32.17386 26.99708 49.99999 26.99708 32.17386 49.99999 21 36.37306 49.99999 14.36484 39.46708 49.99999 7.293223 41.36192 53.79999 0 -41.99999 53.79999 7.293223 -41.36192 53.79999 14.36484 -39.46708 53.79999 21 -36.37306 53.79999 26.99708 -32.17386 53.79999 32.17386 -26.99708 53.79999 36.37306 -21 53.79999 39.46708 -14.36484 53.79999 41.36192 -7.293223 53.79999 41.99999 0 53.79999 41.36192 7.293223 53.79999 39.46708 14.36484 53.79999 36.37306 21 53.79999 32.17386 26.99708 53.79999 26.99708 32.17386 53.79999 21 36.37306 53.79999 14.36484 39.46708 53.79999 7.293223 41.36192 53.79999 0 41.99999 28.99137 -28.99137 50.63264 27.99137 -29.56872 51.20999 28.99137 -30.14608 51.20999 27.99137 -28.41402 51.20999 28.99137 -27.83667 51.20999 29.99137 -28.41402 51.20999 29.99137 -29.56872 51.20999 53.79999 -7.293223 41.36192 53.79999 -14.36484 39.46708 53.79999 -21 36.37306 53.79999 -26.99708 32.17386 53.79999 -32.17386 26.99708 53.79999 -36.37306 21 53.79999 -39.46708 14.36484 53.79999 -41.36192 7.293223 53.79999 -41.99999 0 53.79999 -41.36192 -7.293223 53.79999 -39.46708 -14.36484 53.79999 -36.37306 -21 53.79999 -32.17386 -26.99708 53.79999 -26.99708 -32.17386 53.79999 -21 -36.37306 53.79999 -14.36484 -39.46708 53.79999 -7.293223 -41.36192 -25.27906 -25.27906 53.88016 -19.86163 -29.72504 53.88016 -13.68093 -33.02869 53.88016 -6.974478 -35.06307 53.88016 0 -35.75 53.88016 6.974478 -35.06307 53.88016 13.68093 -33.02869 53.88016 19.86163 -29.72504 53.88016 25.27906 -25.27906 53.88016 29.72504 -19.86163 53.88016 33.02869 -13.68093 53.88016 35.06307 -6.974478 53.88016 35.75 0 53.88016 35.06307 6.974478 53.88016 33.02869 13.68093 53.88016 29.72504 19.86163 53.88016 25.27906 25.27906 53.88016 12.65812 12.65812 52.62127 0 0 52.20122 -12.65812 -12.65812 52.62127 23.01494 -5.802301 52.93967 0 -5.812906 52.24432 0 -29.0375 53.30762 23.01494 17.40151 53.29357 53.79999 0.955907 44.48972 53.79999 0.813198 44.20946 53.79999 0.590849 43.98702 53.79999 0.310636 43.8442 53.79999 0 43.79499 53.79999 -0.310636 43.8442 53.79999 -0.590849 43.98702 53.79999 -0.813198 44.20946 53.79999 -0.955907 44.48972 53.79999 -8.614846 43.65815 53.79999 -16.01558 41.51807 53.79999 -22.93631 38.13365 53.79999 -29.16961 33.6063 53.79999 -34.52865 28.07172 53.79999 -38.85282 21.6958 53.79999 -42.01252 14.66962 53.79999 -43.91304 7.203773 53.79999 -44.49742 -0.477981 53.79999 -43.74816 -8.14541 53.79999 -41.6877 -15.56871 53.79999 -38.37781 -22.52539 53.79999 -33.91767 -28.80696 53.79999 -28.44098 -34.22513 53.79999 -22.11187 -38.61754 53.79999 -15.12004 -41.85253 53.79999 -7.675034 -43.83312 53.79999 0 -44.49999 53.79999 7.622714 -43.84225 53.79999 15.02009 -41.8885 53.79999 21.97346 -38.69646 53.79999 28.27727 -34.36052 53.79999 33.74517 -29.00885 53.79999 38.21552 -22.79963 53.79999 41.55618 -15.91644 53.79999 43.66839 -8.562734 53.79999 44.48972 -0.955907 53.79999 44.20946 -0.813198 53.79999 43.98702 -0.590849 53.79999 43.8442 -0.310636 53.79999 43.79499 0 53.79999 43.8442 0.310636 53.79999 43.98702 0.590849 53.79999 44.20946 0.813198 53.79999 44.48972 0.955907 53.79999 43.68871 8.458475 53.79999 41.63169 15.71787 53.79999 38.37781 22.52539 53.79999 34.0206 28.68533 53.79999 28.68533 34.0206 53.79999 22.52539 38.37781 53.79999 15.71787 41.63169 53.79999 8.458475 43.68871 42.99999 0 -62.89999 42.34673 -7.466871 -62.89999 40.40678 -14.70686 -62.89999 37.23908 -21.5 -62.89999 32.9399 -27.63986 -62.89999 27.63986 -32.9399 -62.89999 21.5 -37.23908 -62.89999 14.70686 -40.40678 -62.89999 7.466871 -42.34673 -62.89999 0 -42.99999 -62.89999 -7.466871 -42.34673 -62.89999 -14.70686 -40.40678 -62.89999 -21.5 -37.23908 -62.89999 -27.63986 -32.9399 -62.89999 -32.9399 -27.63986 -62.89999 -37.23908 -21.5 -62.89999 -40.40678 -14.70686 -62.89999 -42.34673 -7.466871 -62.89999 -42.99999 0 -62.89999 -42.34673 7.466871 -62.89999 -40.40678 14.70686 -62.89999 -37.23908 21.5 -62.89999 -32.9399 27.63986 -62.89999 -27.63986 32.9399 -62.89999 -21.5 37.23908 -62.89999 -14.70686 40.40678 -62.89999 -7.466871 42.34673 -62.89999 0 42.99999 -62.89999 7.466871 42.34673 -62.89999 14.70686 40.40678 -62.89999 21.5 37.23908 -62.89999 27.63986 32.9399 -62.89999 32.9399 27.63986 -62.89999 37.23908 21.5 -62.89999 40.40678 14.70686 -62.89999 42.34673 7.466871 -62.89999 42.99999 0 -59.89999 42.34673 -7.466871 -59.89999 40.40678 -14.70686 -59.89999 37.23908 -21.5 -59.89999 32.9399 -27.63986 -59.89999 27.63986 -32.9399 -59.89999 21.5 -37.23908 -59.89999 14.70686 -40.40678 -59.89999 7.466871 -42.34673 -59.89999 0 -42.99999 -59.89999 -7.466871 -42.34673 -59.89999 -14.70686 -40.40678 -59.89999 -21.5 -37.23908 -59.89999 -27.63986 -32.9399 -59.89999 -32.9399 -27.63986 -59.89999 -37.23908 -21.5 -59.89999 -40.40678 -14.70686 -59.89999 -42.34673 -7.466871 -59.89999 -42.99999 0 -59.89999 28.99137 28.99137 50.63264 29.56872 27.99137 51.20999 30.14608 28.99137 51.20999 28.41402 27.99137 51.20999 27.83667 28.99137 51.20999 28.41402 29.99137 51.20999 29.56872 29.99137 51.20999 28.99137 -27.83667 52.24999 27.99137 -28.41402 52.24999 29.99137 -28.41402 52.24999 29.99137 -29.56872 52.24999 28.99137 -30.14608 52.24999 27.99137 -29.56872 52.24999 -28.99137 -28.99137 50.63264 -29.56872 -27.99137 51.20999 -30.14608 -28.99137 51.20999 -28.41402 -27.99137 51.20999 -27.83667 -28.99137 51.20999 -28.41402 -29.99137 51.20999 -29.56872 -29.99137 51.20999 -42.34673 7.466871 -59.89999 -40.40678 14.70686 -59.89999 -37.23908 21.5 -59.89999 -32.9399 27.63986 -59.89999 -27.63986 32.9399 -59.89999 -21.5 37.23908 -59.89999 -14.70686 40.40678 -59.89999 -7.466871 42.34673 -59.89999 0 42.99999 -59.89999 7.466871 42.34673 -59.89999 14.70686 40.40678 -59.89999 21.5 37.23908 -59.89999 27.63986 32.9399 -59.89999 32.9399 27.63986 -59.89999 37.23908 21.5 -59.89999 40.40678 14.70686 -59.89999 42.34673 7.466871 -59.89999 53.48872 1.005 44.79999 49.79999 1.005 44.79999 49.79999 0.955812 44.48943 49.79999 0.813062 44.20927 49.79999 0.590724 43.98693 49.79999 0.310562 43.84418 49.79999 0 43.79499 53.29999 0 -44.99999 53.29999 7.704164 -44.3356 53.29999 15.18083 -42.36203 53.29999 22.20923 -39.13757 53.29999 28.58182 -34.75742 53.29999 34.11043 -29.35095 53.29999 38.6318 -23.07777 53.29999 42.01243 -16.12313 53.29999 44.15248 -8.692403 53.29999 44.98877 -1.005 53.48872 44.79999 -1.005 19.86163 29.72504 53.88016 13.68093 33.02869 53.88016 6.974478 35.06307 53.88016 0 35.75 53.88016 -6.974478 35.06307 53.88016 -13.68093 33.02869 53.88016 -19.86163 29.72504 53.88016 -25.27906 25.27906 53.88016 -29.72504 19.86163 53.88016 -33.02869 13.68093 53.88016 -35.06307 6.974478 53.88016 -35.75 0 53.88016 -35.06307 -6.974478 53.88016 -33.02869 -13.68093 53.88016 -29.72504 -19.86163 53.88016 -23.01494 17.40151 53.29357 0 17.43331 52.59885 -23.01494 -5.802301 52.93967 25.27906 25.27906 53.68999 19.86163 29.72504 53.68999 13.68093 33.02869 53.68999 6.974478 35.06307 53.68999 0 35.75 53.68999 -6.974478 35.06307 53.68999 -13.68093 33.02869 53.68999 -19.86163 29.72504 53.68999 -25.27906 25.27906 53.68999 -29.72504 19.86163 53.68999 -33.02869 13.68093 53.68999 -35.06307 6.974478 53.68999 -35.75 0 53.68999 -35.06307 -6.974478 53.68999 -33.02869 -13.68093 53.68999 -29.72504 -19.86163 53.68999 -25.27906 -25.27906 53.68999 -19.86163 -29.72504 53.68999 -13.68093 -33.02869 53.68999 -6.974478 -35.06307 53.68999 0 -35.75 53.68999 6.974478 -35.06307 53.68999 13.68093 -33.02869 53.68999 19.86163 -29.72504 53.68999 25.27906 -25.27906 53.68999 29.72504 -19.86163 53.68999 33.02869 -13.68093 53.68999 35.06307 -6.974478 53.68999 35.75 0 53.68999 35.06307 6.974478 53.68999 33.02869 13.68093 53.68999 29.72504 19.86163 53.68999 25.63262 25.63262 53.92759 20.13942 30.14077 53.92759 13.87227 33.49063 53.92759 7.072023 35.55346 53.92759 0 36.25 53.92759 -7.072023 35.55346 53.92759 -13.87227 33.49063 53.92759 -20.13942 30.14077 53.92759 -25.63262 25.63262 53.92759 -30.14077 20.13942 53.92759 -33.49063 13.87227 53.92759 -35.55346 7.072023 53.92759 -36.25 0 53.92759 -35.55346 -7.072023 53.92759 -33.49063 -13.87227 53.92759 -30.14077 -20.13942 53.92759 -25.63262 -25.63262 53.92759 -25.63262 -25.63262 53.68999 -30.14077 -20.13942 53.68999 -33.49063 -13.87227 53.68999 -35.55346 -7.072023 53.68999 -36.25 0 53.68999 -35.55346 7.072023 53.68999 -33.49063 13.87227 53.68999 -30.14077 20.13942 53.68999 -25.63262 25.63262 53.68999 -20.13942 30.14077 53.68999 -13.87227 33.49063 53.68999 -7.072023 35.55346 53.68999 0 36.25 53.68999 7.072023 35.55346 53.68999 13.87227 33.49063 53.68999 20.13942 30.14077 53.68999 25.63262 25.63262 53.68999 -20.13942 -30.14077 53.68999 -13.87227 -33.49063 53.68999 -7.072023 -35.55346 53.68999 0 -36.25 53.68999 7.072023 -35.55346 53.68999 13.87227 -33.49063 53.68999 20.13942 -30.14077 53.68999 25.63262 -25.63262 53.68999 30.14077 -20.13942 53.68999 33.49063 -13.87227 53.68999 35.55346 -7.072023 53.68999 36.25 0 53.68999 35.55346 7.072023 53.68999 33.49063 13.87227 53.68999 30.14077 20.13942 53.68999 53.48872 -1.005 44.79999 53.29999 -1.005 44.98877 53.29999 -8.747183 44.14166 53.29999 -16.22735 41.97228 53.29999 -23.22142 38.54563 53.29999 -29.51988 33.96433 53.29999 -34.93408 28.36563 53.29999 -39.30183 21.91724 53.29999 -42.49229 14.81231 53.29999 -44.40989 7.263682 53.29999 -44.99718 -0.502531 53.29999 -44.23659 -8.253692 53.29999 -42.15088 -15.75761 53.29999 -38.80254 -22.78951 53.29999 -34.29187 -29.13875 53.29999 -28.75399 -34.61513 53.29999 -22.35477 -39.05462 53.29999 -15.28592 -42.32422 53.29999 -7.759171 -44.326 53.48872 44.79999 1.005 53.29999 44.98877 1.005 53.29999 44.17391 8.582804 53.29999 42.09193 15.91441 53.29999 38.80254 22.78951 53.29999 34.4001 29.0109 53.29999 29.0109 34.4001 53.29999 22.78951 38.80254 53.29999 15.91441 42.09193 53.29999 8.582804 44.17391 53.29999 1.005 44.98877 1.028252 -44.98824 -1.028252 1.046052 -44.98812 -8.056363 1.050188 -44.98799 -1.039283 1.045263 -44.988 -1.038737 1.040349 -44.98804 -1.0371 1.030551 -44.98819 -1.030551 11.28823 44.99522 -0.657008 12.72874 44.99368 -0.753817 13.97734 44.98589 -1.126727 15.06779 44.96228 -1.841922 15.97076 44.91261 -2.802921 17.48587 44.71749 -5.036659 19.33829 44.26181 -8.121482 21.75442 43.33734 -12.11918 24.51657 41.87158 -16.4843 27.29865 39.96146 -20.68841 30.05776 37.62058 -24.69105 32.75264 34.86187 -28.45431 35.34397 31.69664 -31.94266 37.79264 28.13415 -35.12094 40.05392 24.18687 -37.94728 42.07633 19.87302 -40.37403 43.80891 15.21165 -42.35078 45.18402 10.28145 -43.80962 46.10845 5.233845 -44.69458 46.50969 0 -44.99999 46.10845 -5.233866 -44.69458 45.18404 -10.28145 -43.80961 43.80426 -15.22593 -42.34565 42.06591 -19.89781 -40.36182 40.03662 -24.22009 -37.92609 37.76752 -28.17399 -35.08898 35.31064 -31.74089 -31.89871 32.71128 -34.90813 -28.39755 30.00843 -37.66651 -24.62096 27.24148 -40.00491 -20.6043 24.45228 -41.91029 -16.38564 21.68339 -43.36936 -12.00409 19.25096 -44.28871 -7.973688 17.38207 -44.73614 -4.868808 15.8575 -44.92108 -2.663632 14.94119 -44.96654 -1.735032 13.84162 -44.98734 -1.06688 12.59181 -44.99402 -0.73277 11.18881 -44.99522 -0.658408 7.876348 -44.98799 -1.039283 5.137611 -44.98799 -2.880063 2.831296 -44.98799 -5.252933 0.848578 -44.99226 -9.718651 0.948375 -44.99006 -12.42148 1.390121 -44.97856 -13.6954 2.144387 -44.94891 -14.808 4.139184 -44.8093 -16.56767 8.546428 -44.1814 -19.42909 12.93083 -43.10363 -22.14542 17.15304 -41.60639 -24.85145 21.21448 -39.6937 -27.54615 25.11048 -37.35776 -30.22868 28.77095 -34.62742 -32.83552 32.14896 -31.53115 -35.32519 35.23863 -28.05282 -37.68125 38.02367 -24.1661 -39.88241 40.41572 -19.93053 -41.85014 42.35671 -15.38314 -43.53583 43.80518 -10.50696 -44.91204 44.69818 -5.394808 -45.88164 45.00878 -7e-6 -46.29466 44.73109 5.10242 -45.92192 43.87202 10.21786 -44.98049 42.45973 15.09522 -43.62892 40.55002 19.65674 -41.96358 38.17821 23.92248 -40.00702 35.39856 27.85181 -37.8055 32.27533 31.40119 -35.42087 28.85281 34.5595 -32.89488 25.17993 37.312 -30.27597 21.28253 39.65734 -27.59217 17.17216 41.59852 -24.86392 12.90874 43.11025 -22.13152 8.500721 44.19021 -19.40088 4.08479 44.81429 -16.52783 2.103726 44.95083 -14.76022 1.364896 44.97933 -13.64486 1.111151 44.98632 -13.02618 0.80163 44.99298 -11.03899 6.816555 -44.83054 -9.393036 5.972581 44.81324 -11.06565 10.44278 44.12898 -14.9893 16.94153 42.17412 -20.69449 23.09294 39.14814 -26.09669 28.74867 35.128 -31.06614 33.76821 30.21577 -35.47961 38.02092 24.53612 -39.22201 41.38785 18.23322 -42.18794 42.7056 14.89761 -43.34979 43.76348 11.46726 -44.28313 44.55059 7.964044 -44.97805 45.05677 4.410126 -45.42527 45.27338 0.828181 -45.61678 45.19323 -2.759026 -45.5459 44.81966 -6.328706 -45.21573 44.16107 -9.858117 -44.63409 43.22681 -13.32482 -43.80956 42.02763 -16.70687 -42.75194 38.88054 -23.13127 -39.97895 34.82216 -28.96817 -36.40678 29.96843 -34.06939 -32.13832 24.44739 -38.30541 -27.28652 18.39743 -41.56859 -21.97287 14.29879 -43.11216 -18.37426 10.08266 -44.20341 -14.67319 5.790069 -44.83026 -10.90546 4.340013 -44.82969 -14.29944 8.782677 -44.20286 -17.7199 13.14575 -43.11161 -21.07994 17.38656 -41.56807 -24.34708 43.03962 -13.32465 -44.17963 44.00194 -9.857993 -44.92905 44.67987 -6.328626 -45.45779 45.06417 -2.758992 -45.75799 45.14657 0.828171 -45.82243 44.92382 4.41007 -45.6483 44.40297 7.963944 -45.24171 43.59249 11.46711 -44.61005 22.24373 39.14765 -28.09129 15.88025 42.17359 -23.18644 9.155373 44.12842 -18.00688 4.528912 44.81268 -14.44487 23.64452 -38.30493 -29.17166 6.994569 44.81352 -9.559819 11.35471 44.12926 -13.6449 17.69383 42.17438 -19.58465 23.69485 39.14839 -25.20859 29.21326 35.12822 -30.38156 34.11204 30.21596 -34.97523 38.26362 24.53627 -38.86987 41.55159 18.23334 -41.9559 42.83883 14.8977 -43.16461 43.87244 11.46733 -44.13548 44.64167 7.964094 -44.85826 45.13647 4.410154 -45.32335 45.34825 0.828186 -45.52249 45.26989 -2.759044 -45.4488 44.90467 -6.328746 -45.10545 44.26097 -9.858179 -44.50052 43.34805 -13.3249 -43.64288 42.17653 -16.70698 -42.54266 39.10298 -23.13142 -39.65752 35.14081 -28.96835 -35.94017 30.40357 -34.0696 -31.49757 25.01632 -38.30566 -26.4472 19.11406 -41.56885 -20.91554 15.11593 -43.11243 -17.16906 11.00345 -44.2037 -13.31579 8.194499 44.81381 -8.19867 12.42568 44.12953 -12.42988 18.5776 42.17465 -18.58185 24.40199 39.14863 -24.40626 29.75873 35.12844 -29.76302 34.51488 30.21615 -34.51918 38.54652 24.53643 -38.55082 41.7404 18.23345 -41.74469 42.99111 14.8978 -42.99539 43.99557 11.4674 -43.99984 44.74325 7.964144 -44.74751 45.22428 4.410181 -45.22853 45.43022 0.828191 -45.43446 45.35401 -2.759061 -45.35826 44.99892 -6.328785 -45.00318 44.3732 -9.858241 -44.37746 43.48595 -13.32498 -43.49022 42.34758 -16.70708 -42.35186 39.36177 -23.13156 -39.36606 35.51384 -28.96853 -35.51814 30.91428 -34.06982 -30.91859 25.68466 -38.3059 -25.68895 19.95597 -41.56912 -19.96022 16.07577 -43.1127 -16.08 12.0848 -44.20397 -12.089 8.021752 -44.83082 -8.02592 11.06169 44.81437 -5.976925 14.98541 44.13009 -10.44728 20.69072 42.17518 -16.94626 26.09302 39.14913 -23.09787 31.06259 35.12888 -28.75378 35.47617 30.21653 -33.77347 39.21868 24.53673 -38.0263 42.1847 18.23368 -41.39331 43.34659 14.89798 -42.71109 44.27997 11.46754 -43.769 44.97491 7.964244 -44.55612 45.42215 4.410237 -45.0623 45.61366 0.828202 -45.27891 45.5428 -2.759096 -45.19877 45.2126 -6.328865 -44.82519 44.63093 -9.858365 -44.16659 43.80638 -13.32515 -43.23231 42.74872 -16.70729 -42.03311 39.97564 -23.13186 -38.88595 36.40336 -28.9689 -34.82746 32.13479 -34.07024 -29.97358 27.28289 -38.30638 -24.45237 21.96912 -41.56964 -18.40221 18.37044 -43.11324 -14.30342 14.6693 -44.20453 -10.08715 10.9015 -44.83138 -5.794407 14.44118 44.81493 -4.533419 18.00335 44.13064 -9.160182 23.18313 42.17571 -15.88549 42.70366 18.23391 -41.15087 43.75952 14.89817 -42.50939 44.60784 11.46769 -43.5994 45.23954 7.964344 -44.40991 45.64616 4.410292 -44.9308 45.8203 0.828212 -45.15355 45.75585 -2.75913 -45.07115 45.45563 -6.328945 -44.68684 44.92686 -9.858489 -44.00887 44.17739 -13.32532 -43.0465 43.21619 -16.7075 -41.81054 24.34383 -41.57016 -17.3919 21.07654 -43.11378 -13.15082 17.71636 -44.20509 -8.787463 14.29575 -44.83195 -4.344508 29.16863 -38.30685 -23.65026 28.08821 39.14962 -22.24938 45.53167 7.964444 -44.31479 45.89254 4.410348 -44.83809 46.0471 0.828223 -45.06169 45.9899 -2.759165 -44.979 45.72346 -6.329024 -44.59306 45.25418 -9.858613 -43.9116 46.0529 4.410382 -44.8032 46.19496 0.828229 -45.02555 46.14239 -2.759186 -44.94334 45.8975 -6.329073 -44.55943 44.58464 -6.328547 -45.7243 44.97055 -2.758957 -45.99078 45.05323 0.82816 -46.04799 44.82965 4.410015 -45.89341 44.94738 -2.758945 -46.07712 45.02978 0.828157 -46.13168 44.80693 4.409995 -45.98426 45.01191 0.828153 -46.21746 1.050188 -44.98799 8.064931 1.050188 -44.98799 1.039283 1.057154 -44.98799 8.059577 1.05362 -44.98799 8.063069 1.051891 -44.98799 8.064204 44.29151 0.866874 -59.89999 44.08569 0.706962 -59.89999 43.92791 0.4995 -59.89999 43.82879 0.258441 -59.89999 43.79499 0 -59.89999 43.82879 -0.258441 -59.89999 43.92791 -0.4995 -59.89999 44.08569 -0.706962 -59.89999 44.29151 -0.866874 -59.89999 43.48657 -8.450307 -59.89999 41.39294 -15.78332 -59.89999 38.07268 -22.64862 -59.89999 33.62418 -28.84275 -59.89999 28.17926 -34.18214 -59.89999 21.89926 -38.50859 -59.89999 14.97031 -41.69387 -59.89999 7.597733 -43.6436 -59.89999 0 -44.29999 -59.89999 -7.597733 -43.6436 -59.89999 -14.97031 -41.69387 -59.89999 -21.89926 -38.50859 -59.89999 -28.17926 -34.18214 -59.89999 -33.62418 -28.84275 -59.89999 -38.07268 -22.64862 -59.89999 -41.39294 -15.78332 -59.89999 -43.48657 -8.450307 -59.89999 -44.29151 -0.866874 -59.89999 -44.05992 -0.679941 -59.89999 -43.89323 -0.433378 -59.89999 -43.80607 -0.14881 -59.89999 -43.80607 0.14881 -59.89999 -43.89323 0.433378 -59.89999 -44.05992 0.679941 -59.89999 -44.29151 0.866874 -59.89999 -43.48657 8.450307 -59.89999 -41.39294 15.78332 -59.89999 -38.07268 22.64862 -59.89999 -33.62418 28.84275 -59.89999 -28.17926 34.18214 -59.89999 -21.89926 38.50859 -59.89999 -14.97031 41.69387 -59.89999 -7.597733 43.6436 -59.89999 0 44.29999 -59.89999 7.597733 43.6436 -59.89999 14.97031 41.69387 -59.89999 21.89926 38.50859 -59.89999 28.17926 34.18214 -59.89999 33.62418 28.84275 -59.89999 38.07268 22.64862 -59.89999 41.39294 15.78332 -59.89999 43.48657 8.450307 -59.89999 49.79999 44.79999 1.005 49.79999 44.79999 -1.005 49.79999 44.48943 -0.955812 49.79999 44.20927 -0.813062 49.79999 43.98693 -0.590724 49.79999 43.84418 -0.310562 49.79999 43.79499 0 49.79999 43.84418 0.310562 49.79999 43.98693 0.590724 49.79999 44.20927 0.813062 49.79999 44.48943 0.955812 49.79999 44.98877 1.005 49.79999 44.98877 -1.005 49.79999 44.99874 -0.335025 49.79999 44.99874 0.335025 49.79999 -0.310562 43.84418 49.79999 -0.590724 43.98693 49.79999 -0.813062 44.20927 49.79999 -0.955812 44.48943 49.79999 -1.005 44.79999 49.79999 -1.005 44.98877 49.79999 1.005 44.98877 49.79999 0.670031 44.995 49.79999 0.335025 44.99874 49.79999 0 44.99999 49.79999 -0.335025 44.99874 49.79999 -0.670031 44.995 27.83667 28.99137 52.24999 28.41402 27.99137 52.24999 28.41402 29.99137 52.24999 29.56872 29.99137 52.24999 30.14608 28.99137 52.24999 29.56872 27.99137 52.24999 30.64137 -28.99137 52.24999 30.56062 -28.4815 52.24999 30.32625 -28.02153 52.24999 29.96122 -27.6565 52.24999 29.50125 -27.42213 52.24999 28.99137 -27.34137 52.24999 28.4815 -27.42213 52.24999 28.02153 -27.6565 52.24999 27.6565 -28.02153 52.24999 27.42213 -28.4815 52.24999 27.34137 -28.99137 52.24999 27.42213 -29.50125 52.24999 27.6565 -29.96122 52.24999 28.02153 -30.32625 52.24999 28.4815 -30.56062 52.24999 28.99137 -30.64137 52.24999 29.50125 -30.56062 52.24999 29.96122 -30.32625 52.24999 30.32625 -29.96122 52.24999 30.56062 -29.50125 52.24999 26.81503 -28.99137 51.79968 26.40761 -28.99137 51.23947 26.14138 -28.99137 50.59999 26.28086 -29.87207 50.59999 26.68568 -30.66656 50.59999 27.31618 -31.29707 50.59999 28.11067 -31.70188 50.59999 28.99137 -31.84137 50.59999 29.87207 -31.70188 50.59999 30.66656 -31.29707 50.59999 31.29707 -30.66656 50.59999 31.70188 -29.87207 50.59999 31.84137 -28.99137 50.59999 31.57514 -28.99137 51.23947 31.16772 -28.99137 51.79968 26.3111 -29.86225 50.70432 26.71139 -29.73218 51.53038 27.33487 -29.5296 52.18594 26.71139 -30.64788 50.70432 27.05191 -30.40048 51.53038 27.58227 -30.01515 52.18594 27.33487 -31.27136 50.70432 27.58227 -30.93084 51.53038 27.9676 -30.40048 52.18594 28.1205 -31.67165 50.70432 28.25057 -31.27136 51.53038 28.45314 -30.64788 52.18594 28.99137 -31.80958 50.70432 28.99137 -31.38869 51.53038 28.99137 -30.73312 52.18594 29.86225 -31.67165 50.70432 29.73218 -31.27136 51.53038 29.5296 -30.64788 52.18594 30.64788 -31.27136 50.70432 30.40048 -30.93084 51.53038 30.01515 -30.40048 52.18594 31.27136 -30.64788 50.70432 30.93084 -30.40048 51.53038 30.40048 -30.01515 52.18594 31.67165 -29.86225 50.70432 31.27136 -29.73218 51.53038 30.64788 -29.5296 52.18594 -27.83667 -28.99137 52.24999 -28.41402 -27.99137 52.24999 -28.41402 -29.99137 52.24999 -29.56872 -29.99137 52.24999 -30.14608 -28.99137 52.24999 -29.56872 -27.99137 52.24999 31.70188 -28.11067 50.59999 31.29707 -27.31618 50.59999 30.66656 -26.68568 50.59999 29.87207 -26.28086 50.59999 28.99137 -26.14138 50.59999 28.11067 -26.28086 50.59999 27.31618 -26.68568 50.59999 26.68568 -27.31618 50.59999 26.28086 -28.11067 50.59999 31.67165 -28.1205 50.70432 31.27136 -28.25057 51.53038 30.64788 -28.45314 52.18594 31.27136 -27.33487 50.70432 30.93084 -27.58227 51.53038 30.40048 -27.9676 52.18594 30.64788 -26.71139 50.70432 30.40048 -27.05191 51.53038 30.01515 -27.58227 52.18594 29.86225 -26.3111 50.70432 29.73218 -26.71139 51.53038 29.5296 -27.33487 52.18594 28.99137 -26.17316 50.70432 28.99137 -26.59406 51.53038 28.99137 -27.24962 52.18594 28.1205 -26.3111 50.70432 28.25057 -26.71139 51.53038 28.45314 -27.33487 52.18594 27.33487 -26.71139 50.70432 27.58227 -27.05191 51.53038 27.9676 -27.58227 52.18594 26.71139 -27.33487 50.70432 27.05191 -27.58227 51.53038 27.58227 -27.9676 52.18594 26.3111 -28.1205 50.70432 26.71139 -28.25057 51.53038 27.33487 -28.45314 52.18594 44.79999 1.005 -59.38872 44.79999 1.005 -55.89999 44.48943 0.955812 -55.89999 44.20927 0.813062 -55.89999 43.98693 0.590724 -55.89999 43.84418 0.310562 -55.89999 43.79499 0 -55.89999 44.54483 0.97188 -59.64455 1.045263 -44.988 1.038737 1.040349 -44.98804 1.0371 1.030551 -44.98819 1.030551 1.028252 -44.98824 1.028253 0.685503 -44.99477 0.685533 0.342749 -44.99869 0.342779 0 -44.99999 0 0.342749 -44.99869 -0.342779 0.685503 -44.99477 -0.685533 -20.13942 -30.14077 53.92759 -13.87227 -33.49063 53.92759 -7.072023 -35.55346 53.92759 0 -36.25 53.92759 7.072023 -35.55346 53.92759 13.87227 -33.49063 53.92759 20.13942 -30.14077 53.92759 25.63262 -25.63262 53.92759 30.14077 -20.13942 53.92759 33.49063 -13.87227 53.92759 35.55346 -7.072023 53.92759 36.25 0 53.92759 35.55346 7.072023 53.92759 33.49063 13.87227 53.92759 30.14077 20.13942 53.92759 -26.05012 -26.05012 53.98446 -25.91096 -25.91096 53.9654 -25.77179 -25.77179 53.94645 25.77179 25.77179 53.94645 25.91096 25.91096 53.9654 26.05012 26.05012 53.98446 20.46745 30.63171 53.98446 14.09823 34.03612 53.98446 7.187213 36.13256 53.98446 0 36.84044 53.98446 -7.187213 36.13256 53.98446 -14.09823 34.03612 53.98446 -20.46745 30.63171 53.98446 -26.05012 26.05012 53.98446 -30.63171 20.46745 53.98446 -34.03612 14.09823 53.98446 -36.13256 7.187213 53.98446 -36.84044 0 53.98446 -36.13256 -7.187213 53.98446 -34.03612 -14.09823 53.98446 -30.63171 -20.46745 53.98446 -20.46745 -30.63171 53.98446 -14.09823 -34.03612 53.98446 -7.187213 -36.13256 53.98446 0 -36.84044 53.98446 7.187213 -36.13256 53.98446 14.09823 -34.03612 53.98446 20.46745 -30.63171 53.98446 26.05012 -26.05012 53.98446 30.63171 -20.46745 53.98446 34.03612 -14.09823 53.98446 36.13256 -7.187213 53.98446 36.84044 0 53.98446 36.13256 7.187213 53.98446 34.03612 14.09823 53.98446 30.63171 20.46745 53.98446 26.72863 -31.25412 50.59999 27.53861 -31.84259 50.59999 28.49078 -32.15198 50.59999 29.49197 -32.15198 50.59999 30.44414 -31.84259 50.59999 31.25412 -31.25412 50.59999 31.84259 -30.44414 50.59999 32.15198 -29.49197 50.59999 32.15198 -28.49078 50.59999 31.84259 -27.53861 50.59999 31.25412 -26.72863 50.59999 30.44414 -26.14015 50.59999 29.49197 -25.83077 50.59999 28.49078 -25.83077 50.59999 27.53861 -26.14015 50.59999 26.72863 -26.72863 50.59999 26.14015 -27.53861 50.59999 25.83077 -28.49078 50.59999 25.83077 -29.49197 50.59999 26.14015 -30.44414 50.59999 -26.125 -26.125 53.9891 -26.1998 -26.1998 53.9825 -26.27368 -26.27368 53.96475 -20.99855 -30.6541 53.96475 -15.00833 -33.99063 53.96475 -8.507024 -36.16965 53.96475 -1.71602 -37.11695 53.96475 5.13342 -36.80028 53.96475 11.80805 -35.23042 53.96475 18.08057 -32.46083 53.96475 23.73738 -28.58584 53.96475 28.58584 -23.73738 53.96475 32.46083 -18.08057 53.96475 35.23042 -11.80805 53.96475 36.80028 -5.13342 53.96475 37.11695 1.71602 53.96475 36.16965 8.507024 53.96475 33.99063 15.00833 53.96475 30.6541 20.99855 53.96475 26.27368 26.27368 53.96475 26.1998 26.1998 53.9825 26.125 26.125 53.9891 29.03451 22.83299 53.98914 -15.34422 -33.59915 53.98914 -21.42561 -30.08806 53.98914 -8.70825 -35.89589 53.98914 -1.74182 -36.89599 53.98914 5.256696 -36.56112 53.98914 12.08094 -34.90557 53.98914 18.46854 -31.98846 53.98914 24.18865 -27.91519 53.98914 29.03451 -22.83299 53.98914 32.83099 -16.92555 53.98914 35.44087 -10.40638 53.98914 36.76983 -3.511093 53.98914 36.76983 3.511093 53.98914 35.44087 10.40638 53.98914 32.83099 16.92555 53.98914 31.25412 -26.72863 53.07193 30.78801 -26.34401 53.20789 30.2371 -26.04408 53.3459 29.63011 -25.85642 53.47674 29.0091 -25.7916 53.59124 28.39721 -25.84775 53.68513 27.78315 -26.02829 53.75909 27.21392 -26.33138 53.8048 26.72863 -26.72863 53.81999 26.33138 -27.21392 53.8048 26.02829 -27.78315 53.75909 25.84775 -28.39721 53.68513 25.7916 -29.0091 53.59124 25.85642 -29.63011 53.47674 26.04408 -30.2371 53.3459 26.34401 -30.78801 53.20789 26.72863 -31.25412 53.07193 44.54483 -0.97188 -59.64455 44.79999 -1.005 -59.38872 44.98877 -1.005 -59.19999 44.19832 -8.456197 -59.19999 42.18244 -15.67294 -59.19999 38.997 -22.45513 -59.19999 34.73034 -28.61473 -59.19999 29.50074 -33.98096 -59.19999 23.4532 -38.40504 -59.19999 16.7554 -41.76428 -59.19999 9.593038 -43.96559 -59.19999 2.1647 -44.94789 -59.19999 -5.323657 -44.68397 -59.19999 -12.66441 -43.18115 -59.19999 -19.65403 -40.48109 -59.19999 -26.09872 -36.65864 -59.19999 -31.8198 -31.8198 -59.19999 -36.28724 -26.61269 -59.19999 -39.91117 -20.78697 -59.19999 -42.60734 -14.47803 -59.19999 -44.31309 -7.832551 -59.19999 -44.98877 -1.005 -59.19999 -44.79999 -1.005 -59.38872 -44.54483 -0.97188 -59.64455 -44.54483 0.97188 -59.64455 -44.79999 1.005 -59.38872 -44.98877 1.005 -59.19999 -44.19832 8.456197 -59.19999 -42.18244 15.67294 -59.19999 -38.997 22.45513 -59.19999 -34.73034 28.61473 -59.19999 -29.50074 33.98096 -59.19999 -23.4532 38.40504 -59.19999 -16.7554 41.76428 -59.19999 -9.593038 43.96559 -59.19999 -2.1647 44.94789 -59.19999 5.323657 44.68397 -59.19999 12.66441 43.18115 -59.19999 19.65403 40.48109 -59.19999 26.09872 36.65864 -59.19999 31.8198 31.8198 -59.19999 36.28724 26.61269 -59.19999 39.91117 20.78697 -59.19999 42.60734 14.47803 -59.19999 44.31309 7.832551 -59.19999 44.98877 1.005 -59.19999 1.045263 44.988 -1.038737 1.040349 44.98804 -1.0371 1.030551 44.98819 -1.030551 1.028252 44.98824 -1.028252 0.685503 44.99477 -0.685533 0.342749 44.99869 -0.342779 0 44.99999 0 0.342749 44.99869 0.342779 0.685503 44.99477 0.685533 1.028252 44.98824 1.028253 1.030551 44.98819 1.030551 1.040349 44.98804 1.0371 1.045263 44.988 1.038737 1.050188 44.98799 1.039283 1.028252 44.98824 -8.063139 41.61897 -17.11334 -43.29901 43.06775 -13.04485 -44.58383 44.28141 -8.009698 -45.70957 44.67292 -5.415646 -46.08712 44.99999 0 -46.42432 44.70757 5.121747 -46.12117 44.33322 7.717799 -45.75906 43.15408 12.75635 -44.66208 41.619 17.11326 -43.29905 40.44187 19.7346 -42.28429 38.06629 23.9991 -40.29727 35.29062 27.9208 -38.05677 31.81917 31.82043 -35.35787 28.76676 34.60451 -33.06546 25.10861 37.34462 -30.4095 21.22689 39.67894 -27.69201 17.13216 41.61116 -24.93375 10.70173 43.70895 -20.80212 6.263463 44.56196 -18.02273 3.036119 44.89745 -15.70844 2.097197 44.95109 -14.76585 1.357143 44.97952 -13.64877 0.927659 44.99043 -12.37496 0.786036 44.99312 -11.03939 0.826424 -44.9924 -9.716884 0.937788 -44.99021 -12.42378 1.382433 -44.97875 -13.69939 2.137868 -44.94918 -14.81372 3.092402 -44.89361 -15.75735 6.312616 -44.55502 -18.05441 10.73798 -43.70005 -20.82483 17.11304 -41.61902 -24.92126 23.12011 -38.60647 -29.00571 28.68515 -34.67219 -33.00537 32.05059 -31.58846 -35.53418 35.13104 -28.12133 -37.93047 37.91178 -24.24244 -40.17058 40.30702 -20.00858 -42.16947 0.839433 44.99223 -9.691802 0.793681 44.99302 -11.03919 0.932909 44.99034 -12.37387 1.106578 44.98639 -13.02774 1.360947 44.97941 -13.64685 2.100401 44.95095 -14.76309 3.039283 44.89725 -15.70473 4.081179 44.81456 -16.53286 6.268313 44.56132 -18.0149 8.493548 44.19126 -19.41298 10.71127 43.70682 -20.78565 12.89556 43.11306 -22.15403 17.15159 41.60411 -24.89924 21.25362 39.66669 -27.64256 25.1423 37.32576 -30.34317 28.80644 34.57818 -32.9804 30.54978 33.04963 -34.26913 32.22069 31.42471 -35.52586 35.33666 27.87956 -37.93037 38.11132 23.95309 -40.15056 39.35242 21.85705 -41.17197 40.48228 19.68803 -42.12154 42.39935 15.1238 -43.79047 43.17932 12.7217 -44.50179 43.83163 10.2388 -45.12267 44.34483 7.699551 -45.63472 44.71409 5.111425 -46.02102 44.93359 2.496761 -46.27317 45.00197 -0.14165 -46.35905 44.67997 -5.404484 -45.9838 44.2937 -7.990492 -45.58274 43.76332 -10.52851 -45.0562 43.09377 -13.0094 -44.42237 42.29555 -15.412 -43.69765 40.34785 -19.96186 -42.00743 37.95698 -24.19659 -40.02492 36.6068 -26.19187 -38.93679 35.17708 -28.08038 -37.80506 32.0945 -31.55452 -35.42942 28.72477 -34.64598 -32.9206 25.07304 -37.37147 -30.29551 23.15035 -38.59117 -28.94824 21.18571 -39.70298 -27.59626 17.13251 -41.61197 -24.88671 12.91761 -43.10646 -22.16798 10.74761 -43.6979 -20.80821 8.539203 -44.18247 -19.44128 6.317527 -44.55437 -18.04646 4.135549 -44.80957 -16.57276 3.095591 -44.8934 -15.75356 2.602889 -44.92466 -15.30219 2.141075 -44.94903 -14.81091 1.386215 -44.97864 -13.69743 0.942994 -44.99012 -12.42265 0.794506 -44.99301 -11.0724 0.83731 -44.99227 -9.717752 40.3472 19.92743 42.2038 41.61899 17.11329 43.29913 1.062032 44.98801 8.052884 1.058068 44.98801 8.058717 1.056589 44.988 8.060497 1.053343 44.988 8.063463 1.051754 44.988 8.064383 1.050188 44.988 8.064931 1.042876 44.98802 8.064333 1.035564 44.9881 8.063736 1.028252 44.98824 8.063139 0.786036 44.99312 11.03939 0.927658 44.99043 12.37496 1.357143 44.97952 13.64877 2.097197 44.95109 14.76585 3.036118 44.89745 15.70844 6.263462 44.56196 18.02273 10.70173 43.70895 20.80212 17.13215 41.61116 24.93376 21.22688 39.67894 27.69203 25.10859 37.34464 30.40954 28.76674 34.60453 33.06552 31.81995 31.81965 35.35864 35.29059 27.92084 38.05687 38.06626 23.99914 40.29741 40.33475 19.95262 42.1932 40.48228 19.68803 42.12154 39.35242 21.85705 41.17197 38.11132 23.95309 40.15056 35.33666 27.87956 37.93037 32.22069 31.42471 35.52586 30.54978 33.04963 34.26913 28.80644 34.57818 32.9804 23.87093 38.15058 29.44943 21.25362 39.66669 27.64256 17.15159 41.60411 24.89924 12.89556 43.11306 22.15403 10.71127 43.70682 20.78565 8.493548 44.19126 19.41298 6.268313 44.56132 18.0149 4.081179 44.81456 16.53286 3.039283 44.89725 15.70473 2.100401 44.95095 14.76309 1.360947 44.97941 13.64685 1.106578 44.98639 13.02774 0.932909 44.99034 12.37387 0.793681 44.99302 11.03919 0.839433 44.99223 9.691802 40.307 -20.00862 42.16958 37.91175 -24.24248 40.17068 35.13101 -28.12136 37.93054 32.05057 -31.58848 35.53424 28.68514 -34.67221 33.00541 23.1201 -38.60648 29.00573 17.11304 -41.61902 24.92127 10.73797 -43.70005 20.82484 6.312615 -44.55502 18.05441 3.092402 -44.89361 15.75735 2.137867 -44.94918 14.81372 1.382432 -44.97875 13.69939 0.937788 -44.99021 12.42378 0.826424 -44.9924 9.716884 1.028252 -44.98824 8.063139 1.035564 -44.9881 8.063736 1.042876 -44.98802 8.064333 40.34785 -19.96186 42.00743 37.95698 -24.19659 40.02492 36.6068 -26.19187 38.93679 35.17708 -28.08038 37.80506 32.0945 -31.55452 35.42942 28.72477 -34.64598 32.9206 25.07304 -37.37147 30.29551 23.15035 -38.59117 28.94824 21.18571 -39.70298 27.59626 17.13251 -41.61197 24.88671 12.91761 -43.10646 22.16798 10.74761 -43.6979 20.80821 8.539203 -44.18247 19.44128 6.317527 -44.55437 18.04646 4.135549 -44.80957 16.57276 3.095591 -44.8934 15.75356 2.602889 -44.92466 15.30219 2.141075 -44.94903 14.81091 1.386215 -44.97864 13.69743 0.942994 -44.99012 12.42265 0.794506 -44.99301 11.0724 0.83731 -44.99227 9.717752 -44.79999 -1.005 -55.89999 -44.48943 -0.955812 -55.89999 -44.20927 -0.813062 -55.89999 -43.98693 -0.590724 -55.89999 -43.84418 -0.310562 -55.89999 -43.79499 0 -55.89999 -43.84418 0.310562 -55.89999 -43.98693 0.590724 -55.89999 -44.20927 0.813062 -55.89999 -44.48943 0.955812 -55.89999 -44.79999 1.005 -55.89999 -44.98877 1.005 -55.89999 -44.98877 -1.005 -55.89999 -44.99874 -0.335025 -55.89999 -44.99874 0.335025 -55.89999 43.84418 -0.310562 -55.89999 43.98693 -0.590724 -55.89999 44.20927 -0.813062 -55.89999 44.48943 -0.955812 -55.89999 44.79999 -1.005 -55.89999 44.98877 -1.005 -55.89999 44.98877 1.005 -55.89999 44.99874 0.335025 -55.89999 44.99874 -0.335025 -55.89999 28.99137 30.64137 52.24999 28.4815 30.56062 52.24999 28.02153 30.32625 52.24999 27.6565 29.96122 52.24999 27.42213 29.50125 52.24999 27.34137 28.99137 52.24999 27.42213 28.4815 52.24999 27.6565 28.02153 52.24999 28.02153 27.6565 52.24999 28.4815 27.42213 52.24999 28.99137 27.34137 52.24999 29.50125 27.42213 52.24999 29.96122 27.6565 52.24999 30.32625 28.02153 52.24999 30.56062 28.4815 52.24999 30.64137 28.99137 52.24999 30.56062 29.50125 52.24999 30.32625 29.96122 52.24999 29.96122 30.32625 52.24999 29.50125 30.56062 52.24999 28.99137 26.81503 51.79968 28.99137 26.40761 51.23947 28.99137 26.14138 50.59999 29.87207 26.28086 50.59999 30.66656 26.68568 50.59999 31.29707 27.31618 50.59999 31.70188 28.11067 50.59999 31.84137 28.99137 50.59999 31.70188 29.87207 50.59999 31.29707 30.66656 50.59999 30.66656 31.29707 50.59999 29.87207 31.70188 50.59999 28.99137 31.84137 50.59999 28.99137 31.57514 51.23947 28.99137 31.16772 51.79968 29.86225 26.3111 50.70432 29.73218 26.71139 51.53038 29.5296 27.33487 52.18594 30.64788 26.71139 50.70432 30.40048 27.05191 51.53038 30.01515 27.58227 52.18594 31.27136 27.33487 50.70432 30.93084 27.58227 51.53038 30.40048 27.9676 52.18594 31.67165 28.1205 50.70432 31.27136 28.25057 51.53038 30.64788 28.45314 52.18594 31.80958 28.99137 50.70432 31.38869 28.99137 51.53038 30.73312 28.99137 52.18594 31.67165 29.86225 50.70432 31.27136 29.73218 51.53038 30.64788 29.5296 52.18594 31.27136 30.64788 50.70432 30.93084 30.40048 51.53038 30.40048 30.01515 52.18594 30.64788 31.27136 50.70432 30.40048 30.93084 51.53038 30.01515 30.40048 52.18594 29.86225 31.67165 50.70432 29.73218 31.27136 51.53038 29.5296 30.64788 52.18594 -28.99137 -30.64137 52.24999 -28.4815 -30.56062 52.24999 -28.02153 -30.32625 52.24999 -27.6565 -29.96122 52.24999 -27.42213 -29.50125 52.24999 -27.34137 -28.99137 52.24999 -27.42213 -28.4815 52.24999 -27.6565 -28.02153 52.24999 -28.02153 -27.6565 52.24999 -28.4815 -27.42213 52.24999 -28.99137 -27.34137 52.24999 -29.50125 -27.42213 52.24999 -29.96122 -27.6565 52.24999 -30.32625 -28.02153 52.24999 -30.56062 -28.4815 52.24999 -30.64137 -28.99137 52.24999 -30.56062 -29.50125 52.24999 -30.32625 -29.96122 52.24999 -29.96122 -30.32625 52.24999 -29.50125 -30.56062 52.24999 -28.99137 -26.81503 51.79968 -28.99137 -26.40761 51.23947 -28.99137 -26.14138 50.59999 -29.87207 -26.28086 50.59999 -30.66656 -26.68568 50.59999 -31.29707 -27.31618 50.59999 -31.70188 -28.11067 50.59999 -31.84137 -28.99137 50.59999 -31.70188 -29.87207 50.59999 -31.29707 -30.66656 50.59999 -30.66656 -31.29707 50.59999 -29.87207 -31.70188 50.59999 -28.99137 -31.84137 50.59999 -28.99137 -31.57514 51.23947 -28.99137 -31.16772 51.79968 -31.80958 -28.99137 50.70432 -31.38869 -28.99137 51.53038 -30.73312 -28.99137 52.18594 -29.86225 -26.3111 50.70432 -29.73218 -26.71139 51.53038 -29.5296 -27.33487 52.18594 -30.64788 -26.71139 50.70432 -30.40048 -27.05191 51.53038 -30.01515 -27.58227 52.18594 -31.27136 -27.33487 50.70432 -30.93084 -27.58227 51.53038 -30.40048 -27.9676 52.18594 -31.67165 -28.1205 50.70432 -31.27136 -28.25057 51.53038 -30.64788 -28.45314 52.18594 -31.67165 -29.86225 50.70432 -31.27136 -29.73218 51.53038 -30.64788 -29.5296 52.18594 -31.27136 -30.64788 50.70432 -30.93084 -30.40048 51.53038 -30.40048 -30.01515 52.18594 -30.64788 -31.27136 50.70432 -30.40048 -30.93084 51.53038 -30.01515 -30.40048 52.18594 -29.86225 -31.67165 50.70432 -29.73218 -31.27136 51.53038 -29.5296 -30.64788 52.18594 -28.11067 -31.70188 50.59999 -27.31618 -31.29707 50.59999 -26.68568 -30.66656 50.59999 -26.28086 -29.87207 50.59999 -26.14138 -28.99137 50.59999 -26.28086 -28.11067 50.59999 -26.68568 -27.31618 50.59999 -27.31618 -26.68568 50.59999 -28.11067 -26.28086 50.59999 -28.1205 -31.67165 50.70432 -28.25057 -31.27136 51.53038 -28.45314 -30.64788 52.18594 -27.33487 -31.27136 50.70432 -27.58227 -30.93084 51.53038 -27.9676 -30.40048 52.18594 -26.71139 -30.64788 50.70432 -27.05191 -30.40048 51.53038 -27.58227 -30.01515 52.18594 -26.3111 -29.86225 50.70432 -26.71139 -29.73218 51.53038 -27.33487 -29.5296 52.18594 -26.17316 -28.99137 50.70432 -26.59406 -28.99137 51.53038 -27.24962 -28.99137 52.18594 -26.3111 -28.1205 50.70432 -26.71139 -28.25057 51.53038 -27.33487 -28.45314 52.18594 -26.71139 -27.33487 50.70432 -27.05191 -27.58227 51.53038 -27.58227 -27.9676 52.18594 -27.33487 -26.71139 50.70432 -27.58227 -27.05191 51.53038 -27.9676 -27.58227 52.18594 -28.1205 -26.3111 50.70432 -28.25057 -26.71139 51.53038 -28.45314 -27.33487 52.18594 28.11067 31.70188 50.59999 27.31618 31.29707 50.59999 26.68568 30.66656 50.59999 26.28086 29.87207 50.59999 26.14138 28.99137 50.59999 26.28086 28.11067 50.59999 26.68568 27.31618 50.59999 27.31618 26.68568 50.59999 28.11067 26.28086 50.59999 26.17316 28.99137 50.70432 26.59406 28.99137 51.53038 27.24962 28.99137 52.18594 28.1205 31.67165 50.70432 28.25057 31.27136 51.53038 28.45314 30.64788 52.18594 27.33487 31.27136 50.70432 27.58227 30.93084 51.53038 27.9676 30.40048 52.18594 26.71139 30.64788 50.70432 27.05191 30.40048 51.53038 27.58227 30.01515 52.18594 26.3111 29.86225 50.70432 26.71139 29.73218 51.53038 27.33487 29.5296 52.18594 26.3111 28.1205 50.70432 26.71139 28.25057 51.53038 27.33487 28.45314 52.18594 26.71139 27.33487 50.70432 27.05191 27.58227 51.53038 27.58227 27.9676 52.18594 27.33487 26.71139 50.70432 27.58227 27.05191 51.53038 27.9676 27.58227 52.18594 28.1205 26.3111 50.70432 28.25057 26.71139 51.53038 28.45314 27.33487 52.18594 -31.25412 -31.25412 50.59999 -31.25412 -31.25412 52.37999 -30.77146 -31.64941 52.39288 -30.20733 -31.95132 52.43172 -29.59435 -32.13311 52.49589 -28.97377 -32.19123 52.58024 -28.36491 -32.1286 52.68192 -27.76305 -31.94601 52.80205 -27.20732 -31.64704 52.93473 -26.72866 -31.25363 53.07202 -26.34385 -30.78777 53.20795 -26.04398 -30.23686 53.34595 -25.85638 -29.6299 53.47678 -25.7916 -29.00893 53.59126 -25.84777 -28.39709 53.68515 -26.02832 -27.78306 53.7591 -26.3314 -27.21388 53.8048 -26.72863 -26.72863 53.81999 -26.72863 -26.72863 50.59999 -26.14015 -27.53861 50.59999 -25.83077 -28.49078 50.59999 -25.83077 -29.49197 50.59999 -26.14015 -30.44414 50.59999 -26.72863 -31.25412 50.59999 -27.53861 -31.84259 50.59999 -28.49078 -32.15198 50.59999 -29.49197 -32.15198 50.59999 -30.44414 -31.84259 50.59999 26.72863 26.72863 50.59999 26.72863 26.72863 53.81999 27.21388 26.3314 53.8048 27.78306 26.02832 53.7591 28.39709 25.84777 53.68515 29.00893 25.7916 53.59126 29.6299 25.85638 53.47678 30.23686 26.04398 53.34595 30.78777 26.34385 53.20795 31.25363 26.72866 53.07202 31.64704 27.20732 52.93473 31.94601 27.76305 52.80205 32.1286 28.36491 52.68192 32.19123 28.97377 52.58024 32.13311 29.59435 52.49589 31.95132 30.20733 52.43172 31.64941 30.77146 52.39288 31.25412 31.25412 52.37999 31.25412 31.25412 50.59999 31.84259 30.44414 50.59999 32.15198 29.49197 50.59999 32.15198 28.49078 50.59999 31.84259 27.53861 50.59999 31.25412 26.72863 50.59999 30.44414 26.14015 50.59999 29.49197 25.83077 50.59999 28.49078 25.83077 50.59999 27.53861 26.14015 50.59999 27.20756 -31.6472 52.93466 27.76328 -31.9461 52.802 28.36511 -32.12863 52.68188 28.97394 -32.19123 52.58021 29.59448 -32.13309 52.49588 30.20741 -31.95129 52.43171 30.7715 -31.64939 52.39288 31.25412 -31.25412 52.37999 31.64939 -30.7715 52.39288 31.95129 -30.20741 52.43171 32.13309 -29.59448 52.49588 32.19123 -28.97394 52.58021 32.12863 -28.36511 52.68188 31.9461 -27.76328 52.802 31.6472 -27.20756 52.93466 20.99855 30.6541 53.96475 15.00833 33.99063 53.96475 8.507024 36.16965 53.96475 1.71602 37.11695 53.96475 -5.13342 36.80028 53.96475 -11.80805 35.23042 53.96475 -18.08057 32.46083 53.96475 -23.73738 28.58584 53.96475 -28.58584 23.73738 53.96475 -32.46083 18.08057 53.96475 -35.23042 11.80805 53.96475 -36.80028 5.13342 53.96475 -37.11695 -1.71602 53.96475 -36.16965 -8.507024 53.96475 -33.99063 -15.00833 53.96475 -30.6541 -20.99855 53.96475 -36.93709 0 53.98914 -26.73263 -25.48951 53.98914 18.46854 31.98846 53.98914 24.18865 27.91519 53.98914 12.08094 34.90557 53.98914 5.256696 36.56112 53.98914 -1.757537 36.89525 53.98914 -8.70825 35.89589 53.98914 -15.34422 33.59915 53.98914 -21.42561 30.08806 53.98914 -26.73263 25.48951 53.98914 -31.07346 19.9697 53.98914 -34.29121 13.72813 53.98914 -36.26958 6.990389 53.98914 -36.26958 -6.990389 53.98914 -34.29121 -13.72813 53.98914 -31.07346 -19.9697 53.98914 -31.8198 -31.8198 51.39999 -36.86183 -25.81094 51.39999 -40.78384 -19.01782 51.39999 -43.46665 -11.64686 51.39999 -44.82875 -3.922008 51.39999 -44.82875 3.922008 51.39999 -43.46665 11.64686 51.39999 -40.78384 19.01782 51.39999 -36.86183 25.81094 51.39999 -31.8198 31.8198 51.39999 -25.81094 36.86183 51.39999 -19.01782 40.78384 51.39999 -11.64686 43.46665 51.39999 -3.922008 44.82875 51.39999 3.922008 44.82875 51.39999 11.64686 43.46665 51.39999 19.01782 40.78384 51.39999 25.81094 36.86183 51.39999 31.8198 31.8198 51.39999 -31.26791 -31.26791 52.3756 -25.36327 -36.22249 52.3756 -18.68797 -40.07648 52.3756 -11.44485 -42.71276 52.3756 -3.853984 -44.05123 52.3756 3.853984 -44.05123 52.3756 11.44485 -42.71276 52.3756 18.68797 -40.07648 52.3756 25.36327 -36.22249 52.3756 31.26791 -31.26791 52.3756 36.22249 -25.36327 52.3756 40.07648 -18.68797 52.3756 42.71276 -11.44485 52.3756 44.05123 -3.853984 52.3756 44.05123 3.853984 52.3756 42.71276 11.44485 52.3756 40.07648 18.68797 52.3756 36.22249 25.36327 52.3756 31.26791 31.26791 52.3756 36.86183 25.81094 51.39999 40.78384 19.01782 51.39999 43.46665 11.64686 51.39999 44.82875 3.922008 51.39999 44.82875 -3.922008 51.39999 43.46665 -11.64686 51.39999 40.78384 -19.01782 51.39999 36.86183 -25.81094 51.39999 31.8198 -31.8198 51.39999 25.81094 -36.86183 51.39999 19.01782 -40.78384 51.39999 11.64686 -43.46665 51.39999 3.922008 -44.82875 51.39999 -3.922008 -44.82875 51.39999 -11.64686 -43.46665 51.39999 -19.01782 -40.78384 51.39999 -25.81094 -36.86183 51.39999 30.44414 31.84259 50.59999 29.49197 32.15198 50.59999 28.49078 32.15198 50.59999 27.53861 31.84259 50.59999 26.72863 31.25412 50.59999 26.14015 30.44414 50.59999 25.83077 29.49197 50.59999 25.83077 28.49078 50.59999 26.14015 27.53861 50.59999 -27.53861 -26.14015 50.59999 -28.49078 -25.83077 50.59999 -29.49197 -25.83077 50.59999 -30.44414 -26.14015 50.59999 -31.25412 -26.72863 50.59999 -31.84259 -27.53861 50.59999 -32.15198 -28.49078 50.59999 -32.15198 -29.49197 50.59999 -31.84259 -30.44414 50.59999 -31.44623 -31.44623 52.28176 -31.6004 -31.6004 52.12406 -31.71926 -31.71926 51.91395 -31.7942 -31.7942 51.66662 31.7942 31.7942 51.66662 31.71926 31.71926 51.91395 31.6004 31.6004 52.12406 31.44623 31.44623 52.28176 34.4345 28.89398 51.70901 -28.89398 -34.4345 51.70901 -28.80268 -34.32569 51.98778 -28.66047 -34.15622 52.20901 -28.48128 -33.94267 52.35105 -22.47552 -38.92875 51.70901 -22.40451 -38.80574 51.98778 -22.29389 -38.61415 52.20901 -22.15451 -38.37273 52.35105 -15.37416 -42.24017 51.70901 -15.32558 -42.1067 51.98778 -15.24992 -41.89881 52.20901 -15.15458 -41.63685 52.35105 -7.805668 -44.26814 51.70901 -7.781003 -44.12826 51.98778 -7.742586 -43.91039 52.20901 -7.694178 -43.63586 52.35105 0 -44.95104 51.70901 0 -44.80901 51.98778 0 -44.58777 52.20901 0 -44.30901 52.35105 7.805668 -44.26814 51.70901 7.781003 -44.12826 51.98778 7.742586 -43.91039 52.20901 7.694178 -43.63586 52.35105 15.37416 -42.24017 51.70901 15.32558 -42.1067 51.98778 15.24992 -41.89881 52.20901 15.15458 -41.63685 52.35105 22.47552 -38.92875 51.70901 22.40451 -38.80574 51.98778 22.29389 -38.61415 52.20901 22.15451 -38.37273 52.35105 28.89398 -34.4345 51.70901 28.80268 -34.32569 51.98778 28.66047 -34.15622 52.20901 28.48128 -33.94267 52.35105 34.4345 -28.89398 51.70901 34.32569 -28.80268 51.98778 34.15622 -28.66047 52.20901 33.94267 -28.48128 52.35105 38.92875 -22.47552 51.70901 38.80574 -22.40451 51.98778 38.61415 -22.29389 52.20901 38.37273 -22.15451 52.35105 42.24017 -15.37416 51.70901 42.1067 -15.32558 51.98778 41.89881 -15.24992 52.20901 41.63685 -15.15458 52.35105 44.26814 -7.805668 51.70901 44.12826 -7.781003 51.98778 43.91039 -7.742586 52.20901 43.63586 -7.694178 52.35105 44.95104 0 51.70901 44.80901 0 51.98778 44.58777 0 52.20901 44.30901 0 52.35105 44.26814 7.805668 51.70901 44.12826 7.781003 51.98778 43.91039 7.742586 52.20901 43.63586 7.694178 52.35105 42.24017 15.37416 51.70901 42.1067 15.32558 51.98778 41.89881 15.24992 52.20901 41.63685 15.15458 52.35105 38.92875 22.47552 51.70901 38.80574 22.40451 51.98778 38.61415 22.29389 52.20901 38.37273 22.15451 52.35105 34.32569 28.80268 51.98778 34.15622 28.66047 52.20901 33.94267 28.48128 52.35105 30.77146 31.64941 52.39288 30.20733 31.95132 52.43172 29.59435 32.13311 52.49589 28.97377 32.19123 52.58024 28.36491 32.1286 52.68192 27.76305 31.94601 52.80205 27.20732 31.64704 52.93473 26.72866 31.25363 53.07202 26.34385 30.78777 53.20795 26.04398 30.23686 53.34595 25.85638 29.6299 53.47678 25.7916 29.00893 53.59126 25.84777 28.39709 53.68515 26.02832 27.78306 53.7591 26.3314 27.21388 53.8048 -27.21388 -26.3314 53.8048 -27.78306 -26.02832 53.7591 -28.39709 -25.84777 53.68515 -29.00893 -25.7916 53.59126 -29.6299 -25.85638 53.47678 -30.23686 -26.04398 53.34595 -30.78777 -26.34385 53.20795 -31.25363 -26.72866 53.07202 -31.64704 -27.20732 52.93473 -31.94601 -27.76305 52.80205 -32.1286 -28.36491 52.68192 -32.19123 -28.97377 52.58024 -32.13311 -29.59435 52.49589 -31.95132 -30.20733 52.43172 -31.64941 -30.77146 52.39288 -36.22249 -25.36327 52.3756 -40.07648 -18.68797 52.3756 -42.71276 -11.44485 52.3756 -44.05123 -3.853984 52.3756 -44.05123 3.853984 52.3756 -42.71276 11.44485 52.3756 -40.07648 18.68797 52.3756 -36.22249 25.36327 52.3756 -31.26791 31.26791 52.3756 -25.36327 36.22249 52.3756 -18.68797 40.07648 52.3756 -11.44485 42.71276 52.3756 -3.853984 44.05123 52.3756 3.853984 44.05123 52.3756 11.44485 42.71276 52.3756 18.68797 40.07648 52.3756 25.36327 36.22249 52.3756 -44.95104 0 51.70901 -44.80901 0 51.98778 -44.58777 0 52.20901 -44.30901 0 52.35105 -34.4345 -28.89398 51.70901 28.89398 34.4345 51.70901 28.80268 34.32569 51.98778 28.66047 34.15622 52.20901 28.48128 33.94267 52.35105 22.47552 38.92875 51.70901 22.40451 38.80574 51.98778 22.29389 38.61415 52.20901 22.15451 38.37273 52.35105 15.37416 42.24017 51.70901 15.32558 42.1067 51.98778 15.24992 41.89881 52.20901 15.15458 41.63685 52.35105 7.805668 44.26814 51.70901 7.781003 44.12826 51.98778 7.742586 43.91039 52.20901 7.694178 43.63586 52.35105 0 44.95104 51.70901 0 44.80901 51.98778 0 44.58777 52.20901 0 44.30901 52.35105 -7.805668 44.26814 51.70901 -7.781003 44.12826 51.98778 -7.742586 43.91039 52.20901 -7.694178 43.63586 52.35105 -15.37416 42.24017 51.70901 -15.32558 42.1067 51.98778 -15.24992 41.89881 52.20901 -15.15458 41.63685 52.35105 -22.47552 38.92875 51.70901 -22.40451 38.80574 51.98778 -22.29389 38.61415 52.20901 -22.15451 38.37273 52.35105 -28.89398 34.4345 51.70901 -28.80268 34.32569 51.98778 -28.66047 34.15622 52.20901 -28.48128 33.94267 52.35105 -34.4345 28.89398 51.70901 -34.32569 28.80268 51.98778 -34.15622 28.66047 52.20901 -33.94267 28.48128 52.35105 -38.92875 22.47552 51.70901 -38.80574 22.40451 51.98778 -38.61415 22.29389 52.20901 -38.37273 22.15451 52.35105 -42.24017 15.37416 51.70901 -42.1067 15.32558 51.98778 -41.89881 15.24992 52.20901 -41.63685 15.15458 52.35105 -44.26814 7.805668 51.70901 -44.12826 7.781003 51.98778 -43.91039 7.742586 52.20901 -43.63586 7.694178 52.35105 -44.26814 -7.805668 51.70901 -44.12826 -7.781003 51.98778 -43.91039 -7.742586 52.20901 -43.63586 -7.694178 52.35105 -42.24017 -15.37416 51.70901 -42.1067 -15.32558 51.98778 -41.89881 -15.24992 52.20901 -41.63685 -15.15458 52.35105 -38.92875 -22.47552 51.70901 -38.80574 -22.40451 51.98778 -38.61415 -22.29389 52.20901 -38.37273 -22.15451 52.35105 -34.32569 -28.80268 51.98778 -34.15622 -28.66047 52.20901 -33.94267 -28.48128 52.35105 -31.25412 26.72863 53.07193 -31.6472 27.20756 52.93466 -31.9461 27.76328 52.802 -32.12863 28.36511 52.68188 -32.19123 28.97394 52.58021 -32.13309 29.59448 52.49588 -31.95129 30.20741 52.43171 -31.64939 30.7715 52.39288 -31.25412 31.25412 52.37999 -30.7715 31.64939 52.39288 -30.20741 31.95129 52.43171 -29.59448 32.13309 52.49588 -28.97394 32.19123 52.58021 -28.36511 32.12863 52.68188 -27.76328 31.9461 52.802 -27.20756 31.6472 52.93466 -26.72863 31.25412 53.07193 -26.34401 30.78801 53.20789 -26.04408 30.2371 53.3459 -25.85642 29.63011 53.47674 -25.7916 29.0091 53.59124 -25.84775 28.39721 53.68513 -26.02829 27.78315 53.75909 -26.33138 27.21392 53.8048 -26.72863 26.72863 53.81999 -27.21392 26.33138 53.8048 -27.78315 26.02829 53.75909 -28.39721 25.84775 53.68513 -29.0091 25.7916 53.59124 -29.63011 25.85642 53.47674 -30.2371 26.04408 53.3459 -30.78801 26.34401 53.20789 -31.25412 26.72863 50.59999 -31.84259 27.53861 50.59999 -32.15198 28.49078 50.59999 -32.15198 29.49197 50.59999 -31.84259 30.44414 50.59999 -31.25412 31.25412 50.59999 -30.44414 31.84259 50.59999 -29.49197 32.15198 50.59999 -28.49078 32.15198 50.59999 -27.53861 31.84259 50.59999 -26.72863 31.25412 50.59999 -26.14015 30.44414 50.59999 -25.83077 29.49197 50.59999 -25.83077 28.49078 50.59999 -26.14015 27.53861 50.59999 -26.72863 26.72863 50.59999 -27.53861 26.14015 50.59999 -28.49078 25.83077 50.59999 -29.49197 25.83077 50.59999 -30.44414 26.14015 50.59999 -26.14138 28.99137 50.59999 -26.28086 28.11067 50.59999 -26.68568 27.31618 50.59999 -27.31618 26.68568 50.59999 -28.11067 26.28086 50.59999 -28.99137 26.14138 50.59999 -29.87207 26.28086 50.59999 -30.66656 26.68568 50.59999 -31.29707 27.31618 50.59999 -31.70188 28.11067 50.59999 -31.84137 28.99137 50.59999 -31.70188 29.87207 50.59999 -31.29707 30.66656 50.59999 -30.66656 31.29707 50.59999 -29.87207 31.70188 50.59999 -28.99137 31.84137 50.59999 -28.11067 31.70188 50.59999 -27.31618 31.29707 50.59999 -26.68568 30.66656 50.59999 -26.28086 29.87207 50.59999 -27.34137 28.99137 52.24999 -26.81503 28.99137 51.79968 -26.40761 28.99137 51.23947 -31.57514 28.99137 51.23947 -31.16772 28.99137 51.79968 -30.64137 28.99137 52.24999 -30.56062 29.50125 52.24999 -30.32625 29.96122 52.24999 -29.96122 30.32625 52.24999 -29.50125 30.56062 52.24999 -28.99137 30.64137 52.24999 -28.4815 30.56062 52.24999 -28.02153 30.32625 52.24999 -27.6565 29.96122 52.24999 -27.42213 29.50125 52.24999 -26.3111 29.86225 50.70432 -26.71139 29.73218 51.53038 -27.33487 29.5296 52.18594 -26.71139 30.64788 50.70432 -27.05191 30.40048 51.53038 -27.58227 30.01515 52.18594 -27.33487 31.27136 50.70432 -27.58227 30.93084 51.53038 -27.9676 30.40048 52.18594 -28.1205 31.67165 50.70432 -28.25057 31.27136 51.53038 -28.45314 30.64788 52.18594 -28.99137 31.80958 50.70432 -28.99137 31.38869 51.53038 -28.99137 30.73312 52.18594 -29.86225 31.67165 50.70432 -29.73218 31.27136 51.53038 -29.5296 30.64788 52.18594 -30.64788 31.27136 50.70432 -30.40048 30.93084 51.53038 -30.01515 30.40048 52.18594 -31.27136 30.64788 50.70432 -30.93084 30.40048 51.53038 -30.40048 30.01515 52.18594 -31.67165 29.86225 50.70432 -31.27136 29.73218 51.53038 -30.64788 29.5296 52.18594 -27.42213 28.4815 52.24999 -27.6565 28.02153 52.24999 -28.02153 27.6565 52.24999 -28.4815 27.42213 52.24999 -28.99137 27.34137 52.24999 -29.50125 27.42213 52.24999 -29.96122 27.6565 52.24999 -30.32625 28.02153 52.24999 -30.56062 28.4815 52.24999 -31.67165 28.1205 50.70432 -31.27136 28.25057 51.53038 -30.64788 28.45314 52.18594 -31.27136 27.33487 50.70432 -30.93084 27.58227 51.53038 -30.40048 27.9676 52.18594 -30.64788 26.71139 50.70432 -30.40048 27.05191 51.53038 -30.01515 27.58227 52.18594 -29.86225 26.3111 50.70432 -29.73218 26.71139 51.53038 -29.5296 27.33487 52.18594 -28.99137 26.17316 50.70432 -28.99137 26.59406 51.53038 -28.99137 27.24962 52.18594 -28.1205 26.3111 50.70432 -28.25057 26.71139 51.53038 -28.45314 27.33487 52.18594 -27.33487 26.71139 50.70432 -27.58227 27.05191 51.53038 -27.9676 27.58227 52.18594 -26.71139 27.33487 50.70432 -27.05191 27.58227 51.53038 -27.58227 27.9676 52.18594 -26.3111 28.1205 50.70432 -26.71139 28.25057 51.53038 -27.33487 28.45314 52.18594 -27.99137 29.56872 52.24999 -27.99137 28.41402 52.24999 -28.99137 27.83667 52.24999 -29.99137 28.41402 52.24999 -29.99137 29.56872 52.24999 -28.99137 30.14608 52.24999 -27.99137 28.41402 51.20999 -28.99137 27.83667 51.20999 -29.99137 28.41402 51.20999 -27.99137 29.56872 51.20999 -29.99137 29.56872 51.20999 -28.99137 30.14608 51.20999 -28.99137 28.99137 50.63264</float_array>
          <technique_common>
            <accessor source="#stitch_result_stitchFBXASC032allMesh-mesh-positions-array" count="3287" stride="3">
              <param name="X" type="float"/>
              <param name="Y" type="float"/>
              <param name="Z" type="float"/>
            </accessor>
          </technique_common>
        </source>
        <source id="stitch_result_stitchFBXASC032allMesh-mesh-normals">
          <float_array id="stitch_result_stitchFBXASC032allMesh-mesh-normals-array" count="13428">0 0 -1 0.7071078 0.7071058 0 0.5555698 0.83147 0 0.5555697 0.8314701 0 0.3826845 0.9238791 0 0.3826845 0.9238792 0 0.1950906 0.9807853 0 0.1950904 0.9807854 0 -1.00908e-6 1 0 -1.13508e-6 1 0 -0.1950914 0.9807851 0 -0.1950914 0.9807851 0 -0.3826826 0.9238799 0 -0.3826826 0.92388 0 -0.5555697 0.8314701 0 -0.5555698 0.83147 0 -0.7071078 0.7071058 0 -0.8314696 0.5555704 0 -0.8314697 0.5555701 0 -0.9238809 0.3826801 0 -0.9238811 0.3826799 0 -0.9807858 0.1950879 0 -0.9807859 0.1950879 0 -1 8.85012e-7 0 -1 8.08009e-7 0 -0.9807857 -0.1950886 0 -0.9807856 -0.1950888 0 -0.9238794 -0.3826838 0 -0.9238795 -0.3826837 0 -0.8314719 -0.5555669 0 -0.831472 -0.5555667 0 -0.7071079 -0.7071058 0 -0.7071078 -0.7071058 0 0.8314719 0.5555667 0 0.8314719 0.5555669 0 0.9238795 0.3826837 0 0.9238794 0.3826838 0 0.9807856 0.1950888 0 0.9807857 0.1950886 0 1 -8.08009e-7 0 1 -8.85012e-7 0 0.9807859 -0.1950879 0 0.9807858 -0.1950879 0 0.9238811 -0.3826799 0 0.9238809 -0.3826801 0 0.8314697 -0.5555701 0 0.8314696 -0.5555704 0 0.7071078 -0.7071058 0 0.5555698 -0.83147 0 0.5555697 -0.8314701 0 0.3826826 -0.92388 0 0.3826826 -0.9238799 0 0.1950914 -0.9807851 0 0.1950914 -0.9807851 0 1.13508e-6 -1 0 1.00908e-6 -1 0 -0.1950904 -0.9807854 0 -0.1950906 -0.9807853 0 -0.3826845 -0.9238792 0 -0.3826845 -0.9238791 0 -0.5555697 -0.83147 0 -0.5555697 -0.83147 0 0 0 1 0.667689 0.19445 0.7185963 0.6618353 0.7495985 0.008730113 0.7807913 0.5939976 0.1937319 0.8617022 0.5072973 0.0109089 0.8790847 0.4352535 0.1943312 0.975552 0.219441 0.01200163 0.9437861 0.2672613 0.1945232 0.9762921 0.09498614 0.1945031 0.8896502 0.2518324 0.3809239 0.9203297 0.0894736 0.3807727 0.7973369 0.2256456 0.5597659 0.8249055 0.08017909 0.5595557 0.6923772 0.06729263 0.718391 0.6808348 -0.1417293 0.7185937 0.5211485 -0.1085512 0.8465347 0.6280456 -0.2978264 0.7189285 0.4752359 -0.2388038 0.8468315 0.9964034 -0.08388692 0.0119723 0.9603233 -0.2000144 0.1943537 0.9052392 -0.1884888 0.380807 0.8112931 -0.1689083 0.5597086 0.850324 -0.363151 0.3808813 0.7560855 -0.3387607 0.5599786 0.9234836 -0.3834728 0.01125508 0.9052578 -0.3749803 0.1997449 0.3431212 -0.07147383 0.9365679 0.3093159 -0.1639149 0.936726 0.1590324 -0.03313249 0.9867174 0.1418415 -0.07871353 0.9867549 0.005426585 -0.003119409 0.9999805 0.001080691 -3.60056e-4 0.9999994 1.47428e-5 -1.69908e-6 1 0.0682832 -0.01422864 0.9975646 0.002367079 -1.11975e-4 0.9999973 0.3495526 0.02875554 0.9364755 0.002389132 -1.1523e-4 0.9999971 0.5300887 0.05154705 0.846374 0.6691678 0.1893872 0.718573 0.8286209 0.4101405 0.3810147 0.194451 -0.6676855 0.7185992 0.7496071 -0.6618257 0.008723616 0.5940063 -0.7807868 0.1937227 0.5072996 -0.8617011 0.01088941 0.4352316 -0.8790915 0.1943499 0.2194364 -0.9755534 0.01197618 0.2672508 -0.943789 0.1945239 0.09498322 -0.976292 0.1945048 0.2518335 -0.8896435 0.3809388 0.08948123 -0.9203296 0.380771 0.2256382 -0.7973374 0.5597682 0.0801863 -0.8249076 0.5595513 0.06729334 -0.6923788 0.7183894 -0.1417292 -0.6808342 0.7185942 -0.1085111 -0.5211266 0.8465534 -0.2978417 -0.6280365 0.7189301 -0.2388198 -0.4752274 0.8468317 -0.0838896 -0.9964032 0.01197332 -0.200007 -0.9603244 0.1943562 -0.1884782 -0.9052422 0.3808052 -0.1688966 -0.8112934 0.5597116 -0.3631808 -0.8503118 0.3808801 -0.3387594 -0.7560852 0.5599798 -0.3834609 -0.9234886 0.01125842 -0.3749843 -0.9052575 0.1997393 -0.07147574 -0.3431252 0.9365664 -0.1639094 -0.3093134 0.9367278 -0.03314512 -0.1590456 0.9867147 -0.07867473 -0.1418465 0.9867573 -0.003114283 -0.005430936 0.9999805 -3.91534e-4 -0.001131474 0.9999994 -7.77422e-7 -4.39957e-6 1 -0.0142306 -0.06828373 0.9975645 -1.04979e-4 -0.002370476 0.9999973 0.02878183 -0.3495444 0.9364777 -1.14087e-4 -0.002400159 0.9999971 0.05153447 -0.5300766 0.8463824 0.1893864 -0.6691572 0.718583 0.4101527 -0.8286314 0.3809788 -0.667689 -0.19445 0.7185963 -0.661836 -0.7495979 0.008729398 -0.7807913 -0.5939976 0.1937319 -0.8617022 -0.5072973 0.0109089 -0.8790847 -0.4352535 0.1943312 -0.975552 -0.219441 0.01200163 -0.9437861 -0.2672613 0.1945232 -0.9762921 -0.09498614 0.1945031 -0.8896502 -0.2518324 0.3809239 -0.9203297 -0.0894736 0.3807727 -0.7973369 -0.2256456 0.5597659 -0.8249055 -0.08017909 0.5595557 -0.6923772 -0.06729263 0.718391 -0.6808348 0.1417293 0.7185937 -0.5211485 0.1085512 0.8465347 -0.6280456 0.2978264 0.7189285 -0.4752359 0.2388038 0.8468315 -0.9964034 0.08388692 0.0119723 -0.9603233 0.2000144 0.1943537 -0.9052392 0.1884888 0.380807 -0.8112931 0.1689083 0.5597086 -0.850324 0.363151 0.3808813 -0.7560855 0.3387607 0.5599786 -0.9234836 0.3834728 0.01125508 -0.9052578 0.3749803 0.1997449 -0.3431212 0.07147383 0.9365679 -0.3093159 0.1639149 0.936726 -0.1590324 0.03313249 0.9867174 -0.1418415 0.07871353 0.9867549 -0.005426585 0.003119409 0.9999805 -0.001080691 3.60056e-4 0.9999994 -1.47428e-5 1.69908e-6 1 -0.0682832 0.01422864 0.9975646 -0.002367079 1.11975e-4 0.9999973 -0.3495526 -0.02875554 0.9364755 -0.002389132 1.1523e-4 0.9999971 -0.5300887 -0.05154705 0.846374 -0.6691678 -0.1893872 0.718573 -0.8286209 -0.4101405 0.3810147 0 -3.56411e-5 1 0.001080632 3.59187e-4 0.9999994 0.002392172 1.14966e-4 0.9999971 0.002386033 1.12699e-4 0.9999971 0.001097202 3.66835e-4 0.9999994 0.06828129 0.01422566 0.9975647 0.1590303 0.03313732 0.9867175 0.1418392 0.07871741 0.986755 0.220431 0.0459119 0.9743215 0.3093167 0.1639074 0.9367271 0.343142 0.07147252 0.9365603 0.4752351 0.2388033 0.8468322 0.5211305 0.108514 0.8465505 0.6280456 0.2978264 0.7189285 0.6808356 0.1417387 0.718591 0.7560869 0.3387633 0.5599751 0.8112927 0.1689154 0.5597071 0.8503164 0.3631729 0.3808774 0.9052407 0.1884835 0.3808063 0.9052644 0.3749658 0.1997426 0.9603255 0.2000039 0.194354 0.9234791 0.3834837 0.01125556 0.9964032 0.08389115 0.01195615 0.005435347 0.003119528 0.9999804 0.005415439 0.00311762 0.9999805 0.9762925 -0.09498476 0.1945019 0.9754552 -0.2198703 0.0120151 0.9437928 -0.2672407 0.1945186 0.8620007 -0.5067908 0.0108667 0.8790881 -0.4352375 0.1943513 0.7807891 -0.5940083 0.1937078 0.8286229 -0.4101486 0.3810017 0.6676955 -0.1944515 0.7185898 0.7973376 -0.2256705 0.559755 0.6691519 -0.1893931 0.7185863 0.6923755 -0.06728971 0.7183929 0.5300793 -0.05153679 0.8463805 0.3495534 -0.02875226 0.9364752 0.6618162 -0.7496154 0.008722186 0.8249055 -0.08019018 0.5595539 0.9203282 -0.08949327 0.3807717 0.8896626 -0.2518339 0.3808941 0 -4.76465e-6 1 -3.61578e-4 0.001087427 0.9999994 -1.1494e-4 0.00238943 0.9999971 -1.20658e-4 0.002393841 0.9999972 -3.58067e-4 0.001076877 0.9999994 -0.0142312 0.06828612 0.9975643 -0.03313446 0.1590301 0.9867176 -0.07868766 0.1418469 0.9867562 -0.0459209 0.2204419 0.9743186 -0.1638958 0.3093194 0.9367282 -0.07147163 0.3431345 0.9365631 -0.2388152 0.4752284 0.8468326 -0.1085426 0.5211449 0.846538 -0.2978417 0.6280366 0.7189301 -0.141736 0.680835 0.7185922 -0.3387637 0.7560838 0.5599791 -0.1689034 0.8112933 0.5597099 -0.3631615 0.8503192 0.380882 -0.1884821 0.9052416 0.3808049 -0.3749697 0.9052616 0.1997478 -0.1999845 0.9603282 0.1943604 -0.3834545 0.9234912 0.01125705 -0.08389091 0.9964033 0.01194697 -0.003118693 0.005435645 0.9999804 -0.003116011 0.005409657 0.9999806 0.09498405 0.9762924 0.1945024 0.2198718 0.9754548 0.01201647 0.2672505 0.94379 0.194519 0.5067864 0.8620032 0.01087421 0.4352607 0.8790822 0.1943266 0.5940039 0.7807888 0.1937226 0.4101714 0.8286215 0.3809801 0.1944525 0.6676945 0.7185906 0.2256664 0.7973366 0.559758 0.1893866 0.6691556 0.7185844 0.06729131 0.6923771 0.7183911 0.0515393 0.5300809 0.8463793 0.02875667 0.349551 0.936476 0.7496208 0.6618101 0.008724212 0.08019554 0.8249065 0.5595518 0.0894953 0.9203277 0.3807724 0.2518355 0.8896538 0.3809135 0 3.56411e-5 1 -0.001080632 -3.59187e-4 0.9999994 -0.002392172 -1.14966e-4 0.9999971 -0.002386033 -1.12699e-4 0.9999971 -0.001097202 -3.66835e-4 0.9999994 -0.06828129 -0.01422566 0.9975647 -0.1590303 -0.03313732 0.9867175 -0.1418392 -0.07871741 0.986755 -0.220431 -0.0459119 0.9743215 -0.3093167 -0.1639074 0.9367271 -0.343142 -0.07147252 0.9365603 -0.4752351 -0.2388033 0.8468322 -0.5211305 -0.108514 0.8465505 -0.6280456 -0.2978264 0.7189285 -0.6808356 -0.1417387 0.718591 -0.7560869 -0.3387633 0.5599751 -0.8112927 -0.1689154 0.5597071 -0.8503164 -0.3631729 0.3808774 -0.9052407 -0.1884835 0.3808063 -0.9052644 -0.3749658 0.1997426 -0.9603255 -0.2000039 0.194354 -0.9234791 -0.3834838 0.0112555 -0.9964032 -0.08389121 0.01195615 -0.005435347 -0.003119528 0.9999804 -0.005415439 -0.00311762 0.9999805 -0.9762925 0.09498476 0.1945019 -0.9754551 0.2198705 0.0120151 -0.9437928 0.2672407 0.1945186 -0.8620004 0.5067913 0.0108667 -0.8790881 0.4352375 0.1943513 -0.7807891 0.5940083 0.1937078 -0.8286229 0.4101486 0.3810017 -0.6676955 0.1944515 0.7185898 -0.7973376 0.2256705 0.559755 -0.6691519 0.1893931 0.7185863 -0.6923755 0.06728971 0.7183929 -0.5300793 0.05153679 0.8463805 -0.3495534 0.02875226 0.9364752 -0.661816 0.7496156 0.008722186 -0.8249055 0.08019018 0.5595539 -0.9203282 0.08949327 0.3807717 -0.8896626 0.2518339 0.3808941 -0.194451 0.6676855 0.7185992 -0.7495954 0.6618388 0.00873214 -0.5940063 0.7807868 0.1937227 -0.5072966 0.8617027 0.01088774 -0.4352316 0.8790915 0.1943499 -0.2194423 0.975552 0.0119751 -0.2672508 0.943789 0.1945239 -0.09498322 0.976292 0.1945048 -0.2518335 0.8896435 0.3809388 -0.08948123 0.9203296 0.380771 -0.2256382 0.7973374 0.5597682 -0.0801863 0.8249076 0.5595513 -0.06729334 0.6923788 0.7183894 0.1417292 0.6808342 0.7185942 0.1085111 0.5211266 0.8465534 0.2978417 0.6280365 0.7189301 0.2388198 0.4752274 0.8468317 0.08388876 0.9964033 0.01197266 0.200007 0.9603244 0.1943562 0.1884782 0.9052422 0.3808052 0.1688966 0.8112934 0.5597116 0.3631808 0.8503118 0.3808801 0.3387594 0.7560852 0.5599798 0.3834565 0.9234904 0.01125752 0.3749843 0.9052575 0.1997393 0.07147574 0.3431252 0.9365664 0.1639094 0.3093134 0.9367278 0.03314512 0.1590456 0.9867147 0.07867473 0.1418465 0.9867573 0.003114283 0.005430936 0.9999805 3.91534e-4 0.001131474 0.9999994 7.77422e-7 4.39957e-6 1 0.0142306 0.06828373 0.9975645 1.04979e-4 0.002370476 0.9999973 -0.02878183 0.3495444 0.9364777 1.14087e-4 0.002400159 0.9999971 -0.05153447 0.5300766 0.8463824 -0.1893864 0.6691572 0.718583 -0.4101527 0.8286314 0.3809788 0 4.76465e-6 1 3.61578e-4 -0.001087427 0.9999994 1.1494e-4 -0.00238943 0.9999971 1.20658e-4 -0.002393841 0.9999972 3.58067e-4 -0.001076877 0.9999994 0.0142312 -0.06828612 0.9975643 0.03313446 -0.1590301 0.9867176 0.07868766 -0.1418469 0.9867562 0.0459209 -0.2204419 0.9743186 0.1638958 -0.3093194 0.9367282 0.07147163 -0.3431345 0.9365631 0.2388152 -0.4752284 0.8468326 0.1085426 -0.5211449 0.846538 0.2978417 -0.6280366 0.7189301 0.141736 -0.680835 0.7185922 0.3387637 -0.7560838 0.5599791 0.1689034 -0.8112933 0.5597099 0.3631615 -0.8503192 0.380882 0.1884821 -0.9052416 0.3808049 0.3749697 -0.9052616 0.1997478 0.1999845 -0.9603282 0.1943604 0.3834543 -0.9234911 0.01126909 0.0838927 -0.9964032 0.01194703 0.003118693 -0.005435645 0.9999804 0.003116011 -0.005409657 0.9999806 -0.09498405 -0.9762924 0.1945024 -0.2198657 -0.9754562 0.01201695 -0.2672505 -0.94379 0.194519 -0.5067888 -0.8620018 0.01087307 -0.4352607 -0.8790822 0.1943266 -0.5940039 -0.7807888 0.1937226 -0.4101714 -0.8286215 0.3809801 -0.1944525 -0.6676945 0.7185906 -0.2256664 -0.7973366 0.559758 -0.1893866 -0.6691556 0.7185844 -0.06729131 -0.6923771 0.7183911 -0.0515393 -0.5300809 0.8463793 -0.02875667 -0.349551 0.936476 -0.7495954 -0.6618389 0.008725881 -0.08019554 -0.8249065 0.5595518 -0.0894953 -0.9203277 0.3807724 -0.2518355 -0.8896538 0.3809135 0 -0.02456974 0.9996982 -1.3509e-5 -0.02447777 0.9997004 2.96328e-5 -0.02414506 0.9997085 1.83538e-5 -0.0247308 0.9996942 -5.38914e-5 -0.02440321 0.9997023 9.39258e-5 -0.02394729 0.9997133 -1.02066e-4 -0.02437108 0.9997031 0 -0.01340484 0.9999102 3.26405e-5 -0.1709678 0.9852766 3.51138e-7 -0.01341217 0.9999101 -3.12924e-6 -0.3388326 0.9408467 2.80516e-6 -0.3353068 0.942109 -7.23876e-6 -0.4971025 0.8676919 4.48897e-7 -0.6442726 0.764796 -1.2696e-6 -0.6442611 0.7648057 1.4634e-6 -0.7840049 0.6207546 2.8573e-6 -0.7921396 0.6103399 2.78465e-6 -0.9040642 0.4273968 -7.99075e-7 -0.9040555 0.427415 2.51457e-7 -0.9502218 0.3115742 7.18608e-6 -0.9840989 0.1776212 0 -0.984102 0.1776047 -6.52159e-7 -0.9940882 0.1085762 1.99093e-6 -0.9993087 0.03717851 5.25033e-6 -0.993816 -0.1110392 -7.74732e-6 -0.9993671 -0.03557437 -1.13225e-4 -0.9930961 -0.1173042 2.98256e-7 -0.9894005 -0.1452125 3.46219e-6 -0.985054 -0.172246 -1.6382e-6 -0.9764136 -0.2159088 -1.7982e-5 -0.9808364 -0.1948336 -1.45426e-5 -0.9719117 -0.2353463 -7.3975e-6 -0.9608465 -0.2770815 -7.22706e-6 0.9160567 0.4010488 -1.68383e-5 0.91287 0.4082506 1.27405e-6 0.8725858 0.4884611 5.59539e-6 0.9096269 0.4154264 -2.00905e-5 0.9063256 0.4225803 8.89227e-6 0.9063289 0.4225732 1.65319e-5 0.8639162 0.5036357 -1.62376e-5 0.8725791 0.4884729 5.59399e-6 0.8197669 0.5726974 -1.13444e-5 0.8131339 0.5820768 2.14449e-6 0.757893 0.6523789 1.53785e-7 0.7541978 0.6566473 -5.45382e-6 0.6874843 0.7261993 -3.15905e-6 0.6874949 0.7261892 1.58325e-6 0.7542019 0.6566427 -1.40711e-6 0.6874949 0.7261893 -1 0 0 -1 -2.07469e-6 0 -1 2.16489e-6 0 -1 -2.50035e-6 0 -1 -2.54954e-6 0 -1 4.67837e-6 0 -1 -2.59713e-6 0 -1 -3.90077e-5 0 -1.40816e-6 -0.6874949 0.7261893 -3.93309e-7 -0.7542114 0.6566317 3.72634e-6 -0.6875041 0.7261806 1.50874e-6 -0.7578935 0.6523783 -1.06716e-5 -0.8131343 0.5820761 -4.24513e-5 -0.8197707 0.572692 1.59563e-5 -0.8639168 0.5036348 -6.03031e-6 -0.8725821 0.4884676 1.74865e-5 -0.9063275 0.422576 4.64916e-6 -0.9096264 0.4154276 -1.75685e-5 -0.9128701 0.4082504 -7.80448e-6 -0.9160571 0.4010481 -1 8.25312e-7 0 -1 7.3037e-6 0 -1 -2.55342e-5 0 -0.6590348 -0.7520618 0.008724451 -0.8482261 -0.5295196 0.01103067 -0.8119336 -0.5836532 0.01061367 -0.9227292 -0.3852611 0.01203209 -0.9707544 -0.2397506 0.01247727 -0.9859417 -0.1666039 0.01274037 -0.9966617 0.08065205 0.01267439 -0.9980874 0.06049817 0.01271116 -0.9980885 0.0604797 0.01271414 0.8482298 -0.5295136 0.0110296 0.8119345 -0.5836524 0.01059716 0.6590296 -0.7520666 0.008723437 0.9707544 -0.2397507 0.01247727 0.9966608 0.08066397 0.01267415 0.99809 0.06049448 0.01252818 0.9859417 -0.1666039 0.01274037 0.9227292 -0.3852611 0.01203209 0.7520636 -0.6590328 0.008724451 0.5295022 -0.8482369 0.01103127 0.5836446 -0.8119399 0.0106157 0.3850728 -0.9228105 0.01182597 0.2397451 -0.9707557 0.01247656 0.166617 -0.9859394 0.01274043 -0.08069127 -0.9966586 0.01267451 -0.06050986 -0.9980868 0.0127114 -0.06051325 -0.9980865 0.01271331 0.6590347 0.752062 0.008724391 0.8482261 0.5295196 0.01103067 0.8119336 0.5836532 0.01061367 0.9227292 0.3852611 0.01203209 0.9707544 0.2397506 0.01247727 0.9859417 0.1666039 0.01274037 0.9966617 -0.08065205 0.01267439 0.9980874 -0.06049817 0.01271116 0.9980885 -0.0604797 0.01271414 0.5295004 0.8482381 0.0110296 0.5837881 0.8118364 0.01063692 0.7520674 0.6590286 0.008722901 0.2397449 0.9707558 0.01247656 -0.08069217 0.9966586 0.01267427 -0.06050229 0.9980894 0.01252907 0.1666185 0.9859392 0.01274085 0.3854556 0.922645 0.01225727 -0.8482299 0.5295134 0.0110296 -0.8119349 0.583652 0.01059705 -0.6590296 0.7520666 0.008723437 -0.9707544 0.2397507 0.01247733 -0.9966608 -0.08066391 0.01267391 -0.9980899 -0.0604946 0.01252812 -0.9859418 0.1666033 0.01274031 -0.9228079 0.3850785 0.01183831 -7.19656e-6 0.6795589 0.733621 2.63168e-6 0.6818782 0.7314658 -1.25366e-5 0.6778863 0.7351667 9.53674e-7 0.6778881 0.7351651 1.58697e-6 0.6818684 0.7314749 5.89527e-6 0.6172241 0.7867875 5.36442e-7 0.6132392 0.7898974 1.73226e-6 0.54492 0.8384882 -3.97675e-6 0.5411245 0.8409425 -1.21277e-5 0.4655683 0.885012 8.2273e-6 0.4621846 0.8867838 -2.87779e-6 0.3801115 0.9249407 2.5332e-6 0.37722 0.9261237 1.43796e-6 0.2894481 0.9571937 -3.18792e-6 0.2871721 0.957879 5.10667e-6 0.19488 0.9808272 0 0.1933251 0.9811348 -1.95269e-6 0.09778589 0.9952075 9.84641e-7 0.09707421 0.9952772 1.10228e-4 0 1 7.57398e-7 -0.09707367 0.9952773 7.81263e-7 -0.09783387 0.9952028 0 -0.1933249 0.9811348 -3.16883e-6 -0.1948323 0.9808366 -3.21213e-6 -0.2871723 0.957879 7.97212e-7 -0.2894487 0.9571936 1.67079e-6 -0.3772216 0.9261231 -7.33882e-7 -0.3801143 0.9249396 7.74488e-6 -0.4621848 0.8867837 8.62964e-6 -0.4656069 0.8849917 -3.25404e-6 -0.5411242 0.8409428 1.70991e-6 -0.5449197 0.8384882 0 -0.6132397 0.789897 6.71856e-6 -0.6172249 0.7867868 1.07363e-5 -0.6778966 0.7351573 -5.82449e-6 -0.6818619 0.731481 2.40048e-7 -0.6795672 0.7336133 6.39406e-5 -0.6795476 0.7336314 2.9261e-7 -0.681874 0.7314697 1.67926e-5 -0.6809285 0.7323499 -2.10971e-6 -0.6809179 0.7323598 1.38521e-6 -0.6818991 0.7314463 3.54093e-6 -0.6817587 0.7315772 -4.80297e-7 -0.6817226 0.7316108 1.40231e-6 -0.6818278 0.7315128 4.91462e-7 -0.6818628 0.7314801 6.39405e-5 0.6795476 0.7336314 1.67922e-5 0.6809285 0.73235 2.94764e-7 0.681874 0.7314697 -1.06545e-5 0.6817447 0.7315902 -1.65515e-5 0.6810101 0.7322741 -4.03538e-6 0.681674 0.7316561 0 0.6818279 0.7315126 0 0.6817228 0.7316106 0 0.681863 0.73148 -0.5295006 -0.8482379 0.0110327 -0.5974322 -0.8018509 0.01048427 -0.7520034 -0.6591016 0.008728623 -0.2397394 -0.9707571 0.01247882 0.08072376 -0.996656 0.01267307 0.06542992 -0.9977798 0.01243025 -0.05697369 -0.9982942 0.01276212 -0.1779102 -0.9839657 0.01263117 -0.4041581 -0.9146126 0.01184141 -0.7520008 0.6591045 0.008727908 -0.5294935 0.8482424 0.01103055 -0.5974419 0.8018437 0.01048398 -0.4041629 0.9146104 0.01184135 -0.2397879 0.970745 0.01248711 -0.1779115 0.9839655 0.01263099 -0.05697709 0.9982939 0.01276242 0.08066993 0.9966603 0.01267415 0.06547319 0.9977735 0.01270443 0.06545406 0.9977748 0.01269859 -6.53873e-5 3.08573e-5 1 -3.43368e-5 2.60106e-5 1 -2.63717e-5 3.32694e-5 1 8.88024e-6 1.00328e-5 1 -4.07324e-6 0 1 -1.77603e-5 -7.02025e-6 1 -3.83599e-5 3.74808e-5 1 -5.4939e-5 2.70049e-5 1 1.63458e-5 3.28848e-5 1 0 3.28859e-5 1 6.86741e-5 2.7005e-5 1 3.83598e-5 3.7481e-5 1 4.44008e-6 -7.02029e-6 1 0 1.00326e-5 1 0 3.32702e-5 1 3.43368e-5 2.60106e-5 1 4.80182e-5 3.08569e-5 1 6.53873e-5 -3.08573e-5 1 3.43368e-5 -2.60106e-5 1 2.63717e-5 -3.32694e-5 1 -8.88024e-6 -1.00328e-5 1 4.07324e-6 0 1 1.77603e-5 7.02025e-6 1 3.83599e-5 -3.74808e-5 1 5.4939e-5 -2.70049e-5 1 -1.63458e-5 -3.28848e-5 1 0 -3.28859e-5 1 -6.86741e-5 -2.7005e-5 1 -3.83598e-5 -3.7481e-5 1 -4.44008e-6 7.02029e-6 1 0 -1.00326e-5 1 0 -3.32702e-5 1 -3.43368e-5 -2.60106e-5 1 -4.80182e-5 -3.08569e-5 1 -1 0 -2.67443e-4 -0.985343 0.1705844 2.91681e-4 -0.9848021 0.1736804 -1.49753e-4 -0.941968 0.3357023 -3.23964e-4 -0.939695 0.3420136 5.44074e-5 -0.870951 0.4913699 1.54329e-4 -0.8660215 0.5000069 -8.89798e-5 -0.7745194 0.6325503 -2.32656e-5 -0.7660427 0.6427898 2.99513e-6 -0.7459943 0.6659525 0 -0.7423304 0.6700341 -1.21622e-6 -0.7422712 0.6700997 4.22506e-6 -0.7419787 0.6704235 -6.20889e-6 -0.7415232 0.6709272 8.04011e-6 -0.7408648 0.6716542 5.57955e-6 -0.7400652 0.6725353 -3.66941e-7 -0.7391811 0.6735069 -1.06189e-5 -0.7382728 0.6745023 -2.60547e-5 -0.7374817 0.6753672 0 -0.7374885 0.6753599 -1.64118e-5 -0.7660369 0.6427967 -1.30013e-6 -0.7173876 0.6966742 4.85405e-6 -0.6966777 0.7173842 1.25766e-5 -0.6427987 0.7660353 -1.40462e-5 -0.6753726 0.7374767 1.50111e-5 -0.674499 0.7382758 1.06758e-5 -0.6735063 0.7391816 -8.55792e-6 -0.6725447 0.7400566 -2.20984e-5 -0.671662 0.7408577 -5.804e-6 -0.6709294 0.7415212 6.38934e-6 -0.6704239 0.7419784 -6.27898e-6 -0.6701055 0.7422659 1.96649e-6 -0.6700259 0.7423378 0 -0.6554187 0.7552658 -3.34659e-6 -0.6659544 0.7459926 -6.34609e-7 -0.6659493 0.745997 -9.18721e-7 -0.6554151 0.7552689 -2.91038e-7 -0.6936354 0.7203264 -3.54205e-6 -0.7203251 0.6936367 -4.33652e-5 -0.5171484 0.8558959 -1.23864e-5 -0.5000026 0.8660238 7.03537e-5 -0.3637619 0.931492 -3.53549e-5 -0.3420198 0.9396927 -8.61951e-6 -0.1997358 0.9798498 -3.94648e-7 -0.1736481 0.9848079 2.41993e-6 -0.02986848 0.9995539 4.31978e-5 0 1 4.73857e-6 0.1408704 0.9900282 4.60016e-5 0.1736471 0.984808 4.77298e-5 0.3074874 0.9515522 -4.11515e-5 0.3420211 0.9396923 -5.69364e-6 0.4651253 0.8852449 -3.90364e-6 0.4651301 0.8852424 -3.25987e-7 0.5000014 0.8660246 -1.60225e-5 0.5365908 0.8438425 4.99189e-7 0.6076308 0.7942197 1.52737e-7 0.6427894 0.766043 1.22935e-6 0.6659409 0.7460047 -9.5705e-7 0.6700333 0.7423311 -1.87155e-6 0.6701266 0.7422468 -6.98818e-6 0.6704234 0.7419788 -5.6834e-6 0.6709294 0.7415212 6.39679e-6 0.671662 0.7408577 -5.8026e-6 0.6725447 0.7400566 -2.20956e-5 0.6735063 0.7391815 -8.55606e-6 0.6744993 0.7382755 6.76233e-6 0.6753652 0.7374836 2.03205e-5 0.6753597 0.7374885 -1.76486e-5 0.6427952 0.7660381 1.63913e-7 0.6966784 0.7173836 8.11368e-6 0.7173866 0.6966754 1.394e-5 0.7660549 0.6427751 2.54046e-5 0.7374776 0.6753716 1.49179e-5 0.7382764 0.6744983 1.01905e-5 0.7391818 0.6735061 -7.28853e-6 0.7400677 0.6725324 5.56e-6 0.7408648 0.6716542 5.57583e-6 0.7415232 0.6709272 8.03405e-6 0.7419788 0.6704235 -6.31949e-6 0.7422712 0.6700996 4.14834e-6 0.7423596 0.6700016 1.43179e-6 0.7459271 0.6660277 2.44204e-6 0.7978444 0.6028634 1.19023e-6 0.8465819 0.5322585 3.58745e-6 0.8660256 0.4999998 -6.52298e-6 0.8906105 0.4547671 1.68756e-6 0.9396926 0.3420203 9.35048e-7 0.9285168 0.3712906 4.18816e-6 0.9591968 0.2827392 1.53393e-5 0.9848079 0.1736481 -4.50108e-6 0.9817159 0.1903522 5.64056e-6 0.9954259 0.09553688 -1.8171e-5 1 -1.3862e-7 -2.66675e-5 1 9.27833e-7 0 0.6762602 0.7366629 1.03703e-6 0.6918545 0.722037 -2.92389e-5 0.7168639 0.6972132 9.31881e-6 0.7409974 0.671508 1.28895e-6 0.7448794 0.667142 0.008737206 0.7660267 0.6427496 0.008723497 0.857839 0.5138447 0.008722484 0.8659933 0.4999797 0.008717417 0.9359363 0.3520607 0.008746743 0.9396715 0.34197 0.008597075 0.9838253 0.1789179 0.00873053 0.9848315 0.173313 0.008352577 0.9999623 0 0.008688211 0.9999619 0 0.008726477 0.6427559 0.7660216 0.008714616 0.6957353 0.7182452 0.008746445 0.7660184 0.6427595 0.00873053 0.718245 0.6957355 0.008742034 0.7400267 0.6725206 0.00874418 0.4999723 0.865998 0.00867182 0.5138448 0.8578389 0.008722782 0.3520607 0.9359364 0.008746802 0.34197 0.9396716 0.008596956 0.1789282 0.9838238 0.008685171 0.1735256 0.9847919 0.008594274 0 0.9999623 0.008688151 0 0.9999619 0.008726537 -0.1735256 0.9847919 0.008594274 -0.1789282 0.9838238 0.008685052 -0.34197 0.9396715 0.008596956 -0.3520607 0.9359363 0.008746743 -0.4999722 0.8659981 0.00867182 -0.5138447 0.8578389 0.008722722 -0.6427491 0.7660271 0.008723676 -0.6671392 0.7448819 0.008731007 -0.6700053 0.7423052 0.008713424 -0.6725283 0.7400201 0.008719086 -0.6725207 0.7400267 0.00874406 -0.6427594 0.7660185 0.008729755 -0.6957377 0.7182427 0.008743643 -0.7182447 0.6957357 0.008746922 -0.766019 0.642759 0.008717477 -0.7400173 0.6725313 0.008723437 -0.7423056 0.6700049 0.008709907 -0.7448797 0.6671416 0.008737087 -0.8029642 0.5959635 0.008726716 -0.8659929 0.4999803 0.008730947 -0.8506368 0.5256814 0.008722662 -0.8935878 0.4488039 0.00872159 -0.9396575 0.3420046 0.008750021 -0.9305148 0.3661502 0.008730113 -0.9603374 0.2787045 0.008723974 -0.9847701 0.1736432 0.008713603 -0.9822103 0.1875816 0.008725941 -0.9955181 0.09416902 0.008721768 -0.999962 4.40155e-7 0.008717477 -0.9999619 0 0.008726239 0.6671413 0.74488 0.008735418 0.6700056 0.7423049 0.008714437 0.6725307 0.7400178 0.008723437 0.7400233 0.6725249 0.008706569 0.7423058 0.6700047 0.008710861 -0.9955181 -0.09416902 0.008721768 -0.9847703 -0.1736425 0.008713543 -0.9822105 -0.1875807 0.008725941 -0.9603372 -0.2787048 0.008723914 -0.9396576 -0.3420044 0.008750021 -0.9304981 -0.366193 0.008721172 -0.8935882 -0.448803 0.00872159 -0.8659927 -0.4999805 0.008730947 -0.850637 -0.5256811 0.008722722 -0.8029642 -0.5959635 0.008726656 -0.7660205 -0.642757 0.008724391 -0.7520148 -0.6590885 0.008726894 -0.7496587 -0.6617673 0.008725166 -0.7448797 -0.6671416 0.008737087 -0.7423049 -0.6700057 0.008715331 -0.7400209 -0.6725276 0.008715033 -0.7400267 -0.6725206 0.00874418 -0.7660115 -0.6427677 0.008723676 -0.7182463 -0.695734 0.008746504 -0.6427624 -0.7660159 0.008724391 -0.6957376 -0.7182429 0.008743703 -0.6725312 -0.7400174 0.008724212 -0.6700053 -0.7423052 0.008713424 -0.6671383 -0.7448827 0.008730113 -0.5138448 -0.8578389 0.008722782 -0.4999723 -0.865998 0.00867182 -0.3520607 -0.9359364 0.008746802 -0.34197 -0.9396716 0.008596956 -0.1789282 -0.9838238 0.008685171 -0.1735256 -0.9847919 0.008594274 0 -0.9999623 0.008688151 0 -0.9999619 0.008726537 0.1735256 -0.9847919 0.008594274 0.1789282 -0.9838238 0.008685052 0.34197 -0.9396715 0.008596956 0.3520607 -0.9359363 0.008746743 0.4999722 -0.8659981 0.00867182 0.5138447 -0.8578389 0.008722722 0.6427491 -0.7660271 0.008723676 0.6671392 -0.7448819 0.008731007 0.6700053 -0.7423052 0.008713424 0.6725283 -0.7400201 0.008719086 0.6725207 -0.7400267 0.00874406 0.642767 -0.7660122 0.00872296 0.695737 -0.7182434 0.008746504 0.7660163 -0.642762 0.008725583 0.7182443 -0.6957362 0.008741974 0.7400173 -0.6725313 0.008723437 0.7423056 -0.6700049 0.008709907 0.7448797 -0.6671416 0.008737087 0.8578389 -0.5138448 0.008722484 0.8659934 -0.4999795 0.008717417 0.9359363 -0.3520607 0.008746683 0.9396564 -0.3420081 0.008729994 0.9838253 -0.1789179 0.00873053 0.9848315 -0.173313 0.008352577 0.995426 -0.09553658 -1.83131e-5 0.9848078 -0.173648 -4.48525e-6 0.9817159 -0.1903521 5.65103e-6 0.9591969 -0.2827393 1.53417e-5 0.9396927 -0.3420202 9.52743e-7 0.9285168 -0.3712906 4.15463e-6 0.8906102 -0.4547677 1.68243e-6 0.8660258 -0.4999992 -6.4401e-6 0.8465819 -0.5322585 5.35883e-6 0.7660381 -0.6427952 -4.67524e-7 0.7978444 -0.6028635 1.24099e-6 0.7459271 -0.6660276 2.49408e-6 0.7423605 -0.6700006 1.41685e-6 0.7422712 -0.6700997 4.22506e-6 0.7419787 -0.6704235 -6.20889e-6 0.7415232 -0.6709272 8.04011e-6 0.7408648 -0.6716542 5.57955e-6 0.7400652 -0.6725353 -3.66941e-7 0.7391811 -0.6735069 -1.06189e-5 0.7382728 -0.6745023 -2.60547e-5 0.7374817 -0.6753672 0 0.7374885 -0.6753599 -1.64118e-5 0.7660388 -0.6427944 -3.01376e-6 0.7173831 -0.6966789 1.27628e-5 0.6427914 -0.7660413 -5.91576e-6 0.6966785 -0.7173835 8.24407e-6 0.6753726 -0.7374767 1.50111e-5 0.674499 -0.7382758 1.06758e-5 0.6735063 -0.7391816 -8.55792e-6 0.6725447 -0.7400566 -2.20984e-5 0.671662 -0.7408577 -5.804e-6 0.6709294 -0.7415212 6.38934e-6 0.6704239 -0.7419784 -6.27898e-6 0.6701055 -0.7422659 1.96649e-6 0.6700327 -0.7423315 -1.84774e-6 0.6659455 -0.7460004 -8.93458e-7 0.6076309 -0.7942196 1.42492e-7 0.6762492 -0.7366731 -3.13483e-6 0.5000017 -0.8660244 -1.59899e-5 0.5365905 -0.8438429 4.84288e-7 0.4651194 -0.885248 5.60656e-7 0.3420161 -0.9396942 2.08244e-6 0.4651191 -0.8852482 -2.30968e-7 0.3420223 -0.9396919 -2.75055e-6 0.4651253 -0.8852449 -3.89945e-6 0.3074888 -0.9515517 8.18644e-6 0.1736469 -0.984808 4.77283e-5 0.1408704 -0.9900281 4.60503e-5 -1.34095e-7 -1 4.74125e-6 -0.02986848 -0.9995539 4.324e-5 -0.1736481 -0.9848078 2.42016e-6 -0.1997359 -0.9798499 -3.72762e-7 -0.3420199 -0.9396927 -8.62055e-6 -0.363762 -0.931492 -3.53443e-5 -0.5000028 -0.8660239 7.03504e-5 -0.5171484 -0.8558958 -1.23917e-5 -0.6427919 -0.7660409 -1.44169e-6 -0.6554197 -0.755265 2.13597e-5 -0.6659682 -0.7459802 7.31088e-7 -0.6936354 -0.7203264 -3.56068e-6 -0.7660559 -0.6427741 1.87065e-5 -0.6966751 -0.7173869 1.30907e-5 -0.6427929 -0.76604 -2.83122e-6 -0.675361 -0.7374873 -1.89077e-5 -0.6753686 -0.7374804 -7.56606e-6 -0.6745011 -0.7382739 -1.11824e-5 -0.8660215 -0.5000069 -8.89833e-5 -0.7745178 -0.6325523 5.13066e-6 -0.7459942 -0.6659525 -3.569e-7 -0.7423313 -0.6700331 -1.13982e-6 -0.8709511 -0.4913699 1.54314e-4 -0.939695 -0.3420135 5.44073e-5 -0.941968 -0.3357023 -3.23965e-4 -0.9848021 -0.1736804 -1.49759e-4 -0.9853431 -0.1705844 2.91666e-4 -0.746012 -0.6659325 4.84684e-6 -0.7745018 -0.6325718 -5.21773e-6 -0.7203251 -0.6936366 -4.34432e-5 0.7410019 -0.671503 0 0.7168624 -0.6972147 1.00061e-5 0.6762634 -0.7366598 -4.40888e-6 0.6918545 -0.722037 -2.92752e-5 0.6659538 -0.745993 1.45519e-6 -0.7382764 -0.6744983 1.01905e-5 -0.737477 -0.6753724 1.40555e-5 -0.7173854 -0.6966766 7.00727e-6 -0.6735061 -0.7391817 -7.21682e-6 -0.6725421 -0.7400589 -1.73226e-5 -0.671662 -0.7408578 -5.56838e-6 -0.6709309 -0.7415198 5.11482e-6 -0.6704155 -0.741986 -1.79163e-6 -0.6701017 -0.7422694 3.4757e-6 -0.6700336 -0.7423307 -1.87162e-6 -0.7422736 -0.6700969 5.20889e-6 -0.7419884 -0.6704128 0 -0.7415289 -0.6709209 1.42194e-5 -0.7408624 -0.671657 2.49688e-6 -0.7400644 -0.6725361 -2.12807e-6 -0.7391812 -0.6735067 -1.1012e-5 -2.23819e-5 0 -1 -2.25704e-5 0 -1 2.25704e-5 0 -1 -2.25701e-5 0 -1 -2.23816e-5 0 -1 -1.41067e-6 0 -1 -2.11595e-6 0 -1 -1.41063e-6 0 -1 2.23816e-5 0 -1 -4.2319e-6 0 -1 7.75854e-6 0 -1 1.62223e-5 0 -1 -1.16379e-5 0 -1 2.23819e-5 0 -1 -2.25704e-5 0 -1 2.25701e-5 0 -1 1.41067e-6 0 -1 2.11595e-6 0 -1 1.41063e-6 0 -1 4.2319e-6 0 -1 -7.75854e-6 0 -1 -1.62223e-5 0 -1 -0.7071142 -0.7070994 0 -0.7071157 -0.707098 0 -0.8910075 -0.4539886 0 -0.8910079 -0.4539879 0 -0.987689 -0.1564307 0 -0.9876891 -0.1564299 0 -0.9876874 0.1564408 0 -0.9876877 0.156439 0 -0.8910117 0.4539803 0 -0.8910126 0.4539787 0 -0.7071157 0.707098 0 -0.7071154 0.7070982 0 -0.45398 0.8910119 0 -0.4539816 0.8910112 0 -0.1564319 0.9876888 0 -0.1564339 0.9876885 0 0.1564184 0.9876909 0 0.1564204 0.9876906 0 0.453992 0.8910058 0 0.4539944 0.8910046 0 0.7071152 0.7070984 0 0.7071154 0.7070983 0 1 0 0 0.9510556 0.3090199 0 1 0 0 0.9510568 0.3090162 0 0.8090218 0.5877787 0 0.8090233 0.5877766 0 0.5877805 0.8090205 0 0.5877825 0.809019 0 0.3090259 0.9510536 0 0.3090282 0.951053 0 0 1 0 0 1 0 -0.3090116 0.9510583 0 -0.3090143 0.9510574 0 -0.5877919 0.8090122 0 -0.5877945 0.8090104 0 -0.8090122 0.587792 0 -0.8090139 0.5877896 0 -0.9510583 0.3090116 0 -0.9510586 0.3090106 0 -1 1.33984e-6 0 -1 -1.33984e-6 0 -0.9510535 -0.3090268 0 -0.9510537 -0.3090258 0 -0.8090216 -0.5877791 0 -0.8090233 -0.5877767 0 -0.5877816 -0.8090198 0 -0.3090289 -0.9510527 0 -0.309027 -0.9510533 0 -0.5877795 -0.8090212 0 0 -1 0 0 -1 0 0.309011 -0.9510585 0 0.3090133 -0.9510578 0 0.5877932 -0.8090112 0 0.5877951 -0.8090099 0 0.8090124 -0.5877916 0 0.8090139 -0.5877896 0 0.951061 -0.3090033 0 0.9510613 -0.3090023 0 -2.0026e-5 0 -1 9.30129e-6 0 -1 -9.30129e-6 0 -1 1.37679e-5 0 -1 2.00262e-5 0 -1 -9.30163e-6 0 -1 9.30163e-6 0 -1 -2.00256e-5 0 -1 2.50325e-6 0 -1 1.0013e-5 0 -1 1.87744e-5 0 1 2.0026e-5 0 1 2.00258e-5 0 1 2.00257e-5 0 1 2.00261e-5 0 1 -2.00258e-5 0 1 9.30163e-6 0 1 -9.30163e-6 0 1 1.00132e-5 0 1 -1.87744e-5 0 1 -2.0026e-5 0 1 -2.00259e-5 0 1 -4.00521e-5 0 1 1.86033e-5 0 1 -9.30129e-6 0 1 9.30129e-6 0 1 -1.0013e-5 0 1 -1.86033e-5 0 1 -0.4539838 -0.89101 0 -0.453982 -0.8910109 0 -0.1564339 -0.9876884 0 -0.1564339 -0.9876885 0 0.1564353 -0.9876883 0 0.1564353 -0.9876883 0 0.4539938 -0.8910049 0 0.4539928 -0.8910053 0 0.7071062 -0.7071074 0 0.7071051 -0.7071085 0 0.8910111 -0.4539816 0 0.8910105 -0.4539827 0 0.9876888 -0.1564316 0 0.9876887 -0.1564324 0 0.9876905 0.1564215 0 0.9876902 0.1564233 0 0.8910067 0.4539902 0 0.8910061 0.4539915 0 -0.7071154 -0.7070982 0 -0.8910075 -0.4539886 0 -0.987689 -0.1564307 0 -0.9876877 0.1564391 0 -0.8910117 0.4539804 0 -0.8910126 0.4539787 0 -0.7071054 0.7071082 0 -0.7071064 0.7071072 0 -0.4539936 0.8910049 0 -0.4539949 0.8910043 0 -0.1564339 0.9876884 0 0.1564353 0.9876883 0 0.1564353 0.9876883 0 0.4539938 0.8910049 0 0.4539928 0.8910053 0 0.7071059 0.7071077 0 0.7071053 0.7071082 0 0.3090283 -0.951053 0 0.3090259 -0.9510536 0 0.5877825 -0.809019 0 0.5877805 -0.8090205 0 0.8090124 -0.5877916 0 0.951061 -0.3090034 0 1 1.34465e-6 0 1 -1.33985e-6 0 0.9510613 0.3090023 0 0.951061 0.3090033 0 0.8090139 0.5877896 0 0.8090124 0.5877916 0 0.5877951 0.8090099 0 0.5877931 0.8090112 0 0.3090133 0.9510578 0 0.309011 0.9510585 0 0 1 0 -0.3090143 0.9510574 0 -0.8090121 0.587792 0 -0.809014 0.5877896 0 -0.9510579 0.3090129 0 -0.9510591 0.3090093 0 -0.9510591 -0.3090093 0 -0.9510579 -0.3090129 0 -0.8090139 -0.5877897 0 -0.8090122 -0.587792 0 -0.5877945 -0.8090104 0 -0.5877919 -0.8090122 0 -0.3090143 -0.9510574 0 -0.3090116 -0.9510583 0 -2.00258e-5 0 -1 2.00264e-5 0 -1 -2.50325e-6 0 -1 -1.0013e-5 0 -1 2.00259e-5 0 -1 -1.37679e-5 0 -1 4.00521e-5 0 1 1.0013e-5 0 1 2.00262e-5 0 1 -1.00128e-5 0 1 -0.4539952 -0.8910042 0 -0.4539932 -0.8910053 0 -0.156419 -0.9876909 0 -0.156417 -0.9876911 0 0.1564333 -0.9876886 0 0.4539805 -0.8910118 0 0.4539792 -0.8910123 0 0.7071152 -0.7070984 0 0.7071154 -0.7070983 0 0.8910111 -0.4539815 0 0.8910106 -0.4539827 0 0.9876888 -0.1564316 0 0.9876888 0.1564316 0 0.9876887 0.1564324 0 0.8910107 0.4539823 0 0.8910109 0.4539819 0 -0.7071152 -0.7070984 0 -0.7071154 -0.7070983 0 -0.8910061 -0.4539915 0 -0.8910067 -0.4539902 0 -0.9876902 -0.1564233 0 -0.9876905 -0.1564215 0 -0.9876887 0.1564324 0 -0.9876888 0.1564316 0 -0.8910105 0.4539827 0 -0.8910111 0.4539816 0 -0.7071051 0.7071085 0 -0.7071062 0.7071074 0 -0.4539928 0.8910053 0 -0.4539938 0.8910049 0 -0.1564353 0.9876883 0 -0.1564353 0.9876883 0 0.1564339 0.9876884 0 0.1564339 0.9876885 0 0.4539838 0.89101 0 0.7071157 0.707098 0 0.7071142 0.7070994 0 0.453982 0.8910109 0 -1 -1.33985e-6 0 -1 1.34465e-6 0 -0.9510613 -0.3090023 0 -0.951061 -0.3090034 0 -0.8090139 -0.5877896 0 -0.8090124 -0.5877916 0 -0.5877951 -0.8090099 0 -0.5877932 -0.8090112 0 -0.3090133 -0.9510578 0 -0.309011 -0.9510585 0 0 -1 0 0.3090289 -0.9510527 0 0.309027 -0.9510533 0 0.5877812 -0.80902 0 0.5877798 -0.809021 0 0.809023 -0.587777 0 0.8090219 -0.5877787 0 0.9510537 -0.3090258 0 0.9510533 -0.3090268 0 1 -1.33984e-6 0 1 1.33984e-6 0 0.9510535 0.3090268 0 0.9510537 0.3090258 0 0.809023 0.5877771 0 0.5877798 0.809021 0 0.5877812 0.80902 0 0.309027 0.9510533 0 0.3090289 0.9510527 0 0 1 0 -0.309011 0.9510585 0 -0.3090133 0.9510578 0 -0.5877932 0.8090112 0 -0.5877951 0.8090099 0 -0.8090124 0.5877916 0 -0.951061 0.3090033 0 -0.9510613 0.3090023 0 -2.00262e-5 0 -1 2.00256e-5 0 -1 2.0026e-5 0 -1 2.00259e-5 0 1 4.00521e-5 0 1 -2.00257e-5 0 1 -2.00261e-5 0 1 -1.00132e-5 0 1 -0.453981 -0.8910115 0 -0.4539786 -0.8910126 0 -0.1564333 -0.9876886 0 -0.1564353 -0.9876883 0 0.1564171 -0.9876912 0 0.156419 -0.9876909 0 0.4539932 -0.8910053 0 0.4539952 -0.8910041 0 0.7071154 -0.7070981 0 0.7071157 -0.707098 0 0.8910075 -0.4539886 0 0.8910079 -0.4539879 0 0.987689 -0.1564307 0 0.9876891 -0.1564299 0 0.9876874 0.1564408 0 0.9876877 0.1564391 0 0.8910118 0.4539804 0 0.8910126 0.4539787 0 -0.7071141 -0.7070996 0 -0.7071154 -0.7070983 0 -0.8910061 -0.4539915 0 -0.8910067 -0.4539902 0 -0.9876902 -0.1564233 0 -0.9876888 0.1564316 0 -0.8910106 0.4539827 0 -0.8910111 0.4539815 0 -0.7071154 0.7070983 0 -0.7071152 0.7070984 0 -0.4539792 0.8910123 0 -0.4539805 0.8910118 0 -0.1564333 0.9876886 0 0.156417 0.9876911 0 0.156419 0.9876909 0 0.4539932 0.8910053 0 0.4539952 0.8910042 0 0.7071154 0.7070982 0 -0.3090283 0.951053 0 -0.3090259 0.9510536 0 -0.5877825 0.809019 0 -0.5877805 0.8090205 0 -0.8090233 0.5877767 0 -0.8090219 0.5877787 0 -0.9510568 0.3090162 0 -0.9510556 0.3090198 0 -1 -1.34465e-6 0 -1 1.33985e-6 0 -0.9510556 -0.3090198 0 -0.9510568 -0.3090162 0 -0.8090219 -0.5877787 0 -0.5877804 -0.8090205 0 -0.5877825 -0.809019 0 -0.309026 -0.9510536 0 -0.3090283 -0.951053 0 0.3090116 -0.9510583 0 0.3090143 -0.9510574 0 0.5877919 -0.8090122 0 0.5877945 -0.8090104 0 0.8090121 -0.587792 0 0.809014 -0.5877896 0 0.9510579 -0.3090129 0 0.9510591 -0.3090093 0 0.9510591 0.3090093 0 0.9510579 0.3090129 0 0.8090139 0.5877897 0 0.8090122 0.587792 0 0.5877945 0.8090104 0 0.5877919 0.8090122 0 0.3090143 0.9510574 0 0.3090116 0.9510583 0 -2.00259e-5 0 -1 2.00258e-5 0 -1 -2.00264e-5 0 -1 -2.00262e-5 0 1 1.00128e-5 0 1 -4.00521e-5 0 1 -0.453983 -0.8910104 0 -0.4539809 -0.8910114 0 -0.1564353 -0.9876883 0 -0.1564353 -0.9876883 0 0.1564339 -0.9876884 0 0.1564339 -0.9876885 0 0.4539936 -0.8910049 0 0.7071054 -0.7071082 0 0.7071064 -0.7071072 0 0.4539949 -0.8910043 0 0.8910126 -0.4539787 0 0.8910117 -0.4539804 0 0.9876877 -0.1564391 0 0.9876874 -0.1564408 0 0.9876891 0.1564299 0 0.987689 0.1564307 0 0.8910079 0.4539879 0 0.8910075 0.4539886 0 2.073e-6 1 -8.49878e-7 0.8463378 0.4081366 0.342253 0.9248421 0.380351 3.13554e-4 0.9057146 0.3863626 0.1743706 0.9570487 0.2899274 1.60459e-4 0.929947 0.3268537 0.1684196 0.9522603 0.2635904 0.1540142 0.9086498 0.2860544 0.3041849 0.9712117 0.198128 0.1322619 0.9409055 0.2144914 0.2620885 0.9853837 0.1319905 0.1076917 0.9664283 0.1420562 0.2140944 0.9961916 0.04559713 0.07431864 0.990841 -1.78567e-5 0.1350348 0.9976989 0.003360748 0.0677182 0.9951686 -0.05991715 0.07777911 1 -1.85038e-5 1.44681e-5 0.9935016 -0.1138193 2.39089e-5 0.9840295 0.1780056 6.25253e-5 0.9927316 0.12035 2.33937e-5 0.9867283 -0.1245916 0.1041368 0.9851812 -0.171517 7.30902e-5 0.9730786 -0.1905511 0.129647 0.9546471 -0.2561508 0.151776 0.9441429 -0.2062557 0.2570077 0.9125725 -0.2779629 0.2999135 0.9326712 -0.3196358 0.1672047 0.846337 -0.4081563 0.3422314 0.9087424 -0.3793316 0.1740547 0.9248469 -0.3803397 1.85698e-4 0.9589672 -0.2835171 1.7634e-4 0.968991 -0.1339703 0.2076261 -0.00813812 -0.9999081 -0.01084417 -0.006690144 -0.9998979 -0.01263087 0.03508931 -0.9975912 0.05983769 -0.006690084 -0.9998981 -0.01261669 -1.14881e-4 -1 1.09635e-4 0.02012532 -0.9971953 0.072088 8.5695e-4 -0.9999292 0.01187413 0.001559078 -0.999753 0.02217268 0.002664625 -0.9992409 0.03886669 8.69997e-4 -0.9981275 0.06116235 0.005855977 -0.9942307 0.1071035 0.02158856 -0.9854114 0.1688151 0.04425454 -0.9863854 0.1583842 0.07737183 -0.9882721 0.1316507 0.04773175 -0.9977055 0.04801547 0.1053107 -0.9888161 0.1056051 0.05371916 -0.9976786 0.04185485 0.1183761 -0.9886994 0.0919823 0.05965083 -0.9975917 0.03539472 0.1314115 -0.9882848 0.07761555 0.07191461 -0.9972026 0.02038127 0.1581336 -0.9864109 0.0445798 0.1297284 -0.9914032 0.01704216 0.2179217 -0.9753192 0.03553533 0.2436044 -0.9674583 0.06842207 0.3381747 -0.9382064 0.07352972 0.3276517 -0.9403252 0.09183222 0.4472342 -0.8861093 0.1216219 0.273895 -0.9481155 0.1614273 0.3826121 -0.8959777 0.2254595 0.3458579 -0.8991164 0.2682759 0.4421352 -0.8286384 0.343329 0.3939373 -0.8301372 0.3945704 0.4769597 -0.7376481 0.4778963 0.3487336 -0.7295503 0.5883377 0.4088801 -0.6105971 0.6782245 0.2328994 -0.6929346 0.6823484 0.2587903 -0.611231 0.7479467 0.04022127 -0.9683268 0.2464255 0.06809139 -0.9674192 0.243852 0.1193944 -0.9718348 0.2031801 0.1627696 -0.9731016 0.1630318 0.1829858 -0.9728009 0.1420375 0.2029221 -0.9718519 0.1196935 0.0659433 -0.94217 0.3285839 0.09144693 -0.9402648 0.3279326 0.1610596 -0.9480906 0.2741975 0.2198494 -0.9503555 0.220206 0.2471553 -0.9498153 0.1917426 0.09584128 -0.9087889 0.4060999 0.1289076 -0.8680559 0.4794389 0.1268709 -0.8815971 0.4546322 0.224999 -0.8959327 0.3829884 0.164048 -0.8193054 0.5493878 0.287578 -0.8237946 0.4885299 0.1996514 -0.7615042 0.6166447 0.2682035 -0.5137863 0.8149175 0.4694203 -0.4642637 0.7510683 0.5544819 -0.6193003 0.555893 0.622392 -0.4716672 0.6246266 0.6184785 -0.6171965 0.4863671 0.6891604 -0.4699053 0.5515859 0.6771 -0.6107595 0.410498 0.7493041 -0.4644613 0.4720371 0.7823761 -0.5261486 0.3332499 0.7756333 -0.3803042 0.5037478 0.8721785 -0.3622969 0.3287031 0.7936721 -0.2886708 0.535494 0.8868957 -0.2759357 0.3705071 0.8032552 -0.189639 0.5646398 0.891964 -0.1820669 0.4138261 0.8063391 -0.08435833 0.5854067 0.8907847 -0.08125221 0.4471027 0.8066963 0.02555489 0.5904136 0.8899006 0.02463155 0.4554888 0.8054881 0.1336514 0.5773442 0.8917176 0.128578 0.4339442 0.7998222 0.2361886 0.5518147 0.8907145 0.2263017 0.3942274 0.7864316 0.3319107 0.520923 0.8813456 0.3167046 0.3506113 0.7644487 0.4200565 0.4890509 0.7346816 0.5008423 0.4576025 0.7859553 0.519865 0.3346864 0.7574554 0.5685662 0.3209269 0.6576447 0.6405511 0.3964817 0.6713976 0.692837 0.2630631 0.5653162 0.7534742 0.3356998 0.6117485 0.7597013 0.2204947 0.4641078 0.8423608 0.2739204 0.5490174 0.8163939 0.1791118 0.4828158 0.8643401 0.1407309 0.357764 0.9097115 0.2107844 0.4256355 0.8969998 0.1192721 0.413113 0.9045877 0.1051605 0.2901772 -0.4414297 0.8490802 0.2454873 -0.397385 0.8842065 0.3250586 -0.3618543 0.8737267 0.1729003 -0.2632082 0.949119 0.3658595 -0.2755743 0.8889352 0.1798826 -0.2535366 0.9504533 0.2392306 -0.1687948 0.9561784 0.1403796 -0.1597473 0.9771255 0.1732755 -0.07147592 0.9822763 0.1004932 -0.1291955 0.986514 0.05901175 1.51746e-5 0.9982573 0.1817862 0.02166235 0.9830995 0.0998429 0.1281498 0.9867163 0.1600973 0.1129791 0.9806144 0.2119932 0.2089127 0.9546803 0.267966 0.1197073 0.9559625 0.4279649 0.1284111 0.8946265 0.448998 0.02460968 0.8931939 0.5846112 0.02553242 0.8109118 0.5798243 -0.08434212 0.8103641 0.7020816 -0.08535778 0.7069622 0.6917672 -0.19208 0.696106 0.7501553 -0.1915646 0.632906 0.7373082 -0.2914631 0.6094473 0.1729499 0.2632141 0.9491085 0.3890193 0.2259812 0.8930827 0.5718715 0.1334949 0.8094086 0.7043429 0.02584999 0.7093891 0.7565882 -0.0850358 0.6483389 0.2026193 0.3089849 0.9292329 0.3464236 0.3162926 0.8831476 0.5471947 0.2360302 0.8030367 0.5172523 0.3317168 0.7889323 0.6845685 0.2393765 0.6885237 0.664193 0.3368084 0.6673888 0.7451735 0.2383274 0.6228295 0.7284477 0.3356899 0.5972238 0.2314988 0.3631216 0.9025249 0.3081779 0.3993548 0.863448 0.4861106 0.4198331 0.7664442 0.6382789 0.4265419 0.6408292 0.7047954 0.4249913 0.5680193 0.265819 0.4826591 0.8344942 0.276169 0.4761853 0.8348523 0.4552928 0.5006495 0.7362464 0.6078708 0.5085244 0.6098329 0.6745082 0.506643 0.5369838 0.2634088 0.5871033 0.7654578 0.3950499 0.6404048 0.658648 0.2401776 0.6743447 0.6982651 0.3347991 0.7533539 0.5660103 0.2074086 0.7471726 0.6314387 0.2732952 0.8422862 0.4646113 0.1712768 0.8084002 0.5631638 0.1351905 0.8597779 0.4924486 0.1010128 0.9027256 0.41819 0.1187872 0.8969171 0.4259453 0.210345 0.90967 0.3581277 0.37432 0.8481481 0.3748724 0.4582104 0.7611284 0.4590501 0.5135401 0.7592554 0.3997596 0.6000481 0.6469935 0.4704697 0.08310198 0.9509798 0.2978784 0.06993496 0.9379019 0.3397782 0.04303687 0.9655796 0.2565225 0.04629933 0.9850971 0.1656504 0.02295708 0.9841812 0.1756719 0.02115416 0.9969038 0.07573205 0.004516005 0.9937589 0.1114589 0.001698672 0.9980888 0.06177425 0.002560675 0.9991778 0.04046374 0.001574039 0.999734 0.02301418 8.65293e-4 0.9999244 0.01226902 -5.67948e-5 1 3.12757e-4 0.03689873 0.9973382 0.06288921 0.08093106 0.9871611 0.1377067 0.1102109 0.987754 0.1104342 0.1993357 0.9593718 0.1996771 0.2241616 0.9589056 0.1739299 0.3232221 0.9125103 0.2507041 -0.006693065 0.9998978 -0.01263141 -0.008128702 0.9999084 -0.01082849 0.05017834 0.9974653 0.05045163 -0.009367167 0.9999147 -0.009104132 0.05652475 0.9974302 0.04402273 -0.01047456 0.9999177 -0.007411718 0.06270003 0.9973422 0.0371114 -0.01149749 0.9999177 -0.005699634 8.76905e-4 0.9999996 4.27378e-4 0.07556021 0.9969115 0.02140486 0.01496034 0.9998828 0.003265857 0.02191871 0.9997512 0.004148304 0.03966528 0.9991952 0.005973577 0.08308666 0.9964873 0.01048195 0.128716 0.9915378 0.01688283 0.1654362 0.9851189 0.0466026 0.1736616 0.9844827 0.02520811 0.259032 0.9647294 0.04690253 0.2976088 0.9510307 0.08348411 0.3385143 0.9380726 0.07367545 0.9539842 0.1200074 0.2747954 0.9709537 0.11597 0.2092845 0.9842287 0.0216118 0.1755754 0.9715606 -0.073417 0.2251223 0.97165 0.02228283 0.235372 0.9516258 0.02307838 0.3063914 0.9527497 -0.07602769 0.2940881 0.9544757 -0.169219 0.2456443 0.7257081 -0.6186015 0.3011313 0.6682639 -0.6967263 0.2607601 0.5875579 -0.7296813 0.3497726 0.6091598 -0.7621486 0.2192121 0.4879717 -0.8238772 0.2882885 0.5475313 -0.8175895 0.1782045 0.4542599 -0.8817104 0.127416 0.06184363 -0.9980526 0.008148372 0.009626984 -0.9999507 0.002433001 -0.005122423 -0.9999852 -0.0018754 0.04061561 -0.9991567 0.00604701 0.02260065 -0.9997358 0.004212915 -0.01149433 -0.9999178 -0.005695402 -0.01045346 -0.999918 -0.007399559 -0.009330689 -0.9999153 -0.009076535 0.1461307 0.9574849 0.2487343 0.2876176 0.9134045 0.2880427 0.5372564 0.649109 0.5385288 0.6982608 0.135289 0.702943 0.757869 0.02555751 0.6519061 0.559716 -0.18953 0.8067197 0.440695 -0.08114713 0.8939815 0.408223 -0.1818211 0.8945921 0.2868263 -0.07584178 0.9549759 0.5313558 -0.2884861 0.7965155 0.674343 -0.292778 0.6778957 0.6508579 -0.3860902 0.653696 0.5004808 -0.3800807 0.7778546 0.3077844 -0.9001467 0.3082282 0.2989934 0.02302074 0.9539775 0.1239311 0.9876086 0.09628248 0.2484328 0.9575161 0.1464375 0.4202585 0.8467403 0.3262114 0.7543402 0.1349617 0.642461 0.716751 -0.3845814 0.5816918 0.5341987 -0.7357571 0.4162851 0.1374896 0.9871681 0.08121496 1 -8.74754e-7 0 1 1.23092e-6 0 1 -7.90314e-7 0 1 -1.34439e-6 0 1 1.46581e-6 0 1 -2.1836e-7 0 1 -6.92141e-7 0 1 1.87874e-6 0 1 -6.86635e-7 0 1 2.2083e-6 0 1 1.83226e-7 0 1 1.39904e-7 0 1 -3.7935e-7 0 1 4.66148e-7 0 1 -3.28033e-7 0 1 0 0 1 -6.97396e-7 0 1 8.46838e-7 0 1 6.52094e-7 0 0 0 1 0 -0.1736484 0.9848077 0 0 1 0 -0.1736484 0.9848077 0 -0.3420202 0.9396926 0 -0.3420203 0.9396926 0 -0.5 0.8660254 0 -0.5000001 0.8660253 0 -0.6427873 0.7660447 0 -0.6427876 0.7660445 0 -0.7660445 0.6427876 0 -0.766045 0.6427871 0 -0.8660255 0.4999999 0 -0.8660258 0.4999995 0 -0.9396926 0.3420203 0 -0.9396926 0.3420203 0 -0.9848078 0.173648 0 -0.9848077 0.1736484 0 -1 -3.2853e-7 0 -1 3.2853e-7 0 -0.9848077 -0.1736487 0 -0.9848078 -0.1736481 0 -0.9396923 -0.342021 0 -0.9396926 -0.3420204 0 -0.8660256 -0.4999997 0 -0.8660259 -0.4999993 0 -0.7660446 -0.6427875 0 -0.7660447 -0.6427873 0 -0.6427875 -0.7660446 0 -0.6427878 -0.7660443 0 -0.4999998 -0.8660256 0 -0.5000002 -0.8660253 0 -0.3420206 -0.9396926 0 -0.3420207 -0.9396925 0 -0.1736484 -0.9848077 0 0 -1 0 0 -1 0.2499996 0.4330139 0.866025 0.4999984 0 0.8660265 0.2499969 -0.4330142 0.8660256 -0.2499963 -0.4330132 0.8660263 -0.4999984 0 0.8660265 -0.249999 0.4330129 0.8660258 0 0.1736484 0.9848077 0 0.1736484 0.9848077 0 0.3420207 0.9396925 0 0.3420206 0.9396926 0 0.5000002 0.8660253 0 0.4999998 0.8660256 0 0.6427878 0.7660443 0 0.6427875 0.7660446 0 0.7660447 0.6427873 0 0.7660446 0.6427875 0 0.8660259 0.4999993 0 0.8660256 0.4999997 0 0.9396926 0.3420204 0 0.9396923 0.342021 0 0.9848078 0.1736481 0 0.9848077 0.1736487 0 1 -3.2853e-7 0 1 3.2853e-7 0 0.9848077 -0.1736484 0 0.9848078 -0.173648 0 0.9396926 -0.3420203 0 0.9396926 -0.3420203 0 0.8660258 -0.4999995 0 0.8660255 -0.4999999 0 0.766045 -0.6427871 0 0.7660445 -0.6427876 0 0.6427876 -0.7660445 0 0.6427873 -0.7660447 0 0.5000001 -0.8660253 0 0.5 -0.8660254 0 0.3420203 -0.9396926 0 0.3420202 -0.9396926 0 0.1736484 -0.9848077 0 0.1736484 -0.9848077 0.0663222 0.06632077 0.9955918 0.05211025 0.07798886 0.9955914 0.03322386 0.03320378 0.9988963 -2.68966e-6 0.0761637 0.9970954 5.48363e-6 0.01524347 0.9998838 -0.06633031 0.06632959 0.9955906 -0.06036579 0.01522433 0.9980602 -0.08664649 0.03589111 0.9955924 -0.09198588 0.01829725 0.9955922 0.03589344 0.08665978 0.9955912 0.01829749 0.09198659 0.9955921 3.17115e-7 0.0937879 0.9955923 -0.01829755 0.09198659 0.9955922 -0.03589349 0.08665978 0.9955912 -0.05211037 0.07798713 0.9955917 -0.07796567 0.0520941 0.9955941 -0.0937705 -1.84774e-6 0.9955939 -0.09200191 -0.01830023 0.9955907 -0.06037807 -0.04565197 0.9971311 -0.08666491 -0.0359016 0.9955904 -0.07799428 -0.05211573 0.9955908 -0.06630921 -0.06631225 0.9955933 -0.03321242 -0.03318399 0.9988973 -1.46567e-7 -1.83471e-7 1 1 5.14933e-6 0 1 -1.84351e-5 0 1 2.01876e-6 0 1 4.27587e-6 0 1 -2.01876e-6 0 1 -5.14933e-6 0 1 8.15474e-7 0 1 -1.62865e-6 0 1 3.26577e-6 0 1 -3.24318e-6 0 1 -3.28536e-6 0 1 3.22846e-6 0 1 -3.29576e-6 0 1 3.22343e-6 0 1 -3.3011e-6 0 1 8.30868e-7 0 1 4.16907e-7 0 1 -7.95244e-7 0 1 8.00699e-7 0 1 8.03443e-7 0 1 -1.6175e-6 0 1 -8.25275e-7 0 1 8.22629e-7 0 1 -3.25522e-6 0 1 1.64016e-6 0 1 -1.63526e-6 0 1 1.63056e-6 0 1 -3.28364e-6 0 1 -8.58199e-6 0 1 1.83476e-6 0 1 1.22902e-5 0 1 -4.0375e-6 0 1 3.66952e-6 0 1 3.27053e-6 0 1 -1.62918e-6 0 1 -8.2802e-7 0 1 1.63977e-6 0 1 -8.22627e-7 0 4.1727e-7 0 -1 0 0 -1 -3.61912e-7 0 -1 -1.33473e-7 0 -1 6.24966e-7 0 -1 -2.27244e-6 0 -1 -2.64129e-6 0 -1 1.34428e-6 0 -1 2.62028e-6 0 -1 -3.20893e-6 0 -1 4.21357e-6 0 -1 2.41429e-6 0 -1 -1.83525e-6 0 -1 1.56828e-6 0 -1 -1.77888e-6 0 -1 1.43437e-6 0 -1 -1.19446e-6 0 -1 1.54423e-6 0 -1 -2.85144e-7 0 -1 -3.80192e-7 0 -1 0 0 -1 1 0 0 1 0 0 0.9848079 -0.1736478 0 0.9848079 -0.1736478 0 0.9396925 -0.3420205 0 0.9396926 -0.3420205 0 0.8660254 -0.5000001 0 0.8660255 -0.5 0 0.7660448 -0.6427872 0 0.7660448 -0.6427873 0 0.6427872 -0.7660448 0 0.6427871 -0.766045 0 0.4999998 -0.8660256 0 0.4999997 -0.8660257 0 0.3420201 -0.9396927 0 0.34202 -0.9396927 0 0.1736483 -0.9848077 0 0.1736484 -0.9848077 0 -1.35697e-7 -1 0 -1.24984e-7 -1 0 -0.173648 -0.9848078 0 -0.173648 -0.9848079 0 -0.3420208 -0.9396924 0 -0.3420207 -0.9396925 0 -0.4999994 -0.8660258 0 -0.4999992 -0.8660258 0 -0.6427879 -0.7660443 0 -0.6427876 -0.7660445 0 -0.7660444 -0.6427877 0 -0.7660441 -0.642788 0 -0.8660255 -0.5 0 -0.8660254 -0.5000001 0 -0.9396924 -0.3420208 0 -0.9396925 -0.3420207 0 -0.9848079 -0.1736476 0 -0.984808 -0.1736475 0 -1 0 0 -1 0 0 -0.4330056 0.2500026 0.8660283 0 0.5000005 0.8660252 0.4330056 0.2500026 0.8660283 0.4330113 -0.2500026 0.8660255 0 -0.500003 0.8660237 -0.433008 -0.2500007 0.8660275 0.5000014 -0.8660247 0 0.5 -0.8660255 0 -0.5 -0.8660255 0 -0.5 0.8660255 0 -0.5000024 0.866024 0 0.5 0.8660255 0 0.5000038 0.8660233 0 0.4330056 -0.2500026 0.8660283 0 -0.5000005 0.8660252 -0.4330056 -0.2500026 0.8660283 -0.4330113 0.2500026 0.8660255 0 0.500003 0.8660237 0.433008 0.2500007 0.8660275 -0.9848079 0.1736478 0 -0.9848079 0.1736478 0 -0.9396925 0.3420205 0 -0.9396926 0.3420205 0 -0.8660254 0.5000001 0 -0.8660255 0.5 0 -0.7660448 0.6427872 0 -0.7660448 0.6427873 0 -0.6427872 0.7660448 0 -0.6427871 0.766045 0 -0.4999998 0.8660256 0 -0.4999997 0.8660257 0 -0.3420201 0.9396927 0 -0.34202 0.9396927 0 -0.1736483 0.9848077 0 -0.1736484 0.9848077 0 1.35697e-7 1 0 1.24984e-7 1 0 0.173648 0.9848078 0 0.173648 0.9848079 0 0.3420208 0.9396924 0 0.3420207 0.9396925 0 0.4999994 0.8660258 0 0.4999992 0.8660258 0 0.6427879 0.7660443 0 0.6427876 0.7660445 0 0.7660444 0.6427877 0 0.7660441 0.642788 0 0.8660255 0.5 0 0.8660254 0.5000001 0 0.9396924 0.3420208 0 0.9396925 0.3420207 0 0.9848079 0.1736476 0 0.984808 0.1736474 0 -1.07389e-6 -1 -2.36332e-5 1.13848e-5 -1 -2.05934e-5 8.80659e-6 -0.9511541 0.3087166 -1.05389e-5 -0.9510519 0.3090315 -1.12288e-5 -0.9511579 0.308705 7.97699e-6 -0.9510517 0.3090319 -9.07651e-6 -0.809154 0.5875967 7.3318e-6 -0.8090169 0.5877855 -6.56266e-6 -0.5879108 0.8089258 5.10549e-6 -0.5877822 0.8090192 -3.56929e-6 -0.3090893 0.951033 2.26473e-6 -0.3090193 0.9510559 -1.45837e-6 0 1 0.7071082 0.7069426 -0.0151695 0.7071075 0.693888 -0.1360829 0.7071075 0.7069287 -0.01584362 0.7071058 0.7069304 -0.01584166 0.7071062 0.6938987 -0.1360348 0.7071062 0.7069306 -0.01581013 0.7071166 0.6937829 -0.1365708 0.7071067 0.6603292 -0.2529141 0.7071107 0.6601597 -0.2533452 0.7071084 0.6072633 -0.3622555 0.7070972 0.6069962 -0.3627247 0.7071049 0.5361921 -0.4609781 0.7071044 0.5359831 -0.4612218 0.7071068 0.4493284 -0.5459889 0.7070971 0.4490672 -0.5462165 0.707109 0.3491888 -0.6148692 0.7071018 0.3489117 -0.6150348 0.7071001 0.2385987 -0.6656427 0.7071054 0.238501 -0.665672 0.7071289 0.121316 -0.6965998 0.7071142 0.1213434 -0.6966099 0.7071189 -2.2822e-4 -0.7070946 0.7071079 -2.11627e-4 -0.7071058 -0.05211037 -0.07798689 0.9955916 -0.03589719 -0.08666074 0.995591 -2.14821e-6 -0.04573541 0.9989537 -0.01829725 -0.09198909 0.9955919 -1.05496e-6 -0.09379172 0.9955919 0.01829731 -0.09198909 0.9955919 0.03588622 -0.08663493 0.9955936 0.05209857 -0.07797163 0.9955934 0.0603969 -0.045668 0.9971292 0.06633526 -0.06632995 0.9955903 0.07799428 -0.05211573 0.9955908 0.08666491 -0.0359016 0.9955904 0.09200191 -0.01830017 0.9955908 0.06039708 0.01524329 0.9980581 0.0937705 -1.83727e-6 0.9955939 0.09198588 0.01829725 0.9955922 0.08664745 0.03589153 0.9955924 0.0779879 0.05210846 0.9955916 0.7071096 0.707104 0 0.7071095 0.7071041 0 0.5555724 0.8314683 0 0.555572 0.8314685 0 0.3826861 0.9238784 0 0.3826856 0.9238787 0 0.1950854 0.9807863 0 0.1950851 0.9807864 0 0 1 0 0 1 0 -0.1950958 0.9807842 0 -0.1950958 0.9807842 0 -0.3826851 0.9238788 0 -0.382685 0.9238789 0 -0.5555713 0.831469 0 -0.5555711 0.8314691 0 -0.7071035 0.7071101 0 -0.7071034 0.7071102 0 -0.8314687 0.5555716 0 -0.8314688 0.5555716 0 -0.9238785 0.3826861 0 -0.9238785 0.3826859 0 -0.9807849 0.1950926 0 -0.9807848 0.1950924 0 -1 0 0 -1 0 0 -0.9807848 -0.1950924 0 -0.9807849 -0.1950926 0 -0.9238785 -0.3826859 0 -0.9238785 -0.3826861 0 -0.8314688 -0.5555716 0 -0.8314687 -0.5555716 0 -0.7071096 -0.707104 0 -0.7071095 -0.7071041 0 -0.5555724 -0.8314683 0 -0.555572 -0.8314685 0 -0.3826861 -0.9238784 0 -0.3826856 -0.9238787 0 -0.1950854 -0.9807863 0 -0.1950851 -0.9807864 0 0 -1 0 0 -1 0 0.1950958 -0.9807842 0 0.1950958 -0.9807842 0 0.3826851 -0.9238788 0 0.382685 -0.9238789 0 0.5555713 -0.831469 0 0.5555711 -0.8314691 0 0.7071035 -0.7071101 0 0.7071034 -0.7071102 0 0.8314687 -0.5555716 0 0.8314688 -0.5555716 0 0.9238785 -0.3826861 0 0.9238785 -0.3826859 0 0.9807849 -0.1950926 0 0.9807848 -0.1950924 0 1 0 0 1 0 0 0.9807848 0.1950924 0 0.9807849 0.1950926 0 0.9238785 0.3826859 0 0.9238785 0.3826861 0 0.8314688 0.5555716 0 0.8314687 0.5555716 0 -0.7071073 -0.7071063 0 -0.7071074 -0.7071063 0 -0.5555671 -0.8314718 0 -0.5555672 -0.8314717 0 -0.3826879 -0.9238778 0 -0.3826881 -0.9238777 0 -0.1950924 -0.9807848 0 -0.1950926 -0.9807849 0 0 -1 0 0 -1 0 0.1950883 -0.9807857 0 0.1950885 -0.9807857 0 0.3826845 -0.9238791 0 0.3826848 -0.923879 0 0.5555794 -0.8314636 0 0.5555793 -0.8314636 0 0.7071026 -0.707111 0 0.7071024 -0.7071112 0 0.8314665 -0.555575 0 0.8314664 -0.5555751 0 0.9238801 -0.3826822 0 0.9238801 -0.3826823 0 0.9807849 -0.1950926 0 0.9807848 -0.1950927 0 1 -1.71581e-6 0 1 -1.74441e-6 0 0.9807856 0.1950893 0 0.9807856 0.1950895 0 0.9238781 0.3826869 0 0.9238781 0.382687 0 0.8314664 0.5555751 0 0.8314665 0.555575 0 0.7071073 0.7071063 0 0.7071074 0.7071063 0 1.7261e-5 0 1 -1.7261e-5 0 1 1.75025e-5 0 1 1.09392e-6 0 1 2.15763e-6 0 1 -2.15763e-6 0 1 -1.09392e-6 0 1 1.09389e-6 0 1 -3.28172e-6 0 1 -2.18781e-6 0 1 -2.73476e-6 0 1 -1.7261e-5 0 1 8.20426e-6 0 1 1.7261e-5 0 1 -8.75124e-6 0 1 -1.75025e-5 0 1 -1.09392e-6 0 1 1.09392e-6 0 1 -1.09389e-6 0 1 3.28172e-6 0 1 2.18781e-6 0 1 2.73476e-6 0 1 -8.20426e-6 0 1 8.75124e-6 0 1 0.7071084 -0.1218229 -0.6965321 0.707123 -0.1220526 -0.6964771 0.7070934 -0.2400134 -0.6651409 0.7070866 -0.2399975 -0.665154 0.7070875 -0.3510293 -0.613845 0.7071282 -0.3516229 -0.6134582 0.7071136 -0.4519031 -0.5438511 0.7071024 -0.4518797 -0.5438851 0.7071073 -0.5388501 -0.4578645 0.7070963 -0.5388581 -0.457872 0.7071078 -0.6097301 -0.3580892 0.7071151 -0.6098925 -0.357798 0.7070961 -0.6622857 -0.2477759 0.707102 -0.662393 -0.2474721 0.7071027 -0.6951014 -0.1297686 0.7071158 -0.6951816 -0.1292669 0.7071056 -0.7070637 -0.007918536 0.7071031 -0.7070689 -0.007667958 0.7071058 -0.6978381 0.1141203 0.7071084 -0.697773 0.1145017 0.707106 -0.6677071 0.2327409 0.7071085 -0.667565 0.2331408 0.7071065 -0.6175723 0.3443908 0.7071066 -0.6173714 0.3447504 0.7071067 -0.5489386 0.4457204 0.7071071 -0.5486549 0.4460688 0.7071049 -0.4638968 0.5336689 0.7071056 -0.4635295 0.533987 0.7071089 -0.3648416 0.6057125 0.7071058 -0.36448 0.6059337 0.7071071 -0.2549785 0.6595343 0.7071076 -0.2544572 0.659735 0.7071035 -0.1375285 0.693607 0.7070896 -0.1367933 0.6937665 0.707109 -0.01580142 0.706928 0.7071042 -0.01578885 0.7069332 0.7071066 -0.1369138 0.6937255 0.7071071 -0.01588189 0.7069281 0.7071071 -0.01520717 0.706943 0.7071091 0.01518934 0.7069413 0.7071059 0.1344029 0.6942169 0.7071098 0.01586323 0.7069258 0.7071061 0.01585888 0.7069297 0.7071039 0.1340526 0.6942867 0.7071078 0.01577639 0.7069298 0.7071159 0.1349041 0.6941095 0.7071089 0.2497232 0.6615402 0.7070977 0.2502262 0.6613621 0.7071077 0.3579192 0.60983 0.7071043 0.3581824 0.6096794 0.7071341 0.4556613 0.5406793 0.7071068 0.4560306 0.5404036 0.707134 0.5406829 0.4556573 0.7071067 0.5407242 0.4556509 0.707111 0.6097727 0.3580104 0.7070996 0.6097866 0.3580089 0.707106 0.6614057 0.2500874 0.7071059 0.661525 0.249772 0.7071072 0.6941278 0.1348565 0.7071091 0.6941573 0.1346945 0.7071061 0.7069309 0.01580756 0.7071056 0.7069311 0.01580983 0.7071103 0.6942134 0.1343982 0.7071053 0.7069303 0.01586568 0.7071055 0.706945 0.01519149 0.02285087 -0.9997389 0 0.004323124 -0.9999907 -2.74667e-7 0.02049034 -0.9997901 -1.86975e-6 0.01022446 -0.9999478 -1.36439e-7 0.005498766 -0.9999849 1.87406e-5 -3.08309e-5 -1 -3.83487e-7 8.87321e-4 0.9999996 -4.29027e-4 -0.00897175 0.9999534 0.003585636 0.06269937 0.9973421 -0.03711444 -0.0104832 0.9999176 0.007411479 0.05647927 0.9974341 -0.04399245 -0.009417116 0.999914 0.009136676 0.05016505 0.997466 -0.05044966 -0.008142292 0.9999083 0.01082611 0.03692001 0.9973365 -0.06290525 -0.00669974 0.9998977 0.01264005 -0.00668472 0.9998983 0.01260817 -1.58023e-4 1 5.19529e-5 0.02115714 0.996904 -0.07572919 6.67637e-4 0.99992 -0.0126354 0.001517057 0.9997627 -0.02173334 0.002434134 0.9992664 -0.03822189 0.002033829 0.9982962 -0.058317 0.003140032 0.994295 -0.1066197 0.02141815 0.9855433 -0.1680652 0.04629772 0.9850986 -0.1656425 0.080935 0.9871601 -0.1377121 0.11022 0.9877476 -0.1104822 0.1239292 0.9876092 -0.09628027 0.1374779 0.9871697 -0.08121418 0.07549536 0.9969164 -0.02140271 0.1654564 0.9851148 -0.04661858 0.173706 0.9844753 -0.02519565 0.2590264 0.9647303 -0.04691195 0.2976117 0.9510304 -0.08347761 0.3385097 0.9380736 -0.07368361 0.4256199 0.8970069 -0.1192747 0.413141 0.904573 -0.1051776 0.4828218 0.8643313 -0.1407652 0.357746 0.9097082 -0.210829 0.4641174 0.8423587 -0.2739105 0.4202189 0.8467741 -0.3261746 0.5135529 0.7592372 -0.399778 0.4582318 0.7611269 -0.4590309 0.5372557 0.6491115 -0.5385265 0.3950446 0.6404101 -0.6586462 0.4553088 0.5006293 -0.7362502 0.2587566 0.611298 -0.7479035 0.2682202 0.5138041 -0.8149008 0.04008734 0.9684253 -0.2460597 0.08308672 0.9509773 -0.2978906 0.1461083 0.9574947 -0.2487094 0.1993736 0.9593673 -0.199661 0.2241597 0.9589064 -0.1739285 0.2484377 0.9575158 -0.1464316 0.06582403 0.9422829 -0.3282839 0.09573018 0.908906 -0.4058641 0.1187841 0.8969178 -0.4259448 0.2103655 0.9096613 -0.3581379 0.1288137 0.868178 -0.4792431 0.2733079 0.8422878 -0.4646009 0.1639834 0.8194311 -0.5492197 0.199581 0.7616086 -0.6165387 0.3347705 0.7533711 -0.5660043 0.2328613 0.6930113 -0.6822837 0.2761901 0.4762218 -0.8348245 0.2454465 0.3973473 -0.8842349 0.3081541 0.3993617 -0.8634532 0.3464245 0.316303 -0.8831436 0.4861719 0.4198077 -0.7664192 0.5172269 0.3317055 -0.7889536 0.6382843 0.4265398 -0.6408252 0.6641859 0.3368076 -0.6673962 0.7048822 0.4249625 -0.567933 0.7285234 0.3355967 -0.5971838 0.7644532 0.4200565 -0.4890441 0.7864171 0.3319113 -0.5209444 0.845842 0.4090926 -0.3423372 0.881347 0.3166924 -0.3506189 0.9125775 0.2779658 -0.2998958 0.890717 0.2263321 -0.3942043 0.9539812 0.1200018 -0.2748084 0.8917129 0.1285983 -0.4339479 0.88989 0.02465856 -0.4555083 0.8067059 0.02555441 -0.5904004 0.8063406 -0.08435654 -0.5854048 0.756663 -0.08468449 -0.6482976 0.7501472 -0.1916363 -0.632894 0.6917836 -0.1920802 -0.6960897 0.6743324 -0.2927744 -0.6779078 0.5313296 -0.2884826 -0.7965341 0.5005088 -0.380088 -0.777833 0.3250519 -0.3618658 -0.8737245 0.2901722 -0.4414466 -0.8490731 0.2455918 -0.3977044 -0.884034 0.2682514 -0.5143956 -0.8145173 0.1728944 0.2632082 -0.9491202 0.3890076 0.2259716 -0.8930901 0.547211 0.2360323 -0.8030249 0.6845771 0.2393766 -0.6885151 0.7452583 0.2382541 -0.6227561 0.7998181 0.2361894 -0.5518203 0.2119324 0.2089568 -0.9546841 0.1004813 0.1291937 -0.9865154 0.2678974 0.1197051 -0.9559822 0.1601008 0.1129891 -0.9806127 0.29896 0.02302014 -0.953988 0.1817864 0.02166855 -0.9830993 0.173271 -0.07148301 -0.9822766 0.05901026 -1.39546e-5 -0.9982575 0.1004605 -0.1291888 -0.9865182 0.1403546 -0.1597827 -0.9771234 0.1728835 -0.2632051 -0.9491231 0.1798581 -0.2535409 -0.9504569 0.365857 -0.275572 -0.888937 0.2392286 -0.1687951 -0.9561789 0.4082596 -0.181831 -0.8945734 0.286824 -0.07584279 -0.9549764 0.4407101 -0.08111757 -0.8939768 0.4489477 0.02459108 -0.8932196 0.4279512 0.1284064 -0.8946338 0.2586277 -0.611999 -0.7473747 0.4088855 -0.610597 -0.6782212 0.4694293 -0.4642575 -0.7510666 0.2325562 -0.6938064 -0.6815794 0.3487494 -0.7295582 -0.5883185 0.5545073 -0.6193012 -0.5558667 0.4769624 -0.7376489 -0.4778923 0.6185262 -0.6172058 -0.4862947 0.5341654 -0.7358058 -0.4162417 0.6771102 -0.6107717 -0.410463 0.58756 -0.7296801 -0.3497716 0.7256932 -0.6186055 -0.3011589 0.6682531 -0.696731 -0.2607753 0.6091766 -0.7621384 -0.2192009 0.487996 -0.8238723 -0.2882614 0.5475213 -0.8175982 -0.1781957 0.3826106 -0.8959787 -0.225458 0.4818425 -0.8650521 -0.1396877 0.454296 -0.8816966 -0.1273826 0.4119146 -0.9051984 -0.104606 0.2738602 -0.9481226 -0.1614438 0.2471615 -0.9498127 -0.1917475 0.1829493 -0.9728118 -0.1420096 0.1627334 -0.9731047 -0.1630496 0.105363 -0.9888124 -0.1055875 0.07737225 -0.9882719 -0.131652 0.03515028 -0.9975863 -0.05988454 0.02011436 -0.9971933 -0.0721178 -2.85836e-4 -0.9999999 4.66943e-4 -2.81837e-4 -1 4.62554e-4 9.31536e-4 -0.9999527 -0.009690046 0.001450538 -0.9997944 -0.02023136 0.002340674 -0.9993574 -0.03577083 0.001751661 -0.9984558 -0.05552554 0.003173708 -0.9946638 -0.1031211 0.02081733 -0.9860544 -0.1651163 0.04425591 -0.9863868 -0.1583747 0.0394901 -0.9690081 -0.2438523 0.06806826 -0.9674193 -0.2438576 0.06520944 -0.9429714 -0.326424 0.09145092 -0.9402638 -0.3279342 0.09510636 -0.9096646 -0.4043084 0.161067 -0.9480951 -0.2741774 0.2249794 -0.8959326 -0.3830001 0.3077802 -0.9001468 -0.3082322 0.3939469 -0.830136 -0.3945634 0.4421147 -0.8286574 -0.3433096 0.1991359 -0.7624423 -0.6156514 0.2875778 -0.8237876 -0.4885418 0.1634056 -0.8202469 -0.548173 0.1281984 -0.8689826 -0.4779482 0.126845 -0.8816037 -0.4546267 -0.006686508 -0.999898 0.01262146 -0.00856167 -0.9999108 0.0102536 0.04777228 -0.9977033 -0.04802101 -0.01013594 -0.9999168 0.007987797 0.05374068 -0.9976768 -0.04186761 -0.01168966 -0.999915 0.005775272 -0.01167953 -0.9999152 0.005763769 0.05965363 -0.9975926 -0.03536516 -0.00512731 -0.9999852 0.001875758 0.071877 -0.9972053 -0.02038311 0.009612739 -0.9999508 -0.002435743 0.02257955 -0.9997362 -0.004218459 0.04061925 -0.9991565 -0.00604707 0.08424079 -0.9963888 -0.01062196 0.1745851 -0.9843143 -0.02540546 0.1581289 -0.9864121 -0.04457068 0.259441 -0.9646133 -0.04702913 0.2435988 -0.9674589 -0.06843107 0.3381692 -0.9382083 -0.07353067 0.3276633 -0.9403207 -0.09183609 0.7823666 -0.5261535 -0.3332647 0.7493115 -0.4644529 -0.4720337 0.6891686 -0.4698857 -0.5515925 0.6224263 -0.4716401 -0.6246128 0.8419998 -0.4164315 -0.3429594 0.7756469 -0.3802984 -0.5037311 0.7166705 -0.3846163 -0.5817679 0.650853 -0.3860924 -0.6536995 0.8722003 -0.3622259 -0.3287236 0.9086467 -0.2860682 -0.3041811 0.8868958 -0.2759476 -0.3704978 0.9544873 -0.1692125 -0.2456036 0.8919731 -0.1820803 -0.4138007 0.9527477 -0.07602685 -0.294095 0.8908144 -0.08126622 -0.4470409 0.9516173 0.02307587 -0.3064185 0.9664248 -0.1420602 -0.2141078 0.9716517 -0.07348513 -0.224706 0.9908376 9.72208e-6 -0.1350593 0.9843457 0.0215786 -0.174923 0.9710317 0.1159778 -0.2089177 0.9717575 0.02227586 -0.2349283 0.9690002 0.1339518 -0.2075945 0.7346606 0.5008453 -0.457633 0.785956 0.5198621 -0.3346891 0.6576485 0.6405538 -0.3964712 0.7290848 0.6135024 -0.3033979 0.6714112 0.6928355 -0.2630326 0.5653063 0.7534852 -0.3356914 0.611759 0.7597 -0.2204697 0.5489945 0.8164057 -0.1791281 0.08310514 0.9964857 -0.01048517 0.03966695 0.9991951 -0.005973637 0.02193808 0.9997507 -0.004141926 0.01494091 0.9998831 -0.003271937 0.3232148 0.9125143 -0.2506987 0.2876195 0.9134048 -0.2880398 0.6000573 0.6470191 -0.4704229 0.6744974 0.5066676 -0.5369742 0.8055016 0.1336504 -0.5773255 0.754535 0.1343979 -0.6423506 0.6982634 0.1352903 -0.7029401 0.5716496 0.1334143 -0.8095785 0.7577562 0.0258671 -0.6520249 0.7020813 -0.08535754 -0.7069625 0.5596427 -0.1895058 -0.8067762 0.8032443 -0.1896383 -0.5646557 0.793676 -0.2886716 -0.5354879 0.737226 -0.2915114 -0.6095237 0.3458635 -0.8991131 -0.2682801 0.2028892 -0.9718559 -0.1197172 0.1314043 -0.988283 -0.07765132 0.1183362 -0.9887068 -0.09195375 0.3743026 0.8481504 -0.3748846 0.6078556 0.5085369 -0.6098376 0.7043344 0.0258513 -0.7093974 0.5845714 0.02553176 -0.8109405 0.2198494 -0.9503558 -0.2202049 0.5797537 -0.08431118 -0.810418 0.1193923 -0.9718356 -0.2031774 4.36662e-5 -1 1.95069e-5 0 -1 2.42869e-6 1.23199e-4 -1 0 1.23199e-4 -1 0 1.23199e-4 -1 0 -1.78964e-5 -1 -5.285e-5 -1.682e-5 -1 -4.91631e-5 -1.76163e-5 -1 -5.14302e-5 0 -1 3.36673e-6 0 -1 -2.98353e-6 0 -1 1.4956e-6 4.13911e-6 -1 -1.19453e-6 -6.46867e-6 0 -1 1.02827e-5 0 -1 -1.67754e-5 0 -1 -6.06934e-6 0 -1 -3.05114e-6 0 -1 3.06827e-6 0 -1 -1.54306e-6 0 -1 1.54305e-6 0 -1 -3.06826e-6 0 -1 3.05115e-6 0 -1 3.03467e-6 0 -1 -3.01883e-6 0 -1 1.50181e-6 0 -1 6.46867e-6 0 -1 -1.31052e-5 0 -1 9.12767e-7 0 -1 1.28873e-5 0 -1 6.06934e-6 0 -1 3.05114e-6 0 -1 -3.06827e-6 0 -1 1.54306e-6 0 -1 -1.54305e-6 0 -1 3.06826e-6 0 -1 -3.05115e-6 0 -1 -3.03467e-6 0 -1 3.01883e-6 0 -1 -1.50181e-6 0 -1 -1.08778e-6 2.37375e-5 -1 -7.42847e-6 0.3087362 -0.9511478 -1.11159e-5 -2.17855e-5 -1 1.00196e-5 0.3090149 -0.9510572 -1.03141e-5 0.5876001 -0.8091515 7.30896e-6 0.5877857 -0.8090168 -7.19802e-6 0.808922 -0.587916 4.79627e-6 0.8090217 -0.5877787 -3.89228e-6 0.9510321 -0.3090924 1.6046e-6 0.9510557 -0.3090197 -2.65113e-6 1 0 1.60364e-6 0.9510557 0.3090197 -3.89232e-6 0.9510321 0.3090924 4.80075e-6 0.8090218 0.5877788 -7.19775e-6 0.808922 0.587916 7.3133e-6 0.5877856 0.8090168 -1.03142e-5 0.5876001 0.8091515 7.537e-6 0.3090316 0.9510518 1.09564e-5 0.3087057 0.9511576 -1.04922e-5 0.3090302 0.9510523 8.80659e-6 0.3087166 0.9511542 1.14292e-5 -2.18749e-5 1 -1.07389e-6 -2.34693e-5 1 1 -1.09445e-5 0 1 -3.86685e-6 0 1 5.33733e-6 0 -9.24474e-6 0.8091539 0.5875968 1.01506e-5 0.951057 0.3090155 -7.42051e-6 0.9511478 0.3087362 -1.11426e-5 1 -2.05785e-5 -1.08778e-6 1 -2.32235e-5 7.22587e-6 0.8090168 0.5877856 -6.5643e-6 0.5879108 0.8089258 4.77673e-6 0.5877822 0.8090192 -3.58484e-6 0.3090893 0.951033 1.95342e-6 0.3090194 0.9510557 0 1 0 1 3.01632e-5 0 1 -1.6787e-5 0 1 -6.76805e-6 0 1 2.3844e-5 0 1 -2.54838e-6 0 1 2.54838e-6 0 1 -1.1922e-5 0 1 6.76805e-6 0 1 1.6787e-5 0 1 -3.01632e-5 0 0.8660255 0.5 0 0.8660255 -0.5 0 -0.8660255 -0.5 0 -0.8660227 -0.5000048 0 -0.8660227 0.5000048 0 -0.8660255 0.5 0 -1.00458e-5 0 1 3.87651e-6 0 1 1.33946e-5 0 1 -3.34865e-6 0 1 1.43671e-5 0 1 -3.87639e-6 0 1 -0.5295712 -0.1720678 0.8306306 -0.5568293 4.11365e-6 0.830627 -0.5590303 -0.181644 0.809006 -0.7343944 0 0.678723 -0.7694189 -0.2499791 0.5877968 -0.8719417 0 0.4896098 -0.9045155 -0.2938882 0.3090007 -0.9617815 -4.88432e-6 0.273818 -0.9147182 -0.2972106 0.273782 -0.7694182 -0.5590143 0.3090285 -0.7781035 -0.565325 0.2737931 -0.5590156 -0.7694258 0.3090074 -0.5653246 -0.7781023 0.2737972 -0.2938916 -0.9045121 0.3090076 -0.2972089 -0.9147145 0.2737963 2.69222e-6 -0.9510608 0.3090042 0 -0.9617788 0.2738279 0.2938966 -0.9045106 0.3090072 0.2972081 -0.9147141 0.2737982 0.5590192 -0.7694278 0.3089963 0.5653204 -0.7780964 0.2738227 0.7694168 -0.5590156 0.3090299 0.7781032 -0.5653256 0.2737926 0.9045005 -0.2938899 0.3090431 0.9147099 -0.2972074 0.273813 0.961781 -3.79235e-6 0.27382 0.871941 -6.83591e-7 0.4896111 0.7694195 -0.2499801 0.5877957 0.6545143 -0.4755332 0.5877749 0.4755036 -0.3455001 0.8090279 0.345489 -0.4755259 0.8090196 0.4504876 -0.3272988 0.8306242 0.3272857 -0.4504686 0.8306397 0.7343937 0 0.6787239 0.5590014 -0.1816217 0.8090309 0.5295634 -0.1720662 0.8306359 0.5568338 4.10248e-6 0.830624 0.1816266 -0.5590004 0.8090306 0.1720659 -0.5295654 0.8306347 -5.1884e-6 -0.5877782 0.8090222 5.0338e-7 -0.5568209 0.8306327 -0.181627 -0.5590088 0.8090247 -0.1720709 -0.5295771 0.8306261 -0.3454802 -0.4755154 0.8090295 -0.3272885 -0.4504736 0.8306359 -0.4755113 -0.345484 0.8090302 -0.4504784 -0.3272921 0.8306317 -0.654515 -0.4755325 0.5877746 -0.4755323 -0.6545146 0.5877753 -0.250003 -0.7694283 0.5877742 0 -0.8090231 0.587777 0.2500031 -0.7694294 0.5877729 0.4755318 -0.6545149 0.5877752 0.8660227 0.5000048 0 0.8660227 -0.5000048 0 0.90451 0.2938911 0.309014 0.9147135 0.2972076 0.273801 0.769427 0.5590163 0.3090034 0.7781057 0.5653265 0.2737839 0.5590127 0.7694206 0.3090258 0.56532 0.7780952 0.2738267 0.2938934 0.9045092 0.3090146 0.2972066 0.9147105 0.273812 -5.47129e-6 0.9510499 0.3090373 1.82597e-7 0.961784 0.2738096 -0.2938976 0.904514 0.3089964 -0.2972063 0.9147052 0.2738302 -0.5590156 0.769427 0.3090043 -0.5653249 0.7781044 0.273791 -0.7694194 0.5590096 0.3090343 -0.7781014 0.565324 0.2738013 -0.9045139 0.2938915 0.3090025 -0.9147061 0.2972054 0.2738282 -0.7694235 0.2500249 0.5877714 -0.6545161 0.4755324 0.5877735 -0.4755333 0.6545152 0.5877738 -0.2499982 0.7694296 0.5877747 3.77645e-7 0.8090247 0.5877747 0.2500066 0.7694277 0.5877736 0.4755371 0.6545158 0.58777 0.6545157 0.4755331 0.5877733 0.4755164 0.3454769 0.8090303 0.5590313 0.1816482 0.8090044 0.4504793 0.3272916 0.8306316 0.5295485 0.1720603 0.8306466 -0.5590379 0.1816383 0.8090021 -0.4755159 0.3454866 0.8090265 -0.3454841 0.4755209 0.8090246 -0.1816157 0.5590058 0.8090294 3.17815e-5 0.5877721 0.8090266 0.1816449 0.559035 0.8090025 0.3454887 0.4755229 0.8090212 0.3272954 0.450482 0.8306285 -0.5295657 0.172066 0.8306345 -0.4504908 0.3273003 0.8306218 -0.3273016 0.4504905 0.8306216 -0.1720666 0.5295634 0.8306358 1.2503e-7 0.5568264 0.830629 0.1720653 0.5295597 0.8306385 0.7694235 0.2500239 0.5877717 -1.66893e-5 -1 1.62115e-6 -3.16352e-5 -0.9999984 -0.001817107 0.2539145 -0.9672266 -3.241e-6 0.3090161 -0.9510568 -7.33393e-6 0.50594 -0.8625687 -5.02914e-6 0.5877738 -0.8090254 3.77744e-6 0.505942 -0.8625676 6.13858e-6 0.5877829 -0.8090187 -9.31323e-6 0.7107496 -0.7034451 3.34265e-5 0.8090172 -0.5877851 -9.06503e-6 0.8677419 -0.4970152 -5.0813e-6 0.9510554 -0.3090207 2.82514e-5 0.9663519 -0.2572241 -1.04167e-4 1 0 -1.12855e-5 3.01178e-6 -0.01488888 0.9998893 2.43075e-6 0 1 2.03634e-6 -0.02231538 0.999751 -1.29854e-5 -0.1162719 0.9932175 1.91573e-6 -0.02232116 0.9997509 1.48136e-5 -0.1943848 0.9809254 -2.20723e-6 -0.2284682 0.9735514 -6.2827e-6 -0.3606085 0.9327173 5.54835e-7 -0.3380827 0.9411165 1.72993e-7 -0.4416063 0.8972089 9.53363e-6 -0.007439076 0.9999724 5.97164e-6 -0.5160323 0.8565691 4.35859e-7 -0.5374265 0.8433107 0 -0.625113 0.7805343 1.46176e-5 -0.6559972 0.7547633 0 -0.7042567 0.7099454 -1.28099e-5 -0.7763126 0.6303482 7.42264e-7 -0.774551 0.6325116 3.02214e-7 -0.8358742 0.548921 1.83471e-7 -0.8733742 0.4870499 -2.8871e-6 -0.8878868 0.4600622 0 -0.9303538 0.3666631 6.77258e-6 -0.9442732 0.329163 3.56697e-7 -0.9629267 0.2697634 -1.94875e-5 -0.9868865 0.1614161 0 -0.9834253 0.1813144 1.80211e-6 -0.9999375 -0.01117646 0 -0.9998937 0.01458215 5.64736e-6 -1 2.91853e-7 0.008252382 -0.9999608 0.003224074 -1.50234e-7 -0.9998847 0.01518636 2.1272e-7 -0.9997334 0.0230906 0 -0.999739 0.02285015 0 -0.9997391 0.02284085 0 -0.9997336 0.0230804 0 -0.9997336 0.02308028 -1.97021e-6 -0.9997388 0.02285766 -1.14948e-6 -0.9997333 0.02309948 -8.3982e-7 -0.9997377 0.02290409 0 -0.9997387 0.02286148 1.91198e-7 -0.9997366 0.02295708 1.36002e-7 -0.9997365 0.02295714 -1.87177e-5 -0.9997346 0.02303814 1.14959e-6 -0.9997333 0.02309578 -3.66468e-5 -0.999734 0.02306562 0.008210718 -0.99996 -0.00356239 -6.15064e-6 -0.9999346 -0.01144433 1.39e-7 -0.9999707 -0.007657408 -2.03969e-7 -0.9998841 -0.01523113 -3.40031e-7 -0.999938 -0.01114308 8.09063e-7 -0.9998843 -0.01521748 5.03977e-7 -0.9998929 -0.01464229 -3.89718e-7 -0.9998933 -0.01461255 0 -0.999884 -0.01523566 -1.54512e-7 -0.9997333 -0.02309608 4.05169e-7 -0.9997338 -0.02307647 0 -0.9998843 -0.01521605 -1.71367e-7 -0.9997382 -0.02288478 0 -0.9997331 -0.02310621 0 -0.9997375 -0.02291452 0 -0.9997331 -0.02310621 -9.5414e-7 -0.9997332 -0.02310216 4.31016e-6 -0.9997395 -0.02282458 -1.6233e-6 -0.9997376 -0.0229116 0 -0.9997344 -0.02305269 0 -0.9997388 -0.02286124 0 -0.9997344 -0.02305275 -1.87179e-5 -0.9997346 -0.02303814 -3.66467e-5 -0.999734 -0.02306562 1.14806e-6 -0.9997333 -0.02309578 1.22775e-7 -0.9998929 -0.01463645 -2.71304e-6 -0.9998654 -0.01640975 2.82849e-7 -0.9999375 -0.0111851 -1.92723e-6 -0.9999376 -0.01117151 -8.15233e-6 -0.9830355 -0.1834158 -2.21422e-7 -0.9841771 -0.177188 4.7544e-7 -0.9637669 -0.2667459 3.05134e-5 -0.9366866 -0.3501688 5.65779e-7 -0.9313443 -0.3641399 0 -0.889017 -0.4578744 -9.05665e-6 -0.8622789 -0.5064338 0 -0.8370448 -0.5471344 1.5018e-5 -0.7620432 -0.6475263 -2.08523e-6 -0.7757227 -0.631074 -4.13041e-7 -0.7053635 -0.7088458 -1.23857e-5 -0.6389773 -0.7692257 0 -0.6261008 -0.7797422 3.60888e-7 -0.5382227 -0.8428027 1.28904e-5 -0.4967737 -0.8678802 -3.65078e-7 -0.4421949 -0.8969191 1.34585e-5 -0.3396887 -0.9405379 0 -0.3383446 -0.9410224 3.50713e-6 -0.228497 -0.9735446 -1.27843e-5 -0.1724255 -0.9850226 3.27777e-5 -0.1163005 -0.9932141 -1.90986e-5 0 -1 0 0 -1 -0.8314665 -0.555575 0 -0.8314664 -0.5555751 0 -0.9238781 -0.382687 0 -0.9238781 -0.3826869 0 -0.9807856 -0.1950895 0 -0.9807856 -0.1950893 0 -1 1.74441e-6 0 -1 1.71581e-6 0 -0.9807848 0.1950927 0 -0.9807849 0.1950926 0 -0.9238801 0.3826823 0 -0.9238801 0.3826822 0 -0.8314664 0.5555751 0 -0.8314665 0.555575 0 -0.7071024 0.7071112 0 -0.7071026 0.707111 0 -0.5555793 0.8314636 0 -0.5555794 0.8314636 0 -0.3826848 0.923879 0 -0.3826845 0.9238791 0 -0.1950885 0.9807857 0 -0.1950883 0.9807857 0 0 1 0 0 1 0 0.1950926 0.9807849 0 0.1950924 0.9807848 0 0.3826881 0.9238777 0 0.3826879 0.9238778 0 0.5555672 0.8314717 0 0.5555671 0.8314718 0 0.06835329 0.06835114 0.9953171 0.0679807 0.06798106 0.995368 0.08034867 0.05366688 0.995321 0.06762337 0.06762421 0.9954166 0.07919901 0.0529173 0.9954534 0.06719386 0.06719112 0.9954749 0.08787357 0.03639853 0.9954664 0.08927553 0.03698313 0.9953202 0.09319055 0.01853674 0.9954758 0.09478402 0.01885241 0.9953193 0.0952146 0 0.9954569 0.09663993 -1.87196e-7 0.9953194 0.09314954 -0.01852881 0.9954798 0.09477078 -0.01885509 0.9953206 0.08774399 -0.03634506 0.9954798 0.08929651 -0.03698581 0.9953181 0.07920336 -0.05292159 0.9954528 0.08036488 -0.05370646 0.9953176 0.06735444 -0.06735485 0.9954531 0.06835132 -0.06834727 0.9953174 0.05292022 -0.07920163 0.995453 0.05369681 -0.08035707 0.9953188 0.03636151 -0.08778351 0.9954758 0.03702753 -0.08925741 0.9953202 0.01852762 -0.09314507 0.9954802 0.018884 -0.09478598 0.9953185 0 -0.09520739 0.9954575 5.28276e-5 -0.0967186 0.9953117 -0.01852774 -0.09314554 0.9954802 -0.01889473 -0.09471529 0.995325 -0.03636163 -0.08778446 0.9954757 -0.03690564 -0.08924919 0.9953254 -0.0529173 -0.07919931 0.9954533 -0.05363947 -0.08037978 0.9953201 -0.06798148 -0.0679807 0.9953678 -0.06835526 -0.06835162 0.9953169 -0.06719386 -0.06719112 0.9954749 -0.0676217 -0.06762403 0.9954167 0.05367481 0.08035767 0.99532 0.05307096 0.07943737 0.9954261 0.03696566 0.08927816 0.9953206 0.03636163 0.08778494 0.9954756 0.01882743 0.09483897 0.9953147 0.0185278 0.09314519 0.9954802 -6.55409e-5 0.09667271 0.9953163 -1.75984e-7 0.09520739 0.9954575 -0.01886636 0.09473061 0.9953241 -0.01853692 0.09319192 0.9954757 -0.03691536 0.08927702 0.9953226 -0.03636163 0.08778434 0.9954757 -0.05371147 0.08044105 0.9953112 -0.05292165 0.07920271 0.9954528 -0.06835508 0.06837809 0.9953151 -0.06732058 0.06732094 0.9954576 -0.08029383 0.05374395 0.9953213 -0.07916384 0.0528953 0.9954573 -0.0893042 0.03702443 0.995316 -0.08787339 0.03639835 0.9954665 -0.09484243 0.01891666 0.9953125 -0.0931437 0.01852738 0.9954804 -0.09658282 -4.82677e-5 0.995325 -0.09540474 0 0.9954386 -0.09479057 -0.01893466 0.9953172 -0.09319639 -0.01853805 0.9954752 -0.08934158 -0.03702837 0.9953126 -0.08778792 -0.03636312 0.9954753 -0.08038395 -0.05360406 0.9953216 -0.07919901 -0.0529173 0.9954534 -9.20031e-6 0 1 1.11095e-5 0 1 1.22672e-5 0 1 2.2219e-5 0 1 -2.2219e-5 0 1 1.22671e-5 0 1 1.11094e-5 0 1 -1.11094e-5 0 1 4.6001e-6 0 1 -6.1335e-6 0 1 -1.22671e-5 0 1 2.22188e-5 0 1 -2.22188e-5 0 1 1.22669e-5 0 1 2.77738e-6 0 1 -2.77738e-6 0 1 -3.57814e-6 -9.65968e-6 1 -0.006512045 -0.006498813 0.9999577 -0.08132439 -0.08131885 0.9933648 -0.1552121 -0.1552116 0.9756119 -0.1240506 -0.1810852 0.9756125 -1.3601e-5 -1.59293e-5 1 -0.08867579 -0.2008215 0.9756062 1.66893e-6 -5.61401e-6 1 -0.05025148 -0.2136672 0.9756132 -5.15161e-6 -1.97366e-5 1 -0.0101369 -0.2192974 0.9756054 0.03032642 -0.2173982 0.9756118 -1.31084e-7 7.84919e-6 1 0.06977027 -0.2081527 0.9756047 -5.13066e-6 2.90945e-6 1 0.1068207 -0.1917806 0.9756073 -4.65848e-6 1.59368e-5 1 0.1402252 -0.1688737 0.9756119 1.6138e-5 -1.11237e-5 1 0.1688604 -0.1402221 0.9756146 1.49049e-5 -1.88723e-5 1 0.1917564 -0.1068012 0.9756141 -7.61449e-6 -5.44637e-6 1 0.2081189 -0.06975573 0.975613 -9.96888e-6 4.787e-6 1 0.217413 -0.0303238 0.9756085 -2.16588e-5 -6.77444e-6 1 0.2192768 0.01013404 0.9756101 1.09896e-5 6.97187e-6 1 0.2136916 0.05025476 0.9756077 8.50856e-6 7.81752e-6 1 0.2008024 0.08866143 0.9756115 7.06315e-6 1.83396e-5 1 0.1810895 0.1240449 0.9756125 1.01179e-5 3.62098e-6 1 0.0813294 0.08133119 0.9933634 0.006498575 0.006503164 0.9999577 0.1552299 0.1552313 0.9756059 0.7071028 0.7071107 1.39086e-6 0.7071027 0.707111 5.02635e-6 0.8274595 0.5615253 -2.33296e-6 0.8910068 0.4539901 7.75047e-6 0.9210987 0.3893295 -1.26427e-6 0.9876881 0.1564357 1.02026e-5 0.9798659 0.1996569 -4.93834e-7 0.9999847 0.005535721 0 0.9876885 -0.1564339 -1.10846e-5 0.9826039 -0.1857141 -1.75089e-7 0.9259843 -0.377562 1.34415e-6 0.8910059 -0.4539918 -2.23387e-5 0.8314557 -0.5555914 8.42032e-7 0.707107 -0.7071066 -2.89353e-5 0.7071066 -0.707107 0 0.5556246 -0.8314334 -1.43659e-5 0.4539915 -0.8910061 -2.29441e-5 0.3775602 -0.9259851 -1.8882e-6 0.1564333 -0.9876886 -1.13389e-5 0.1857171 -0.9826033 -2.49129e-7 -0.005534946 -0.9999847 -1.21215e-5 -0.1564579 -0.9876846 5.9763e-6 -0.1996442 -0.9798685 -2.12528e-6 -0.1996579 -0.9798657 6.85966e-6 -0.1564422 -0.9876872 -6.79586e-6 -0.3893319 -0.9210976 -1.69408e-6 -0.4539895 -0.8910071 7.00355e-6 -0.561559 -0.8274368 1.68825e-6 -0.7071069 -0.7071067 -1.53314e-5 -0.7070975 -0.7071161 0 0.7069759 -0.01382726 -0.7071025 0.7069423 -0.01541125 -0.7071033 0.6941334 -0.1348547 -0.7071019 0.6945076 -0.1328992 -0.7071047 0.6628334 -0.2462785 -0.7071059 0.7069261 -0.01587986 -0.7071091 0.7069315 -0.01579821 -0.7071056 0.6607071 -0.2519213 -0.7071081 0.6127789 -0.3528513 -0.7071054 0.6077048 -0.3615351 -0.7070978 0.5457345 -0.4496469 -0.7071008 0.5367038 -0.4603649 -0.7071161 0.4635573 -0.5339785 -0.7070939 0.4497923 -0.5456041 -0.7071091 0.3685338 -0.6034704 -0.7071112 0.3495528 -0.6146661 -0.7071058 0.2632853 -0.6562625 -0.7071071 0.2389566 -0.6654942 -0.707119 0.150738 -0.6908677 -0.7070926 0.1212719 -0.6966316 -0.7071052 0.03401213 -0.7062903 -0.7071049 -2.61492e-6 -0.7071112 -0.7071024 -0.08365523 -0.7021418 -0.7071059 -0.1212772 -0.6966363 -0.7070996 -0.1990012 -0.6785217 -0.7071117 -0.2389556 -0.6655094 -0.7071051 -0.308832 -0.6360995 -0.707107 -0.3495584 -0.6146792 -0.7070916 -0.4100924 -0.5760272 -0.7071187 -0.4497925 -0.5456121 -0.7071027 -0.500001 -0.5000036 -0.7071037 -0.5367125 -0.4603903 -0.707093 -0.5701981 -0.4181771 -0.7071083 -0.6077009 -0.3615057 -0.7071162 -0.6271305 -0.3266218 -0.7071248 -0.6606978 -0.2519218 -0.7071167 -0.6695061 -0.2274976 -0.7071114 -0.6941198 -0.1348664 -0.7071131 -0.6963127 -0.1230753 -0.7071076 -0.7069672 -0.01385557 -0.7071105 -0.7069349 -0.01543939 -0.7071101 -0.7069321 -0.01585185 -0.7071039 -0.7069261 -0.01587432 -0.7071093 -0.6963121 -0.1230914 -0.7071053 -0.7069312 -0.0157786 -0.7071063 0.7069312 0.0157786 -0.7071063 0.7069261 0.01587432 -0.7071093 0.6963121 0.1230914 -0.7071053 0.6963125 0.1230754 -0.7071078 0.7069274 0.01585108 -0.7071085 0.7069374 0.01543962 -0.7071076 0.7069647 0.01385319 -0.7071132 0.6941196 0.1348665 -0.7071132 0.6695061 0.2274976 -0.7071113 0.6606979 0.2519219 -0.7071164 0.6271311 0.3266217 -0.7071244 0.6077031 0.3615047 -0.7071148 0.5701968 0.4181777 -0.707109 0.5367153 0.4603898 -0.7070912 0.5000016 0.5000037 -0.7071031 0.4497925 0.5456122 -0.7071026 0.4100928 0.5760278 -0.7071181 0.3495581 0.6146782 -0.7070927 0.3088332 0.6360985 -0.7071073 0.2389513 0.6655122 -0.7071039 0.1990018 0.678523 -0.7071102 0.121277 0.6966361 -0.7070997 0.0836544 0.7021406 -0.7071073 2.56579e-6 0.7071122 -0.7071014 -0.03401219 0.7062912 -0.7071039 -0.1212724 0.6966323 -0.7071043 -0.1507382 0.6908673 -0.707093 -0.2389556 0.6654951 -0.7071185 -0.263284 0.6562622 -0.7071079 -0.3495525 0.6146655 -0.7071063 -0.3685339 0.60347 -0.7071116 -0.4497927 0.545604 -0.7071089 -0.4635573 0.5339787 -0.7070938 -0.5367043 0.4603647 -0.707116 -0.5457332 0.4496473 -0.7071016 -0.6077051 0.3615351 -0.7070975 -0.6127792 0.3528512 -0.7071053 -0.6607069 0.2519218 -0.707108 -0.6628325 0.2462789 -0.7071066 -0.6941161 0.1349006 -0.7071101 -0.6945126 0.1328504 -0.707109 -0.7069408 0.01541 -0.7071049 -0.7069265 0.01587986 -0.7071088 -0.706973 0.01382434 -0.7071054 -0.7069315 0.01579821 -0.7071056 9.53439e-6 0.007439076 0.9999724 1.20164e-6 0.01488935 0.9998893 -5.41564e-7 0.02233964 0.9997505 -1.11852e-6 0.1154093 0.9933181 -3.78489e-6 0.02235829 0.9997501 -5.67175e-7 0.1153985 0.9933193 4.78327e-6 0.02235305 0.9997501 -9.70159e-6 0.1907292 0.9816427 -1.55708e-5 0.353652 0.9353771 0 0.2651394 0.9642101 4.20591e-6 0.2284618 0.973553 1.14804e-5 0.5064356 0.8622778 6.97561e-7 0.4128624 0.9107934 6.77537e-7 0.3093584 0.9509456 2.63928e-5 0.6446875 0.7644463 -4.2282e-7 0.6045145 0.7965942 -1.10921e-6 0.5128437 0.8584821 -3.15253e-7 0.6873201 0.7263547 4.86709e-6 0.7644474 0.6446863 3.1665e-7 0.761039 0.6487063 -5.85802e-7 0.8253948 0.564556 8.90996e-6 0.8622796 0.5064326 1.6531e-6 0.8801421 0.4747104 -2.28803e-5 0.935377 0.3536523 2.84053e-7 0.9249625 0.3800587 -3.07802e-7 0.9595646 0.2814885 -1.58651e-6 0.9816427 0.1907293 0 0.9819829 0.1889701 3.35148e-6 0.9997505 0.02233827 0 0.9996582 0.02614492 0 0.9997501 0.02235895 0 0.9997501 0.02235895 0 0.9997509 0.02232307 -1.28493e-7 0.9998941 0.01455861 2.88867e-5 0.9999723 0.007443547 0.003984153 0.9999573 0.008343815 2.12062e-5 1 -6.44475e-7 2.81658e-5 0.9999724 -0.007443189 0.003982126 0.9999574 -0.008341848 0 0.9998937 -0.01458978 -1.41386e-7 0.9998843 -0.01521599 0 0.999733 -0.0231111 -2.51108e-7 0.9997384 -0.02287209 0 0.9997349 -0.02302592 0 0.9997294 -0.02326554 0 0.9997316 -0.02316975 2.01561e-6 0.9997391 -0.02284264 2.39036e-6 0.9997336 -0.02308446 2.97534e-6 0.999738 -0.02288907 0 0.9997387 -0.02286148 1.91198e-7 0.9997366 -0.02295708 1.36002e-7 0.9997365 -0.02295714 -1.87177e-5 0.9997346 -0.02303814 1.14959e-6 0.9997333 -0.02309578 -3.66468e-5 0.999734 -0.02306562 0 0.9997511 -0.02231073 0 0.9996846 -0.02511501 0 0.9997517 -0.02228748 0 0.9997517 -0.02228748 -8.34727e-7 0.9997513 -0.02230656 3.98792e-6 0.9997501 -0.02235585 -3.6275e-6 0.9811665 -0.1931645 7.77189e-7 0.9835824 -0.1804602 -3.01749e-7 0.9630538 -0.2693092 1.60113e-5 0.9336099 -0.3582915 0 0.9304825 -0.3663365 -4.44241e-7 0.8880409 -0.4597645 1.84458e-5 0.8584835 -0.5128413 -4.55882e-7 0.836023 -0.5486944 -3.15718e-6 0.7746962 -0.6323336 -2.17557e-6 0.7580097 -0.6522434 7.34813e-7 0.7043657 -0.7098374 -1.79159e-5 0.635151 -0.7723881 3.46918e-7 0.6252027 -0.7804626 1.95764e-6 0.5375102 -0.8432572 2.7637e-5 0.4935406 -0.8697228 -2.70549e-7 0.44162 -0.8972023 1.01775e-5 0.3373535 -0.9413781 -4.83589e-7 0.338027 -0.9411365 3.81842e-7 0.2284766 -0.9735494 1.42539e-5 0.1712035 -0.9852358 -1.22035e-5 0.116311 -0.9932129 2.28421e-7 0.9998835 0.01526492 0 0.9997335 0.02309083 -3.54485e-7 0.9997338 0.02307677 0 0.9998843 0.01521635 -1.63728e-7 0.9997381 0.02288508 0 0.9997308 0.02320438 0 0.9997352 0.02301269 0 0.9997308 0.02320438 -3.29269e-6 0.9997329 0.02311569 1.49966e-6 0.9997392 0.02283805 -3.79724e-6 0.9997372 0.02292519 0 0.9997344 0.02305269 0 0.9997388 0.02286124 0 0.9997344 0.02305275 -1.87179e-5 0.9997346 0.02303814 -3.66467e-5 0.999734 0.02306562 1.14806e-6 0.9997333 0.02309578 -3.25288e-5 1 -1.7204e-7 0.005022048 0.9999874 -3.73481e-6 0.02261 0.9997444 3.71624e-5 0.01020991 0.999948 -1.97499e-7 0.02045589 0.9997909 -2.13506e-7 0.02046185 0.9997907 0 0.02290612 0.9997377 0 0.02290612 0.9997377 0 0.9570516 -0.2899175 -1.36759e-4 0.9057109 -0.3863742 -0.1743639 0.9248346 -0.3803696 -2.85156e-4 0.8530788 -0.4935072 -0.1694316 0.8956684 -0.4447224 -2.47452e-4 0.8423491 -0.5389321 -5.64583e-4 0.7951681 -0.5868476 -0.1527014 0.7641999 -0.6290512 -0.1424544 0.9840292 -0.1780074 -7.38613e-5 0.9522565 -0.2636067 -0.1540107 0.9299281 -0.3268888 -0.1684567 0.9927309 -0.1203551 -1.65019e-5 0.985382 -0.1320054 -0.1076899 0.9712393 -0.1980013 -0.1322491 0.9976989 -0.00338304 -0.06771606 1 -2.87245e-5 1.80982e-5 0.9951705 0.05988335 -0.07778084 0.9935018 0.1138171 -2.61003e-5 0.9867283 0.1245916 -0.1041368 0.9851826 0.1715087 -5.59986e-5 0.9730864 0.1905424 -0.129602 0.9546575 0.256112 -0.1517757 0.9326692 0.3196376 -0.1672122 0.9087365 0.3793372 -0.1740728 0.8565092 0.487272 -0.1701712 0.9248393 0.3803582 -2.36556e-4 0.898649 0.4386684 -3.71615e-4 0.9589676 0.2835159 -1.5828e-4 0.8283512 0.5359767 -0.1629829 0.8457918 0.533513 -5.26454e-4 0.79878 0.5816117 -0.1538784 0.7840085 0.6207496 -7.53015e-4 0.7358309 0.6639823 -0.1329677 0.668674 0.7352055 -0.1111218 0.6334967 0.767198 -0.1004454 0.5973023 0.7969461 -0.09003883 0.5222446 0.849881 -0.07044839 0.5578408 0.829948 -2.46608e-4 0.4713367 0.8819531 -6.97082e-4 0.706781 0.7074318 -9.1074e-4 0.6389468 0.7692506 -7.15828e-4 0.4432539 0.8948484 -0.05265444 0.3804115 0.9248173 -5.33037e-4 0.3599264 0.9322559 -0.03676903 0.2727503 0.9617993 -0.02344107 0.2275384 0.9736092 -0.01764881 0.1811643 0.9833719 -0.01261395 0.1339728 0.9909492 -0.00842911 0.1390721 0.9902823 -1.83975e-4 0.08677667 0.9962142 -0.005217492 0.06740534 0.9977257 -6.22361e-5 0.06403201 0.9979398 -0.004023134 0.04656225 0.9989154 -4.13707e-5 0.04319131 0.9990624 -0.002994 0.03008896 0.9995473 -3.3421e-5 0.02605289 0.9996584 -0.002109587 0.01968348 0.999805 -0.001551687 0.01490807 0.9998883 -0.001186788 0.009324014 0.9999566 2.05238e-5 0.006576001 0.9999779 0.001046478 0.01731014 0.9998502 -4.82544e-6 0.2376351 0.9713545 -3.03306e-4 0.02049148 0.99979 -2.57515e-5 0.7323178 -0.6680695 -0.1318862 0.6658762 -0.7378837 -0.1101667 0.5956076 -0.7982691 -0.0895437 0.5208086 -0.850795 -0.07004457 0.4817374 -0.8741927 -0.06096112 0.5134626 -0.8581119 -6.24932e-4 0.4418428 -0.8955615 -0.05239123 0.3799945 -0.9249888 -5.30127e-4 0.3594931 -0.9324104 -0.0370903 0.2732174 -0.9616641 -0.02354574 0.2283606 -0.9734138 -0.01780527 0.1820928 -0.9831997 -0.01267838 0.1350183 -0.9908062 -0.008551418 0.1401973 -0.9901236 -1.34544e-4 0.08799946 -0.9961064 -0.005319416 0.06863909 -0.9976416 -1.50122e-4 0.0652846 -0.9978585 -0.00407046 0.05443513 -0.998511 -0.003582894 0.04408085 -0.9990233 -0.003071129 0.02665054 -0.9996426 -0.002113342 0.01523005 -0.9998834 -0.001211047 0.00927478 -0.999957 -2.53945e-4 0.02071899 -0.9997854 -2.31835e-5 0.01821058 -0.9998342 1.08707e-5 0.006721794 -0.9999769 9.89981e-4 0.005317389 -0.9999817 0.002928197 0.03063946 -0.9995305 -4.1587e-5 0.04746675 -0.9988729 -5.41228e-5 0.2384506 -0.9711547 -2.80086e-4 0.6371473 -0.7707418 -7.09817e-4 0.7120861 -0.7020922 -3.57485e-4 0.7804831 -0.6251766 -6.88807e-4 0.8962805 0.4434875 2.91921e-4 0.8965632 0.4429159 2.52739e-4 0.8565047 0.487281 0.1701673 0.9248408 0.3803544 2.23421e-4 0.798758 0.5816409 0.1538815 0.8283469 0.5359789 0.1629973 0.735887 0.6639168 0.1329845 0.6686708 0.7352067 0.1111334 0.6335034 0.7671959 0.1004192 0.7068052 0.7074078 8.21068e-4 0.6389649 0.7692356 6.81914e-4 0.5973016 0.7969465 0.09003943 0.5578175 0.8299636 2.80082e-4 0.4962626 0.8657948 0.0642094 0.4713823 0.8819289 6.32744e-4 0.4432325 0.8948579 0.05267173 0.359884 0.9322606 0.03706455 0.227518 0.9736137 0.01765859 0.2767895 0.9605797 0.02596616 0.3804728 0.9247921 4.49881e-4 0.1811531 0.9833742 0.01259708 0.1339275 0.9909557 0.008385837 0.08685028 0.9962078 0.005210816 0.06405162 0.9979386 0.004012048 0.06737935 0.9977275 1.26796e-4 0.04311007 0.999066 0.002965092 0.04653388 0.9989168 6.16345e-5 0.02606064 0.9996582 0.002120494 0.03007322 0.9995478 4.26366e-5 0.01972347 0.9998043 0.001559853 0.02050256 0.9997898 2.32537e-5 0.01495099 0.9998877 0.001179695 0.01733416 0.9998499 1.5299e-6 0.009322404 0.9999566 -2.00646e-5 0.00658518 0.999978 -8.90207e-4 -0.01037043 0.999931 -0.00551331 -0.007320165 0.9999608 -0.004987597 -0.006102502 0.9999704 -0.004682123 -0.003383874 0.9999846 -0.004399001 -0.001891732 0.9999898 -0.004118204 -8.2711e-4 0.9999956 -0.002865016 0.00824505 0.9999651 -0.001367509 0.01513147 0.9998853 -7.84822e-4 0.0226348 0.9997439 -3.72134e-5 0.1390982 0.9902786 1.49462e-4 0.2376226 0.9713576 3.34781e-4 0.7840597 0.6206852 5.86923e-4 0.8457962 0.5335059 5.24249e-4 0.006986677 -0.9999737 -0.001963496 -8.10051e-4 -0.9999977 -0.001978814 0.006723999 -0.9999768 -0.001073539 -0.001893401 -0.9999899 -0.004086971 -0.003441989 -0.9999847 -0.004331052 -0.005077719 -0.9999853 -0.00189495 -0.003451824 -0.9999847 -0.004335403 -0.006434082 -0.9999676 -0.004836797 -0.006434738 -0.9999673 -0.004898905 0.009277164 -0.999957 1.75882e-4 0.01524931 -0.9998829 0.001280725 0.02666163 -0.9996423 0.002124249 0.04405581 -0.9990246 0.00302726 0.05434149 -0.9985165 0.003455758 0.04743003 -0.9988746 5.97788e-5 0.0686354 -0.9976419 1.47243e-4 0.06535714 -0.9978535 0.0041157 0.08798199 -0.9961081 0.005289316 0.1821171 -0.983195 0.01268947 0.1349875 -0.9908109 0.008500039 0.1402041 -0.9901227 1.28078e-4 0.2732216 -0.9616639 0.02351003 0.2284585 -0.9733929 0.01769691 0.2384601 -0.9711523 2.84492e-4 0.4418767 -0.8955444 0.05239659 0.3595575 -0.9323974 0.03679031 0.3800379 -0.9249709 4.52304e-4 0.520829 -0.8507781 0.07009834 0.4817165 -0.8742076 0.06091225 0.5134701 -0.8581074 6.07604e-4 0.5956621 -0.7982187 0.08963119 0.6659185 -0.7378317 0.1102587 0.7323637 -0.6680333 0.1318143 0.764199 -0.6290516 0.1424576 0.7805147 -0.6251373 5.61557e-4 0.8423696 -0.5389001 4.86098e-4 0.7951689 -0.5868467 0.1527008 0.8530783 -0.4935151 0.1694121 0.8956743 -0.4447106 2.44514e-4 0.7120867 -0.7020915 3.62135e-4 0.6371577 -0.7707331 6.82013e-4 0.03061395 -0.9995313 5.11773e-5 0.02078002 -0.9997841 1.34031e-5 0.01816862 -0.999835 -1.24483e-5 0.01513761 -0.9998854 -5.43092e-4 0.01803022 -0.9998375 -9.39011e-5 0.02225267 -0.9997524 -9.70321e-5 0.01473438 -0.9998906 -0.001339972 0.01024216 -0.9999476 0 0.02045732 -0.9997907 -3.91155e-7 0.02285826 -0.9997388 0 0.02046185 -0.9997907 0 0.02290612 -0.9997377 0 0.02290612 -0.9997377 0 0.007628381 -0.999971 0 0.01026487 -0.9999474 0 0.005135595 -0.9999868 0 0.005098819 -0.999987 1.85973e-7 -3.28856e-5 -1 0 0 1 1.35018e-5 0 1 2.34589e-5 4.03961e-7 1 -4.43915e-6 -3.97954e-6 1 -2.34367e-5 -4.32972e-6 1 -1.9771e-5 2.68873e-6 1 1.46823e-5 6.82017e-5 1 0 -1.45873e-5 1 -8.7514e-6 -1.59901e-5 1 -9.21171e-6 -1.80469e-5 1 -1.00366e-5 -2.01383e-6 1 -1.23096e-6 6.22425e-6 1 -1.70208e-6 0 1 1.49552e-6 0 1 -2.98004e-6 0 1 -1.68366e-6 1.64798e-5 1 0 0.005144834 0.9999868 0 0.007628381 0.999971 0 0.005135595 0.9999868 0 0.01026487 0.9999473 0 0.01024216 0.9999476 0 0.02045726 0.9997907 -3.90272e-7 0.02290618 0.9997377 0 0.02046191 0.9997907 0 0.02290618 0.9997377 0 -0.7363896 -0.6765577 -3.34478e-5 -0.5877857 -0.8090167 1.25398e-5 -0.505956 -0.8625594 -1.75065e-6 -0.3090161 -0.9510568 -7.32741e-6 -0.2539144 -0.9672268 -3.39374e-6 2.06828e-5 -1 -8.5734e-6 1.66893e-5 -1 1.60933e-6 -0.8090172 -0.587785 2.06304e-5 -0.9022456 -0.4312226 1.23116e-5 -0.9510565 -0.3090173 -3.78254e-5 -0.988977 -0.1480692 3.60736e-5 -1 0 1.89815e-5 -0.988977 0.1480692 3.60738e-5 -0.9510564 0.3090173 -3.78287e-5 -0.9022457 0.4312225 1.23126e-5 -0.8090173 0.587785 2.06269e-5 -0.7363896 0.6765577 -3.34405e-5 -0.5877665 0.8090306 -7.97887e-6 -0.5059729 0.8625494 5.56e-7 -0.5877743 0.809025 3.80166e-6 -0.5059363 0.8625709 -5.03659e-6 -0.3090161 0.9510569 -7.27805e-6 -0.2539113 0.9672276 -3.52412e-6 3.13968e-5 0.9999985 -0.001817107 1.58995e-5 1 1.59046e-6 -2.18891e-5 0 -1 1.54674e-5 0 -1 0.7107497 0.7034451 3.34278e-5 0.5877861 0.8090165 1.23966e-5 0.5059421 0.8625675 3.89875e-7 0.3090161 0.9510568 -7.32741e-6 0.2539144 0.9672268 -3.39374e-6 -2.06828e-5 1 -8.5734e-6 -1.66893e-5 1 1.60933e-6 0.8090172 0.5877851 -9.06386e-6 0.8677419 0.4970151 -5.08991e-6 0.9510554 0.3090208 2.82452e-5 0.9663518 0.2572242 -1.04158e-4 2.18891e-5 0 -1 -1.54674e-5 0 -1 -1.33944e-5 0 1 -8.9795e-6 0 1 6.9841e-6 0 1 -1.55058e-5 0 1 -5.38778e-6 0 1 -1.11746e-5 0 1 4.19055e-6 0 1 1.43672e-5 0 1 0.1720623 -0.5295555 0.8306416 4.58304e-6 -0.5568286 0.8306275 0.1816419 -0.5590271 0.8090087 -3.36998e-7 -0.7343935 0.6787239 0.2499802 -0.7694199 0.587795 7.11065e-7 -0.8719409 0.4896112 0.2938869 -0.9045026 0.3090398 4.76371e-6 -0.9617816 0.2738177 0.2972065 -0.9147111 0.2738105 0.5590187 -0.7694284 0.3089955 0.5653204 -0.7780964 0.2738227 0.769418 -0.5590116 0.309034 0.7781016 -0.565324 0.2738009 0.9045141 -0.2938941 0.3089994 0.914718 -0.2972093 0.2737843 0.9510591 -4.14345e-6 0.3090096 0.9617868 0 0.2737995 0.9045125 0.2938996 0.3089991 0.9147062 0.2972064 0.2738268 0.769419 0.5590129 0.3090294 0.7781035 0.565325 0.273793 0.5590177 0.769428 0.3089979 0.565327 0.7781066 0.2737802 0.2938966 0.9045124 0.3090019 0.2972102 0.9147189 0.27378 4.72879e-6 0.9617804 0.273822 0 0.8719406 0.4896118 0.2499776 0.7694192 0.587797 0.4755337 0.6545134 0.5877754 0.654515 0.4755324 0.5877746 0.7694293 0.2500005 0.5877741 0.8090252 -1.0693e-6 0.587774 0.7694304 -0.2500005 0.5877726 0.6544896 -0.4755158 0.5878164 0.4755346 -0.6545148 0.5877732 -1.63165e-6 0.734393 0.6787246 0.1816309 0.5590049 0.8090265 0.3454897 0.4755113 0.8090277 0.4755322 0.3454528 0.8090313 0.5590037 0.1816214 0.8090294 0.5878067 2.1079e-5 0.8090015 0.5590054 -0.1816103 0.8090307 0.4755104 -0.3455014 0.8090233 0.3454813 -0.4755195 0.8090266 4.47128e-6 0.5568322 0.8306251 0.172069 0.5295714 0.8306302 0.3272918 0.4504796 0.8306312 0.450475 0.3272886 0.8306351 0.5295723 0.172069 0.8306297 0.5568192 0 0.8306339 0.5295684 -0.1720681 0.8306322 0.4504967 -0.327306 0.8306164 0.3272967 -0.4504843 0.8306269 1.33944e-5 0 1 8.9795e-6 0 1 1.55058e-5 0 1 5.38778e-6 0 1 1.22986e-5 0 1 -1.43672e-5 0 1 -0.1720623 0.5295555 0.8306416 3.43286e-6 0.556829 0.8306272 -0.1816419 0.5590271 0.8090087 0 0.7343938 0.6787236 -0.2499802 0.7694199 0.587795 -7.11065e-7 0.8719409 0.4896112 -0.2938869 0.9045026 0.3090398 -4.76371e-6 0.9617816 0.2738177 -0.2972065 0.9147111 0.2738105 -0.5590187 0.7694284 0.3089955 -0.5653204 0.7780964 0.2738227 -0.769418 0.5590116 0.309034 -0.7781016 0.565324 0.2738009 -0.9045141 0.2938941 0.3089994 -0.914718 0.2972093 0.2737843 -0.9510591 4.11877e-6 0.3090093 -0.9617868 0 0.2737995 -0.9045124 -0.2938995 0.3089991 -0.9147062 -0.2972064 0.2738268 -0.7694188 -0.5590128 0.3090299 -0.7781035 -0.565325 0.273793 -0.5590165 -0.7694274 0.3090019 -0.565327 -0.7781066 0.2737802 -0.2938967 -0.9045129 0.3090004 -0.2972102 -0.9147189 0.27378 -4.72879e-6 -0.9617804 0.273822 3.22703e-7 -0.8719405 0.4896118 -0.2499797 -0.7694187 0.5877969 -0.475532 -0.6545126 0.5877777 -0.3454963 -0.4755198 0.80902 -0.6545148 -0.4755324 0.5877749 -0.4755322 -0.3454528 0.8090313 -0.7694288 -0.2500024 0.5877739 -0.5590037 -0.1816214 0.8090294 -0.8090255 7.98143e-7 0.5877737 -0.5878067 -2.1079e-5 0.8090015 -0.7694294 0.2500036 0.5877727 -0.5590054 0.1816103 0.8090307 -0.654515 0.4755339 0.5877736 -0.4755104 0.3455014 0.8090233 -0.4755334 0.6545156 0.5877732 -0.3454813 0.4755195 0.8090266 1.39405e-6 -0.7343932 0.6787242 -0.1816338 -0.5590035 0.8090268 -0.1720679 -0.5295702 0.8306313 -0.3272918 -0.4504796 0.8306312 -3.29129e-6 -0.5568316 0.8306254 -0.450475 -0.3272886 0.8306351 -0.5295723 -0.172069 0.8306297 -0.5568192 0 0.8306339 -0.5295684 0.1720681 0.8306322 -0.4504967 0.327306 0.8306164 -0.3272967 0.4504843 0.8306269 0.2938901 -0.9045113 0.3090113 0.2972086 -0.9147135 0.2737996 0.5590164 -0.7694264 0.3090046 0.5653249 -0.7781044 0.273791 0.7694166 -0.5590164 0.3090288 0.7781032 -0.5653256 0.2737931 0.9045132 -0.2938969 0.3089991 0.9147058 -0.2972051 0.2738295 0.9510486 2.33995e-7 0.3090414 0.9617838 4.45871e-7 0.2738104 0.9045099 0.2938967 0.3090091 0.9147129 0.2972075 0.2738032 0.7694268 0.5590168 0.309003 0.7781057 0.5653264 0.2737839 0.559011 0.7694199 0.3090305 0.5653244 0.7781035 0.2737943 0.2938947 0.9045136 0.3090005 0.2972105 0.9147189 0.2737795 0.2500253 0.769424 0.5877705 0.4755295 0.6545167 0.5877752 0.6545172 0.4755293 0.5877748 0.7694289 0.2500034 0.5877735 0.8090276 -1.74071e-7 0.5877706 0.769429 -0.250002 0.5877739 0.5590285 -0.1816533 0.8090051 0.4755357 -0.3455054 0.8090066 0.529555 -0.1720638 0.8306417 0.4504874 -0.3272982 0.8306244 0.1816281 0.558998 0.8090319 0.3454777 0.475515 0.8090308 0.4755164 0.3454762 0.8090305 0.5590305 0.1816366 0.8090076 0.5877822 -7.89694e-6 0.8090192 0.5568338 0 0.8306239 0.1720647 0.5295588 0.8306391 0.3272907 0.4504779 0.8306327 0.4504785 0.3272929 0.8306314 0.5295519 0.1720612 0.8306443 0.327295 -0.4504819 0.8306287 0.3454895 -0.4755151 0.8090256 0.6545157 -0.4755317 0.5877745 0.4755319 -0.6545146 0.5877755 0.181635 -0.5590299 0.8090083 0.1720652 -0.5295628 0.8306365 0.2500252 -0.7694223 0.5877727 -0.2938911 0.9045124 0.3090071 -0.2972086 0.9147135 0.2737996 -0.5590164 0.7694264 0.3090046 -0.7694168 0.5590155 0.3090303 -0.7781032 0.5653256 0.2737931 -0.9045138 0.2938956 0.3089987 -0.9147058 0.2972051 0.2738295 -0.9510499 5.2969e-7 0.3090378 -0.9617838 -4.45871e-7 0.2738104 -0.9045099 -0.2938967 0.3090091 -0.9147129 -0.2972075 0.2738032 -0.7694268 -0.5590168 0.309003 -0.7781057 -0.5653264 0.2737839 -0.559011 -0.7694199 0.3090305 -0.5653244 -0.7781035 0.2737943 -0.2938947 -0.9045136 0.3090005 -0.2972105 -0.9147189 0.2737795 -0.2500248 -0.769424 0.5877707 -0.4755331 -0.6545136 0.5877757 -0.6545147 -0.4755321 0.5877754 -0.7694293 -0.2500003 0.5877742 -0.8090245 1.01789e-6 0.587775 -0.769429 0.2500018 0.5877738 -0.6545137 0.475534 0.5877749 -0.4755327 0.6545149 0.5877745 -0.2499811 0.7694192 0.5877954 -0.1816416 0.5590299 0.8090068 -0.1720655 0.5295611 0.8306374 -0.3272839 0.4504675 0.830641 -0.3455009 0.4755154 0.8090206 -0.4504829 0.3272947 0.8306283 -0.4755161 0.3454784 0.8090298 -0.5295593 0.1720643 0.830639 -0.5590342 0.1816441 0.8090032 -0.5568338 0 0.8306239 -0.5877707 4.39944e-7 0.8090276 -0.5295554 -0.1720631 0.8306416 -0.5590289 -0.1816447 0.8090067 -0.4504819 -0.3272947 0.8306289 -0.4755151 -0.3454822 0.8090286 -0.3272972 -0.450487 0.8306251 -0.345484 -0.4755172 0.8090267 -0.1720637 -0.5295593 0.830639 -0.1816483 -0.5590345 0.8090021 0.707106 0.7071076 0 0.5564425 0.8308862 6.97561e-6 0.7070965 0.7071171 -6.60215e-6 0.7070984 0.7071152 -9.574e-7 0.5564267 0.8308968 -1.14716e-6 0.4539921 0.8910056 -1.8998e-5 0.3799886 0.9249913 4.4913e-7 0.1564351 0.9876883 1.49217e-5 0.1884718 0.9820786 1.23761e-6 -0.005502104 0.9999849 0 -0.1564373 0.987688 1.66604e-5 -0.1958042 0.9806431 -1.4049e-6 -0.3839024 0.9233737 1.99908e-6 -0.4539914 0.8910062 -1.51116e-5 -0.5576241 0.8300936 5.74626e-7 -0.7071067 0.707107 7.61356e-6 -0.7071978 0.7070159 2.4098e-7 -0.8274911 0.5614788 1.1446e-6 -0.8910068 0.4539899 8.89879e-6 -0.9211435 0.3892235 2.98396e-6 -0.9876881 0.1564362 1.29081e-5 -0.9798806 0.1995849 0 -0.999985 0.005484819 -1.20916e-5 -0.9876885 -0.1564336 -1.16732e-5 -0.9825965 -0.1857535 -2.80095e-7 -0.9259741 -0.3775873 -1.47877e-7 -0.8910061 -0.4539917 -2.30465e-5 -0.8314718 -0.5555671 1.69966e-5 -0.7071197 -0.707094 5.26756e-6 -0.7071065 -0.7071071 0 0.7071065 0.7071071 0 0.5556379 0.8314244 -1.50651e-5 0.707107 0.7071067 1.70087e-5 0.4539822 0.8910108 -8.72277e-6 0.3776243 0.9259589 -2.35531e-6 0.453991 0.8910063 2.89362e-6 0.3775839 0.9259755 1.12504e-6 0.1564329 0.9876886 -1.18697e-5 0.1857547 0.9825961 -2.27941e-7 -0.005482971 0.999985 -9.34029e-7 -0.1564359 0.9876881 1.17896e-5 -0.1995879 0.9798799 -5.45755e-7 -0.3892255 0.9211426 2.54298e-6 -0.4539901 0.8910069 7.65734e-6 -0.5614844 0.8274874 1.9226e-6 -0.7071065 0.707107 6.10575e-6 -0.7070178 0.7071958 -3.94648e-7 -0.8300932 0.5576246 7.63917e-7 -0.8910058 0.4539919 -1.63587e-5 -0.9233922 0.3838577 -1.21281e-6 -0.987688 0.156437 1.62162e-5 -0.9806439 0.1958 -3.06545e-6 -0.9999849 0.005502462 -2.64692e-7 -0.9876883 -0.1564351 1.48555e-5 -0.982071 -0.1885118 -2.80008e-6 -0.9249911 -0.379989 3.07569e-7 -0.891006 -0.4539916 -1.91145e-5 -0.830881 -0.5564502 5.27897e-6 -0.7070966 -0.707117 -5.91576e-6 -0.7071061 -0.7071075 0 0.7071104 0.7071033 -6.38887e-7 0.5575531 0.8301413 0 0.7071176 0.707096 4.18809e-6 0.4539912 0.8910062 -1.22422e-5 0.3838222 0.9234071 1.38977e-6 0.1564373 0.987688 1.87159e-5 0.1957737 0.9806491 1.40304e-6 0.005454123 0.9999852 -4.64534e-7 -0.1564358 0.9876882 1.4632e-5 -0.1885125 0.9820709 1.11567e-6 -0.3800141 0.9249808 -3.21888e-7 -0.4539924 0.8910056 -2.01678e-5 -0.5564629 0.8308726 6.82363e-6 -0.7071146 0.707099 -5.62519e-6 -0.7071063 0.7071074 0 -0.8308805 0.556451 6.81542e-6 -0.7071171 0.7070964 1.70991e-6 -0.830887 0.5564414 3.61353e-7 -0.8910056 0.4539923 -1.86404e-5 -0.9249814 0.3800128 0 -0.9876882 0.1564361 1.4619e-5 -0.9820703 0.1885154 8.29459e-7 -0.9999852 -0.005453824 -7.43952e-7 -0.9876881 -0.1564368 1.85063e-5 -0.9806501 -0.1957688 4.73578e-7 -0.9234084 -0.383819 1.01002e-6 -0.8910061 -0.4539915 -1.36336e-5 -0.8301417 -0.5575525 1.13389e-6 8.47876e-6 6.41495e-6 1 0.1240618 0.1811074 0.9756069 -5.95301e-6 -1.42157e-5 1 0.08865827 0.2007946 0.9756134 3.241e-6 -2.32905e-5 1 0.05024921 0.2136691 0.9756129 -1.13137e-5 1.74642e-5 1 0.01013886 0.2192552 0.9756149 6.21844e-6 4.93228e-6 1 -0.03032052 0.2174059 0.9756103 1.71196e-5 -8.71718e-6 1 -0.06975358 0.2081306 0.9756107 -8.0578e-6 -1.92225e-6 1 -0.1068165 0.1917862 0.9756066 2.23517e-7 -2.19047e-5 1 -0.1402414 0.1688845 0.9756077 1.95727e-5 3.72529e-7 1 -0.1688748 0.1402318 0.9756108 1.33514e-5 -2.29552e-5 1 -0.191769 0.1068167 0.97561 -2.40654e-6 -2.13459e-6 1 -0.2081471 0.06976252 0.9756066 1.81869e-5 -1.97254e-6 1 -0.2174044 0.03032588 0.9756104 5.29736e-6 4.9714e-6 1 -0.2192595 -0.01013344 0.975614 -2.33278e-5 4.40236e-6 1 -0.2137016 -0.05026239 0.9756052 7.59959e-7 4.12948e-6 1 -0.2008184 -0.08867108 0.9756073 -1.83582e-5 -1.02259e-5 1 -0.1810847 -0.1240408 0.9756138 -1.84774e-6 2.30223e-6 1 -0.7071037 -0.7071099 0 -0.7071105 -0.7071032 -1.37396e-5 -0.8062736 -0.591543 -2.7502e-4 -0.8176173 -0.5757622 -5.51343e-6 -0.8869106 -0.4619414 -5.80534e-5 -0.9063143 -0.4226046 -2.59981e-5 -0.9468295 -0.3217361 -3.10073e-5 -0.9659195 -0.258843 1.70817e-5 -0.9847357 -0.1740566 -6.95217e-5 -0.996196 -0.08714085 1.65368e-6 -0.9997507 -0.02233064 2.91644e-6 -0.999751 -0.02231949 2.10753e-6 -0.9997508 -0.0223264 0 -0.9999723 -0.0074445 2.81923e-6 -0.9999723 0.007444441 3.77116e-6 -0.9961965 0.0871368 2.61017e-5 -0.9997501 0.0223571 -2.00869e-4 -0.9821861 0.187911 -2.21019e-5 -0.9997509 0.02232044 3.99668e-6 -0.9659227 0.258831 1.11223e-5 -0.9373881 0.3482869 -1.07273e-4 -0.9063069 0.4226204 2.43668e-5 -0.8666003 0.4990031 8.13489e-5 -0.8191545 0.5735731 2.06897e-5 -0.7717853 0.6358833 -5.10146e-5 -0.7071176 0.707096 7.3589e-7 -0.6555725 0.7551323 3.73944e-5 -0.5735935 0.8191402 -1.54085e-5 -0.5211807 0.8534464 -9.66598e-5 -0.4225952 0.9063187 2.38681e-6 -0.3723419 0.9280958 -9.96783e-6 -0.2587951 0.9659323 -4.26552e-6 -0.2131788 0.9770133 1.93343e-6 -0.08713805 0.9961963 -1.13898e-5 -0.04808914 0.9988431 4.23652e-5 0.01520657 0.9998844 -4.38769e-7 0.08714675 0.9961956 -6.31833e-6 0.01520657 0.9998844 4.35277e-7 0.022852 0.9997389 2.3772e-7 0.02283877 0.9997392 2.16693e-7 0.2587941 0.9659325 -8.17189e-6 0.4226289 0.9063029 2.47572e-5 0.5735581 0.8191649 2.03317e-5 0.7071048 0.7071089 -1.97673e-7 0.02291113 0.9997376 -5.03489e-7 0.1183034 0.9929776 9.3854e-6 0.2814327 0.959581 1.28527e-5 0.4367565 0.8995798 -1.64052e-6 0.5799729 0.8146359 6.36233e-6 0.7071025 0.7071111 -9.44268e-6 0.1552327 0.1552042 0.9756099 0.1552326 0.155204 0.9756099 0.157754 0.1526409 0.9756098 0.1577561 0.1526487 0.9756082 0.1552155 0.1552333 0.975608 0.1602272 0.1501017 0.9756008 0.160192 0.150067 0.9756119 0.1623343 0.14776 0.9756099 0.164048 0.1458428 0.9756118 0.1653885 0.1443468 0.9756078 0.1663272 0.1432449 0.9756107 0.1667987 0.1427 0.9756101 0.1798077 0.1258841 0.975614 0.1668264 0.14267 0.9756097 0.1664653 0.1430951 0.9756091 0.1656978 0.1439873 0.9756085 0.1645476 0.1452819 0.9756113 0.1631535 0.1468504 0.9756106 0.1614448 0.1487018 0.9756144 0.1595031 0.150801 0.9756116 0.157404 0.1530219 0.9756067 0.1573829 0.1530085 0.9756122 0.1552203 0.1552245 0.9756086 0.1574103 0.1529886 0.9756109 0.1552062 0.1552286 0.9756102 0.1552063 0.1552286 0.9756101 0.1989511 0.09276115 0.9756095 0.2120132 0.05681508 0.975614 0.2186496 0.01916062 0.9756153 0.2187045 -0.01911085 0.9756041 0.2120105 -0.05679738 0.9756155 0.1989142 -0.09278619 0.9756146 0.1798286 -0.125935 0.9756035 0.166817 -0.142678 0.9756102 0.1668779 -0.1426091 0.9756098 0.168824 -0.1402995 0.9756099 0.1668155 -0.1426818 0.9756098 0.1667727 -0.142761 0.9756056 0.1688893 -0.1402235 0.9756095 0.1663314 -0.1432412 0.9756106 0.1663233 -0.1432631 0.9756088 0.1688855 -0.1402274 0.9756096 0.1654092 -0.1442976 0.9756116 0.1653707 -0.1442847 0.97562 0.1640488 -0.1458714 0.9756073 0.1623354 -0.1477625 0.9756093 0.1601948 -0.1500766 0.9756099 0.1577579 -0.1526424 0.975609 0.1552297 -0.1552291 0.9756063 0.1526525 -0.1577667 0.975606 0.1500707 -0.1601914 0.9756114 0.1477646 -0.1623358 0.975609 0.145867 -0.1640489 0.9756079 0.1443632 -0.1653823 0.9756065 0.1431179 -0.1662747 0.9756383 0.1432493 -0.1663269 0.9756101 0.1402588 -0.1688555 0.9756102 0.1426871 -0.1667989 0.9756119 0.1427546 -0.1667532 0.9756099 0.1402259 -0.1688853 0.9756098 0.1426455 -0.1668468 0.9756098 0.1426622 -0.1668342 0.9756095 0.1258817 -0.1798561 0.9756053 0.1430979 -0.1664612 0.9756094 0.1439875 -0.1656967 0.9756087 0.1452834 -0.1645431 0.9756118 0.1468513 -0.163154 0.9756104 0.1487048 -0.1614449 0.9756139 0.1507968 -0.1594933 0.9756138 0.1530197 -0.1573971 0.9756081 0.1530221 -0.1574041 0.9756066 0.1552039 -0.1552277 0.9756106 0.152996 -0.1574087 0.97561 0.1552481 -0.1551877 0.97561 0.1552482 -0.1551877 0.97561 0.1552878 -0.1551687 0.9756067 0.1552874 -0.1551688 0.9756067 0.1573609 -0.1530623 0.9756073 0.1573736 -0.1530117 0.9756131 0.1594935 -0.1507963 0.9756138 0.1614534 -0.1487067 0.9756122 0.1631509 -0.1468502 0.975611 0.1645812 -0.1452774 0.9756063 0.1656967 -0.1439878 0.9756086 0.1664659 -0.143095 0.975609 0.1668344 -0.1426636 0.9756093 0.09272873 -0.1989671 0.9756093 0.05689609 -0.2120314 0.9756053 0.01917248 -0.2186492 0.9756153 -0.01912081 -0.2186626 0.9756132 -0.05681794 -0.2120091 0.9756146 -0.09277606 -0.1989141 0.9756156 -0.1258479 -0.1798488 0.975611 -0.1432455 -0.1663283 0.9756104 -0.1427049 -0.1667937 0.9756103 -0.1477417 -0.162328 0.9756137 -0.145842 -0.1640489 0.9756116 -0.1443465 -0.165389 0.9756079 -0.1552265 -0.1552106 0.9756098 -0.1526291 -0.1577653 0.9756099 -0.1552265 -0.1552106 0.9756098 -0.1526544 -0.1577573 0.9756072 -0.1500678 -0.1601936 0.9756115 -0.1426763 -0.1668197 0.97561 -0.1430919 -0.1664693 0.9756089 -0.1439872 -0.1656977 0.9756085 -0.1452824 -0.1645443 0.9756117 -0.1468497 -0.1631594 0.9756097 -0.1487151 -0.1614859 0.9756055 -0.1508064 -0.1595107 0.9756094 -0.1530088 -0.1573736 0.9756137 -0.1552253 -0.1552243 0.9756079 -0.1552557 -0.1551842 0.9756093 -0.1529393 -0.1574737 0.9756084 -0.1552559 -0.1551842 0.9756094 0.8191666 0.5735557 0 0.9063023 0.4226302 -2.54363e-5 0.9659253 0.258821 2.34051e-5 0.9961957 0.08714419 2.18078e-5 0.9961935 -0.0871694 7.7039e-6 0.9659271 -0.2588146 -6.96629e-6 0.9063185 -0.4225953 -1.34055e-5 0.8191599 -0.5735653 1.14813e-5 0.7071205 -0.7070931 2.16402e-5 0.5735727 -0.8191547 -1.94991e-5 0.4226006 -0.9063161 1.24769e-5 0.258844 -0.9659191 1.33244e-5 0.08713829 -0.9961963 9.82208e-6 -0.08717685 -0.9961929 -5.8813e-7 -0.1182742 -0.992981 8.44544e-5 0.04810011 -0.9988426 -2.33813e-5 -0.2588338 -0.9659219 1.98135e-5 -0.2814553 -0.9595744 -2.1394e-4 -0.4226354 -0.9062998 -2.44883e-5 -0.436822 -0.8995479 -3.50417e-4 -0.5735912 -0.8191417 1.44931e-5 -0.5800374 -0.81459 -1.2061e-4 0.213177 -0.9770136 9.58517e-6 0.3723286 -0.9281011 5.81187e-5 0.5211851 -0.8534437 9.16317e-6 0.6555732 -0.7551317 4.86337e-6 0.7717855 -0.6358829 1.21649e-5 0.8666008 -0.4990022 1.48793e-5 0.9373877 -0.3482877 -1.47708e-6 0.982185 -0.1879163 -1.42781e-5 0.9997507 -0.02232968 5.40446e-6 0.999751 -0.02231591 -8.91276e-7 0.999973 -0.007352709 -7.55326e-5 0.999973 0.007352709 -7.55331e-5 0.9997503 0.02235162 -1.81957e-7 0.9997508 0.0223248 -3.62564e-6 0.9997503 0.02234637 1.64565e-6 0.9847362 0.174054 2.31294e-5 0.9468303 0.3217336 -2.19657e-5 0.8869149 0.461933 -4.08897e-6 0.8063834 0.5913932 1.05612e-6 0.01521438 -0.9998843 -5.51459e-7 0.0228632 -0.9997386 -3.43658e-7 0.02326875 -0.9997293 -1.52541e-7 0.0151664 -0.999885 1.89489e-6 0.02287662 -0.9997384 0 0.02286887 -0.9997385 0 -4.60015e-6 0 1 6.13354e-6 0 1 -1.2267e-5 0 1 9.2002e-6 0 1 -1.2267e-5 0 1 -9.2002e-6 0 1 1.22671e-5 0 1 2.22188e-5 0 1 -2.22188e-5 0 1 1.2267e-5 0 1 4.60015e-6 0 1 -6.13354e-6 0 1 -1.22672e-5 0 1 -1.11095e-5 0 1 1.2267e-5 0 1 -0.1986248 -0.2367144 0.9510598 -0.3335305 -0.3335305 0.8817681 -0.3778192 -0.4502751 0.809015 -0.487702 -0.4877017 0.7240814 -0.5200095 -0.6197604 0.5877817 -0.6065477 -0.6065478 0.5140037 -0.6113237 -0.7285555 0.3090152 -0.6814962 -0.6814963 0.2666943 -0.4755262 -0.823632 0.3090394 -0.4045107 -0.7006329 0.5877794 -0.2766991 -0.7602239 0.5877901 -0.2010403 -0.5523553 0.8090034 -0.1020661 -0.5788431 0.8090261 -0.05366671 -0.3043498 0.9510474 -9.91626e-7 -0.3089944 0.9510639 0.05366259 -0.3043442 0.9510495 0.105698 -0.2904042 0.9510486 0.1544951 -0.2675961 0.9510645 0.198618 -0.236705 0.9510635 0.2367375 -0.1986462 0.9510495 0.2676297 -0.1545174 0.9510514 0.290386 -0.1056905 0.951055 0.3043342 -0.05366307 0.9510526 0.3090275 1.5141e-6 0.9510531 0.3043359 0.05366259 0.951052 0.2903941 0.105693 0.9510522 0.267631 0.1545189 0.9510508 0.2367141 0.1986204 0.9510607 0.3335397 0.3335207 0.8817682 0.4502646 0.3778246 0.8090183 0.4877048 0.4876976 0.7240824 0.6197546 0.5200139 0.5877838 0.6065461 0.6065468 0.5140069 0.7285388 0.6113324 0.3090374 0.6815098 0.6815013 0.2666466 0.8236386 0.4755419 0.3089978 0.8937008 0.3252951 0.3090015 0.936614 0.1651605 0.3089924 0.9510633 8.83825e-6 0.3089964 0.9366021 -0.1651387 0.3090399 0.8937098 -0.3252752 0.3089966 0.8236464 -0.4755268 0.3090001 0.7285594 -0.6113263 0.3090006 0.6113296 -0.7285587 0.3089958 0.4755273 -0.8236318 0.3090381 0.3252913 -0.8937029 0.3089999 0.1651588 -0.9366136 0.3089948 9.49763e-6 -0.9510578 0.3090131 -0.16514 -0.9366046 0.3090319 -0.3252705 -0.8937101 0.3090006 -0.1056957 -0.2903985 0.9510505 -0.2938869 -0.5090264 0.8090257 -0.154497 -0.267598 0.9510637 -0.1404854 -0.7967303 0.5877795 -3.10072e-7 -0.5877746 0.8090247 -1.6077e-7 -0.8090142 0.5877891 0.1020726 -0.5788823 0.8089973 0.1404891 -0.7967542 0.5877462 0.2010455 -0.5523684 0.8089932 0.2767015 -0.7602301 0.587781 0.2939036 -0.5090569 0.8090006 0.4045094 -0.7006313 0.5877822 0.3778138 -0.4502602 0.8090258 0.5200223 -0.6197391 0.5877927 0.4502609 -0.3778139 0.8090254 0.619741 -0.5200244 0.5877888 0.5090226 -0.2938841 0.8090291 0.7006278 -0.4045078 0.5877876 0.5523611 -0.2010426 0.8089988 0.7602294 -0.2767012 0.5877822 0.5788777 -0.1020718 0.8090006 0.7967255 -0.1404841 0.5877863 0.5877698 -1.33121e-7 0.8090282 0.8090168 -1.99711e-7 0.5877857 0.5788761 0.102072 0.8090018 0.7967225 0.1404839 0.5877906 0.5523295 0.2010318 0.8090232 0.760227 0.2767003 0.5877856 0.5090247 0.2938862 0.8090271 0.7006299 0.404509 0.5877843 0.8314483 0.5556022 9.33069e-7 0.8910069 0.4539899 2.2281e-5 0.9259576 0.3776275 -3.23443e-6 0.9876886 0.1564334 -1.16872e-5 0.9825968 0.1857519 -3.31085e-7 0.999985 -0.005485117 -1.20963e-5 0.9876883 -0.1564356 1.29938e-5 0.9798803 -0.1995866 0 0.9211424 -0.3892258 1.51945e-6 0.891007 -0.4539899 8.78144e-6 0.8274909 -0.5614793 3.53786e-7 0.7071067 -0.7071069 7.49156e-6 0.7071666 -0.7070471 0 0.5576239 -0.8300938 5.74859e-7 0.4539908 -0.8910064 -1.4686e-5 0.383902 -0.9233739 1.62376e-6 0.156437 -0.987688 1.64788e-5 0.1958037 -0.9806432 -2.2687e-6 0.005502045 -0.9999849 -4.29151e-7 -0.1564363 -0.9876881 1.45398e-5 -0.1885161 -0.9820701 -3.33361e-6 -0.3799877 -0.9249915 4.51924e-7 -0.453992 -0.8910058 -1.89999e-5 -0.5564258 -0.8308974 -1.13086e-6 -0.7070984 -0.7071152 -9.574e-7 -0.5564425 -0.8308862 6.97561e-6 0.8308814 0.5564497 4.88589e-6 0.8910061 0.4539913 -1.92467e-5 0.9249914 0.3799881 -1.38883e-7 0.9876882 0.156436 1.49813e-5 0.9820711 0.1885108 -2.70695e-6 0.9999849 -0.005505144 -2.15325e-7 0.987688 -0.156437 1.607e-5 0.9806441 -0.1957988 -2.98256e-6 0.9233744 -0.3839006 1.97464e-6 0.8910063 -0.453991 -1.66381e-5 0.8300916 -0.557627 6.31902e-7 0.7071071 -0.7071065 6.08899e-6 0.7070488 -0.7071648 3.23402e-7 0.5614836 -0.827488 7.05593e-7 0.4539901 -0.8910068 7.30343e-6 0.3892246 -0.9211429 2.33436e-6 0.1564361 -0.9876882 1.11777e-5 0.1995872 -0.9798801 -6.48433e-7 0.005482614 -0.999985 -1.99507e-7 -0.1564337 -0.9876884 -1.28057e-5 -0.1857549 -0.9825961 -3.01749e-7 -0.3776279 -0.9259575 -2.01268e-6 -0.4539914 -0.8910061 -2.40337e-5 -0.5556236 -0.831434 -1.11666e-6 -0.7071059 -0.7071077 -4.02145e-6 -0.5556219 -0.8314352 -1.56462e-7 0.6113393 0.728542 0.3090159 0.4755266 0.8236315 0.3090397 0.3252834 0.8937063 0.3089981 0.1651553 0.9366 0.3090376 5.88922e-6 0.9510579 0.3090128 -0.165142 0.9366153 0.3089985 -0.3252739 0.8937117 0.3089926 -0.4755128 0.8236401 0.3090381 -0.6113187 0.7285673 0.3089973 -0.72855 0.6113362 0.3090032 -0.8236365 0.4755441 0.3089997 -0.8937039 0.3252891 0.3089993 -0.9365991 0.1651546 0.3090404 -0.9510632 7.07805e-6 0.3089964 -0.9366011 -0.1651418 0.3090413 -0.893707 -0.3252775 0.3090023 -0.8236461 -0.4755304 0.3089956 -0.7285453 -0.6113233 0.3090401 -0.6197556 -0.5200148 0.5877821 -0.7006288 -0.40451 0.5877848 -0.7602284 -0.2767006 0.5877838 -0.7967529 -0.1404891 0.5877479 -0.8090167 1.0031e-6 0.5877857 -0.7967241 0.1404873 0.5877876 -0.7602286 0.2766998 0.5877838 -0.7006269 0.4045091 0.5877877 -0.6197403 0.5200238 0.5877903 -0.5200415 0.6197615 0.5877523 -0.4045099 0.7006303 0.5877832 -0.2767016 0.7602311 0.5877797 -0.1404861 0.7967541 0.587747 -1.77742e-7 0.8090142 0.5877891 0.1404862 0.7967308 0.5877788 0.2766968 0.7602239 0.5877913 0.4045113 0.7006314 0.5877808 0.5200419 0.6197244 0.5877909 0.3778179 0.4502756 0.8090151 0.1986225 0.236717 0.9510595 0.1258262 0.1798387 0.9756157 0.1544988 0.267598 0.9510633 0.09277933 0.1989127 0.9756156 0.1056954 0.2904002 0.9510502 0.05683755 0.2119981 0.9756159 0.05365741 0.3043048 0.9510623 0.01916742 0.2186584 0.9756132 -8.69855e-7 0.3089943 0.9510639 -0.01911073 0.2186546 0.9756152 -0.0536623 0.304343 0.9510498 -0.05682516 0.2120503 0.9756053 -0.1056823 0.2903602 0.9510637 -0.09282171 0.1989238 0.9756093 -0.1545207 0.2676362 0.951049 -0.1258817 0.1798561 0.9756053 -0.1986177 0.2367045 0.9510636 -0.1552039 0.1552277 0.9756106 -0.2367011 0.1986156 0.9510649 -0.1798286 0.125935 0.9756035 -0.2675902 0.1544936 0.9510663 -0.1989595 0.09268879 0.9756147 -0.2903836 0.1056906 0.9510557 -0.211994 0.05685943 0.9756156 -0.3043364 0.05366295 0.9510519 -0.2186993 0.0191707 0.975604 -0.3090275 -1.5141e-6 0.9510531 -0.2186535 -0.0191158 0.9756154 -0.3043339 -0.05366259 0.9510527 -0.2120179 -0.05679768 0.9756138 -0.2903952 -0.1056963 0.9510515 -0.1989505 -0.09276235 0.9756095 -0.2676314 -0.1545159 0.9510512 -0.1798077 -0.1258841 0.9756139 -0.236714 -0.1986203 0.9510608 -0.4502655 -0.377824 0.8090179 -0.5877698 -1.63127e-7 0.8090283 -0.578878 0.102075 0.809 -0.5523576 0.2010449 0.8090006 -0.5090589 0.2939063 0.8089982 -0.4502593 0.3778128 0.8090266 -0.3778128 0.4502604 0.809026 -0.2939028 0.5090565 0.809001 -0.2010331 0.5523287 0.8090233 -0.1020702 0.57888 0.8089991 8.17824e-7 0.5877746 0.8090248 0.1020753 0.5788857 0.8089945 0.2010443 0.552356 0.8090019 0.2938839 0.5090273 0.8090264 -0.5788757 -0.1020706 0.8090023 -0.5523318 -0.2010327 0.8090214 -0.5090235 -0.2938845 0.8090285 -0.1601911 -0.1500665 0.9756121 -0.1577562 -0.1526499 0.975608 -0.1551967 -0.1552404 0.9756097 -0.1577517 -0.1526432 0.9756098 -0.1551969 -0.1552405 0.9756097 -0.1667987 -0.1427 0.9756101 -0.1668264 -0.14267 0.9756097 -0.1664653 -0.1430951 0.9756091 -0.1656978 -0.1439873 0.9756085 -0.1645476 -0.1452819 0.9756113 -0.1631535 -0.1468504 0.9756106 -0.1614448 -0.1487018 0.9756144 -0.1595031 -0.150801 0.9756116 -0.157404 -0.1530219 0.9756067 -0.1573829 -0.1530085 0.9756122 -0.1574103 -0.1529886 0.9756109 -0.1552062 -0.1552286 0.9756102 -0.1552063 -0.1552286 0.9756101 -0.166817 0.142678 0.9756102 -0.1668779 0.1426091 0.9756098 -0.168824 0.1402995 0.9756099 -0.1668155 0.1426818 0.9756098 -0.1667727 0.142761 0.9756056 -0.1688893 0.1402235 0.9756095 -0.1663314 0.1432412 0.9756106 -0.1663233 0.1432631 0.9756088 -0.1688855 0.1402274 0.9756096 -0.1654092 0.1442976 0.9756116 -0.1653707 0.1442847 0.97562 -0.1640488 0.1458714 0.9756073 -0.1623354 0.1477625 0.9756093 -0.1601948 0.1500766 0.9756099 -0.1577579 0.1526424 0.975609 -0.1552297 0.1552291 0.9756063 -0.1526525 0.1577667 0.975606 -0.1500707 0.1601914 0.9756114 -0.1477646 0.1623358 0.975609 -0.145867 0.1640489 0.9756079 -0.1443632 0.1653823 0.9756065 -0.1431179 0.1662747 0.9756383 -0.1432493 0.1663269 0.9756101 -0.1402588 0.1688555 0.9756102 -0.1426871 0.1667989 0.9756119 -0.1427546 0.1667532 0.9756099 -0.1402259 0.1688853 0.9756098 -0.1426455 0.1668468 0.9756098 -0.1426622 0.1668342 0.9756095 -0.1430979 0.1664612 0.9756094 -0.1439875 0.1656967 0.9756087 -0.1452834 0.1645431 0.9756118 -0.1468513 0.163154 0.9756104 -0.1487048 0.1614449 0.9756139 -0.1507968 0.1594933 0.9756138 -0.1530197 0.1573971 0.9756081 -0.1530221 0.1574041 0.9756066 -0.152996 0.1574087 0.97561 -0.1552481 0.1551877 0.97561 -0.1552482 0.1551877 0.97561 -0.1552878 0.1551687 0.9756067 -0.1552874 0.1551688 0.9756067 -0.1573609 0.1530623 0.9756073 -0.1573736 0.1530117 0.9756131 -0.1594935 0.1507963 0.9756138 -0.1614534 0.1487067 0.9756122 -0.1631509 0.1468502 0.975611 -0.1645812 0.1452774 0.9756063 -0.1656967 0.1439878 0.9756086 -0.1664659 0.143095 0.975609 -0.1668344 0.1426636 0.9756093 0.1427059 0.1667945 0.97561 0.1426747 0.1668218 0.9756098 0.1477417 0.162328 0.9756137 0.145842 0.1640489 0.9756116 0.1443465 0.165389 0.9756079 0.1552265 0.1552106 0.9756098 0.1526291 0.1577653 0.9756099 0.1552265 0.1552106 0.9756098 0.1526544 0.1577573 0.9756072 0.1500678 0.1601936 0.9756115 0.143247 0.1663261 0.9756106 0.1430913 0.166471 0.9756088 0.1439867 0.1656981 0.9756086 0.145282 0.1645441 0.9756118 0.1468511 0.1631595 0.9756094 0.1487153 0.1614852 0.9756056 0.1508052 0.1595112 0.9756096 0.1530092 0.1573733 0.9756137 0.1552557 0.1551842 0.9756093 0.1529393 0.1574737 0.9756084 0.1552559 0.1551842 0.9756094 -0.1663267 -0.1432455 0.9756107 -0.1653888 -0.1443481 0.9756076 -0.1640481 -0.1458433 0.9756116 -0.1623345 -0.1477608 0.9756097 0.7071294 0.7070842 0 0.7071073 0.7071063 -1.52895e-5 0.8301415 0.5575528 1.0056e-6 0.8910063 0.4539911 -1.35992e-5 0.9234091 0.3838171 8.97329e-7 0.9876879 0.1564376 1.84299e-5 0.9806507 0.1957661 5.34579e-7 0.9999852 0.005453348 -7.07994e-7 0.9876883 -0.1564357 1.46171e-5 0.9820619 -0.1885589 -3.65125e-6 0.9249812 -0.3800129 2.80328e-7 0.8910059 -0.4539918 -1.88602e-5 0.8308857 -0.5564432 8.25152e-7 0.7071164 -0.7070972 1.21444e-6 0.8308805 -0.556451 6.81356e-6 0.7071147 -0.7070989 -6.31157e-6 0.7071066 -0.707107 0 0.5564627 -0.8308726 6.77511e-6 0.4539924 -0.8910056 -2.06279e-5 0.3800137 -0.9249808 0 0.1564358 -0.9876882 1.47866e-5 0.1885123 -0.9820709 1.28459e-6 -0.005453765 -0.9999852 -7.21731e-7 -0.1564309 -0.987689 -2.58014e-5 -0.1957733 -0.9806492 2.17417e-6 -0.3837785 -0.9234253 -2.31015e-6 -0.4539909 -0.8910063 -1.27414e-5 -0.5575522 -0.8301419 7.09202e-7 -0.7071173 -0.7070963 3.51474e-6 -0.7071104 -0.7071033 -6.38887e-7 0.5615597 0.8274362 1.67219e-6 0.4539903 0.8910067 6.46431e-6 0.3893324 0.9210974 -1.38208e-6 0.1564416 0.9876872 -7.811e-6 0.1996573 0.9798658 7.87526e-6 0.1564579 0.9876846 5.90971e-6 0.1996437 0.9798687 2.35625e-6 0.005534708 0.9999848 -1.23292e-5 -0.1564334 0.9876886 -1.13538e-5 -0.1857172 0.9826032 -3.89293e-7 -0.3775603 0.925985 -1.98648e-6 -0.4539914 0.8910061 -2.29487e-5 -0.5556241 0.8314336 -1.40716e-5 -0.7071068 0.7071068 -2.90629e-5 -0.7071059 0.7071076 0 -0.8314309 0.5556281 -1.58345e-5 -0.8910062 0.4539912 -2.26395e-5 -0.9259842 0.3775625 1.18185e-6 -0.9876886 0.1564331 -1.11349e-5 -0.9826038 0.1857143 -1.71363e-7 -0.9999847 -0.005534231 -1.01048e-6 -0.9876883 -0.1564357 1.02706e-5 -0.9798662 -0.1996558 -4.88246e-7 -0.9210987 -0.3893295 -1.12783e-6 -0.8910071 -0.4539893 7.72998e-6 -0.8274341 -0.5615628 1.75985e-6 -0.707103 -0.7071107 5.02542e-6 -0.7071055 -0.7071082 1.39087e-6 -4.6001e-6 0 1 6.1335e-6 0 1 -1.22669e-5 0 1 9.20031e-6 0 1 -1.22671e-5 0 1 0.5295712 0.1720678 0.8306306 0.5568293 -4.11365e-6 0.830627 0.5590308 0.1816443 0.8090056 0.7343944 0 0.678723 0.769419 0.2499791 0.5877966 0.8719417 0 0.4896098 0.9045155 0.2938882 0.3090007 0.9617815 4.88432e-6 0.273818 0.9147182 0.2972106 0.273782 0.7694182 0.5590143 0.3090285 0.7781035 0.565325 0.2737931 0.5590156 0.7694258 0.3090074 0.5653246 0.7781023 0.2737972 0.293892 0.9045121 0.3090075 0.2972089 0.9147145 0.2737963 -2.33646e-6 0.9510628 0.3089979 0 0.9617788 0.2738279 -0.2938979 0.9045104 0.3090068 -0.2972081 0.9147141 0.2737982 -0.5590101 0.7694147 0.3090447 -0.5653204 0.7780964 0.2738227 -0.7694154 0.5590176 0.3090296 -0.7781032 0.5653256 0.2737926 -0.9045161 0.2938918 0.3089955 -0.9147099 0.2972074 0.273813 -0.961781 3.79235e-6 0.27382 -0.8719409 0 0.4896111 -0.7694189 0.2499781 0.5877972 -0.6545147 0.475533 0.5877746 -0.4755326 0.6545151 0.5877745 -0.2500045 0.7694261 0.5877767 3.47726e-6 0.8090244 0.5877751 0.2500031 0.7694284 0.5877742 0.4755328 0.6545134 0.5877762 0.6545138 0.4755339 0.5877749 -0.7343936 -6.20657e-7 0.6787239 -0.5589987 0.1816335 0.8090301 -0.4755135 0.3454869 0.8090277 -0.3454707 0.4755376 0.8090204 -0.1816292 0.5590005 0.8090299 -4.48453e-7 0.5877699 0.8090281 0.1816495 0.5590015 0.8090247 0.3454874 0.4755097 0.8090297 0.4755268 0.3454642 0.8090295 -0.5568339 -4.10993e-6 0.830624 -0.5295678 0.1720668 0.8306329 -0.4504883 0.3272982 0.830624 -0.3272857 0.4504686 0.8306397 -0.1720659 0.5295654 0.8306347 -5.0338e-7 0.5568209 0.8306327 0.1720709 0.5295771 0.8306261 0.3272885 0.4504736 0.8306359 0.4504784 0.3272921 0.8306317 -0.9045109 -0.2938919 0.3090107 -0.9147135 -0.2972076 0.273801 -0.7694273 -0.5590153 0.3090041 -0.7781057 -0.5653265 0.2737839 -0.5590113 -0.7694218 0.3090251 -0.56532 -0.7780952 0.2738267 -0.2938924 -0.9045079 0.309019 -0.2972066 -0.9147105 0.273812 5.47129e-6 -0.9510499 0.3090373 -1.82597e-7 -0.961784 0.2738096 0.2938976 -0.904514 0.3089964 0.2972063 -0.9147052 0.2738302 0.5590156 -0.769427 0.3090043 0.7694194 -0.5590096 0.3090343 0.7781014 -0.565324 0.2738013 0.9045139 -0.2938915 0.3090025 0.9147061 -0.2972054 0.2738282 0.7694235 -0.2500249 0.5877714 0.6545161 -0.4755324 0.5877735 0.4755333 -0.6545152 0.5877738 0.2499982 -0.7694296 0.5877747 -3.77645e-7 -0.8090247 0.5877747 -0.2500021 -0.7694227 0.5877822 -0.4755399 -0.654525 0.5877575 -0.1816475 -0.5590326 0.8090036 -0.3454784 -0.4755138 0.8090311 -0.1720641 -0.5295574 0.8306401 -0.3272903 -0.4504767 0.8306335 0.5590379 -0.1816383 0.8090021 0.4755159 -0.3454866 0.8090265 0.3454841 -0.4755209 0.8090246 0.1816157 -0.5590058 0.8090294 -3.17815e-5 -0.5877721 0.8090266 0.5295657 -0.172066 0.8306345 0.4504908 -0.3273003 0.8306218 0.3273016 -0.4504905 0.8306216 0.1720666 -0.5295634 0.8306358 -1.2503e-7 -0.5568264 0.830629 -0.4755108 -0.3454874 0.8090291 -0.4504799 -0.3272938 0.8306303 -0.5589991 -0.1816235 0.8090322 -0.5295488 -0.1720603 0.8306463 -0.7694182 -0.2499812 0.5877968 -0.6545153 -0.4755309 0.5877757 1.00458e-5 0 1 5.38097e-6 0 1 -5.381e-6 0 1 -3.87651e-6 0 1 -1.33946e-5 0 1 3.34865e-6 0 1 -5.38103e-6 0 1 5.38103e-6 0 1 -1.43671e-5 0 1 3.87639e-6 0 1 -0.5000014 0.8660247 0 0.5000024 -0.866024 0 -0.5000038 -0.8660233 0 -0.2499996 -0.4330139 0.866025 -0.2499969 0.4330142 0.8660256 0.2499963 0.4330132 0.8660263 0.249999 -0.4330129 0.8660258 -0.5344894 -0.8451753 0 -0.5138644 -0.8578715 -1.02632e-6 -0.4612451 -0.8872728 3.70666e-6 -0.3520811 -0.9359695 1.67075e-5 -0.4316659 -0.9020336 -4.95394e-6 -0.4144328 -0.9100799 -2.15881e-6 -0.3945608 -0.91887 -5.92554e-7 -0.3942422 -0.9190065 -9.8208e-7 -0.3942714 -0.9189941 1.33618e-6 -0.3036759 -0.9527754 -1.7833e-5 -0.3945606 -0.9188699 2.97325e-6 -0.395142 -0.9186201 7.15163e-6 -0.3971396 -0.9177582 1.30888e-5 -0.4612238 -0.8872839 4.91925e-6 -0.3998368 -0.9165865 -1.54376e-5 -0.4062583 -0.9137584 -7.0557e-6 -0.4145898 -0.9100084 -1.01663e-5 -0.4310887 -0.9023097 9.92604e-6 -0.4479838 -0.8940417 -3.2275e-6 -0.4479455 -0.894061 -2.55018e-5 -0.4612305 -0.8872804 0 -0.4513119 -0.8923664 -5.76135e-5 -0.4545602 -0.8907161 1.63343e-4 -0.4579181 -0.8889944 1.2122e-6 -0.4579414 -0.8889824 0 -0.4612197 -0.8872861 1.23368e-7 -0.4612196 -0.887286 2.02435e-5 -0.6079079 -0.7940075 5.88223e-6 -0.6590673 -0.7520841 0 -0.6790537 -0.7340886 2.68221e-7 -0.7460331 -0.6659088 -2.34321e-6 -0.1789265 -0.9838625 2.01692e-5 -0.1372531 -0.9905361 -1.84113e-5 5.01265e-7 -1 -6.40564e-6 0.03314858 -0.9994505 -6.7869e-5 0.1789239 -0.983863 2.01922e-5 0.202609 -0.9792597 6.64841e-5 0.3520818 -0.9359693 -4.146e-5 0.3661357 -0.9305615 -1.7485e-5 0.5138466 -0.8578822 7.05953e-5 0.5193225 -0.8545784 1.35745e-4 0.659076 -0.7520763 2.11745e-7 0.6567521 -0.7541066 5.76836e-5 0.7520817 -0.65907 8.08854e-7 0.7754342 -0.6314284 -9.3095e-6 0.8578721 -0.5138632 -1.53852e-5 0.8714975 -0.4903999 -2.86503e-5 0.9359702 -0.3520796 2.9474e-5 0.9421916 -0.3350747 4.73887e-5 0.9838616 -0.1789312 2.62947e-5 0.9854651 -0.1698786 1.79707e-4 1 0 3.04126e-5 -0.4316654 -0.9020339 1.20141e-7 -0.4612183 -0.8872869 5.54192e-7 -0.4612183 -0.8872869 1.76486e-7 -0.4612281 0.8872817 1.98092e-6 -0.4612244 0.8872836 -9.81614e-7 -0.3520791 0.9359703 1.03968e-5 -0.3036613 0.9527801 2.81481e-5 -0.1789265 0.9838625 2.0175e-5 -0.1372529 0.990536 -1.84141e-5 4.67141e-7 1 -6.41332e-6 0.03314864 0.9994505 -6.78636e-5 0.1789237 0.9838629 2.01915e-5 0.2026091 0.9792597 6.64716e-5 0.3520819 0.9359693 -4.14713e-5 0.3661356 0.9305616 -1.76013e-5 0.5138466 0.8578821 7.0616e-5 0.5193225 0.8545784 1.357e-4 0.659041 0.7521071 -2.17449e-7 0.6567754 0.7540862 2.30545e-5 0.7520816 0.65907 3.68222e-7 0.7754341 0.6314285 -9.30764e-6 0.8578722 0.5138633 -1.53936e-5 0.8714975 0.4904 -2.86428e-5 0.9359701 0.3520796 2.94633e-5 0.9421916 0.3350747 4.73954e-5 0.9838616 0.1789312 2.62953e-5 0.9854651 0.1698786 1.79714e-4 -0.5138645 0.8578715 -8.73581e-7 -0.5344896 0.8451752 0 -0.6079078 0.7940077 5.97537e-6 -0.6590673 0.752084 -1.43424e-7 -0.6790536 0.7340888 0 -0.7460331 0.6659089 -2.33948e-6 -2.48016e-5 0 -1 -2.17547e-6 0 -1 3.62561e-6 0 -1 7.25208e-7 0 -1 2.88937e-6 0 -1 -2.17548e-6 0 -1 2.90064e-6 0 -1 -2.88937e-6 0 -1 2.1095e-4 0 -1 2.1096e-4 0 -1 2.10966e-4 0 -1 -2.1095e-4 0 -1 -2.10966e-4 0 -1 -2.1096e-4 0 -1 2.11421e-4 0 -1 2.11421e-4 0 -1 2.11413e-4 0 -1 7.93666e-6 0 -1 1.73708e-5 0 -1 9.69471e-6 0 -1 -1.08164e-6 0 -1 1.55202e-5 0 -1 -1.55754e-5 0 -1 2.32054e-5 0 -1 -2.3114e-5 0 -1 2.32051e-5 0 -1 1.61348e-5 0 -1 1.0877e-6 0 -1 1.124e-5 0 -1 1.37782e-5 0 -1 1.24002e-5 0 -1 -7.78719e-6 0 -1 -5.93824e-5 0 -1 -1.70335e-5 0 -1 8.65322e-6 0 -1 -7.42293e-6 0 -1 6.50078e-6 0 -1 2.48016e-5 0 -1 -6.23053e-5 0 -1 2.17547e-6 0 -1 -3.62561e-6 0 -1 -7.25208e-7 0 -1 2.17548e-6 0 -1 -2.90064e-6 0 -1 -2.1095e-4 0 -1 -2.1096e-4 0 -1 -2.10966e-4 0 -1 0 0 1 0 0 1 0 0 1 0 0 1 0 0 1 0 0 1 -1.77078e-7 0 1 0 0 1 0 0 1 0 0 1 1.79043e-7 0 1 0 0 1 0 0 1</float_array>
          <technique_common>
            <accessor source="#stitch_result_stitchFBXASC032allMesh-mesh-normals-array" count="4476" stride="3">
              <param name="X" type="float"/>
              <param name="Y" type="float"/>
              <param name="Z" type="float"/>
            </accessor>
          </technique_common>
        </source>
        <source id="stitch_result_stitchFBXASC032allMesh-mesh-map-0">
          <float_array id="stitch_result_stitchFBXASC032allMesh-mesh-map-0-array" count="39444">-0.398619 4.372798 5.321892 4.372798 0.02918899 4.894084 0.02918899 4.894084 5.321892 4.372798 4.894084 4.894084 0.02918899 4.894084 4.894084 4.894084 0.550475 5.321892 0.550475 5.321892 4.894084 4.894084 4.372798 5.321892 0.550475 5.321892 4.372798 5.321892 1.145206 5.639782 1.145206 5.639782 4.372798 5.321892 3.778068 5.639782 1.145206 5.639782 3.778068 5.639782 1.790526 5.835538 1.790526 5.835538 3.778068 5.639782 3.132747 5.835538 1.790526 5.835538 3.132747 5.835538 2.461637 5.901637 5.321892 4.372798 -0.398619 4.372798 5.639782 3.778068 5.639782 3.778068 -0.398619 4.372798 -0.716509 3.778068 5.639782 3.778068 -0.716509 3.778068 5.835538 3.132747 5.835538 3.132747 -0.716509 3.778068 -0.912265 3.132747 5.835538 3.132747 -0.912265 3.132747 5.901637 2.461637 5.901637 2.461637 -0.912265 3.132747 -0.978363 2.461637 5.901637 2.461637 -0.978363 2.461637 5.835538 1.790526 5.835538 1.790526 -0.978363 2.461637 -0.912265 1.790526 5.835538 1.790526 -0.912265 1.790526 5.639782 1.145206 5.639782 1.145206 -0.912265 1.790526 -0.716509 1.145206 5.639782 1.145206 -0.716509 1.145206 5.321892 0.550475 5.321892 0.550475 -0.716509 1.145206 -0.398619 0.550475 5.321892 0.550475 -0.398619 0.550475 4.894084 0.02918899 4.894084 0.02918899 -0.398619 0.550475 0.02918899 0.02918899 4.894084 0.02918899 0.02918899 0.02918899 4.372798 -0.398619 4.372798 -0.398619 0.02918899 0.02918899 0.550475 -0.398619 4.372798 -0.398619 0.550475 -0.398619 3.778068 -0.716509 3.778068 -0.716509 0.550475 -0.398619 1.145206 -0.716509 3.778068 -0.716509 1.145206 -0.716509 3.132747 -0.912265 3.132747 -0.912265 1.145206 -0.716509 1.790526 -0.912265 3.132747 -0.912265 1.790526 -0.912265 2.461637 -0.978363 -0.02499997 0 -0.02499997 -0.675442 0.02499997 0 0.02499997 0 -0.02499997 -0.675442 0.02499997 -0.675442 0.02499997 -0.675442 -0.02499997 -0.675442 -0.02499997 -1.350885 0.02499997 -0.675442 -0.02499997 -1.350885 0.02499997 -1.350885 0.02499997 -1.350885 -0.02499997 -1.350885 -0.02499997 -2.026327 0.02499997 -1.350885 -0.02499997 -2.026327 0.02499997 -2.026327 0.02499997 -2.026327 -0.02499997 -2.026327 -0.02499997 -2.70177 0.02499997 -2.026327 -0.02499997 -2.70177 0.02499997 -2.70177 0.02499997 -2.70177 -0.02499997 -2.70177 -0.02499997 -3.377212 0.02499997 -2.70177 -0.02499997 -3.377212 0.02499997 -3.377212 0.02499997 -3.377212 -0.02499997 -3.377212 -0.02499997 -4.052655 0.02499997 -3.377212 -0.02499997 -4.052655 0.02499997 -4.052655 0.02499997 -4.052655 -0.02499997 -4.052655 -0.02499997 -4.728097 0.02499997 -4.052655 -0.02499997 -4.728097 0.02499997 -4.728097 0.02499997 -4.728097 -0.02499997 -4.728097 -0.02499997 -5.403539 0.02499997 -4.728097 -0.02499997 -5.403539 0.02499997 -5.403539 0.02499997 -5.403539 -0.02499997 -5.403539 -0.02499997 -6.078982 0.02499997 -5.403539 -0.02499997 -6.078982 0.02499997 -6.078982 0.02499997 -6.078982 -0.02499997 -6.078982 -0.02499997 -6.754424 0.02499997 -6.078982 -0.02499997 -6.754424 0.02499997 -6.754424 0.02499997 -6.754424 -0.02499997 -6.754424 -0.02499997 -7.429867 0.02499997 -6.754424 -0.02499997 -7.429867 0.02499997 -7.429867 0.02499997 -7.429867 -0.02499997 -7.429867 -0.02499997 -8.105309 0.02499997 -7.429867 -0.02499997 -8.105309 0.02499997 -8.105309 0.02499997 -8.105309 -0.02499997 -8.105309 -0.02499997 -8.780752 0.02499997 -8.105309 -0.02499997 -8.780752 0.02499997 -8.780752 0.02499997 -8.780752 -0.02499997 -8.780752 -0.02499997 -9.456194 0.02499997 -8.780752 -0.02499997 -9.456194 0.02499997 -9.456194 0.02499997 -9.456194 -0.02499997 -9.456194 -0.02499997 -10.13164 0.02499997 -9.456194 -0.02499997 -10.13164 0.02499997 -10.13164 0.02499997 -10.13164 -0.02499997 -10.13164 0.02499997 -10.80708 0.02499997 -10.80708 -0.02499997 -10.13164 -0.02499997 -10.80708 0.02499997 0 0.02499997 0.675442 -0.02499997 0 -0.02499997 0 0.02499997 0.675442 -0.02499997 0.675442 -0.02499997 0.675442 0.02499997 0.675442 0.02499997 1.350885 -0.02499997 0.675442 0.02499997 1.350885 -0.02499997 1.350885 -0.02499997 1.350885 0.02499997 1.350885 0.02499997 2.026327 -0.02499997 1.350885 0.02499997 2.026327 -0.02499997 2.026327 -0.02499997 2.026327 0.02499997 2.026327 0.02499997 2.70177 -0.02499997 2.026327 0.02499997 2.70177 -0.02499997 2.70177 -0.02499997 2.70177 0.02499997 2.70177 0.02499997 3.377212 -0.02499997 2.70177 0.02499997 3.377212 -0.02499997 3.377212 -0.02499997 3.377212 0.02499997 3.377212 0.02499997 4.052655 -0.02499997 3.377212 0.02499997 4.052655 -0.02499997 4.052655 -0.02499997 4.052655 0.02499997 4.052655 0.02499997 4.728097 -0.02499997 4.052655 0.02499997 4.728097 -0.02499997 4.728097 -0.02499997 4.728097 0.02499997 4.728097 0.02499997 5.403539 -0.02499997 4.728097 0.02499997 5.403539 -0.02499997 5.403539 -0.02499997 5.403539 0.02499997 5.403539 0.02499997 6.078982 -0.02499997 5.403539 0.02499997 6.078982 -0.02499997 6.078982 -0.02499997 6.078982 0.02499997 6.078982 0.02499997 6.754424 -0.02499997 6.078982 0.02499997 6.754424 -0.02499997 6.754424 -0.02499997 6.754424 0.02499997 6.754424 0.02499997 7.429867 -0.02499997 6.754424 0.02499997 7.429867 -0.02499997 7.429867 -0.02499997 7.429867 0.02499997 7.429867 0.02499997 8.105309 -0.02499997 7.429867 0.02499997 8.105309 -0.02499997 8.105309 -0.02499997 8.105309 0.02499997 8.105309 0.02499997 8.780752 -0.02499997 8.105309 0.02499997 8.780752 -0.02499997 8.780752 -0.02499997 8.780752 0.02499997 8.780752 0.02499997 9.456194 -0.02499997 8.780752 0.02499997 9.456194 -0.02499997 9.456194 -0.02499997 9.456194 0.02499997 9.456194 0.02499997 10.13164 -0.02499997 9.456194 0.02499997 10.13164 -0.02499997 10.13164 -0.02499997 10.13164 0.02499997 10.13164 -0.02499997 10.80708 -0.02499997 10.80708 0.02499997 10.13164 0.02499997 10.80708 -4.372798 -0.398619 -0.550475 -0.398619 -4.894084 0.02918899 -4.894084 0.02918899 -0.550475 -0.398619 -0.02918899 0.02918899 -4.894084 0.02918899 -0.02918899 0.02918899 -5.321892 0.550475 -5.321892 0.550475 -0.02918899 0.02918899 0.398619 0.550475 -5.321892 0.550475 0.398619 0.550475 -5.639782 1.145206 -5.639782 1.145206 0.398619 0.550475 0.716509 1.145206 -5.639782 1.145206 0.716509 1.145206 -5.835538 1.790526 -5.835538 1.790526 0.716509 1.145206 0.912265 1.790526 -5.835538 1.790526 0.912265 1.790526 -5.901637 2.461637 -5.901637 2.461637 0.912265 1.790526 0.978363 2.461637 -5.901637 2.461637 0.978363 2.461637 -5.835538 3.132747 -5.835538 3.132747 0.978363 2.461637 0.912265 3.132747 -5.835538 3.132747 0.912265 3.132747 -5.639782 3.778068 -5.639782 3.778068 0.912265 3.132747 0.716509 3.778068 -5.639782 3.778068 0.716509 3.778068 -5.321892 4.372798 -5.321892 4.372798 0.716509 3.778068 0.398619 4.372798 -5.321892 4.372798 0.398619 4.372798 -4.894084 4.894084 -4.894084 4.894084 0.398619 4.372798 -0.02918899 4.894084 -4.894084 4.894084 -0.02918899 4.894084 -4.372798 5.321892 -4.372798 5.321892 -0.02918899 4.894084 -0.550475 5.321892 -4.372798 5.321892 -0.550475 5.321892 -3.778068 5.639782 -3.778068 5.639782 -0.550475 5.321892 -1.145206 5.639782 -3.778068 5.639782 -1.145206 5.639782 -3.132747 5.835538 -3.132747 5.835538 -1.145206 5.639782 -1.790526 5.835538 -3.132747 5.835538 -1.790526 5.835538 -2.461637 5.901637 -0.550475 -0.398619 -4.372798 -0.398619 -1.145206 -0.716509 -1.145206 -0.716509 -4.372798 -0.398619 -3.778068 -0.716509 -1.145206 -0.716509 -3.778068 -0.716509 -1.790526 -0.912265 -1.790526 -0.912265 -3.778068 -0.716509 -3.132747 -0.912265 -1.790526 -0.912265 -3.132747 -0.912265 -2.461637 -0.978363 0.06272995 0.02421897 0.09484696 0.04915398 0.083992 0.04291999 0.083992 0.04291999 0.09484696 0.04915398 0.07705897 0.04915398 0.083992 0.04291999 0.07705897 0.04915398 0.073134 0.04291999 0.073134 0.04291999 0.07705897 0.04915398 0.05880999 0.04915398 0.073134 0.04291999 0.05880999 0.04915398 0.06227499 0.04291999 0.06227499 0.04291999 0.05880999 0.04915398 0.05141597 0.04291999 0.06227499 0.04291999 0.05141597 0.04291999 0.06227499 0.03668695 0.06227499 0.03668695 0.05141597 0.04291999 0.05141597 0.03668695 0.06227499 0.03668695 0.05141597 0.03668695 0.06227499 0.03045296 0.06227499 0.03045296 0.05141597 0.03668695 0.05141597 0.03045296 0.06227499 0.03045296 0.05141597 0.03045296 0.05141597 0.02421897 0.05141597 0.02421897 0.05141597 0.03045296 0.03301596 0.02421897 0.05141597 0.02421897 0.03301596 0.02421897 0.03301596 0.01798498 0.03301596 0.01798498 0.03301596 0.02421897 0.01905 0.02421897 0.03301596 0.01798498 0.01905 0.02421897 0.01774799 0.01798498 0.05880999 0.04915398 0.04046297 0.04915398 0.05141597 0.04291999 0.05141597 0.04291999 0.04046297 0.04915398 0.03301596 0.04291999 0.05141597 0.04291999 0.03301596 0.04291999 0.05141597 0.03668695 0.05141597 0.03668695 0.03301596 0.04291999 0.03301596 0.03668695 0.05141597 0.03668695 0.03301596 0.03668695 0.03301596 0.03045296 0.03301596 0.03045296 0.03301596 0.03668695 0.02131295 0.03668695 0.03301596 0.03045296 0.02131295 0.03668695 0.02029198 0.03045296 0.04046297 0.04915398 0.02217799 0.04915398 0.03301596 0.04291999 0.03301596 0.04291999 0.02217799 0.04915398 0.02195399 0.04273098 0.03301596 0.04291999 0.02195399 0.04273098 0.03301596 0.03668695 0.03301596 0.03668695 0.02195399 0.04273098 0.02131295 0.03668695 0.03301596 0.03045296 0.02029198 0.03045296 0.03301596 0.02421897 0.03301596 0.02421897 0.02029198 0.03045296 0.01905 0.02421897 0.03301596 0.01798498 0.01774799 0.01798498 0.03301596 0.01175099 0.03301596 0.01175099 0.01774799 0.01798498 0.01651799 0.01175099 0.03301596 0.01175099 0.01651799 0.01175099 0.03301596 0.005517959 0.03301596 0.005517959 0.01651799 0.01175099 0.01543694 0.005517959 0.03301596 0.005517959 0.01543694 0.005517959 0.01461499 -7.8e-5 0.02614599 -5.59e-4 0.03459095 -7.16e-4 0.01461499 -7.8e-5 0.01461499 -7.8e-5 0.03459095 -7.16e-4 0.03301596 0.002400994 0.01461499 -7.8e-5 0.03301596 0.002400994 0.03301596 0.005517959 0.03301596 0.005517959 0.03301596 0.002400994 0.04255098 -4.19e-4 0.03301596 0.005517959 0.04255098 -4.19e-4 0.05050897 0.01175099 0.03459095 -7.16e-4 0.04255098 -4.19e-4 0.03301596 0.002400994 0.06272995 0.02421897 0.05141597 0.01798498 0.05050897 0.01175099 0.05050897 0.01175099 0.05141597 0.01798498 0.03301596 0.01798498 0.05050897 0.01175099 0.03301596 0.01798498 0.03301596 0.01175099 0.05050897 0.01175099 0.03301596 0.01175099 0.03301596 0.005517959 0.06272995 0.02421897 0.06227499 0.02421897 0.05141597 0.01798498 0.05141597 0.01798498 0.06227499 0.02421897 0.05141597 0.02421897 0.05141597 0.01798498 0.05141597 0.02421897 0.03301596 0.01798498 0.06272995 0.02421897 0.083992 0.04291999 0.073134 0.03668695 0.073134 0.03668695 0.083992 0.04291999 0.073134 0.04291999 0.073134 0.03668695 0.073134 0.04291999 0.06227499 0.04291999 0.073134 0.03668695 0.06227499 0.04291999 0.06227499 0.03668695 0.05141597 0.03045296 0.05141597 0.03668695 0.03301596 0.03045296 0.073134 0.03668695 0.06227499 0.03668695 0.06227499 0.03045296 0.06272995 0.02421897 0.073134 0.03668695 0.06227499 0.03045296 0.03301596 0.02421897 0.05141597 0.03045296 0.03301596 0.03045296 0.06227499 0.02421897 0.06272995 0.02421897 0.06227499 0.03045296 0.06227499 0.02421897 0.06227499 0.03045296 0.05141597 0.02421897 0.06272995 0.02421897 0.09484696 0.04915398 0.083992 0.04291999 0.083992 0.04291999 0.09484696 0.04915398 0.07705897 0.04915398 0.083992 0.04291999 0.07705897 0.04915398 0.073134 0.04291999 0.073134 0.04291999 0.07705897 0.04915398 0.05880999 0.04915398 0.073134 0.04291999 0.05880999 0.04915398 0.06227499 0.04291999 0.06227499 0.04291999 0.05880999 0.04915398 0.05141597 0.04291999 0.06227499 0.04291999 0.05141597 0.04291999 0.06227499 0.03668695 0.06227499 0.03668695 0.05141597 0.04291999 0.05141597 0.03668695 0.06227499 0.03668695 0.05141597 0.03668695 0.06227499 0.03045296 0.06227499 0.03045296 0.05141597 0.03668695 0.05141597 0.03045296 0.06227499 0.03045296 0.05141597 0.03045296 0.05141597 0.02421897 0.05141597 0.02421897 0.05141597 0.03045296 0.03301596 0.02421897 0.05141597 0.02421897 0.03301596 0.02421897 0.03301596 0.01798498 0.03301596 0.01798498 0.03301596 0.02421897 0.01905 0.02421897 0.03301596 0.01798498 0.01905 0.02421897 0.01774799 0.01798498 0.05880999 0.04915398 0.04046297 0.04915398 0.05141597 0.04291999 0.05141597 0.04291999 0.04046297 0.04915398 0.03301596 0.04291999 0.05141597 0.04291999 0.03301596 0.04291999 0.05141597 0.03668695 0.05141597 0.03668695 0.03301596 0.04291999 0.03301596 0.03668695 0.05141597 0.03668695 0.03301596 0.03668695 0.03301596 0.03045296 0.03301596 0.03045296 0.03301596 0.03668695 0.02131295 0.03668695 0.03301596 0.03045296 0.02131295 0.03668695 0.02029198 0.03045296 0.04046297 0.04915398 0.02217799 0.04915398 0.03301596 0.04291999 0.03301596 0.04291999 0.02217799 0.04915398 0.02195399 0.04273098 0.03301596 0.04291999 0.02195399 0.04273098 0.03301596 0.03668695 0.03301596 0.03668695 0.02195399 0.04273098 0.02131295 0.03668695 0.03301596 0.03045296 0.02029198 0.03045296 0.03301596 0.02421897 0.03301596 0.02421897 0.02029198 0.03045296 0.01905 0.02421897 0.03301596 0.01798498 0.01774799 0.01798498 0.03301596 0.01175099 0.03301596 0.01175099 0.01774799 0.01798498 0.01651799 0.01175099 0.03301596 0.01175099 0.01651799 0.01175099 0.03301596 0.005517959 0.03301596 0.005517959 0.01651799 0.01175099 0.01543694 0.005517959 0.03301596 0.005517959 0.01543694 0.005517959 0.01461499 -7.8e-5 0.02614599 -5.59e-4 0.03459095 -7.16e-4 0.01461499 -7.8e-5 0.01461499 -7.8e-5 0.03459095 -7.16e-4 0.03301596 0.002400994 0.01461499 -7.8e-5 0.03301596 0.002400994 0.03301596 0.005517959 0.03301596 0.005517959 0.03301596 0.002400994 0.04255098 -4.19e-4 0.03301596 0.005517959 0.04255098 -4.19e-4 0.05050897 0.01175099 0.03459095 -7.16e-4 0.04255098 -4.19e-4 0.03301596 0.002400994 0.06272995 0.02421897 0.05141597 0.01798498 0.05050897 0.01175099 0.05050897 0.01175099 0.05141597 0.01798498 0.03301596 0.01798498 0.05050897 0.01175099 0.03301596 0.01798498 0.03301596 0.01175099 0.05050897 0.01175099 0.03301596 0.01175099 0.03301596 0.005517959 0.06272995 0.02421897 0.06227499 0.02421897 0.05141597 0.01798498 0.05141597 0.01798498 0.06227499 0.02421897 0.05141597 0.02421897 0.05141597 0.01798498 0.05141597 0.02421897 0.03301596 0.01798498 0.06272995 0.02421897 0.083992 0.04291999 0.073134 0.03668695 0.073134 0.03668695 0.083992 0.04291999 0.073134 0.04291999 0.073134 0.03668695 0.073134 0.04291999 0.06227499 0.04291999 0.073134 0.03668695 0.06227499 0.04291999 0.06227499 0.03668695 0.05141597 0.03045296 0.05141597 0.03668695 0.03301596 0.03045296 0.073134 0.03668695 0.06227499 0.03668695 0.06227499 0.03045296 0.06272995 0.02421897 0.073134 0.03668695 0.06227499 0.03045296 0.03301596 0.02421897 0.05141597 0.03045296 0.03301596 0.03045296 0.06227499 0.02421897 0.06272995 0.02421897 0.06227499 0.03045296 0.06227499 0.02421897 0.06227499 0.03045296 0.05141597 0.02421897 0.06272995 0.02421897 0.09484696 0.04915398 0.083992 0.04291999 0.083992 0.04291999 0.09484696 0.04915398 0.07705897 0.04915398 0.083992 0.04291999 0.07705897 0.04915398 0.073134 0.04291999 0.073134 0.04291999 0.07705897 0.04915398 0.05880999 0.04915398 0.073134 0.04291999 0.05880999 0.04915398 0.06227499 0.04291999 0.06227499 0.04291999 0.05880999 0.04915398 0.05141597 0.04291999 0.06227499 0.04291999 0.05141597 0.04291999 0.06227499 0.03668695 0.06227499 0.03668695 0.05141597 0.04291999 0.05141597 0.03668695 0.06227499 0.03668695 0.05141597 0.03668695 0.06227499 0.03045296 0.06227499 0.03045296 0.05141597 0.03668695 0.05141597 0.03045296 0.06227499 0.03045296 0.05141597 0.03045296 0.05141597 0.02421897 0.05141597 0.02421897 0.05141597 0.03045296 0.03301596 0.02421897 0.05141597 0.02421897 0.03301596 0.02421897 0.03301596 0.01798498 0.03301596 0.01798498 0.03301596 0.02421897 0.01905 0.02421897 0.03301596 0.01798498 0.01905 0.02421897 0.01774799 0.01798498 0.05880999 0.04915398 0.04046297 0.04915398 0.05141597 0.04291999 0.05141597 0.04291999 0.04046297 0.04915398 0.03301596 0.04291999 0.05141597 0.04291999 0.03301596 0.04291999 0.05141597 0.03668695 0.05141597 0.03668695 0.03301596 0.04291999 0.03301596 0.03668695 0.05141597 0.03668695 0.03301596 0.03668695 0.03301596 0.03045296 0.03301596 0.03045296 0.03301596 0.03668695 0.02131295 0.03668695 0.03301596 0.03045296 0.02131295 0.03668695 0.02029198 0.03045296 0.04046297 0.04915398 0.02217799 0.04915398 0.03301596 0.04291999 0.03301596 0.04291999 0.02217799 0.04915398 0.02195399 0.04273098 0.03301596 0.04291999 0.02195399 0.04273098 0.03301596 0.03668695 0.03301596 0.03668695 0.02195399 0.04273098 0.02131295 0.03668695 0.03301596 0.03045296 0.02029198 0.03045296 0.03301596 0.02421897 0.03301596 0.02421897 0.02029198 0.03045296 0.01905 0.02421897 0.03301596 0.01798498 0.01774799 0.01798498 0.03301596 0.01175099 0.03301596 0.01175099 0.01774799 0.01798498 0.01651799 0.01175099 0.03301596 0.01175099 0.01651799 0.01175099 0.03301596 0.005517959 0.03301596 0.005517959 0.01651799 0.01175099 0.01543694 0.005517959 0.03301596 0.005517959 0.01543694 0.005517959 0.01461499 -7.8e-5 0.02614599 -5.59e-4 0.03459095 -7.16e-4 0.01461499 -7.8e-5 0.01461499 -7.8e-5 0.03459095 -7.16e-4 0.03301596 0.002400994 0.01461499 -7.8e-5 0.03301596 0.002400994 0.03301596 0.005517959 0.03301596 0.005517959 0.03301596 0.002400994 0.04255098 -4.19e-4 0.03301596 0.005517959 0.04255098 -4.19e-4 0.05050897 0.01175099 0.03459095 -7.16e-4 0.04255098 -4.19e-4 0.03301596 0.002400994 0.06272995 0.02421897 0.05141597 0.01798498 0.05050897 0.01175099 0.05050897 0.01175099 0.05141597 0.01798498 0.03301596 0.01798498 0.05050897 0.01175099 0.03301596 0.01798498 0.03301596 0.01175099 0.05050897 0.01175099 0.03301596 0.01175099 0.03301596 0.005517959 0.06272995 0.02421897 0.06227499 0.02421897 0.05141597 0.01798498 0.05141597 0.01798498 0.06227499 0.02421897 0.05141597 0.02421897 0.05141597 0.01798498 0.05141597 0.02421897 0.03301596 0.01798498 0.06272995 0.02421897 0.083992 0.04291999 0.073134 0.03668695 0.073134 0.03668695 0.083992 0.04291999 0.073134 0.04291999 0.073134 0.03668695 0.073134 0.04291999 0.06227499 0.04291999 0.073134 0.03668695 0.06227499 0.04291999 0.06227499 0.03668695 0.05141597 0.03045296 0.05141597 0.03668695 0.03301596 0.03045296 0.073134 0.03668695 0.06227499 0.03668695 0.06227499 0.03045296 0.06272995 0.02421897 0.073134 0.03668695 0.06227499 0.03045296 0.03301596 0.02421897 0.05141597 0.03045296 0.03301596 0.03045296 0.06227499 0.02421897 0.06272995 0.02421897 0.06227499 0.03045296 0.06227499 0.02421897 0.06227499 0.03045296 0.05141597 0.02421897 0.03459095 0.04986995 0.02614599 0.04971295 0.04255098 0.049573 0.04255098 0.049573 0.02614599 0.04971295 0.03301596 0.04675298 0.04255098 0.049573 0.03301596 0.04675298 0.03301596 0.04363596 0.03301596 0.04363596 0.03301596 0.04675298 0.01543694 0.04363596 0.03301596 0.04363596 0.01543694 0.04363596 0.03301596 0.04155796 0.03301596 0.04155796 0.01543694 0.04363596 0.01651799 0.03740298 0.03301596 0.04155796 0.01651799 0.03740298 0.03301596 0.03740298 0.03301596 0.03740298 0.01651799 0.03740298 0.01774799 0.03116899 0.03301596 0.03740298 0.01774799 0.03116899 0.03301596 0.03116899 0.03301596 0.03116899 0.01774799 0.03116899 0.01905 0.02493494 0.03301596 0.03116899 0.01905 0.02493494 0.03301596 0.02493494 0.03301596 0.02493494 0.01905 0.02493494 0.02029198 0.01870095 0.03301596 0.02493494 0.02029198 0.01870095 0.03301596 0.01870095 0.03301596 0.01870095 0.02029198 0.01870095 0.02131295 0.01246798 0.03301596 0.01870095 0.02131295 0.01246798 0.03301596 0.01246798 0.03301596 0.01246798 0.02131295 0.01246798 0.02195399 0.006422996 0.03301596 0.01246798 0.02195399 0.006422996 0.03301596 0.00623399 0.03301596 0.00623399 0.02195399 0.006422996 0.02217799 0 0.03301596 0.00623399 0.02217799 0 0.04046297 0 0.02614599 0.04971295 0.01461499 0.04923194 0.03301596 0.04675298 0.03301596 0.04675298 0.01461499 0.04923194 0.01543694 0.04363596 0.03301596 0.00623399 0.04046297 0 0.05141699 0.00623399 0.05141699 0.00623399 0.04046297 0 0.05880999 0 0.05141699 0.00623399 0.05880999 0 0.06227499 0.00623399 0.06227499 0.00623399 0.05880999 0 0.07705897 0 0.06227499 0.00623399 0.07705897 0 0.073134 0.00623399 0.073134 0.00623399 0.07705897 0 0.08399295 0.00623399 0.073134 0.00623399 0.08399295 0.00623399 0.073134 0.01246798 0.073134 0.01246798 0.08399295 0.00623399 0.06272995 0.02493494 0.073134 0.01246798 0.06272995 0.02493494 0.06227499 0.01870095 0.06227499 0.01870095 0.06272995 0.02493494 0.06227499 0.02493494 0.06227499 0.01870095 0.06227499 0.02493494 0.05141699 0.02493494 0.05141699 0.02493494 0.06227499 0.02493494 0.05141699 0.03116899 0.05141699 0.02493494 0.05141699 0.03116899 0.03301596 0.03116899 0.03301596 0.03116899 0.05141699 0.03116899 0.05050897 0.03740298 0.03301596 0.03116899 0.05050897 0.03740298 0.03301596 0.03740298 0.03301596 0.03740298 0.05050897 0.03740298 0.03301596 0.04155796 0.07705897 0 0.09484696 0 0.08399295 0.00623399 0.08399295 0.00623399 0.09484696 0 0.06272995 0.02493494 0.06227499 0.02493494 0.06272995 0.02493494 0.05141699 0.03116899 0.05141699 0.03116899 0.06272995 0.02493494 0.05050897 0.03740298 0.03301596 0.04155796 0.05050897 0.03740298 0.03301596 0.04363596 0.03301596 0.04363596 0.05050897 0.03740298 0.04255098 0.049573 0.05141699 0.02493494 0.03301596 0.03116899 0.03301596 0.02493494 0.05141699 0.02493494 0.03301596 0.02493494 0.05141699 0.01870095 0.05141699 0.01870095 0.03301596 0.02493494 0.03301596 0.01870095 0.05141699 0.01870095 0.03301596 0.01870095 0.05141699 0.01246798 0.05141699 0.01246798 0.03301596 0.01870095 0.03301596 0.01246798 0.05141699 0.01246798 0.03301596 0.01246798 0.03301596 0.00623399 0.05141699 0.02493494 0.05141699 0.01870095 0.06227499 0.01870095 0.06227499 0.01870095 0.05141699 0.01870095 0.06227499 0.01246798 0.06227499 0.01870095 0.06227499 0.01246798 0.073134 0.01246798 0.073134 0.01246798 0.06227499 0.01246798 0.06227499 0.00623399 0.073134 0.01246798 0.06227499 0.00623399 0.073134 0.00623399 0.06227499 0.01246798 0.05141699 0.01870095 0.05141699 0.01246798 0.03301596 0.00623399 0.05141699 0.00623399 0.05141699 0.01246798 0.05141699 0.01246798 0.05141699 0.00623399 0.06227499 0.01246798 0.05141699 0.00623399 0.06227499 0.00623399 0.06227499 0.01246798 0.03459095 0.04986995 0.02614599 0.04971295 0.04255098 0.049573 0.04255098 0.049573 0.02614599 0.04971295 0.03301596 0.04675298 0.04255098 0.049573 0.03301596 0.04675298 0.03301596 0.04363596 0.03301596 0.04363596 0.03301596 0.04675298 0.01543694 0.04363596 0.03301596 0.04363596 0.01543694 0.04363596 0.03301596 0.04155796 0.03301596 0.04155796 0.01543694 0.04363596 0.01651799 0.03740298 0.03301596 0.04155796 0.01651799 0.03740298 0.03301596 0.03740298 0.03301596 0.03740298 0.01651799 0.03740298 0.01774799 0.03116899 0.03301596 0.03740298 0.01774799 0.03116899 0.03301596 0.03116899 0.03301596 0.03116899 0.01774799 0.03116899 0.01905 0.02493494 0.03301596 0.03116899 0.01905 0.02493494 0.03301596 0.02493494 0.03301596 0.02493494 0.01905 0.02493494 0.02029198 0.01870095 0.03301596 0.02493494 0.02029198 0.01870095 0.03301596 0.01870095 0.03301596 0.01870095 0.02029198 0.01870095 0.02131295 0.01246798 0.03301596 0.01870095 0.02131295 0.01246798 0.03301596 0.01246798 0.03301596 0.01246798 0.02131295 0.01246798 0.02195399 0.006422996 0.03301596 0.01246798 0.02195399 0.006422996 0.03301596 0.00623399 0.03301596 0.00623399 0.02195399 0.006422996 0.02217799 0 0.03301596 0.00623399 0.02217799 0 0.04046297 0 0.02614599 0.04971295 0.01461499 0.04923194 0.03301596 0.04675298 0.03301596 0.04675298 0.01461499 0.04923194 0.01543694 0.04363596 0.03301596 0.00623399 0.04046297 0 0.05141699 0.00623399 0.05141699 0.00623399 0.04046297 0 0.05880999 0 0.05141699 0.00623399 0.05880999 0 0.06227499 0.00623399 0.06227499 0.00623399 0.05880999 0 0.07705897 0 0.06227499 0.00623399 0.07705897 0 0.073134 0.00623399 0.073134 0.00623399 0.07705897 0 0.08399295 0.00623399 0.073134 0.00623399 0.08399295 0.00623399 0.073134 0.01246798 0.073134 0.01246798 0.08399295 0.00623399 0.06272995 0.02493494 0.073134 0.01246798 0.06272995 0.02493494 0.06227499 0.01870095 0.06227499 0.01870095 0.06272995 0.02493494 0.06227499 0.02493494 0.06227499 0.01870095 0.06227499 0.02493494 0.05141699 0.02493494 0.05141699 0.02493494 0.06227499 0.02493494 0.05141699 0.03116899 0.05141699 0.02493494 0.05141699 0.03116899 0.03301596 0.03116899 0.03301596 0.03116899 0.05141699 0.03116899 0.05050897 0.03740298 0.03301596 0.03116899 0.05050897 0.03740298 0.03301596 0.03740298 0.03301596 0.03740298 0.05050897 0.03740298 0.03301596 0.04155796 0.07705897 0 0.09484696 0 0.08399295 0.00623399 0.08399295 0.00623399 0.09484696 0 0.06272995 0.02493494 0.06227499 0.02493494 0.06272995 0.02493494 0.05141699 0.03116899 0.05141699 0.03116899 0.06272995 0.02493494 0.05050897 0.03740298 0.03301596 0.04155796 0.05050897 0.03740298 0.03301596 0.04363596 0.03301596 0.04363596 0.05050897 0.03740298 0.04255098 0.049573 0.05141699 0.02493494 0.03301596 0.03116899 0.03301596 0.02493494 0.05141699 0.02493494 0.03301596 0.02493494 0.05141699 0.01870095 0.05141699 0.01870095 0.03301596 0.02493494 0.03301596 0.01870095 0.05141699 0.01870095 0.03301596 0.01870095 0.05141699 0.01246798 0.05141699 0.01246798 0.03301596 0.01870095 0.03301596 0.01246798 0.05141699 0.01246798 0.03301596 0.01246798 0.03301596 0.00623399 0.05141699 0.02493494 0.05141699 0.01870095 0.06227499 0.01870095 0.06227499 0.01870095 0.05141699 0.01870095 0.06227499 0.01246798 0.06227499 0.01870095 0.06227499 0.01246798 0.073134 0.01246798 0.073134 0.01246798 0.06227499 0.01246798 0.06227499 0.00623399 0.073134 0.01246798 0.06227499 0.00623399 0.073134 0.00623399 0.06227499 0.01246798 0.05141699 0.01870095 0.05141699 0.01246798 0.03301596 0.00623399 0.05141699 0.00623399 0.05141699 0.01246798 0.05141699 0.01246798 0.05141699 0.00623399 0.06227499 0.01246798 0.05141699 0.00623399 0.06227499 0.00623399 0.06227499 0.01246798 0.03459095 0.04986995 0.02614599 0.04971295 0.04255098 0.049573 0.04255098 0.049573 0.02614599 0.04971295 0.03301596 0.04675298 0.04255098 0.049573 0.03301596 0.04675298 0.03301596 0.04363596 0.03301596 0.04363596 0.03301596 0.04675298 0.01543694 0.04363596 0.03301596 0.04363596 0.01543694 0.04363596 0.03301596 0.04155796 0.03301596 0.04155796 0.01543694 0.04363596 0.01651799 0.03740298 0.03301596 0.04155796 0.01651799 0.03740298 0.03301596 0.03740298 0.03301596 0.03740298 0.01651799 0.03740298 0.01774799 0.03116899 0.03301596 0.03740298 0.01774799 0.03116899 0.03301596 0.03116899 0.03301596 0.03116899 0.01774799 0.03116899 0.01905 0.02493494 0.03301596 0.03116899 0.01905 0.02493494 0.03301596 0.02493494 0.03301596 0.02493494 0.01905 0.02493494 0.02029198 0.01870095 0.03301596 0.02493494 0.02029198 0.01870095 0.03301596 0.01870095 0.03301596 0.01870095 0.02029198 0.01870095 0.02131295 0.01246798 0.03301596 0.01870095 0.02131295 0.01246798 0.03301596 0.01246798 0.03301596 0.01246798 0.02131295 0.01246798 0.02195399 0.006422996 0.03301596 0.01246798 0.02195399 0.006422996 0.03301596 0.00623399 0.03301596 0.00623399 0.02195399 0.006422996 0.02217799 0 0.03301596 0.00623399 0.02217799 0 0.04046297 0 0.02614599 0.04971295 0.01461499 0.04923194 0.03301596 0.04675298 0.03301596 0.04675298 0.01461499 0.04923194 0.01543694 0.04363596 0.03301596 0.00623399 0.04046297 0 0.05141699 0.00623399 0.05141699 0.00623399 0.04046297 0 0.05880999 0 0.05141699 0.00623399 0.05880999 0 0.06227499 0.00623399 0.06227499 0.00623399 0.05880999 0 0.07705897 0 0.06227499 0.00623399 0.07705897 0 0.073134 0.00623399 0.073134 0.00623399 0.07705897 0 0.08399295 0.00623399 0.073134 0.00623399 0.08399295 0.00623399 0.073134 0.01246798 0.073134 0.01246798 0.08399295 0.00623399 0.06272995 0.02493494 0.073134 0.01246798 0.06272995 0.02493494 0.06227499 0.01870095 0.06227499 0.01870095 0.06272995 0.02493494 0.06227499 0.02493494 0.06227499 0.01870095 0.06227499 0.02493494 0.05141699 0.02493494 0.05141699 0.02493494 0.06227499 0.02493494 0.05141699 0.03116899 0.05141699 0.02493494 0.05141699 0.03116899 0.03301596 0.03116899 0.03301596 0.03116899 0.05141699 0.03116899 0.05050897 0.03740298 0.03301596 0.03116899 0.05050897 0.03740298 0.03301596 0.03740298 0.03301596 0.03740298 0.05050897 0.03740298 0.03301596 0.04155796 0.07705897 0 0.09484696 0 0.08399295 0.00623399 0.08399295 0.00623399 0.09484696 0 0.06272995 0.02493494 0.06227499 0.02493494 0.06272995 0.02493494 0.05141699 0.03116899 0.05141699 0.03116899 0.06272995 0.02493494 0.05050897 0.03740298 0.03301596 0.04155796 0.05050897 0.03740298 0.03301596 0.04363596 0.03301596 0.04363596 0.05050897 0.03740298 0.04255098 0.049573 0.05141699 0.02493494 0.03301596 0.03116899 0.03301596 0.02493494 0.05141699 0.02493494 0.03301596 0.02493494 0.05141699 0.01870095 0.05141699 0.01870095 0.03301596 0.02493494 0.03301596 0.01870095 0.05141699 0.01870095 0.03301596 0.01870095 0.05141699 0.01246798 0.05141699 0.01246798 0.03301596 0.01870095 0.03301596 0.01246798 0.05141699 0.01246798 0.03301596 0.01246798 0.03301596 0.00623399 0.05141699 0.02493494 0.05141699 0.01870095 0.06227499 0.01870095 0.06227499 0.01870095 0.05141699 0.01870095 0.06227499 0.01246798 0.06227499 0.01870095 0.06227499 0.01246798 0.073134 0.01246798 0.073134 0.01246798 0.06227499 0.01246798 0.06227499 0.00623399 0.073134 0.01246798 0.06227499 0.00623399 0.073134 0.00623399 0.06227499 0.01246798 0.05141699 0.01870095 0.05141699 0.01246798 0.03301596 0.00623399 0.05141699 0.00623399 0.05141699 0.01246798 0.05141699 0.01246798 0.05141699 0.00623399 0.06227499 0.01246798 0.05141699 0.00623399 0.06227499 0.00623399 0.06227499 0.01246798 0.06272995 0.02421897 0.09484696 0.04915398 0.083992 0.04291999 0.083992 0.04291999 0.09484696 0.04915398 0.07705897 0.04915398 0.083992 0.04291999 0.07705897 0.04915398 0.073134 0.04291999 0.073134 0.04291999 0.07705897 0.04915398 0.05880999 0.04915398 0.073134 0.04291999 0.05880999 0.04915398 0.06227499 0.04291999 0.06227499 0.04291999 0.05880999 0.04915398 0.05141597 0.04291999 0.06227499 0.04291999 0.05141597 0.04291999 0.06227499 0.03668695 0.06227499 0.03668695 0.05141597 0.04291999 0.05141597 0.03668695 0.06227499 0.03668695 0.05141597 0.03668695 0.06227499 0.03045296 0.06227499 0.03045296 0.05141597 0.03668695 0.05141597 0.03045296 0.06227499 0.03045296 0.05141597 0.03045296 0.05141597 0.02421897 0.05141597 0.02421897 0.05141597 0.03045296 0.03301596 0.02421897 0.05141597 0.02421897 0.03301596 0.02421897 0.03301596 0.01798498 0.03301596 0.01798498 0.03301596 0.02421897 0.01905 0.02421897 0.03301596 0.01798498 0.01905 0.02421897 0.01774799 0.01798498 0.05880999 0.04915398 0.04046297 0.04915398 0.05141597 0.04291999 0.05141597 0.04291999 0.04046297 0.04915398 0.03301596 0.04291999 0.05141597 0.04291999 0.03301596 0.04291999 0.05141597 0.03668695 0.05141597 0.03668695 0.03301596 0.04291999 0.03301596 0.03668695 0.05141597 0.03668695 0.03301596 0.03668695 0.03301596 0.03045296 0.03301596 0.03045296 0.03301596 0.03668695 0.02131295 0.03668695 0.03301596 0.03045296 0.02131295 0.03668695 0.02029198 0.03045296 0.04046297 0.04915398 0.02217799 0.04915398 0.03301596 0.04291999 0.03301596 0.04291999 0.02217799 0.04915398 0.02195399 0.04273098 0.03301596 0.04291999 0.02195399 0.04273098 0.03301596 0.03668695 0.03301596 0.03668695 0.02195399 0.04273098 0.02131295 0.03668695 0.03301596 0.03045296 0.02029198 0.03045296 0.03301596 0.02421897 0.03301596 0.02421897 0.02029198 0.03045296 0.01905 0.02421897 0.03301596 0.01798498 0.01774799 0.01798498 0.03301596 0.01175099 0.03301596 0.01175099 0.01774799 0.01798498 0.01651799 0.01175099 0.03301596 0.01175099 0.01651799 0.01175099 0.03301596 0.005517959 0.03301596 0.005517959 0.01651799 0.01175099 0.01543694 0.005517959 0.03301596 0.005517959 0.01543694 0.005517959 0.01461499 -7.8e-5 0.02614599 -5.59e-4 0.03459095 -7.16e-4 0.01461499 -7.8e-5 0.01461499 -7.8e-5 0.03459095 -7.16e-4 0.03301596 0.002400994 0.01461499 -7.8e-5 0.03301596 0.002400994 0.03301596 0.005517959 0.03301596 0.005517959 0.03301596 0.002400994 0.04255098 -4.19e-4 0.03301596 0.005517959 0.04255098 -4.19e-4 0.05050897 0.01175099 0.03459095 -7.16e-4 0.04255098 -4.19e-4 0.03301596 0.002400994 0.06272995 0.02421897 0.05141597 0.01798498 0.05050897 0.01175099 0.05050897 0.01175099 0.05141597 0.01798498 0.03301596 0.01798498 0.05050897 0.01175099 0.03301596 0.01798498 0.03301596 0.01175099 0.05050897 0.01175099 0.03301596 0.01175099 0.03301596 0.005517959 0.06272995 0.02421897 0.06227499 0.02421897 0.05141597 0.01798498 0.05141597 0.01798498 0.06227499 0.02421897 0.05141597 0.02421897 0.05141597 0.01798498 0.05141597 0.02421897 0.03301596 0.01798498 0.06272995 0.02421897 0.083992 0.04291999 0.073134 0.03668695 0.073134 0.03668695 0.083992 0.04291999 0.073134 0.04291999 0.073134 0.03668695 0.073134 0.04291999 0.06227499 0.04291999 0.073134 0.03668695 0.06227499 0.04291999 0.06227499 0.03668695 0.05141597 0.03045296 0.05141597 0.03668695 0.03301596 0.03045296 0.073134 0.03668695 0.06227499 0.03668695 0.06227499 0.03045296 0.06272995 0.02421897 0.073134 0.03668695 0.06227499 0.03045296 0.03301596 0.02421897 0.05141597 0.03045296 0.03301596 0.03045296 0.06227499 0.02421897 0.06272995 0.02421897 0.06227499 0.03045296 0.06227499 0.02421897 0.06227499 0.03045296 0.05141597 0.02421897 0.03459095 0.04986995 0.02614599 0.04971295 0.04255098 0.049573 0.04255098 0.049573 0.02614599 0.04971295 0.03301596 0.04675298 0.04255098 0.049573 0.03301596 0.04675298 0.03301596 0.04363596 0.03301596 0.04363596 0.03301596 0.04675298 0.01543694 0.04363596 0.03301596 0.04363596 0.01543694 0.04363596 0.03301596 0.04155796 0.03301596 0.04155796 0.01543694 0.04363596 0.01651799 0.03740298 0.03301596 0.04155796 0.01651799 0.03740298 0.03301596 0.03740298 0.03301596 0.03740298 0.01651799 0.03740298 0.01774799 0.03116899 0.03301596 0.03740298 0.01774799 0.03116899 0.03301596 0.03116899 0.03301596 0.03116899 0.01774799 0.03116899 0.01905 0.02493494 0.03301596 0.03116899 0.01905 0.02493494 0.03301596 0.02493494 0.03301596 0.02493494 0.01905 0.02493494 0.02029198 0.01870095 0.03301596 0.02493494 0.02029198 0.01870095 0.03301596 0.01870095 0.03301596 0.01870095 0.02029198 0.01870095 0.02131295 0.01246798 0.03301596 0.01870095 0.02131295 0.01246798 0.03301596 0.01246798 0.03301596 0.01246798 0.02131295 0.01246798 0.02195399 0.006422996 0.03301596 0.01246798 0.02195399 0.006422996 0.03301596 0.00623399 0.03301596 0.00623399 0.02195399 0.006422996 0.02217799 0 0.03301596 0.00623399 0.02217799 0 0.04046297 0 0.02614599 0.04971295 0.01461499 0.04923194 0.03301596 0.04675298 0.03301596 0.04675298 0.01461499 0.04923194 0.01543694 0.04363596 0.03301596 0.00623399 0.04046297 0 0.05141699 0.00623399 0.05141699 0.00623399 0.04046297 0 0.05880999 0 0.05141699 0.00623399 0.05880999 0 0.06227499 0.00623399 0.06227499 0.00623399 0.05880999 0 0.07705897 0 0.06227499 0.00623399 0.07705897 0 0.073134 0.00623399 0.073134 0.00623399 0.07705897 0 0.08399295 0.00623399 0.073134 0.00623399 0.08399295 0.00623399 0.073134 0.01246798 0.073134 0.01246798 0.08399295 0.00623399 0.06272995 0.02493494 0.073134 0.01246798 0.06272995 0.02493494 0.06227499 0.01870095 0.06227499 0.01870095 0.06272995 0.02493494 0.06227499 0.02493494 0.06227499 0.01870095 0.06227499 0.02493494 0.05141699 0.02493494 0.05141699 0.02493494 0.06227499 0.02493494 0.05141699 0.03116899 0.05141699 0.02493494 0.05141699 0.03116899 0.03301596 0.03116899 0.03301596 0.03116899 0.05141699 0.03116899 0.05050897 0.03740298 0.03301596 0.03116899 0.05050897 0.03740298 0.03301596 0.03740298 0.03301596 0.03740298 0.05050897 0.03740298 0.03301596 0.04155796 0.07705897 0 0.09484696 0 0.08399295 0.00623399 0.08399295 0.00623399 0.09484696 0 0.06272995 0.02493494 0.06227499 0.02493494 0.06272995 0.02493494 0.05141699 0.03116899 0.05141699 0.03116899 0.06272995 0.02493494 0.05050897 0.03740298 0.03301596 0.04155796 0.05050897 0.03740298 0.03301596 0.04363596 0.03301596 0.04363596 0.05050897 0.03740298 0.04255098 0.049573 0.05141699 0.02493494 0.03301596 0.03116899 0.03301596 0.02493494 0.05141699 0.02493494 0.03301596 0.02493494 0.05141699 0.01870095 0.05141699 0.01870095 0.03301596 0.02493494 0.03301596 0.01870095 0.05141699 0.01870095 0.03301596 0.01870095 0.05141699 0.01246798 0.05141699 0.01246798 0.03301596 0.01870095 0.03301596 0.01246798 0.05141699 0.01246798 0.03301596 0.01246798 0.03301596 0.00623399 0.05141699 0.02493494 0.05141699 0.01870095 0.06227499 0.01870095 0.06227499 0.01870095 0.05141699 0.01870095 0.06227499 0.01246798 0.06227499 0.01870095 0.06227499 0.01246798 0.073134 0.01246798 0.073134 0.01246798 0.06227499 0.01246798 0.06227499 0.00623399 0.073134 0.01246798 0.06227499 0.00623399 0.073134 0.00623399 0.06227499 0.01246798 0.05141699 0.01870095 0.05141699 0.01246798 0.03301596 0.00623399 0.05141699 0.00623399 0.05141699 0.01246798 0.05141699 0.01246798 0.05141699 0.00623399 0.06227499 0.01246798 0.05141699 0.00623399 0.06227499 0.00623399 0.06227499 0.01246798 -0.02952098 3.45e-4 -0.02222496 0.01475495 -0.02952098 0.05782097 -0.02952098 0.05782097 -0.02222496 0.01475495 -0.01490098 0.02913796 -0.02952098 0.05782097 -0.01490098 0.02913796 -0.007551968 0.04349297 -0.007551968 0.04349297 -1.76e-4 0.05782097 -0.02952098 0.05782097 0 0.32178 -0.02094596 0.32178 0 0.264303 0 0.264303 -0.02094596 0.32178 -0.04233795 0.191084 -0.04233795 0.191084 -0.02094596 0.32178 -0.04189199 0.32178 -0.04233795 0.191084 -0.04189199 0.32178 -0.06283897 0.32178 -0.04233795 0.191084 -0.06283897 0.32178 -0.08378499 0.119506 -0.08378499 0.119506 -0.06283897 0.32178 -0.08378499 0.32178 -0.08378499 0.119506 -0.08378499 0.32178 -0.104731 0.32178 -0.08378499 0.119506 -0.104731 0.32178 -0.105983 0.08339798 -0.105983 0.08339798 -0.104731 0.32178 -0.125677 0.32178 -0.105983 0.08339798 -0.125677 0.32178 -0.125672 0.05554699 -0.125672 0.05554699 -0.125677 0.32178 -0.135963 0.04389798 -0.135963 0.04389798 -0.125677 0.32178 -0.146623 0.32178 -0.135963 0.04389798 -0.146623 0.32178 -0.146623 0.03527599 -0.146623 0.03527599 -0.146623 0.32178 -0.1517879 0.03273499 -0.1517879 0.03273499 -0.146623 0.32178 -0.15707 0.03139597 -0.15707 0.03139597 -0.146623 0.32178 -0.1675699 0.32178 -0.15707 0.03139597 -0.1675699 0.32178 -0.162385 0.03137999 -0.162385 0.03137999 -0.1675699 0.32178 -0.1675699 0.03269594 0 0.290819 -0.178386 0.290819 0 0.001734972 0 0.001734972 -0.178386 0.290819 -0.270198 0.08796697 -0.270198 0.08796697 -0.178386 0.290819 -0.449528 0.162713 -0.449528 0.162713 -0.178386 0.290819 -0.356772 0.290819 -0.449528 0.162713 -0.356772 0.290819 -0.535159 0.290819 -0.535159 0.290819 -0.713545 0.290819 -0.449528 0.162713 0.621209 8.330525 0.621209 8.3636 0.303653 8.740741 0.303653 8.740741 0.621209 8.3636 0.621209 8.396676 0.303653 8.740741 0.621209 8.396676 0.621209 8.429749 0.621209 8.429749 0.313832 8.814121 0.303653 8.740741 0.303653 8.740741 0.313832 8.814121 -0.01475197 9.158471 -0.01475197 9.158471 0.313832 8.814121 0.008442997 9.206729 -0.01475197 9.158471 0.008442997 9.206729 -0.323256 9.582354 -0.323256 9.582354 0.008442997 9.206729 -0.286657 9.606057 -0.323256 9.582354 -0.286657 9.606057 -0.613799 10.01096 -0.613799 10.01096 -0.286657 9.606057 -0.56509 10.01096 -0.867586 0.04086399 -0.867586 0 -0.603047 0.04086399 -0.603047 0.04086399 -0.867586 0 0.218237 0.04086399 -0.603047 0.04086399 0.218237 0.04086399 0.04931998 0.08563995 -0.867586 0 0.857237 0 0.218237 0.04086399 0.218237 0.04086399 0.857237 0 0.827206 0.01385897 0.218237 0.04086399 0.827206 0.01385897 0.797066 0.02748 0.797066 0.02748 0.76682 0.04086399 0.218237 0.04086399 0.04931998 0.08563995 -0.123737 0.123758 -0.603047 0.04086399 -0.603047 0.04086399 -0.123737 0.123758 -0.300661 0.154449 -0.603047 0.04086399 -0.300661 0.154449 -0.602331 0.07020097 -0.602331 0.07020097 -0.300661 0.154449 -0.600697 0.08795297 -0.600697 0.08795297 -0.300661 0.154449 -0.596059 0.105641 -0.596059 0.105641 -0.300661 0.154449 -0.480786 0.177839 -0.596059 0.105641 -0.480786 0.177839 -0.588107 0.122916 -0.588107 0.122916 -0.480786 0.177839 -0.576529 0.139432 -0.576529 0.139432 -0.480786 0.177839 -0.560715 0.154821 -0.560715 0.154821 -0.480786 0.177839 -0.539496 0.167946 -0.539496 0.167946 -0.480786 0.177839 -0.512081 0.17673 -0.56509 -10.01096 -0.286657 -9.606057 -0.613799 -10.01096 -0.613799 -10.01096 -0.286657 -9.606057 -0.323256 -9.582354 -0.323256 -9.582354 -0.286657 -9.606057 0.008442997 -9.206729 -0.323256 -9.582354 0.008442997 -9.206729 -0.01475197 -9.158471 -0.01475197 -9.158471 0.008442997 -9.206729 0.313832 -8.814121 -0.01475197 -9.158471 0.313832 -8.814121 0.303653 -8.740741 0.303653 -8.740741 0.313832 -8.814121 0.621209 -8.429749 0.303653 -8.740741 0.621209 -8.429749 0.621209 -8.396676 0.621209 -8.396676 0.621209 -8.3636 0.303653 -8.740741 0.303653 -8.740741 0.621209 -8.3636 0.621209 -8.330525 -0.867586 0 0.76682 0 -0.867586 0.04086399 -0.867586 0.04086399 0.76682 0 0.797066 0.01338398 -0.867586 0.04086399 0.797066 0.01338398 0.827206 0.02700495 0.827206 0.02700495 0.857237 0.04086399 -0.867586 0.04086399 0.02325499 0 1.693654 0 0.865672 0.01619499 0.865672 0.01619499 1.693654 0 1.69356 0.01279097 0.865672 0.01619499 1.69356 0.01279097 1.693494 0.02471798 0.865672 0.01619499 1.693494 0.02471798 0.865672 0.03238999 0.865672 0.03238999 1.693494 0.02471798 1.693458 0.03616094 0.865672 0.03238999 1.693458 0.03616094 0.865672 0.04839098 0.865672 0.04839098 1.693458 0.03616094 1.693455 0.04742795 0.865672 0.04839098 1.693455 0.04742795 0.02325499 0.06437796 0.02325499 0.06437796 0.02325499 0.04864299 0.865672 0.04839098 0.865672 0.04839098 0.02325499 0.04864299 0.02325499 0.03319495 0.865672 0.04839098 0.02325499 0.03319495 0.865672 0.03238999 0.865672 0.03238999 0.02325499 0.03319495 0.02325499 0.01726996 0.865672 0.03238999 0.02325499 0.01726996 0.865672 0.01619499 0.865672 0.01619499 0.02325499 0.01726996 0.02325499 0 0.02325499 0.06835299 0.865672 0.06942796 0.02325499 0.08562296 0.02325499 0.08562296 0.865672 0.06942796 1.69356 0.07283198 0.02325499 0.08562296 1.69356 0.07283198 1.693654 0.08562296 0.865672 0.06942796 0.02325499 0.06835299 0.865672 0.05323398 0.865672 0.05323398 0.02325499 0.06835299 0.02325499 0.05242794 0.865672 0.05323398 0.02325499 0.05242794 0.865672 0.03723299 0.865672 0.03723299 0.02325499 0.05242794 0.02325499 0.03698098 0.865672 0.03723299 0.02325499 0.03698098 0.02325499 0.02124595 0.02325499 0.02124595 1.693455 0.03819495 0.865672 0.03723299 0.865672 0.03723299 1.693455 0.03819495 1.693458 0.04946297 0.865672 0.03723299 1.693458 0.04946297 0.865672 0.05323398 0.865672 0.05323398 1.693458 0.04946297 1.693494 0.06090497 0.865672 0.05323398 1.693494 0.06090497 0.865672 0.06942796 0.865672 0.06942796 1.693494 0.06090497 1.69356 0.07283198 0.02325499 0 1.693654 0 0.865672 0.01619499 0.865672 0.01619499 1.693654 0 1.69356 0.01279097 0.865672 0.01619499 1.69356 0.01279097 1.693494 0.02471798 0.865672 0.01619499 1.693494 0.02471798 0.865672 0.03238999 0.865672 0.03238999 1.693494 0.02471798 1.693458 0.03616094 0.865672 0.03238999 1.693458 0.03616094 0.865672 0.04839098 0.865672 0.04839098 1.693458 0.03616094 1.693455 0.04742795 0.865672 0.04839098 1.693455 0.04742795 0.02325499 0.06437796 0.02325499 0.06437796 0.02325499 0.04864299 0.865672 0.04839098 0.865672 0.04839098 0.02325499 0.04864299 0.02325499 0.03319495 0.865672 0.04839098 0.02325499 0.03319495 0.865672 0.03238999 0.865672 0.03238999 0.02325499 0.03319495 0.02325499 0.01726996 0.865672 0.03238999 0.02325499 0.01726996 0.865672 0.01619499 0.865672 0.01619499 0.02325499 0.01726996 0.02325499 0 0.02325499 0 1.693654 0 0.865672 0.01619499 0.865672 0.01619499 1.693654 0 1.69356 0.01279097 0.865672 0.01619499 1.69356 0.01279097 1.693494 0.02471798 0.865672 0.01619499 1.693494 0.02471798 0.865672 0.03238999 0.865672 0.03238999 1.693494 0.02471798 1.693458 0.03616094 0.865672 0.03238999 1.693458 0.03616094 0.865672 0.04839098 0.865672 0.04839098 1.693458 0.03616094 1.693455 0.04742795 0.865672 0.04839098 1.693455 0.04742795 0.02325499 0.06437796 0.02325499 0.06437796 0.02325499 0.04864299 0.865672 0.04839098 0.865672 0.04839098 0.02325499 0.04864299 0.02325499 0.03319495 0.865672 0.04839098 0.02325499 0.03319495 0.865672 0.03238999 0.865672 0.03238999 0.02325499 0.03319495 0.02325499 0.01726996 0.865672 0.03238999 0.02325499 0.01726996 0.865672 0.01619499 0.865672 0.01619499 0.02325499 0.01726996 0.02325499 0 0.02325499 0.06835299 0.865674 0.06942796 0.02325499 0.08562296 0.02325499 0.08562296 0.865674 0.06942796 1.69356 0.07283198 0.02325499 0.08562296 1.69356 0.07283198 1.693654 0.08562296 0.865674 0.06942796 0.02325499 0.06835299 0.865674 0.05323398 0.865674 0.05323398 0.02325499 0.06835299 0.02325499 0.05242794 0.865674 0.05323398 0.02325499 0.05242794 0.865674 0.03723299 0.865674 0.03723299 0.02325499 0.05242794 0.02325499 0.03698098 0.865674 0.03723299 0.02325499 0.03698098 0.02325499 0.02124595 0.02325499 0.02124595 1.693455 0.03819495 0.865674 0.03723299 0.865674 0.03723299 1.693455 0.03819495 1.693458 0.04946297 0.865674 0.03723299 1.693458 0.04946297 0.865674 0.05323398 0.865674 0.05323398 1.693458 0.04946297 1.693494 0.06090497 0.865674 0.05323398 1.693494 0.06090497 0.865674 0.06942796 0.865674 0.06942796 1.693494 0.06090497 1.69356 0.07283198 0.02325499 0.06835299 0.865671 0.06942796 0.02325499 0.08562296 0.02325499 0.08562296 0.865671 0.06942796 1.69356 0.07283198 0.02325499 0.08562296 1.69356 0.07283198 1.693654 0.08562296 0.865671 0.06942796 0.02325499 0.06835299 0.865671 0.05323398 0.865671 0.05323398 0.02325499 0.06835299 0.02325499 0.05242794 0.865671 0.05323398 0.02325499 0.05242794 0.865671 0.03723299 0.865671 0.03723299 0.02325499 0.05242794 0.02325499 0.03698098 0.865671 0.03723299 0.02325499 0.03698098 0.02325499 0.02124595 0.02325499 0.02124595 1.693455 0.03819495 0.865671 0.03723299 0.865671 0.03723299 1.693455 0.03819495 1.693458 0.04946297 0.865671 0.03723299 1.693458 0.04946297 0.865671 0.05323398 0.865671 0.05323398 1.693458 0.04946297 1.693494 0.06090497 0.865671 0.05323398 1.693494 0.06090497 0.865671 0.06942796 0.865671 0.06942796 1.693494 0.06090497 1.69356 0.07283198 0.535916 10.05657 0.569064 10.04335 0.528185 10.06617 0.528185 10.06617 0.569064 10.04335 0.345891 10.40086 0.528185 10.06617 0.345891 10.40086 0.306477 10.42205 0.306477 10.42205 0.345891 10.40086 0.1362709 10.77428 0.306477 10.42205 0.1362709 10.77428 0.098787 10.79322 0.098787 10.79322 0.1362709 10.77428 -0.05298495 11.16063 0.098787 10.79322 -0.05298495 11.16063 -0.088382 11.17684 -0.088382 11.17684 -0.05298495 11.16063 -0.216036 11.55701 -0.088382 11.17684 -0.216036 11.55701 -0.249402 11.57018 -0.249402 11.57018 -0.216036 11.55701 -0.34791 11.96138 -0.249402 11.57018 -0.34791 11.96138 -0.379537 11.97128 -0.379537 11.97128 -0.34791 11.96138 -0.444802 12.37104 -0.379537 11.97128 -0.444802 12.37104 -0.475101 12.37758 -0.475101 12.37758 -0.444802 12.37104 -0.503644 12.78319 -0.475101 12.37758 -0.503644 12.78319 -0.533139 12.78637 -0.533139 12.78637 -0.503644 12.78319 -0.5234 13.19469 -0.533139 12.78637 -0.5234 13.19469 -0.552635 13.19469 -0.552635 -13.19469 -0.5234 -13.19469 -0.533139 -12.78637 -0.533139 -12.78637 -0.5234 -13.19469 -0.503644 -12.78319 -0.533139 -12.78637 -0.503644 -12.78319 -0.475101 -12.37758 -0.475101 -12.37758 -0.503644 -12.78319 -0.444802 -12.37104 -0.475101 -12.37758 -0.444802 -12.37104 -0.379537 -11.97128 -0.379537 -11.97128 -0.444802 -12.37104 -0.34791 -11.96138 -0.379537 -11.97128 -0.34791 -11.96138 -0.249402 -11.57018 -0.249402 -11.57018 -0.34791 -11.96138 -0.216036 -11.55701 -0.249402 -11.57018 -0.216036 -11.55701 -0.088382 -11.17684 -0.088382 -11.17684 -0.216036 -11.55701 -0.05298495 -11.16063 -0.088382 -11.17684 -0.05298495 -11.16063 0.098787 -10.79322 0.098787 -10.79322 -0.05298495 -11.16063 0.1362709 -10.77428 0.098787 -10.79322 0.1362709 -10.77428 0.306477 -10.42205 0.306477 -10.42205 0.1362709 -10.77428 0.345891 -10.40086 0.306477 -10.42205 0.345891 -10.40086 0.528185 -10.06617 0.528185 -10.06617 0.345891 -10.40086 0.569064 -10.04335 0.528185 -10.06617 0.569064 -10.04335 0.535916 -10.05657 0.535916 -10.05657 0.569064 -10.04335 0.545582 -10.04896 0.545582 -10.04896 0.569064 -10.04335 0.556894 -10.04428 0.556894 -10.04428 0.569064 -10.04335 0.562942 -10.04331 0.535916 10.05657 0.545582 10.04896 0.569064 10.04335 0.569064 10.04335 0.545582 10.04896 0.556894 10.04428 0.569064 10.04335 0.556894 10.04428 0.562942 10.04331 0.02325499 0.06835198 0.854461 0.06942695 0.02325499 0.08562099 0.02325499 0.08562099 0.854461 0.06942695 1.662387 0.07375496 0.02325499 0.08562099 1.662387 0.07375496 1.655954 0.08562099 0.854461 0.06942695 0.02325499 0.06835198 0.854461 0.05323296 0.854461 0.05323296 0.02325499 0.06835198 0.02325499 0.05242699 0.854461 0.05323296 0.02325499 0.05242699 0.854461 0.03723198 0.854461 0.03723198 0.02325499 0.05242699 0.02325499 0.03698098 0.854461 0.03723198 0.02325499 0.03698098 0.02325499 0.02124595 0.02325499 0.02124595 1.671274 0.03794997 0.854461 0.03723198 0.854461 0.03723198 1.671274 0.03794997 1.671295 0.04400199 0.854461 0.03723198 1.671295 0.04400199 0.854461 0.05323296 0.854461 0.05323296 1.671295 0.04400199 1.670642 0.05003094 0.854461 0.05323296 1.670642 0.05003094 1.667491 0.06196296 0.854461 0.05323296 1.667491 0.06196296 0.854461 0.06942695 0.854461 0.06942695 1.667491 0.06196296 1.662387 0.07375496 0.02325499 0 1.655954 0 0.854422 0.01619398 0.854422 0.01619398 1.655954 0 1.662387 0.01186597 0.854422 0.01619398 1.662387 0.01186597 1.667491 0.02365899 0.854422 0.01619398 1.667491 0.02365899 0.854422 0.03238898 0.854422 0.03238898 1.667491 0.02365899 1.670642 0.03559094 0.854422 0.03238898 1.670642 0.03559094 1.671295 0.04161995 0.854422 0.03238898 1.671295 0.04161995 0.854422 0.04838997 0.854422 0.04838997 1.671295 0.04161995 1.671274 0.04767197 0.854422 0.04838997 1.671274 0.04767197 0.02325499 0.064377 0.02325499 0.064377 0.02325499 0.04864197 0.854422 0.04838997 0.854422 0.04838997 0.02325499 0.04864197 0.02325499 0.03319495 0.854422 0.04838997 0.02325499 0.03319495 0.854422 0.03238898 0.854422 0.03238898 0.02325499 0.03319495 0.02325499 0.01726996 0.854422 0.03238898 0.02325499 0.01726996 0.854422 0.01619398 0.854422 0.01619398 0.02325499 0.01726996 0.02325499 0 0.151655 0.294331 0.140841 0.295169 0.05727195 0.19374 0.05727195 0.19374 0.140841 0.295169 0.12972 0.298289 0.05727195 0.19374 0.12972 0.298289 0.115437 0.30513 0.115437 0.30513 0.02902698 0.213504 0.05727195 0.19374 0.05727195 0.19374 0.02902698 0.213504 -0.06002897 0.124448 0.05727195 0.19374 -0.06002897 0.124448 -0.04026496 0.09620296 -0.04026496 0.09620296 -0.06002897 0.124448 -0.151655 0.03803795 -0.04026496 0.09620296 -0.151655 0.03803795 -0.144814 0.02375495 -0.144814 0.02375495 -0.141694 0.01263397 -0.04026496 0.09620296 -0.04026496 0.09620296 -0.141694 0.01263397 -0.140856 0.001819968 0.140856 0.001819968 0.141694 0.01263397 0.04026496 0.09620296 0.04026496 0.09620296 0.141694 0.01263397 0.144814 0.02375495 0.04026496 0.09620296 0.144814 0.02375495 0.151655 0.03803795 0.151655 0.03803795 0.06002897 0.124448 0.04026496 0.09620296 0.04026496 0.09620296 0.06002897 0.124448 -0.05727195 0.19374 -0.05727195 0.19374 0.06002897 0.124448 -0.02902698 0.213504 -0.05727195 0.19374 -0.02902698 0.213504 -0.115437 0.30513 -0.115437 0.30513 -0.12972 0.298289 -0.05727195 0.19374 -0.05727195 0.19374 -0.12972 0.298289 -0.140841 0.295169 -0.05727195 0.19374 -0.140841 0.295169 -0.151655 0.294331 -0.151655 0.01261895 -0.140841 0.01178097 -0.05727195 0.11321 -0.05727195 0.11321 -0.140841 0.01178097 -0.12972 0.008660972 -0.05727195 0.11321 -0.12972 0.008660972 -0.115437 0.001819968 -0.115437 0.001819968 -0.02902698 0.09344595 -0.05727195 0.11321 -0.05727195 0.11321 -0.02902698 0.09344595 0.06002897 0.182502 -0.05727195 0.11321 0.06002897 0.182502 0.04026496 0.210747 0.04026496 0.210747 0.06002897 0.182502 0.151655 0.268912 0.04026496 0.210747 0.151655 0.268912 0.144814 0.283196 0.144814 0.283196 0.141694 0.294316 0.04026496 0.210747 0.04026496 0.210747 0.141694 0.294316 0.140856 0.30513 -0.140856 0.30513 -0.141694 0.294316 -0.04026496 0.210747 -0.04026496 0.210747 -0.141694 0.294316 -0.144814 0.283196 -0.04026496 0.210747 -0.144814 0.283196 -0.151655 0.268912 -0.151655 0.268912 -0.06002897 0.182502 -0.04026496 0.210747 -0.04026496 0.210747 -0.06002897 0.182502 0.05727195 0.11321 0.05727195 0.11321 -0.06002897 0.182502 0.02902698 0.09344595 0.05727195 0.11321 0.02902698 0.09344595 0.115437 0.001819968 0.115437 0.001819968 0.12972 0.008660972 0.05727195 0.11321 0.05727195 0.11321 0.12972 0.008660972 0.140841 0.01178097 0.05727195 0.11321 0.140841 0.01178097 0.151655 0.01261895 -2.475 0 2.475 0 -2.475 0.736218 -2.475 0.736218 2.475 0 2.475 0.750492 -2.475 0.736218 2.475 0.750492 -2.475 1.472436 -2.475 1.472436 2.475 0.750492 2.475 1.500983 -2.475 1.472436 2.475 1.500983 -2.475 2.208654 -2.475 2.208654 2.475 1.500983 2.475 2.251475 -2.475 2.208654 2.475 2.251475 -2.475 2.944873 -2.475 2.944873 2.475 2.251475 2.475 3.001966 -2.475 2.944873 2.475 3.001966 0.525 3.133711 0.525 3.133711 2.475 3.001966 2.195119 3.157185 2.195119 3.157185 2.475 3.001966 2.201019 3.157735 2.201019 3.157735 2.475 3.001966 2.206452 3.159486 2.206452 3.159486 2.475 3.001966 2.211821 3.162526 2.211821 3.162526 2.475 3.001966 2.216583 3.166713 2.216583 3.166713 2.475 3.001966 2.220412 3.171803 2.220412 3.171803 2.475 3.001966 2.223105 3.177437 2.223105 3.177437 2.475 3.001966 2.224601 3.183233 2.224601 3.183233 2.475 3.001966 2.224998 3.188289 2.224998 3.188289 2.475 3.001966 2.225 3.314238 2.225 3.314238 2.475 3.001966 2.225 3.440187 2.225 3.440187 2.475 3.001966 2.475 3.752458 2.225 3.440187 2.475 3.752458 2.224998 3.566136 2.224998 3.566136 2.475 3.752458 2.224601 3.571191 2.224601 3.571191 2.475 3.752458 2.223105 3.576987 2.223105 3.576987 2.475 3.752458 2.220412 3.582621 2.220412 3.582621 2.475 3.752458 2.216583 3.587711 2.216583 3.587711 2.475 3.752458 2.211821 3.591898 2.211821 3.591898 2.475 3.752458 2.206452 3.594938 2.206452 3.594938 2.475 3.752458 2.20102 3.596689 2.20102 3.596689 2.475 3.752458 2.195119 3.597239 2.195119 3.597239 2.475 3.752458 -2.475 3.681091 2.195119 3.597239 -2.475 3.681091 0.525 3.620713 0.525 3.620713 -2.475 3.681091 0.525 3.458379 0.525 3.458379 -2.475 3.681091 0.525 3.296045 0.525 3.296045 -2.475 3.681091 -2.475 2.944873 0.525 3.296045 -2.475 2.944873 0.525 3.133711 -2.475 3.681091 2.475 3.752458 -2.475 4.417309 -2.475 4.417309 2.475 3.752458 2.475 4.502949 -2.475 4.417309 2.475 4.502949 -2.475 5.153527 -2.475 5.153527 2.475 4.502949 2.475 5.253441 -2.475 5.153527 2.475 5.253441 -2.475 5.889745 -2.475 5.889745 2.475 5.253441 2.475 6.003932 -2.475 5.889745 2.475 6.003932 -2.475 6.625963 -2.475 6.625963 2.475 6.003932 2.475 6.754424 -2.475 6.625963 2.475 6.754424 -2.475 7.362182 -2.475 7.362182 2.475 6.754424 2.475 7.504916 -2.475 7.362182 2.475 7.504916 -2.475 8.098401 -2.475 8.098401 2.475 7.504916 2.475 8.255408 -2.475 8.098401 2.475 8.255408 -2.475 8.834618 -2.475 8.834618 2.475 8.255408 -0.750176 8.834618 -0.750176 8.834618 2.475 8.255408 2.475 9.005898 -0.750176 8.834618 2.475 9.005898 -0.409735 9.189992 -0.409735 9.189992 2.475 9.005898 -0.08028596 9.562609 -0.08028596 9.562609 2.475 9.005898 2.475 9.756391 -0.08028596 9.562609 2.475 9.756391 0.525 9.888135 0.525 9.888135 2.475 9.756391 2.195119 9.91161 2.195119 9.91161 2.475 9.756391 2.201019 9.912159 2.201019 9.912159 2.475 9.756391 2.206452 9.91391 2.206452 9.91391 2.475 9.756391 2.211821 9.916951 2.211821 9.916951 2.475 9.756391 2.216583 9.921137 2.216583 9.921137 2.475 9.756391 2.220412 9.926227 2.220412 9.926227 2.475 9.756391 2.223105 9.931862 2.223105 9.931862 2.475 9.756391 2.224601 9.937658 2.224601 9.937658 2.475 9.756391 2.224998 9.942713 2.224998 9.942713 2.475 9.756391 2.225 10.06866 2.225 10.06866 2.475 9.756391 2.225 10.19461 2.225 10.19461 2.475 9.756391 2.475 10.50688 2.225 10.19461 2.475 10.50688 2.224998 10.32056 2.224998 10.32056 2.475 10.50688 2.224601 10.32561 2.224601 10.32561 2.475 10.50688 2.223105 10.33141 2.223105 10.33141 2.475 10.50688 2.220412 10.33705 2.220412 10.33705 2.475 10.50688 2.216583 10.34214 2.216583 10.34214 2.475 10.50688 2.211821 10.34632 2.211821 10.34632 2.475 10.50688 2.206452 10.34936 2.206452 10.34936 2.475 10.50688 2.20102 10.35111 2.20102 10.35111 2.475 10.50688 2.195119 10.35166 2.195119 10.35166 2.475 10.50688 0.547179 10.37478 0.547179 10.37478 2.475 10.50688 0.779506 10.7264 0.779506 10.7264 2.475 10.50688 0.996647 11.09548 0.996647 11.09548 2.475 10.50688 2.475 11.25737 0.996647 11.09548 2.475 11.25737 1.191953 11.4788 1.191953 11.4788 2.475 11.25737 2.475 12.00786 1.191953 11.4788 2.475 12.00786 1.359732 11.8732 1.359732 11.8732 2.475 12.00786 1.495149 12.27638 1.495149 12.27638 2.475 12.00786 2.475 12.75836 1.495149 12.27638 2.475 12.75836 1.594494 12.68545 1.594494 12.68545 2.475 12.75836 1.654774 13.09738 1.654774 13.09738 2.475 12.75836 2.475 13.50885 1.654774 13.09738 2.475 13.50885 1.675 13.50885 -0.08028596 9.562609 0.525 9.888135 0.232872 9.947914 0.232872 9.947914 0.525 9.888135 0.525 10.03976 0.232872 9.947914 0.525 10.03976 0.525 10.19139 0.525 10.19139 0.525 10.34302 0.232872 9.947914 1.496651 -13.15415 1.475318 -13.18523 1.755067 -13.29376 1.755067 -13.29376 1.475318 -13.18523 -0.195007 -13.20095 1.755067 13.89803 -0.195007 13.99084 -0.195007 13.21231 1.755067 13.89803 -0.195007 13.21231 1.755067 13.1427 1.755067 13.1427 -0.195007 13.21231 -0.195007 12.43378 1.755067 13.1427 -0.195007 12.43378 1.755067 12.38737 1.755067 12.38737 -0.195007 12.43378 -0.195007 11.65525 1.755067 12.38737 -0.195007 11.65525 1.755067 11.63204 1.755067 11.63204 -0.195007 11.65525 -0.195007 10.87672 1.755067 11.63204 -0.195007 10.87672 1.755067 10.87672 1.755067 -12.53844 1.505057 -12.84723 1.755067 -13.29376 1.755067 -13.29376 1.505057 -12.84723 1.505057 -12.98497 1.755067 -13.29376 1.505057 -12.98497 1.505057 -13.12271 1.755067 -11.78311 -0.195007 -11.85272 1.755067 -12.53844 1.755067 -12.53844 -0.195007 -11.85272 -0.195007 -12.63125 1.755067 -12.53844 -0.195007 -12.63125 1.475318 -12.64697 -0.195007 -11.85272 1.755067 -11.78311 -0.195007 -11.07419 -0.195007 -11.07419 1.755067 -11.78311 1.755067 -11.02778 -0.195007 -11.07419 1.755067 -11.02778 -0.195007 -10.29566 -0.195007 -10.29566 1.755067 -11.02778 1.755067 -10.27245 -0.195007 -10.29566 1.755067 -10.27245 -0.195007 -9.517127 -0.195007 -9.517127 1.755067 -10.27245 1.755067 -9.517127 -0.195007 -9.517127 1.755067 -9.517127 1.755067 -8.761799 -0.195007 -9.517127 1.755067 -8.761799 -0.195007 -8.738596 -0.195007 -8.738596 1.755067 -8.761799 1.755067 -8.006472 -0.195007 -8.738596 1.755067 -8.006472 -0.195007 -7.960066 -0.195007 -7.960066 1.755067 -8.006472 1.755067 -7.251144 -0.195007 -7.960066 1.755067 -7.251144 -0.195007 -7.181536 -0.195007 -7.181536 1.755067 -7.251144 1.755067 -6.495817 -0.195007 -7.181536 1.755067 -6.495817 -0.195007 -6.403006 -0.195007 -6.403006 1.755067 -6.495817 1.475318 -6.387279 1.475318 -6.387279 1.755067 -6.495817 1.496651 -6.3562 1.496651 -6.3562 1.755067 -6.495817 1.503166 -6.339498 1.503166 -6.339498 1.755067 -6.495817 1.505057 -6.324766 1.505057 -6.324766 1.755067 -6.495817 1.505057 -6.187024 1.505057 -6.187024 1.755067 -6.495817 1.505057 -6.049282 1.505057 -6.049282 1.755067 -6.495817 1.755067 -5.740489 1.505057 -6.049282 1.755067 -5.740489 1.505057 -5.911539 1.505057 -5.911539 1.755067 -5.740489 1.503166 -5.896808 1.503166 -5.896808 1.755067 -5.740489 1.496651 -5.880105 1.496651 -5.880105 1.755067 -5.740489 1.475318 -5.849026 1.475318 -5.849026 1.755067 -5.740489 -0.1573089 -5.833656 -0.1573089 -5.833656 1.755067 -5.740489 0.07254695 -5.482418 0.07254695 -5.482418 1.755067 -5.740489 1.755067 -4.985161 0.07254695 -5.482418 1.755067 -4.985161 0.286935 -5.114645 0.286935 -5.114645 1.755067 -4.985161 0.479496 -4.733404 0.479496 -4.733404 1.755067 -4.985161 1.755067 -4.229834 0.479496 -4.733404 1.755067 -4.229834 0.644736 -4.34166 0.644736 -4.34166 1.755067 -4.229834 0.778037 -3.94155 0.778037 -3.94155 1.755067 -4.229834 1.755067 -3.474507 0.778037 -3.94155 1.755067 -3.474507 0.875794 -3.535825 0.875794 -3.535825 1.755067 -3.474507 0.935118 -3.127328 0.935118 -3.127328 1.755067 -3.474507 1.755067 -2.719179 0.935118 -3.127328 1.755067 -2.719179 0.955036 -2.719179 1.475318 -12.64697 1.496651 -12.67805 1.755067 -12.53844 1.755067 -12.53844 1.496651 -12.67805 1.503166 -12.69476 1.755067 -12.53844 1.503166 -12.69476 1.505057 -12.70949 1.505057 -12.70949 1.505057 -12.84723 1.755067 -12.53844 1.505057 -13.12271 1.503166 -13.13744 1.755067 -13.29376 1.755067 -13.29376 1.503166 -13.13744 1.496651 -13.15415 0.955036 -2.719179 1.755067 -2.719179 0.935118 -2.31103 0.935118 -2.31103 1.755067 -2.719179 1.755067 -1.963851 0.935118 -2.31103 1.755067 -1.963851 0.875794 -1.902533 0.875794 -1.902533 1.755067 -1.963851 0.778037 -1.496808 0.778037 -1.496808 1.755067 -1.963851 1.755067 -1.208524 0.778037 -1.496808 1.755067 -1.208524 0.644736 -1.096698 0.644736 -1.096698 1.755067 -1.208524 0.479496 -0.704954 0.479496 -0.704954 1.755067 -1.208524 1.755067 -0.453196 0.479496 -0.704954 1.755067 -0.453196 0.286935 -0.323714 0.286935 -0.323714 1.755067 -0.453196 0.07254695 0.04405999 0.07254695 0.04405999 1.755067 -0.453196 1.755067 0.302131 0.07254695 0.04405999 1.755067 0.302131 -0.1573089 0.395298 -0.1573089 0.395298 1.755067 0.302131 1.475318 0.410668 1.475318 0.410668 1.755067 0.302131 1.496651 0.441747 1.496651 0.441747 1.755067 0.302131 1.503166 0.45845 1.503166 0.45845 1.755067 0.302131 1.505057 0.473181 1.505057 0.473181 1.755067 0.302131 1.505057 0.610924 1.505057 0.610924 1.755067 0.302131 1.755067 1.057459 1.505057 0.610924 1.755067 1.057459 1.505057 0.748666 1.505057 0.748666 1.755067 1.057459 1.505057 0.886408 1.505057 0.886408 1.755067 1.057459 1.503166 0.901139 1.503166 0.901139 1.755067 1.057459 1.496651 0.917842 1.496651 0.917842 1.755067 1.057459 1.475318 0.948921 1.475318 0.948921 1.755067 1.057459 -0.195007 0.964648 -0.195007 0.964648 1.755067 1.057459 -0.195007 1.743178 -0.195007 1.743178 1.755067 1.057459 1.755067 1.812786 -0.195007 1.743178 1.755067 1.812786 -0.195007 2.521708 -0.195007 2.521708 1.755067 1.812786 1.755067 2.568114 -0.195007 2.521708 1.755067 2.568114 -0.195007 3.300238 -0.195007 3.300238 1.755067 2.568114 1.755067 3.323441 -0.195007 3.300238 1.755067 3.323441 -0.195007 4.078769 -0.195007 4.078769 1.755067 3.323441 1.755067 4.078769 -0.195007 4.078769 1.755067 4.078769 1.755067 4.834096 -0.195007 4.078769 1.755067 4.834096 -0.195007 4.857299 -0.195007 4.857299 1.755067 4.834096 1.755067 5.589424 -0.195007 4.857299 1.755067 5.589424 -0.195007 5.635829 -0.195007 5.635829 1.755067 5.589424 1.755067 6.344751 -0.195007 5.635829 1.755067 6.344751 -0.195007 6.414359 -0.195007 6.414359 1.755067 6.344751 1.755067 7.100079 -0.195007 6.414359 1.755067 7.100079 -0.195007 7.19289 -0.195007 7.19289 1.755067 7.100079 1.475318 7.208616 1.475318 7.208616 1.755067 7.100079 1.496651 7.239695 1.496651 7.239695 1.755067 7.100079 1.503166 7.256398 1.503166 7.256398 1.755067 7.100079 1.505057 7.271129 1.505057 7.271129 1.755067 7.100079 1.505057 7.408871 1.505057 7.408871 1.755067 7.100079 1.755067 7.855406 1.505057 7.408871 1.755067 7.855406 1.505057 7.546614 1.505057 7.546614 1.755067 7.855406 1.505057 7.684356 1.505057 7.684356 1.755067 7.855406 1.503166 7.699087 1.503166 7.699087 1.755067 7.855406 1.496651 7.71579 1.496651 7.71579 1.755067 7.855406 1.475318 7.746869 1.475318 7.746869 1.755067 7.855406 -0.195007 7.762595 -0.195007 7.762595 1.755067 7.855406 -0.195007 8.541126 -0.195007 8.541126 1.755067 7.855406 1.755067 8.610734 -0.195007 8.541126 1.755067 8.610734 -0.195007 9.319656 -0.195007 9.319656 1.755067 8.610734 1.755067 9.366062 -0.195007 9.319656 1.755067 9.366062 -0.195007 10.09819 -0.195007 10.09819 1.755067 9.366062 1.755067 10.12139 -0.195007 10.09819 1.755067 10.12139 -0.195007 10.87672 -0.195007 10.87672 1.755067 10.12139 1.755067 10.87672 1.675 -13.50885 2.475 -13.50885 1.654774 -13.09738 1.654774 -13.09738 2.475 -13.50885 2.475 -12.75836 1.654774 -13.09738 2.475 -12.75836 1.594494 -12.68545 1.594494 -12.68545 2.475 -12.75836 1.495149 -12.27638 1.495149 -12.27638 2.475 -12.75836 2.475 -12.00786 1.495149 -12.27638 2.475 -12.00786 1.359732 -11.8732 1.359732 -11.8732 2.475 -12.00786 1.191953 -11.4788 1.191953 -11.4788 2.475 -12.00786 2.475 -11.25737 1.191953 -11.4788 2.475 -11.25737 0.996647 -11.09548 0.996647 -11.09548 2.475 -11.25737 2.475 -10.50688 0.996647 -11.09548 2.475 -10.50688 0.779506 -10.7264 0.779506 -10.7264 2.475 -10.50688 0.547179 -10.37478 0.547179 -10.37478 2.475 -10.50688 2.195119 -10.35166 2.195119 -10.35166 2.475 -10.50688 2.201019 -10.35111 2.201019 -10.35111 2.475 -10.50688 2.206452 -10.34936 2.206452 -10.34936 2.475 -10.50688 2.211821 -10.34632 2.211821 -10.34632 2.475 -10.50688 2.216583 -10.34214 2.216583 -10.34214 2.475 -10.50688 2.220412 -10.33705 2.220412 -10.33705 2.475 -10.50688 2.223105 -10.33141 2.223105 -10.33141 2.475 -10.50688 2.224601 -10.32561 2.224601 -10.32561 2.475 -10.50688 2.224998 -10.32056 2.224998 -10.32056 2.475 -10.50688 2.225 -10.19461 2.225 -10.19461 2.475 -10.50688 2.475 -9.756391 2.225 -10.19461 2.475 -9.756391 2.225 -10.06866 2.225 -10.06866 2.475 -9.756391 2.224998 -9.942713 2.224998 -9.942713 2.475 -9.756391 2.224601 -9.937658 2.224601 -9.937658 2.475 -9.756391 2.223105 -9.931862 2.223105 -9.931862 2.475 -9.756391 2.220412 -9.926227 2.220412 -9.926227 2.475 -9.756391 2.216583 -9.921137 2.216583 -9.921137 2.475 -9.756391 2.211821 -9.916951 2.211821 -9.916951 2.475 -9.756391 2.206452 -9.91391 2.206452 -9.91391 2.475 -9.756391 2.20102 -9.912159 2.20102 -9.912159 2.475 -9.756391 2.195119 -9.91161 2.195119 -9.91161 2.475 -9.756391 0.525 -9.888135 0.525 -9.888135 2.475 -9.756391 -0.08028596 -9.562609 0.525 -9.888135 -0.08028596 -9.562609 0.232872 -9.947914 2.475 -9.756391 2.475 -9.005898 -0.08028596 -9.562609 -0.08028596 -9.562609 2.475 -9.005898 -0.409735 -9.189992 -0.409735 -9.189992 2.475 -9.005898 -0.750176 -8.834618 -0.750176 -8.834618 2.475 -9.005898 2.475 -8.255408 -0.750176 -8.834618 2.475 -8.255408 -2.475 -8.834618 -2.475 -8.834618 2.475 -8.255408 -2.475 -8.098401 -2.475 -8.098401 2.475 -8.255408 2.475 -7.504916 -2.475 -8.098401 2.475 -7.504916 -2.475 -7.362182 -2.475 -7.362182 2.475 -7.504916 2.475 -6.754424 -2.475 -7.362182 2.475 -6.754424 -2.475 -6.625963 -2.475 -6.625963 2.475 -6.754424 2.475 -6.003932 -2.475 -6.625963 2.475 -6.003932 -2.475 -5.889745 -2.475 -5.889745 2.475 -6.003932 2.475 -5.253441 -2.475 -5.889745 2.475 -5.253441 -2.475 -5.153527 -2.475 -5.153527 2.475 -5.253441 2.475 -4.502949 -2.475 -5.153527 2.475 -4.502949 -2.475 -4.417309 -2.475 -4.417309 2.475 -4.502949 2.475 -3.752458 -2.475 -4.417309 2.475 -3.752458 -2.475 -3.681091 -2.475 -3.681091 2.475 -3.752458 0.525 -3.620713 -2.475 -3.681091 0.525 -3.620713 0.525 -3.458379 2.475 -3.001966 2.225 -3.440187 2.475 -3.752458 2.475 -3.752458 2.225 -3.440187 2.224998 -3.566136 2.475 -3.752458 2.224998 -3.566136 2.224601 -3.571191 2.475 -2.251475 -2.475 -2.944873 2.475 -3.001966 2.475 -3.001966 -2.475 -2.944873 0.525 -3.133711 2.475 -3.001966 0.525 -3.133711 2.195119 -3.157185 -2.475 -2.944873 2.475 -2.251475 -2.475 -2.208654 -2.475 -2.208654 2.475 -2.251475 2.475 -1.500983 -2.475 -2.208654 2.475 -1.500983 -2.475 -1.472436 -2.475 -1.472436 2.475 -1.500983 2.475 -0.750492 -2.475 -1.472436 2.475 -0.750492 -2.475 -0.736218 -2.475 -0.736218 2.475 -0.750492 2.475 0 -2.475 -0.736218 2.475 0 -2.475 0 0.525 -3.133711 -2.475 -2.944873 0.525 -3.296045 0.525 -3.296045 -2.475 -2.944873 -2.475 -3.681091 0.525 -3.296045 -2.475 -3.681091 0.525 -3.458379 0.525 -10.34302 0.525 -10.19139 0.232872 -9.947914 0.232872 -9.947914 0.525 -10.19139 0.525 -10.03976 0.232872 -9.947914 0.525 -10.03976 0.525 -9.888135 2.224601 -3.183233 2.224998 -3.188289 2.475 -3.001966 2.475 -3.001966 2.224998 -3.188289 2.225 -3.314238 2.475 -3.001966 2.225 -3.314238 2.225 -3.440187 2.224601 -3.571191 2.223105 -3.576987 2.475 -3.752458 2.475 -3.752458 2.223105 -3.576987 2.220412 -3.582621 2.475 -3.752458 2.220412 -3.582621 2.216583 -3.587711 2.216583 -3.587711 2.211821 -3.591898 2.475 -3.752458 2.475 -3.752458 2.211821 -3.591898 2.206452 -3.594938 2.475 -3.752458 2.206452 -3.594938 2.201019 -3.596689 2.201019 -3.596689 2.195119 -3.597239 2.475 -3.752458 2.475 -3.752458 2.195119 -3.597239 0.525 -3.620713 2.195119 -3.157185 2.20102 -3.157735 2.475 -3.001966 2.475 -3.001966 2.20102 -3.157735 2.206452 -3.159486 2.475 -3.001966 2.206452 -3.159486 2.211821 -3.162526 2.211821 -3.162526 2.216583 -3.166713 2.475 -3.001966 2.475 -3.001966 2.216583 -3.166713 2.220412 -3.171803 2.475 -3.001966 2.220412 -3.171803 2.223105 -3.177437 2.223105 -3.177437 2.224601 -3.183233 2.475 -3.001966 7.373302 3.855938 7.337636 3.849649 7.439178 3.102962 7.439178 3.102962 7.337636 3.849649 7.402962 3.102962 7.439178 3.102962 7.402962 3.102962 7.373302 2.349986 7.373302 2.349986 7.402962 3.102962 7.337636 2.356275 7.373302 2.349986 7.337636 2.356275 7.143641 1.632275 7.337636 3.849649 7.373302 3.855938 7.143641 4.573649 7.143641 4.573649 7.373302 3.855938 7.177673 4.586036 7.143641 4.573649 7.177673 4.586036 6.826871 5.252962 6.826871 5.252962 7.177673 4.586036 6.858236 5.27107 6.826871 5.252962 6.858236 5.27107 6.396953 5.866949 6.396953 5.866949 6.858236 5.27107 6.424696 5.890228 6.396953 5.866949 6.424696 5.890228 5.866949 6.396953 5.866949 6.396953 6.424696 5.890228 5.890228 6.424696 5.866949 6.396953 5.890228 6.424696 5.252962 6.826871 5.252962 6.826871 5.890228 6.424696 5.27107 6.858236 5.252962 6.826871 5.27107 6.858236 4.573649 7.143641 4.573649 7.143641 5.27107 6.858236 4.586036 7.177673 4.573649 7.143641 4.586036 7.177673 3.849649 7.337636 3.849649 7.337636 4.586036 7.177673 3.855938 7.373302 3.849649 7.337636 3.855938 7.373302 3.102962 7.402962 3.102962 7.402962 3.855938 7.373302 3.102962 7.439178 3.102962 7.402962 3.102962 7.439178 2.349986 7.373302 3.102962 7.402962 2.349986 7.373302 2.356275 7.337636 2.356275 7.337636 2.349986 7.373302 1.619889 7.177673 2.356275 7.337636 1.619889 7.177673 1.632275 7.143641 1.632275 7.143641 1.619889 7.177673 0.934854 6.858236 1.632275 7.143641 0.934854 6.858236 0.952962 6.826871 0.952962 6.826871 0.934854 6.858236 0.315696 6.424696 0.952962 6.826871 0.315696 6.424696 0.338975 6.396953 0.338975 6.396953 0.315696 6.424696 -0.2187719 5.890228 0.338975 6.396953 -0.2187719 5.890228 -0.191029 5.866949 -0.191029 5.866949 -0.2187719 5.890228 -0.652312 5.27107 -0.191029 5.866949 -0.652312 5.27107 -0.620947 5.252962 -0.620947 5.252962 -0.652312 5.27107 -0.971749 4.586036 -0.620947 5.252962 -0.971749 4.586036 -0.937716 4.573649 -0.937716 4.573649 -0.971749 4.586036 -1.167377 3.855938 -0.937716 4.573649 -1.167377 3.855938 -1.131711 3.849649 -1.131711 3.849649 -1.167377 3.855938 -1.233254 3.102962 -1.131711 3.849649 -1.233254 3.102962 -1.197038 3.102962 -1.197038 3.102962 -1.233254 3.102962 -1.131711 2.356275 -1.131711 2.356275 -1.233254 3.102962 -1.167377 2.349986 -1.131711 2.356275 -1.167377 2.349986 -0.937716 1.632275 -0.937716 1.632275 -1.167377 2.349986 -0.971749 1.619889 -0.937716 1.632275 -0.971749 1.619889 -0.620947 0.952962 -0.620947 0.952962 -0.971749 1.619889 -0.652312 0.934854 -0.620947 0.952962 -0.652312 0.934854 -0.191029 0.338975 -0.191029 0.338975 -0.652312 0.934854 -0.2187719 0.315696 -0.191029 0.338975 -0.2187719 0.315696 0.338975 -0.191029 0.338975 -0.191029 -0.2187719 0.315696 0.315696 -0.2187719 0.338975 -0.191029 0.315696 -0.2187719 0.952962 -0.620947 0.952962 -0.620947 0.315696 -0.2187719 0.934854 -0.652312 0.952962 -0.620947 0.934854 -0.652312 1.632275 -0.937716 1.632275 -0.937716 0.934854 -0.652312 1.619889 -0.971749 1.632275 -0.937716 1.619889 -0.971749 2.356275 -1.131711 2.356275 -1.131711 1.619889 -0.971749 2.349986 -1.167377 2.356275 -1.131711 2.349986 -1.167377 3.102962 -1.197038 3.102962 -1.197038 2.349986 -1.167377 3.102962 -1.233254 3.102962 -1.197038 3.102962 -1.233254 3.855938 -1.167377 3.102962 -1.197038 3.855938 -1.167377 3.849649 -1.131711 3.849649 -1.131711 3.855938 -1.167377 4.586036 -0.971749 3.849649 -1.131711 4.586036 -0.971749 4.573649 -0.937716 4.573649 -0.937716 4.586036 -0.971749 5.27107 -0.652312 4.573649 -0.937716 5.27107 -0.652312 5.252962 -0.620947 5.252962 -0.620947 5.27107 -0.652312 5.890228 -0.2187719 5.252962 -0.620947 5.890228 -0.2187719 5.866949 -0.191029 5.866949 -0.191029 5.890228 -0.2187719 6.424696 0.315696 5.866949 -0.191029 6.424696 0.315696 6.396953 0.338975 6.396953 0.338975 6.424696 0.315696 6.858236 0.934854 6.396953 0.338975 6.858236 0.934854 6.826871 0.952962 6.826871 0.952962 6.858236 0.934854 7.177673 1.619889 6.826871 0.952962 7.177673 1.619889 7.143641 1.632275 7.143641 1.632275 7.177673 1.619889 7.373302 2.349986 0.004999995 0 -0.004999995 0 0.004999995 -0.05340695 0.004999995 -0.05340695 -0.004999995 0 -0.004999995 -0.05340695 0.004999995 -0.05340695 -0.004999995 -0.05340695 0.004999995 -0.106814 0.004999995 -0.106814 -0.004999995 -0.05340695 -0.004999995 -0.106814 0.004999995 -0.106814 -0.004999995 -0.106814 0.004999995 -0.160221 0.004999995 -0.160221 -0.004999995 -0.106814 -0.004999995 -0.160221 0.004999995 -0.160221 -0.004999995 -0.160221 0.004999995 -0.2136279 0.004999995 -0.2136279 -0.004999995 -0.160221 -0.004999995 -0.2136279 0.004999995 -0.2136279 -0.004999995 -0.2136279 0.004999995 -0.267035 0.004999995 -0.267035 -0.004999995 -0.2136279 -0.004999995 -0.267035 0.004999995 -0.267035 -0.004999995 -0.267035 0.004999995 -0.320442 0.004999995 -0.320442 -0.004999995 -0.267035 -0.004999995 -0.320442 0.004999995 -0.320442 -0.004999995 -0.320442 0.004999995 -0.37385 0.004999995 -0.37385 -0.004999995 -0.320442 -0.004999995 -0.37385 0.004999995 -0.37385 -0.004999995 -0.37385 0.004999995 -0.427257 0.004999995 -0.427257 -0.004999995 -0.37385 -0.004999995 -0.427257 0.004999995 -0.427257 -0.004999995 -0.427257 0.004999995 -0.480664 0.004999995 -0.480664 -0.004999995 -0.427257 -0.004999995 -0.480664 0.004999995 -0.480664 -0.004999995 -0.480664 0.004999995 -0.534071 0.004999995 -0.534071 -0.004999995 -0.480664 -0.004999995 -0.534071 0.004999995 0 0.004999995 0.04712396 -0.004999995 0 -0.004999995 0 0.004999995 0.04712396 -0.004999995 0.04712396 -0.004999995 0.04712396 0.004999995 0.04712396 0.004999995 0.09424799 -0.004999995 0.04712396 0.004999995 0.09424799 -0.004999995 0.09424799 -0.004999995 0.09424799 0.004999995 0.09424799 0.004999995 0.141372 -0.004999995 0.09424799 0.004999995 0.141372 -0.004999995 0.141372 -0.004999995 0.141372 0.004999995 0.141372 0.004999995 0.1884959 -0.004999995 0.141372 0.004999995 0.1884959 -0.004999995 0.1884959 -0.004999995 0.1884959 0.004999995 0.1884959 0.004999995 0.235619 -0.004999995 0.1884959 0.004999995 0.235619 -0.004999995 0.235619 -0.004999995 0.235619 0.004999995 0.235619 0.004999995 0.282743 -0.004999995 0.235619 0.004999995 0.282743 -0.004999995 0.282743 -0.004999995 0.282743 0.004999995 0.282743 0.004999995 0.329867 -0.004999995 0.282743 0.004999995 0.329867 -0.004999995 0.329867 -0.004999995 0.329867 0.004999995 0.329867 0.004999995 0.376991 -0.004999995 0.329867 0.004999995 0.376991 -0.004999995 0.376991 -0.004999995 0.376991 0.004999995 0.376991 0.004999995 0.424115 -0.004999995 0.376991 0.004999995 0.424115 -0.004999995 0.424115 -0.004999995 0.424115 0.004999995 0.424115 -0.004999995 0.471239 -0.004999995 0.471239 0.004999995 0.424115 0.004999995 0.471239 -0.004999995 -0.471239 0.004999995 -0.471239 -0.004999995 -0.424115 -0.004999995 -0.424115 0.004999995 -0.471239 0.004999995 -0.424115 -0.004999995 -0.424115 0.004999995 -0.424115 -0.004999995 -0.376991 -0.004999995 -0.376991 0.004999995 -0.424115 0.004999995 -0.376991 -0.004999995 -0.376991 0.004999995 -0.376991 0.004999995 -0.329867 0.004999995 -0.282743 -0.004999995 -0.282743 0.004999995 -0.329867 0.004999995 -0.329867 -0.004999995 -0.282743 -0.004999995 -0.329867 0.004999995 -0.329867 -0.004999995 -0.329867 -0.004999995 -0.376991 -0.004999995 -0.282743 0.004999995 -0.282743 -0.004999995 -0.235619 -0.004999995 -0.235619 0.004999995 -0.282743 0.004999995 -0.235619 -0.004999995 -0.235619 0.004999995 -0.235619 -0.004999995 -0.1884959 -0.004999995 -0.1884959 0.004999995 -0.235619 0.004999995 -0.1884959 -0.004999995 -0.1884959 0.004999995 -0.1884959 -0.004999995 -0.141372 -0.004999995 -0.141372 0.004999995 -0.1884959 0.004999995 -0.141372 -0.004999995 -0.141372 0.004999995 -0.141372 -0.004999995 -0.09424799 -0.004999995 -0.09424799 0.004999995 -0.141372 0.004999995 -0.09424799 -0.004999995 -0.09424799 0.004999995 -0.09424799 -0.004999995 -0.04712396 -0.004999995 -0.04712396 0.004999995 -0.09424799 0.004999995 -0.04712396 -0.004999995 -0.04712396 0.004999995 -0.04712396 -0.004999995 0 -0.004999995 0 0.004999995 -0.04712396 0.004999995 0 -0.151471 0.249218 -0.121353 0.260208 -0.120208 0.292248 -0.120208 0.292248 -0.121353 0.260208 -0.08816796 0.293393 -0.120208 0.292248 -0.08816796 0.293393 -0.077178 0.323511 -0.077178 0.323511 -0.08816796 0.293393 -0.04635298 0.314698 -0.077178 0.323511 -0.04635298 0.314698 -0.02659398 0.339947 -0.02659398 0.339947 -0.04635298 0.314698 0 0.32204 -0.02659398 0.339947 0 0.32204 0.02659398 0.339947 0.02659398 0.339947 0 0.32204 0.04635298 0.314698 0.02659398 0.339947 0.04635298 0.314698 0.077178 0.323511 0.077178 0.323511 0.04635298 0.314698 0.08816796 0.293393 0.077178 0.323511 0.08816796 0.293393 0.120208 0.292248 0.120208 0.292248 0.08816796 0.293393 0.121353 0.260208 0.120208 0.292248 0.121353 0.260208 0.151471 0.249218 0.151471 0.249218 0.121353 0.260208 0.1426579 0.218393 0.151471 0.249218 0.1426579 0.218393 0.1679069 0.198634 0.1679069 0.198634 0.1426579 0.218393 0.15 0.17204 0.1679069 0.198634 0.15 0.17204 0.1679069 0.145446 0.1679069 0.145446 0.15 0.17204 0.1426579 0.125687 0.1679069 0.145446 0.1426579 0.125687 0.151471 0.09486198 0.151471 0.09486198 0.1426579 0.125687 0.121353 0.08387196 0.151471 0.09486198 0.121353 0.08387196 0.120208 0.05183196 0.120208 0.05183196 0.121353 0.08387196 0.08816796 0.05068695 0.120208 0.05183196 0.08816796 0.05068695 0.077178 0.02056896 0.077178 0.02056896 0.08816796 0.05068695 0.04635298 0.02938199 0.077178 0.02056896 0.04635298 0.02938199 0.02659398 0.004132986 0.02659398 0.004132986 0.04635298 0.02938199 0 0.02203994 0.02659398 0.004132986 0 0.02203994 -0.02659398 0.004132986 -0.02659398 0.004132986 0 0.02203994 -0.04635298 0.02938199 -0.02659398 0.004132986 -0.04635298 0.02938199 -0.077178 0.02056896 -0.077178 0.02056896 -0.04635298 0.02938199 -0.08816796 0.05068695 -0.077178 0.02056896 -0.08816796 0.05068695 -0.120208 0.05183196 -0.120208 0.05183196 -0.08816796 0.05068695 -0.121353 0.08387196 -0.120208 0.05183196 -0.121353 0.08387196 -0.151471 0.09486198 -0.151471 0.09486198 -0.121353 0.08387196 -0.1426579 0.125687 -0.151471 0.09486198 -0.1426579 0.125687 -0.1679069 0.145446 -0.1679069 0.145446 -0.1426579 0.125687 -0.15 0.17204 -0.1679069 0.145446 -0.15 0.17204 -0.1679069 0.198634 -0.1679069 0.198634 -0.15 0.17204 -0.1426579 0.218393 -0.1679069 0.198634 -0.1426579 0.218393 -0.151471 0.249218 -0.151471 0.249218 -0.1426579 0.218393 -0.121353 0.260208 -0.04447197 0.273122 -0.03348296 0.243003 -0.001441955 0.241859 -0.001441955 0.241859 -0.03348296 0.243003 -2.98e-4 0.209818 -0.001441955 0.241859 -2.98e-4 0.209818 0.02981996 0.1988289 0.02981996 0.1988289 -2.98e-4 0.209818 0.02100795 0.168003 0.02981996 0.1988289 0.02100795 0.168003 0.04625594 0.148245 0.04625594 0.148245 0.02100795 0.168003 0.02834898 0.121651 0.04625594 0.148245 0.02834898 0.121651 0.04625594 0.09505701 0.04625594 0.09505701 0.02834898 0.121651 0.02100795 0.07529795 0.04625594 0.09505701 0.02100795 0.07529795 0.02981996 0.04447197 0.02981996 0.04447197 0.02100795 0.07529795 -2.98e-4 0.03348296 0.02981996 0.04447197 -2.98e-4 0.03348296 -0.001441955 0.001441955 -0.001441955 0.001441955 -2.98e-4 0.03348296 -0.03348296 2.98e-4 -0.001441955 0.001441955 -0.03348296 2.98e-4 -0.04447197 -0.02981996 -0.04447197 -0.02981996 -0.03348296 2.98e-4 -0.07529795 -0.02100795 -0.04447197 -0.02981996 -0.07529795 -0.02100795 -0.09505701 -0.04625594 -0.09505701 -0.04625594 -0.07529795 -0.02100795 -0.121651 -0.02834898 -0.09505701 -0.04625594 -0.121651 -0.02834898 -0.148245 -0.04625594 -0.148245 -0.04625594 -0.121651 -0.02834898 -0.168003 -0.02100795 -0.148245 -0.04625594 -0.168003 -0.02100795 -0.1988289 -0.02981996 -0.1988289 -0.02981996 -0.168003 -0.02100795 -0.209818 2.98e-4 -0.1988289 -0.02981996 -0.209818 2.98e-4 -0.241859 0.001441955 -0.241859 0.001441955 -0.209818 2.98e-4 -0.243003 0.03348296 -0.241859 0.001441955 -0.243003 0.03348296 -0.273122 0.04447197 -0.273122 0.04447197 -0.243003 0.03348296 -0.264309 0.07529795 -0.273122 0.04447197 -0.264309 0.07529795 -0.289558 0.09505701 -0.289558 0.09505701 -0.264309 0.07529795 -0.271651 0.121651 -0.289558 0.09505701 -0.271651 0.121651 -0.289558 0.148245 -0.289558 0.148245 -0.271651 0.121651 -0.264309 0.168003 -0.289558 0.148245 -0.264309 0.168003 -0.273122 0.1988289 -0.273122 0.1988289 -0.264309 0.168003 -0.243003 0.209818 -0.273122 0.1988289 -0.243003 0.209818 -0.241859 0.241859 -0.241859 0.241859 -0.243003 0.209818 -0.209818 0.243003 -0.241859 0.241859 -0.209818 0.243003 -0.1988289 0.273122 -0.1988289 0.273122 -0.209818 0.243003 -0.168003 0.264309 -0.1988289 0.273122 -0.168003 0.264309 -0.148245 0.289558 -0.148245 0.289558 -0.168003 0.264309 -0.121651 0.271651 -0.148245 0.289558 -0.121651 0.271651 -0.09505701 0.289558 -0.09505701 0.289558 -0.121651 0.271651 -0.07529795 0.264309 -0.09505701 0.289558 -0.07529795 0.264309 -0.04447197 0.273122 -0.04447197 0.273122 -0.07529795 0.264309 -0.03348296 0.243003 -0.004999995 0 0.004999995 0 -0.004999995 0.05340695 -0.004999995 0.05340695 0.004999995 0 0.004999995 0.05340695 -0.004999995 0.05340695 0.004999995 0.05340695 -0.004999995 0.106814 -0.004999995 0.106814 0.004999995 0.05340695 0.004999995 0.106814 -0.004999995 0.106814 0.004999995 0.106814 -0.004999995 0.160221 -0.004999995 0.160221 0.004999995 0.106814 0.004999995 0.160221 -0.004999995 0.160221 0.004999995 0.160221 -0.004999995 0.2136279 -0.004999995 0.2136279 0.004999995 0.160221 0.004999995 0.2136279 -0.004999995 0.2136279 0.004999995 0.2136279 -0.004999995 0.267035 -0.004999995 0.267035 0.004999995 0.2136279 0.004999995 0.267035 -0.004999995 0.267035 0.004999995 0.267035 -0.004999995 0.320442 -0.004999995 0.320442 0.004999995 0.267035 0.004999995 0.320442 -0.004999995 0.320442 0.004999995 0.320442 -0.004999995 0.37385 -0.004999995 0.37385 0.004999995 0.320442 0.004999995 0.37385 -0.004999995 0.37385 0.004999995 0.37385 -0.004999995 0.427257 -0.004999995 0.427257 0.004999995 0.37385 0.004999995 0.427257 -0.004999995 0.427257 0.004999995 0.427257 -0.004999995 0.480664 -0.004999995 0.480664 0.004999995 0.427257 0.004999995 0.480664 -0.004999995 0.480664 0.004999995 0.480664 -0.004999995 0.534071 -0.004999995 0.534071 0.004999995 0.480664 0.004999995 0.534071 0.004999995 0 -0.004999995 0 0.004999995 -0.05340695 0.004999995 -0.05340695 -0.004999995 0 -0.004999995 -0.05340695 0.004999995 -0.05340695 -0.004999995 -0.05340695 0.004999995 -0.106814 0.004999995 -0.106814 -0.004999995 -0.05340695 -0.004999995 -0.106814 0.004999995 -0.106814 -0.004999995 -0.106814 0.004999995 -0.160221 0.004999995 -0.160221 -0.004999995 -0.106814 -0.004999995 -0.160221 0.004999995 -0.160221 -0.004999995 -0.160221 0.004999995 -0.2136279 0.004999995 -0.2136279 -0.004999995 -0.160221 -0.004999995 -0.2136279 0.004999995 -0.2136279 -0.004999995 -0.2136279 0.004999995 -0.267035 0.004999995 -0.267035 -0.004999995 -0.2136279 -0.004999995 -0.267035 0.004999995 -0.267035 -0.004999995 -0.267035 0.004999995 -0.320442 0.004999995 -0.320442 -0.004999995 -0.267035 -0.004999995 -0.320442 0.004999995 -0.320442 -0.004999995 -0.320442 -0.004999995 -0.37385 0.004999995 -0.320442 -0.004999995 -0.37385 0.004999995 -0.37385 0.004999995 -0.37385 -0.004999995 -0.37385 -0.004999995 -0.427257 0.004999995 -0.37385 -0.004999995 -0.427257 0.004999995 -0.427257 0.004999995 -0.427257 -0.004999995 -0.427257 -0.004999995 -0.480664 0.004999995 -0.427257 -0.004999995 -0.480664 0.004999995 -0.480664 0.004999995 -0.480664 -0.004999995 -0.480664 -0.004999995 -0.534071 0.004999995 -0.480664 -0.004999995 -0.534071 0.004999995 -0.534071 -0.004999995 0 0.004999995 0 -0.004999995 0.04712396 -0.004999995 0.04712396 0.004999995 0 0.004999995 0.04712396 -0.004999995 0.04712396 0.004999995 0.04712396 -0.004999995 0.09424799 -0.004999995 0.09424799 0.004999995 0.04712396 0.004999995 0.09424799 -0.004999995 0.09424799 0.004999995 0.09424799 -0.004999995 0.141372 -0.004999995 0.141372 0.004999995 0.09424799 0.004999995 0.141372 -0.004999995 0.141372 0.004999995 0.141372 0.004999995 0.1884959 -0.004999995 0.141372 0.004999995 0.1884959 -0.004999995 0.1884959 -0.004999995 0.1884959 0.004999995 0.1884959 0.004999995 0.235619 -0.004999995 0.1884959 0.004999995 0.235619 -0.004999995 0.235619 -0.004999995 0.235619 0.004999995 0.235619 0.004999995 0.282743 -0.004999995 0.235619 0.004999995 0.282743 -0.004999995 0.282743 -0.004999995 0.282743 0.004999995 0.282743 0.004999995 0.329867 -0.004999995 0.282743 0.004999995 0.329867 -0.004999995 0.329867 -0.004999995 0.329867 0.004999995 0.329867 0.004999995 0.376991 -0.004999995 0.329867 0.004999995 0.376991 -0.004999995 0.376991 -0.004999995 0.376991 0.004999995 0.376991 0.004999995 0.424115 -0.004999995 0.376991 0.004999995 0.424115 -0.004999995 0.424115 -0.004999995 0.424115 0.004999995 0.424115 -0.004999995 0.471239 -0.004999995 0.471239 0.004999995 0.424115 0.004999995 0.471239 -0.004999995 -0.471239 0.004999995 -0.471239 -0.004999995 -0.424115 -0.004999995 -0.424115 0.004999995 -0.471239 0.004999995 -0.424115 -0.004999995 -0.424115 0.004999995 -0.424115 -0.004999995 -0.376991 -0.004999995 -0.376991 0.004999995 -0.424115 0.004999995 -0.376991 -0.004999995 -0.376991 0.004999995 -0.376991 -0.004999995 -0.329867 -0.004999995 -0.329867 0.004999995 -0.376991 0.004999995 -0.329867 -0.004999995 -0.329867 0.004999995 -0.329867 -0.004999995 -0.282743 -0.004999995 -0.282743 0.004999995 -0.329867 0.004999995 -0.282743 -0.004999995 -0.282743 0.004999995 -0.282743 -0.004999995 -0.235619 -0.004999995 -0.235619 0.004999995 -0.282743 0.004999995 -0.235619 -0.004999995 -0.235619 0.004999995 -0.235619 -0.004999995 -0.1884959 -0.004999995 -0.1884959 0.004999995 -0.235619 0.004999995 -0.1884959 -0.004999995 -0.1884959 0.004999995 -0.1884959 -0.004999995 -0.141372 -0.004999995 -0.141372 0.004999995 -0.1884959 0.004999995 -0.141372 -0.004999995 -0.141372 0.004999995 -0.141372 -0.004999995 -0.09424799 -0.004999995 -0.09424799 0.004999995 -0.141372 0.004999995 -0.09424799 -0.004999995 -0.09424799 0.004999995 -0.09424799 -0.004999995 -0.04712396 -0.004999995 -0.04712396 0.004999995 -0.09424799 0.004999995 -0.04712396 -0.004999995 -0.04712396 0.004999995 -0.04712396 -0.004999995 0 -0.004999995 0 0.004999995 -0.04712396 0.004999995 0 -0.323511 0.077178 -0.293393 0.08816796 -0.292248 0.120208 -0.292248 0.120208 -0.293393 0.08816796 -0.260208 0.121353 -0.292248 0.120208 -0.260208 0.121353 -0.249218 0.151471 -0.249218 0.151471 -0.260208 0.121353 -0.218393 0.1426579 -0.249218 0.151471 -0.218393 0.1426579 -0.198634 0.1679069 -0.198634 0.1679069 -0.218393 0.1426579 -0.17204 0.15 -0.198634 0.1679069 -0.17204 0.15 -0.145446 0.1679069 -0.145446 0.1679069 -0.17204 0.15 -0.125687 0.1426579 -0.145446 0.1679069 -0.125687 0.1426579 -0.09486198 0.151471 -0.09486198 0.151471 -0.125687 0.1426579 -0.08387196 0.121353 -0.09486198 0.151471 -0.08387196 0.121353 -0.05183196 0.120208 -0.05183196 0.120208 -0.08387196 0.121353 -0.05068695 0.08816796 -0.05183196 0.120208 -0.05068695 0.08816796 -0.02056896 0.077178 -0.02056896 0.077178 -0.05068695 0.08816796 -0.02938199 0.04635298 -0.02056896 0.077178 -0.02938199 0.04635298 -0.004132986 0.02659398 -0.004132986 0.02659398 -0.02938199 0.04635298 -0.02203994 0 -0.004132986 0.02659398 -0.02203994 0 -0.004132986 -0.02659398 -0.004132986 -0.02659398 -0.02203994 0 -0.02938199 -0.04635298 -0.004132986 -0.02659398 -0.02938199 -0.04635298 -0.02056896 -0.077178 -0.02056896 -0.077178 -0.02938199 -0.04635298 -0.05068695 -0.08816796 -0.02056896 -0.077178 -0.05068695 -0.08816796 -0.05183196 -0.120208 -0.05183196 -0.120208 -0.05068695 -0.08816796 -0.08387196 -0.121353 -0.05183196 -0.120208 -0.08387196 -0.121353 -0.09486198 -0.151471 -0.09486198 -0.151471 -0.08387196 -0.121353 -0.125687 -0.1426579 -0.09486198 -0.151471 -0.125687 -0.1426579 -0.145446 -0.1679069 -0.145446 -0.1679069 -0.125687 -0.1426579 -0.17204 -0.15 -0.145446 -0.1679069 -0.17204 -0.15 -0.198634 -0.1679069 -0.198634 -0.1679069 -0.17204 -0.15 -0.218393 -0.1426579 -0.198634 -0.1679069 -0.218393 -0.1426579 -0.249218 -0.151471 -0.249218 -0.151471 -0.218393 -0.1426579 -0.260208 -0.121353 -0.249218 -0.151471 -0.260208 -0.121353 -0.292248 -0.120208 -0.292248 -0.120208 -0.260208 -0.121353 -0.293393 -0.08816796 -0.292248 -0.120208 -0.293393 -0.08816796 -0.323511 -0.077178 -0.323511 -0.077178 -0.293393 -0.08816796 -0.314698 -0.04635298 -0.323511 -0.077178 -0.314698 -0.04635298 -0.339947 -0.02659398 -0.339947 -0.02659398 -0.314698 -0.04635298 -0.32204 0 -0.339947 -0.02659398 -0.32204 0 -0.339947 0.02659398 -0.339947 0.02659398 -0.32204 0 -0.314698 0.04635298 -0.339947 0.02659398 -0.314698 0.04635298 -0.323511 0.077178 -0.323511 0.077178 -0.314698 0.04635298 -0.293393 0.08816796 -0.04447197 0.273122 -0.03348296 0.243003 -0.001441955 0.241859 -0.001441955 0.241859 -0.03348296 0.243003 -2.98e-4 0.209818 -0.001441955 0.241859 -2.98e-4 0.209818 0.02981996 0.1988289 0.02981996 0.1988289 -2.98e-4 0.209818 0.02100795 0.168003 0.02981996 0.1988289 0.02100795 0.168003 0.04625594 0.148245 0.04625594 0.148245 0.02100795 0.168003 0.02834898 0.121651 0.04625594 0.148245 0.02834898 0.121651 0.04625594 0.09505701 0.04625594 0.09505701 0.02834898 0.121651 0.02100795 0.07529795 0.04625594 0.09505701 0.02100795 0.07529795 0.02981996 0.04447197 0.02981996 0.04447197 0.02100795 0.07529795 -2.98e-4 0.03348296 0.02981996 0.04447197 -2.98e-4 0.03348296 -0.001441955 0.001441955 -0.001441955 0.001441955 -2.98e-4 0.03348296 -0.03348296 2.98e-4 -0.001441955 0.001441955 -0.03348296 2.98e-4 -0.04447197 -0.02981996 -0.04447197 -0.02981996 -0.03348296 2.98e-4 -0.07529795 -0.02100795 -0.04447197 -0.02981996 -0.07529795 -0.02100795 -0.09505701 -0.04625594 -0.09505701 -0.04625594 -0.07529795 -0.02100795 -0.121651 -0.02834898 -0.09505701 -0.04625594 -0.121651 -0.02834898 -0.148245 -0.04625594 -0.148245 -0.04625594 -0.121651 -0.02834898 -0.168003 -0.02100795 -0.148245 -0.04625594 -0.168003 -0.02100795 -0.1988289 -0.02981996 -0.1988289 -0.02981996 -0.168003 -0.02100795 -0.209818 2.98e-4 -0.1988289 -0.02981996 -0.209818 2.98e-4 -0.241859 0.001441955 -0.241859 0.001441955 -0.209818 2.98e-4 -0.243003 0.03348296 -0.241859 0.001441955 -0.243003 0.03348296 -0.273122 0.04447197 -0.273122 0.04447197 -0.243003 0.03348296 -0.264309 0.07529795 -0.273122 0.04447197 -0.264309 0.07529795 -0.289558 0.09505701 -0.289558 0.09505701 -0.264309 0.07529795 -0.271651 0.121651 -0.289558 0.09505701 -0.271651 0.121651 -0.289558 0.148245 -0.289558 0.148245 -0.271651 0.121651 -0.264309 0.168003 -0.289558 0.148245 -0.264309 0.168003 -0.273122 0.1988289 -0.273122 0.1988289 -0.264309 0.168003 -0.243003 0.209818 -0.273122 0.1988289 -0.243003 0.209818 -0.241859 0.241859 -0.241859 0.241859 -0.243003 0.209818 -0.209818 0.243003 -0.241859 0.241859 -0.209818 0.243003 -0.1988289 0.273122 -0.1988289 0.273122 -0.209818 0.243003 -0.168003 0.264309 -0.1988289 0.273122 -0.168003 0.264309 -0.148245 0.289558 -0.148245 0.289558 -0.168003 0.264309 -0.121651 0.271651 -0.148245 0.289558 -0.121651 0.271651 -0.09505701 0.289558 -0.09505701 0.289558 -0.121651 0.271651 -0.07529795 0.264309 -0.09505701 0.289558 -0.07529795 0.264309 -0.04447197 0.273122 -0.04447197 0.273122 -0.07529795 0.264309 -0.03348296 0.243003 -0.004999995 0 0.004999995 0 -0.004999995 0.05340695 -0.004999995 0.05340695 0.004999995 0 0.004999995 0.05340695 -0.004999995 0.05340695 0.004999995 0.05340695 -0.004999995 0.106814 -0.004999995 0.106814 0.004999995 0.05340695 0.004999995 0.106814 -0.004999995 0.106814 0.004999995 0.106814 -0.004999995 0.160221 -0.004999995 0.160221 0.004999995 0.106814 0.004999995 0.160221 -0.004999995 0.160221 0.004999995 0.160221 -0.004999995 0.2136279 -0.004999995 0.2136279 0.004999995 0.160221 0.004999995 0.2136279 -0.004999995 0.2136279 0.004999995 0.2136279 -0.004999995 0.267035 -0.004999995 0.267035 0.004999995 0.2136279 0.004999995 0.267035 -0.004999995 0.267035 0.004999995 0.267035 -0.004999995 0.320442 -0.004999995 0.320442 0.004999995 0.267035 0.004999995 0.320442 -0.004999995 0.320442 0.004999995 0.320442 -0.004999995 0.37385 -0.004999995 0.37385 0.004999995 0.320442 0.004999995 0.37385 -0.004999995 0.37385 0.004999995 0.37385 -0.004999995 0.427257 -0.004999995 0.427257 0.004999995 0.37385 0.004999995 0.427257 -0.004999995 0.427257 0.004999995 0.427257 0.004999995 0.480664 0.004999995 0.534071 -0.004999995 0.534071 0.004999995 0.480664 0.004999995 0.480664 -0.004999995 0.534071 -0.004999995 0.480664 0.004999995 0.480664 -0.004999995 0.480664 -0.004999995 0.427257 0.004999995 0 -0.004999995 0 0.004999995 -0.05340695 0.004999995 -0.05340695 -0.004999995 0 -0.004999995 -0.05340695 0.004999995 -0.05340695 -0.004999995 -0.05340695 0.004999995 -0.106814 0.004999995 -0.106814 -0.004999995 -0.05340695 -0.004999995 -0.106814 0.004999995 -0.106814 -0.004999995 -0.106814 0.004999995 -0.160221 0.004999995 -0.160221 -0.004999995 -0.106814 -0.004999995 -0.160221 0.004999995 -0.160221 -0.004999995 -0.160221 0.004999995 -0.2136279 0.004999995 -0.2136279 -0.004999995 -0.160221 -0.004999995 -0.2136279 0.004999995 -0.2136279 -0.004999995 -0.2136279 0.004999995 -0.267035 0.004999995 -0.267035 -0.004999995 -0.2136279 -0.004999995 -0.267035 0.004999995 -0.267035 -0.004999995 -0.267035 0.004999995 -0.320442 0.004999995 -0.320442 -0.004999995 -0.267035 -0.004999995 -0.320442 0.004999995 -0.320442 -0.004999995 -0.320442 0.004999995 -0.37385 0.004999995 -0.37385 -0.004999995 -0.320442 -0.004999995 -0.37385 0.004999995 -0.37385 -0.004999995 -0.37385 0.004999995 -0.427257 0.004999995 -0.427257 -0.004999995 -0.37385 -0.004999995 -0.427257 0.004999995 -0.427257 -0.004999995 -0.427257 -0.004999995 -0.480664 -0.004999995 -0.534071 0.004999995 -0.534071 -0.004999995 -0.480664 -0.004999995 -0.480664 0.004999995 -0.534071 0.004999995 -0.480664 -0.004999995 -0.480664 0.004999995 -0.480664 0.004999995 -0.427257 -0.004999995 0 0.004999995 0 -0.004999995 0.04712396 -0.004999995 0.04712396 0.004999995 0 0.004999995 0.04712396 -0.004999995 0.04712396 0.004999995 0.04712396 -0.004999995 0.09424799 -0.004999995 0.09424799 0.004999995 0.04712396 0.004999995 0.09424799 -0.004999995 0.09424799 0.004999995 0.09424799 -0.004999995 0.141372 -0.004999995 0.141372 0.004999995 0.09424799 0.004999995 0.141372 -0.004999995 0.141372 0.004999995 0.141372 -0.004999995 0.1884959 -0.004999995 0.1884959 0.004999995 0.141372 0.004999995 0.1884959 -0.004999995 0.1884959 0.004999995 0.1884959 -0.004999995 0.235619 -0.004999995 0.235619 0.004999995 0.1884959 0.004999995 0.235619 -0.004999995 0.235619 0.004999995 0.235619 -0.004999995 0.282743 -0.004999995 0.282743 0.004999995 0.235619 0.004999995 0.282743 -0.004999995 0.282743 0.004999995 0.282743 -0.004999995 0.329867 -0.004999995 0.329867 0.004999995 0.282743 0.004999995 0.329867 -0.004999995 0.329867 0.004999995 0.329867 -0.004999995 0.376991 -0.004999995 0.376991 0.004999995 0.329867 0.004999995 0.376991 -0.004999995 0.376991 0.004999995 0.376991 -0.004999995 0.424115 -0.004999995 0.424115 0.004999995 0.376991 0.004999995 0.424115 -0.004999995 0.424115 0.004999995 0.424115 -0.004999995 0.471239 -0.004999995 0.471239 0.004999995 0.424115 0.004999995 0.471239 -0.004999995 -0.471239 0.004999995 -0.471239 -0.004999995 -0.424115 -0.004999995 -0.424115 0.004999995 -0.471239 0.004999995 -0.424115 -0.004999995 -0.424115 0.004999995 -0.424115 -0.004999995 -0.376991 -0.004999995 -0.376991 0.004999995 -0.424115 0.004999995 -0.376991 -0.004999995 -0.376991 0.004999995 -0.376991 -0.004999995 -0.329867 -0.004999995 -0.329867 0.004999995 -0.376991 0.004999995 -0.329867 -0.004999995 -0.329867 0.004999995 -0.329867 -0.004999995 -0.282743 -0.004999995 -0.282743 0.004999995 -0.329867 0.004999995 -0.282743 -0.004999995 -0.282743 0.004999995 -0.282743 -0.004999995 -0.235619 -0.004999995 -0.235619 0.004999995 -0.282743 0.004999995 -0.235619 -0.004999995 -0.235619 0.004999995 -0.235619 -0.004999995 -0.1884959 -0.004999995 -0.1884959 0.004999995 -0.235619 0.004999995 -0.1884959 -0.004999995 -0.1884959 0.004999995 -0.1884959 -0.004999995 -0.141372 -0.004999995 -0.141372 0.004999995 -0.1884959 0.004999995 -0.141372 -0.004999995 -0.141372 0.004999995 -0.141372 -0.004999995 -0.09424799 -0.004999995 -0.09424799 0.004999995 -0.141372 0.004999995 -0.09424799 -0.004999995 -0.09424799 0.004999995 -0.09424799 -0.004999995 -0.04712396 -0.004999995 -0.04712396 0.004999995 -0.09424799 0.004999995 -0.04712396 -0.004999995 -0.04712396 0.004999995 -0.04712396 -0.004999995 0 -0.004999995 0 0.004999995 -0.04712396 0.004999995 0 -0.151471 -0.09486198 -0.121353 -0.08387196 -0.120208 -0.05183196 -0.120208 -0.05183196 -0.121353 -0.08387196 -0.08816796 -0.05068695 -0.120208 -0.05183196 -0.08816796 -0.05068695 -0.077178 -0.02056896 -0.077178 -0.02056896 -0.08816796 -0.05068695 -0.04635298 -0.02938199 -0.077178 -0.02056896 -0.04635298 -0.02938199 -0.02659398 -0.004132986 -0.02659398 -0.004132986 -0.04635298 -0.02938199 0 -0.02203994 -0.02659398 -0.004132986 0 -0.02203994 0.02659398 -0.004132986 0.02659398 -0.004132986 0 -0.02203994 0.04635298 -0.02938199 0.02659398 -0.004132986 0.04635298 -0.02938199 0.077178 -0.02056896 0.077178 -0.02056896 0.04635298 -0.02938199 0.08816796 -0.05068695 0.077178 -0.02056896 0.08816796 -0.05068695 0.120208 -0.05183196 0.120208 -0.05183196 0.08816796 -0.05068695 0.121353 -0.08387196 0.120208 -0.05183196 0.121353 -0.08387196 0.151471 -0.09486198 0.151471 -0.09486198 0.121353 -0.08387196 0.1426579 -0.125687 0.151471 -0.09486198 0.1426579 -0.125687 0.1679069 -0.145446 0.1679069 -0.145446 0.1426579 -0.125687 0.15 -0.17204 0.1679069 -0.145446 0.15 -0.17204 0.1679069 -0.198634 0.1679069 -0.198634 0.15 -0.17204 0.1426579 -0.218393 0.1679069 -0.198634 0.1426579 -0.218393 0.151471 -0.249218 0.151471 -0.249218 0.1426579 -0.218393 0.121353 -0.260208 0.151471 -0.249218 0.121353 -0.260208 0.120208 -0.292248 0.120208 -0.292248 0.121353 -0.260208 0.08816796 -0.293393 0.120208 -0.292248 0.08816796 -0.293393 0.077178 -0.323511 0.077178 -0.323511 0.08816796 -0.293393 0.04635298 -0.314698 0.077178 -0.323511 0.04635298 -0.314698 0.02659398 -0.339947 0.02659398 -0.339947 0.04635298 -0.314698 0 -0.32204 0.02659398 -0.339947 0 -0.32204 -0.02659398 -0.339947 -0.02659398 -0.339947 0 -0.32204 -0.04635298 -0.314698 -0.02659398 -0.339947 -0.04635298 -0.314698 -0.077178 -0.323511 -0.077178 -0.323511 -0.04635298 -0.314698 -0.08816796 -0.293393 -0.077178 -0.323511 -0.08816796 -0.293393 -0.120208 -0.292248 -0.120208 -0.292248 -0.08816796 -0.293393 -0.121353 -0.260208 -0.120208 -0.292248 -0.121353 -0.260208 -0.151471 -0.249218 -0.151471 -0.249218 -0.121353 -0.260208 -0.1426579 -0.218393 -0.151471 -0.249218 -0.1426579 -0.218393 -0.1679069 -0.198634 -0.1679069 -0.198634 -0.1426579 -0.218393 -0.15 -0.17204 -0.1679069 -0.198634 -0.15 -0.17204 -0.1679069 -0.145446 -0.1679069 -0.145446 -0.15 -0.17204 -0.1426579 -0.125687 -0.1679069 -0.145446 -0.1426579 -0.125687 -0.151471 -0.09486198 -0.151471 -0.09486198 -0.1426579 -0.125687 -0.121353 -0.08387196 -0.04447197 0.273122 -0.03348296 0.243003 -0.001441955 0.241859 -0.001441955 0.241859 -0.03348296 0.243003 -2.98e-4 0.209818 -0.001441955 0.241859 -2.98e-4 0.209818 0.02981996 0.1988289 0.02981996 0.1988289 -2.98e-4 0.209818 0.02100795 0.168003 0.02981996 0.1988289 0.02100795 0.168003 0.04625594 0.148245 0.04625594 0.148245 0.02100795 0.168003 0.02834898 0.121651 0.04625594 0.148245 0.02834898 0.121651 0.04625594 0.09505701 0.04625594 0.09505701 0.02834898 0.121651 0.02100795 0.07529795 0.04625594 0.09505701 0.02100795 0.07529795 0.02981996 0.04447197 0.02981996 0.04447197 0.02100795 0.07529795 -2.98e-4 0.03348296 0.02981996 0.04447197 -2.98e-4 0.03348296 -0.001441955 0.001441955 -0.001441955 0.001441955 -2.98e-4 0.03348296 -0.03348296 2.98e-4 -0.001441955 0.001441955 -0.03348296 2.98e-4 -0.04447197 -0.02981996 -0.04447197 -0.02981996 -0.03348296 2.98e-4 -0.07529795 -0.02100795 -0.04447197 -0.02981996 -0.07529795 -0.02100795 -0.09505701 -0.04625594 -0.09505701 -0.04625594 -0.07529795 -0.02100795 -0.121651 -0.02834898 -0.09505701 -0.04625594 -0.121651 -0.02834898 -0.148245 -0.04625594 -0.148245 -0.04625594 -0.121651 -0.02834898 -0.168003 -0.02100795 -0.148245 -0.04625594 -0.168003 -0.02100795 -0.1988289 -0.02981996 -0.1988289 -0.02981996 -0.168003 -0.02100795 -0.209818 2.98e-4 -0.1988289 -0.02981996 -0.209818 2.98e-4 -0.241859 0.001441955 -0.241859 0.001441955 -0.209818 2.98e-4 -0.243003 0.03348296 -0.241859 0.001441955 -0.243003 0.03348296 -0.273122 0.04447197 -0.273122 0.04447197 -0.243003 0.03348296 -0.264309 0.07529795 -0.273122 0.04447197 -0.264309 0.07529795 -0.289558 0.09505701 -0.289558 0.09505701 -0.264309 0.07529795 -0.271651 0.121651 -0.289558 0.09505701 -0.271651 0.121651 -0.289558 0.148245 -0.289558 0.148245 -0.271651 0.121651 -0.264309 0.168003 -0.289558 0.148245 -0.264309 0.168003 -0.273122 0.1988289 -0.273122 0.1988289 -0.264309 0.168003 -0.243003 0.209818 -0.273122 0.1988289 -0.243003 0.209818 -0.241859 0.241859 -0.241859 0.241859 -0.243003 0.209818 -0.209818 0.243003 -0.241859 0.241859 -0.209818 0.243003 -0.1988289 0.273122 -0.1988289 0.273122 -0.209818 0.243003 -0.168003 0.264309 -0.1988289 0.273122 -0.168003 0.264309 -0.148245 0.289558 -0.148245 0.289558 -0.168003 0.264309 -0.121651 0.271651 -0.148245 0.289558 -0.121651 0.271651 -0.09505701 0.289558 -0.09505701 0.289558 -0.121651 0.271651 -0.07529795 0.264309 -0.09505701 0.289558 -0.07529795 0.264309 -0.04447197 0.273122 -0.04447197 0.273122 -0.07529795 0.264309 -0.03348296 0.243003 -0.004999995 0 0.004999995 0 -0.004999995 0.05340695 -0.004999995 0.05340695 0.004999995 0 0.004999995 0.05340695 -0.004999995 0.05340695 0.004999995 0.05340695 0.004999995 0.106814 -0.004999995 0.05340695 0.004999995 0.106814 -0.004999995 0.106814 -0.004999995 0.106814 0.004999995 0.106814 0.004999995 0.160221 -0.004999995 0.106814 0.004999995 0.160221 -0.004999995 0.160221 -0.004999995 0.160221 0.004999995 0.160221 0.004999995 0.2136279 -0.004999995 0.160221 0.004999995 0.2136279 -0.004999995 0.2136279 -0.004999995 0.2136279 0.004999995 0.2136279 0.004999995 0.267035 -0.004999995 0.2136279 0.004999995 0.267035 -0.004999995 0.267035 -0.004999995 0.267035 0.004999995 0.267035 0.004999995 0.320442 -0.004999995 0.267035 0.004999995 0.320442 -0.004999995 0.320442 -0.004999995 0.320442 0.004999995 0.320442 0.004999995 0.37385 -0.004999995 0.320442 0.004999995 0.37385 -0.004999995 0.37385 -0.004999995 0.37385 0.004999995 0.37385 0.004999995 0.427257 -0.004999995 0.37385 0.004999995 0.427257 -0.004999995 0.427257 -0.004999995 0.427257 0.004999995 0.427257 0.004999995 0.480664 -0.004999995 0.427257 0.004999995 0.480664 -0.004999995 0.480664 -0.004999995 0.480664 0.004999995 0.480664 -0.004999995 0.534071 -0.004999995 0.534071 0.004999995 0.480664 0.004999995 0.534071 0.004999995 0 -0.004999995 0 0.004999995 -0.05340695 0.004999995 -0.05340695 -0.004999995 0 -0.004999995 -0.05340695 0.004999995 -0.05340695 -0.004999995 -0.05340695 0.004999995 -0.106814 0.004999995 -0.106814 -0.004999995 -0.05340695 -0.004999995 -0.106814 0.004999995 -0.106814 -0.004999995 -0.106814 0.004999995 -0.160221 0.004999995 -0.160221 -0.004999995 -0.106814 -0.004999995 -0.160221 0.004999995 -0.160221 -0.004999995 -0.160221 0.004999995 -0.2136279 0.004999995 -0.2136279 -0.004999995 -0.160221 -0.004999995 -0.2136279 0.004999995 -0.2136279 -0.004999995 -0.2136279 0.004999995 -0.267035 0.004999995 -0.267035 -0.004999995 -0.2136279 -0.004999995 -0.267035 0.004999995 -0.267035 -0.004999995 -0.267035 0.004999995 -0.320442 0.004999995 -0.320442 -0.004999995 -0.267035 -0.004999995 -0.320442 0.004999995 -0.320442 -0.004999995 -0.320442 0.004999995 -0.37385 0.004999995 -0.37385 -0.004999995 -0.320442 -0.004999995 -0.37385 0.004999995 -0.37385 -0.004999995 -0.37385 0.004999995 -0.427257 0.004999995 -0.427257 -0.004999995 -0.37385 -0.004999995 -0.427257 0.004999995 -0.427257 -0.004999995 -0.427257 0.004999995 -0.480664 0.004999995 -0.480664 -0.004999995 -0.427257 -0.004999995 -0.480664 0.004999995 -0.480664 -0.004999995 -0.480664 0.004999995 -0.534071 0.004999995 -0.534071 -0.004999995 -0.480664 -0.004999995 -0.534071 -0.004999995 0 0.004999995 0 -0.004999995 0.04712396 -0.004999995 0.04712396 0.004999995 0 0.004999995 0.04712396 -0.004999995 0.04712396 0.004999995 0.04712396 -0.004999995 0.09424799 -0.004999995 0.09424799 0.004999995 0.04712396 0.004999995 0.09424799 -0.004999995 0.09424799 0.004999995 0.09424799 -0.004999995 0.141372 -0.004999995 0.141372 0.004999995 0.09424799 0.004999995 0.141372 -0.004999995 0.141372 0.004999995 0.141372 -0.004999995 0.1884959 -0.004999995 0.1884959 0.004999995 0.141372 0.004999995 0.1884959 -0.004999995 0.1884959 0.004999995 0.1884959 -0.004999995 0.235619 -0.004999995 0.235619 0.004999995 0.1884959 0.004999995 0.235619 -0.004999995 0.235619 0.004999995 0.235619 -0.004999995 0.282743 -0.004999995 0.282743 0.004999995 0.235619 0.004999995 0.282743 -0.004999995 0.282743 0.004999995 0.282743 -0.004999995 0.329867 -0.004999995 0.329867 0.004999995 0.282743 0.004999995 0.329867 -0.004999995 0.329867 0.004999995 0.329867 -0.004999995 0.376991 -0.004999995 0.376991 0.004999995 0.329867 0.004999995 0.376991 -0.004999995 0.376991 0.004999995 0.376991 -0.004999995 0.424115 -0.004999995 0.424115 0.004999995 0.376991 0.004999995 0.424115 -0.004999995 0.424115 0.004999995 0.424115 -0.004999995 0.471239 -0.004999995 0.471239 0.004999995 0.424115 0.004999995 0.471239 -0.004999995 -0.471239 0.004999995 -0.471239 -0.004999995 -0.424115 -0.004999995 -0.424115 0.004999995 -0.471239 0.004999995 -0.424115 -0.004999995 -0.424115 0.004999995 -0.424115 -0.004999995 -0.376991 -0.004999995 -0.376991 0.004999995 -0.424115 0.004999995 -0.376991 -0.004999995 -0.376991 0.004999995 -0.376991 -0.004999995 -0.329867 -0.004999995 -0.329867 0.004999995 -0.376991 0.004999995 -0.329867 -0.004999995 -0.329867 0.004999995 -0.329867 -0.004999995 -0.282743 -0.004999995 -0.282743 0.004999995 -0.329867 0.004999995 -0.282743 -0.004999995 -0.282743 0.004999995 -0.282743 -0.004999995 -0.235619 -0.004999995 -0.235619 0.004999995 -0.282743 0.004999995 -0.235619 -0.004999995 -0.235619 0.004999995 -0.235619 -0.004999995 -0.1884959 -0.004999995 -0.1884959 0.004999995 -0.235619 0.004999995 -0.1884959 -0.004999995 -0.1884959 0.004999995 -0.1884959 -0.004999995 -0.141372 -0.004999995 -0.141372 0.004999995 -0.1884959 0.004999995 -0.141372 -0.004999995 -0.141372 0.004999995 -0.141372 -0.004999995 -0.09424799 -0.004999995 -0.09424799 0.004999995 -0.141372 0.004999995 -0.09424799 -0.004999995 -0.09424799 0.004999995 -0.09424799 -0.004999995 -0.04712396 -0.004999995 -0.04712396 0.004999995 -0.09424799 0.004999995 -0.04712396 -0.004999995 -0.04712396 0.004999995 -0.04712396 -0.004999995 0 -0.004999995 0 0.004999995 -0.04712396 0.004999995 0 0.02056896 0.077178 0.05068695 0.08816796 0.05183196 0.120208 0.05183196 0.120208 0.05068695 0.08816796 0.08387196 0.121353 0.05183196 0.120208 0.08387196 0.121353 0.09486198 0.151471 0.09486198 0.151471 0.08387196 0.121353 0.125687 0.1426579 0.09486198 0.151471 0.125687 0.1426579 0.145446 0.1679069 0.145446 0.1679069 0.125687 0.1426579 0.17204 0.15 0.145446 0.1679069 0.17204 0.15 0.198634 0.1679069 0.198634 0.1679069 0.17204 0.15 0.218393 0.1426579 0.198634 0.1679069 0.218393 0.1426579 0.249218 0.151471 0.249218 0.151471 0.218393 0.1426579 0.260208 0.121353 0.249218 0.151471 0.260208 0.121353 0.292248 0.120208 0.292248 0.120208 0.260208 0.121353 0.293393 0.08816796 0.292248 0.120208 0.293393 0.08816796 0.323511 0.077178 0.323511 0.077178 0.293393 0.08816796 0.314698 0.04635298 0.323511 0.077178 0.314698 0.04635298 0.339947 0.02659398 0.339947 0.02659398 0.314698 0.04635298 0.32204 0 0.339947 0.02659398 0.32204 0 0.339947 -0.02659398 0.339947 -0.02659398 0.32204 0 0.314698 -0.04635298 0.339947 -0.02659398 0.314698 -0.04635298 0.323511 -0.077178 0.323511 -0.077178 0.314698 -0.04635298 0.293393 -0.08816796 0.323511 -0.077178 0.293393 -0.08816796 0.292248 -0.120208 0.292248 -0.120208 0.293393 -0.08816796 0.260208 -0.121353 0.292248 -0.120208 0.260208 -0.121353 0.249218 -0.151471 0.249218 -0.151471 0.260208 -0.121353 0.218393 -0.1426579 0.249218 -0.151471 0.218393 -0.1426579 0.198634 -0.1679069 0.198634 -0.1679069 0.218393 -0.1426579 0.17204 -0.15 0.198634 -0.1679069 0.17204 -0.15 0.145446 -0.1679069 0.145446 -0.1679069 0.17204 -0.15 0.125687 -0.1426579 0.145446 -0.1679069 0.125687 -0.1426579 0.09486198 -0.151471 0.09486198 -0.151471 0.125687 -0.1426579 0.08387196 -0.121353 0.09486198 -0.151471 0.08387196 -0.121353 0.05183196 -0.120208 0.05183196 -0.120208 0.08387196 -0.121353 0.05068695 -0.08816796 0.05183196 -0.120208 0.05068695 -0.08816796 0.02056896 -0.077178 0.02056896 -0.077178 0.05068695 -0.08816796 0.02938199 -0.04635298 0.02056896 -0.077178 0.02938199 -0.04635298 0.004132986 -0.02659398 0.004132986 -0.02659398 0.02938199 -0.04635298 0.02203994 0 0.004132986 -0.02659398 0.02203994 0 0.004132986 0.02659398 0.004132986 0.02659398 0.02203994 0 0.02938199 0.04635298 0.004132986 0.02659398 0.02938199 0.04635298 0.02056896 0.077178 0.02056896 0.077178 0.02938199 0.04635298 0.05068695 0.08816796 -0.04447197 0.273122 -0.03348296 0.243003 -0.001441955 0.241859 -0.001441955 0.241859 -0.03348296 0.243003 -2.98e-4 0.209818 -0.001441955 0.241859 -2.98e-4 0.209818 0.02981996 0.1988289 0.02981996 0.1988289 -2.98e-4 0.209818 0.02100795 0.168003 0.02981996 0.1988289 0.02100795 0.168003 0.04625594 0.148245 0.04625594 0.148245 0.02100795 0.168003 0.02834898 0.121651 0.04625594 0.148245 0.02834898 0.121651 0.04625594 0.09505701 0.04625594 0.09505701 0.02834898 0.121651 0.02100795 0.07529795 0.04625594 0.09505701 0.02100795 0.07529795 0.02981996 0.04447197 0.02981996 0.04447197 0.02100795 0.07529795 -2.98e-4 0.03348296 0.02981996 0.04447197 -2.98e-4 0.03348296 -0.001441955 0.001441955 -0.001441955 0.001441955 -2.98e-4 0.03348296 -0.03348296 2.98e-4 -0.001441955 0.001441955 -0.03348296 2.98e-4 -0.04447197 -0.02981996 -0.04447197 -0.02981996 -0.03348296 2.98e-4 -0.07529795 -0.02100795 -0.04447197 -0.02981996 -0.07529795 -0.02100795 -0.09505701 -0.04625594 -0.09505701 -0.04625594 -0.07529795 -0.02100795 -0.121651 -0.02834898 -0.09505701 -0.04625594 -0.121651 -0.02834898 -0.148245 -0.04625594 -0.148245 -0.04625594 -0.121651 -0.02834898 -0.168003 -0.02100795 -0.148245 -0.04625594 -0.168003 -0.02100795 -0.1988289 -0.02981996 -0.1988289 -0.02981996 -0.168003 -0.02100795 -0.209818 2.98e-4 -0.1988289 -0.02981996 -0.209818 2.98e-4 -0.241859 0.001441955 -0.241859 0.001441955 -0.209818 2.98e-4 -0.243003 0.03348296 -0.241859 0.001441955 -0.243003 0.03348296 -0.273122 0.04447197 -0.273122 0.04447197 -0.243003 0.03348296 -0.264309 0.07529795 -0.273122 0.04447197 -0.264309 0.07529795 -0.289558 0.09505701 -0.289558 0.09505701 -0.264309 0.07529795 -0.271651 0.121651 -0.289558 0.09505701 -0.271651 0.121651 -0.289558 0.148245 -0.289558 0.148245 -0.271651 0.121651 -0.264309 0.168003 -0.289558 0.148245 -0.264309 0.168003 -0.273122 0.1988289 -0.273122 0.1988289 -0.264309 0.168003 -0.243003 0.209818 -0.273122 0.1988289 -0.243003 0.209818 -0.241859 0.241859 -0.241859 0.241859 -0.243003 0.209818 -0.209818 0.243003 -0.241859 0.241859 -0.209818 0.243003 -0.1988289 0.273122 -0.1988289 0.273122 -0.209818 0.243003 -0.168003 0.264309 -0.1988289 0.273122 -0.168003 0.264309 -0.148245 0.289558 -0.148245 0.289558 -0.168003 0.264309 -0.121651 0.271651 -0.148245 0.289558 -0.121651 0.271651 -0.09505701 0.289558 -0.09505701 0.289558 -0.121651 0.271651 -0.07529795 0.264309 -0.09505701 0.289558 -0.07529795 0.264309 -0.04447197 0.273122 -0.04447197 0.273122 -0.07529795 0.264309 -0.03348296 0.243003 -0.004999995 0 0.004999995 0 -0.004999995 0.05340695 -0.004999995 0.05340695 0.004999995 0 0.004999995 0.05340695 -0.004999995 0.05340695 0.004999995 0.05340695 -0.004999995 0.106814 -0.004999995 0.106814 0.004999995 0.05340695 0.004999995 0.106814 -0.004999995 0.106814 0.004999995 0.106814 -0.004999995 0.160221 -0.004999995 0.160221 0.004999995 0.106814 0.004999995 0.160221 -0.004999995 0.160221 0.004999995 0.160221 0.004999995 0.2136279 0.004999995 0.267035 -0.004999995 0.267035 0.004999995 0.2136279 0.004999995 0.2136279 -0.004999995 0.267035 -0.004999995 0.2136279 0.004999995 0.2136279 -0.004999995 0.2136279 -0.004999995 0.160221 -0.004999995 0.267035 0.004999995 0.267035 -0.004999995 0.320442 -0.004999995 0.320442 0.004999995 0.267035 0.004999995 0.320442 -0.004999995 0.320442 0.004999995 0.320442 -0.004999995 0.37385 -0.004999995 0.37385 0.004999995 0.320442 0.004999995 0.37385 -0.004999995 0.37385 0.004999995 0.37385 -0.004999995 0.427257 -0.004999995 0.427257 0.004999995 0.37385 0.004999995 0.427257 -0.004999995 0.427257 0.004999995 0.427257 -0.004999995 0.480664 -0.004999995 0.480664 0.004999995 0.427257 0.004999995 0.480664 -0.004999995 0.480664 0.004999995 0.480664 -0.004999995 0.534071 -0.004999995 0.534071 0.004999995 0.480664 0.004999995 0.534071 -0.701746 -0.342577 0 -0.343351 -0.487834 -0.214888 -0.487834 -0.214888 0 -0.343351 -0.297564 -0.05689096 -0.297564 -0.05689096 0 -0.343351 -0.133722 0.1288869 -0.133722 0.1288869 0 -0.343351 -3e-6 0.339255 -6.913218 0 -6.688606 0.01299697 -6.876775 0.006504952 -6.876775 0.006504952 -6.688606 0.01299697 -7.141266 0.01300096 -6.876775 0.006504952 -7.141266 0.01300096 -7.141266 0.006504952 -7.141266 0.006504952 -7.141266 0.01300096 -7.405757 0.006504952 -7.141266 0.006504952 -7.405757 0.006504952 -7.405757 0 -7.405757 0 -7.405757 0.006504952 -7.670249 0.006504952 -7.405757 0 -7.670249 0.006504952 -7.670249 0 -7.670249 0 -7.670249 0.006504952 -7.93474 0.006504952 -7.670249 0 -7.93474 0.006504952 -7.93474 0 -7.93474 0 -7.93474 0.006504952 -8.287395 0.006504952 -7.93474 0 -8.287395 0.006504952 -8.477886 0 -8.477886 0 -8.287395 0.006504952 -8.463723 0.006504952 -8.477886 0 -8.463723 0.006504952 -8.728215 0.006504952 -8.728215 0.006504952 -8.463723 0.006504952 -8.477887 0.01301097 -8.728215 0.006504952 -8.477887 0.01301097 -8.992706 0.01300698 -7.141266 0.01300096 -7.670249 0.01300495 -7.405757 0.006504952 -7.405757 0.006504952 -7.670249 0.01300495 -7.670249 0.006504952 -7.670249 0.006504952 -7.670249 0.01300495 -7.93474 0.006504952 -7.93474 0.006504952 -7.670249 0.01300495 -7.93474 0.01300698 -7.93474 0.006504952 -7.93474 0.01300698 -8.287395 0.006504952 -8.287395 0.006504952 -7.93474 0.01300698 -8.477887 0.01301097 -8.287395 0.006504952 -8.477887 0.01301097 -8.463723 0.006504952 -8.728215 0.006504952 -8.992706 0.01300698 -8.992706 0.006504952 -8.992706 0.006504952 -8.992706 0.01300698 -9.257197 0.01300495 -8.992706 0.006504952 -9.257197 0.01300495 -9.257197 0.006504952 -9.257197 0.006504952 -9.257197 0.01300495 -9.521688 0.006504952 -9.257197 0.006504952 -9.521688 0.006504952 -9.257197 0 -9.257197 0 -9.521688 0.006504952 -9.521688 0 -9.521688 0 -9.521688 0.006504952 -9.78618 0.006504952 -9.521688 0 -9.78618 0.006504952 -10.04655 10e-7 -10.04655 10e-7 -9.78618 0.006504952 -10.05067 0.006504952 -10.04655 10e-7 -10.05067 0.006504952 -10.27176 0.01300299 -10.27176 0.01300299 -10.05067 0.006504952 -9.78618 0.01300096 -9.78618 0.01300096 -10.05067 0.006504952 -9.78618 0.006504952 -9.78618 0.01300096 -9.78618 0.006504952 -9.521688 0.006504952 -9.257197 0.01300495 -9.78618 0.01300096 -9.521688 0.006504952 -9.257197 0 -8.992706 0 -9.257197 0.006504952 -9.257197 0.006504952 -8.992706 0 -8.992706 0.006504952 -8.992706 0.006504952 -8.992706 0 -8.728215 0.006504952 -8.728215 0.006504952 -8.992706 0 -8.477886 0 -7.405757 0 -6.913218 0 -7.141266 0.006504952 -7.141266 0.006504952 -6.913218 0 -6.876775 0.006504952 -6.991858 0.269159 -6.989655 0.28389 -7.450891 0.278659 -7.450891 0.278659 -6.989655 0.28389 -7.067756 0.301968 -7.450891 0.278659 -7.067756 0.301968 -7.450891 0.302661 -7.450891 0.302661 -7.067756 0.301968 -7.107927 0.308995 -7.450891 0.302661 -7.107927 0.308995 -7.162878 0.314117 -7.162878 0.314117 -7.244178 0.317208 -7.450891 0.302661 -7.450891 0.302661 -7.244178 0.317208 -7.345254 0.318401 -7.450891 0.302661 -7.345254 0.318401 -7.573483 0.317978 -7.573483 0.317978 -7.8856 0.31585 -7.450891 0.302661 -7.450891 0.302661 -7.8856 0.31585 -7.912127 0.302661 -7.450891 0.302661 -7.912127 0.302661 -7.450891 0.278659 -7.450891 0.278659 -7.912127 0.302661 -7.912127 0.278659 -7.450891 0.278659 -7.912127 0.278659 -7.450891 0.254656 -7.450891 0.254656 -7.912127 0.278659 -7.912127 0.254656 -7.450891 0.254656 -7.912127 0.254656 -7.450891 0.242655 -7.450891 0.242655 -7.912127 0.254656 -7.912127 0.242655 -7.450891 0.242655 -7.912127 0.242655 -7.450891 0.230653 -7.450891 0.230653 -7.912127 0.242655 -7.912127 0.230653 -7.450891 0.230653 -7.912127 0.230653 -7.450891 0.20665 -7.450891 0.20665 -7.912127 0.230653 -7.912127 0.20665 -7.450891 0.20665 -7.912127 0.20665 -7.696532 0.193547 -7.696532 0.193547 -7.912127 0.20665 -8.150467 0.196438 -8.150467 0.196438 -7.912127 0.20665 -8.373363 0.20665 -8.150467 0.196438 -8.373363 0.20665 -8.824526 0.201266 -8.824526 0.201266 -8.373363 0.20665 -8.834598 0.20665 -8.824526 0.201266 -8.834598 0.20665 -9.499507 0.205934 -9.499507 0.205934 -8.834598 0.20665 -8.834598 0.230653 -9.499507 0.205934 -8.834598 0.230653 -9.55241 0.230653 -9.55241 0.230653 -8.834598 0.230653 -9.55241 0.242655 -9.55241 0.230653 -9.55241 0.242655 -10.27022 0.242655 -10.27022 0.242655 -9.55241 0.242655 -10.27022 0.254656 -10.27022 0.242655 -10.27022 0.254656 -10.98803 0.254656 -10.98803 0.254656 -10.27022 0.254656 -10.98803 0.278659 -10.98803 0.254656 -10.98803 0.278659 -11.70584 0.278659 -11.70584 0.278659 -10.98803 0.278659 -11.09667 0.298299 -11.70584 0.278659 -11.09667 0.298299 -11.58215 0.298786 -7.8856 0.31585 -8.295025 0.312709 -7.912127 0.302661 -7.912127 0.302661 -8.295025 0.312709 -8.373363 0.302661 -7.912127 0.302661 -8.373363 0.302661 -7.912127 0.278659 -7.912127 0.278659 -8.373363 0.302661 -8.373363 0.278659 -7.912127 0.278659 -8.373363 0.278659 -7.912127 0.254656 -7.912127 0.254656 -8.373363 0.278659 -8.373363 0.254656 -7.912127 0.254656 -8.373363 0.254656 -7.912127 0.242655 -7.912127 0.242655 -8.373363 0.254656 -8.373363 0.242655 -7.912127 0.242655 -8.373363 0.242655 -7.912127 0.230653 -7.912127 0.230653 -8.373363 0.242655 -8.373363 0.230653 -7.912127 0.230653 -8.373363 0.230653 -7.912127 0.20665 -7.912127 0.20665 -8.373363 0.230653 -8.373363 0.20665 -8.295025 0.312709 -8.755678 0.309387 -8.373363 0.302661 -8.373363 0.302661 -8.755678 0.309387 -8.834598 0.302661 -8.373363 0.302661 -8.834598 0.302661 -8.373363 0.278659 -8.373363 0.278659 -8.834598 0.302661 -8.834598 0.278659 -8.373363 0.278659 -8.834598 0.278659 -8.373363 0.254656 -8.373363 0.254656 -8.834598 0.278659 -8.834598 0.254656 -8.373363 0.254656 -8.834598 0.254656 -8.373363 0.242655 -8.373363 0.242655 -8.834598 0.254656 -8.834598 0.242655 -8.373363 0.242655 -8.834598 0.242655 -8.373363 0.230653 -8.373363 0.230653 -8.834598 0.242655 -8.834598 0.230653 -8.373363 0.230653 -8.834598 0.230653 -8.373363 0.20665 -8.373363 0.20665 -8.834598 0.230653 -8.834598 0.20665 -8.755678 0.309387 -9.217626 0.306318 -8.834598 0.302661 -8.834598 0.302661 -9.217626 0.306318 -8.834598 0.278659 -9.681447 0.303542 -9.55241 0.302661 -9.217626 0.306318 -9.217626 0.306318 -9.55241 0.302661 -9.55241 0.278659 -9.217626 0.306318 -9.55241 0.278659 -8.834598 0.278659 -8.834598 0.278659 -9.55241 0.278659 -8.834598 0.254656 -9.55241 0.302661 -9.681447 0.303542 -9.55241 0.278659 -9.55241 0.278659 -9.681447 0.303542 -10.14816 0.301146 -9.55241 0.278659 -10.14816 0.301146 -10.27022 0.278659 -10.27022 0.278659 -10.14816 0.301146 -10.61925 0.299291 -10.27022 0.278659 -10.61925 0.299291 -10.98803 0.278659 -10.98803 0.278659 -10.61925 0.299291 -11.09667 0.298299 -11.58215 0.298786 -12.07711 0.301909 -11.70584 0.278659 -11.70584 0.278659 -12.07711 0.301909 -12.42365 0.278659 -11.70584 0.278659 -12.42365 0.278659 -11.70584 0.254656 -11.70584 0.254656 -12.42365 0.278659 -12.42365 0.254656 -11.70584 0.254656 -12.42365 0.254656 -11.70584 0.242655 -11.70584 0.242655 -12.42365 0.254656 -12.42365 0.242655 -11.70584 0.242655 -12.42365 0.242655 -11.70584 0.230653 -11.70584 0.230653 -12.42365 0.242655 -12.42365 0.230653 -11.70584 0.230653 -12.42365 0.230653 -12.07054 0.21558 -12.07054 0.21558 -12.42365 0.230653 -12.59983 0.210791 -12.59983 0.210791 -12.42365 0.230653 -12.78256 0.230653 -12.59983 0.210791 -12.78256 0.230653 -12.78256 0.20665 -12.78256 0.20665 -12.78256 0.230653 -13.14146 0.230653 -12.78256 0.20665 -13.14146 0.230653 -13.14146 0.20665 -13.14146 0.20665 -13.14146 0.230653 -13.50037 0.230653 -13.14146 0.20665 -13.50037 0.230653 -13.50037 0.20665 -13.50037 0.20665 -13.50037 0.230653 -13.85928 0.230653 -13.50037 0.20665 -13.85928 0.230653 -13.85928 0.20665 -13.85928 0.20665 -13.85928 0.230653 -14.21818 0.230653 -13.85928 0.20665 -14.21818 0.230653 -14.21818 0.20665 -14.21818 0.20665 -14.21818 0.230653 -14.57709 0.230653 -14.21818 0.20665 -14.57709 0.230653 -14.57709 0.20665 -14.57709 0.20665 -14.57709 0.230653 -14.93599 0.230653 -14.57709 0.20665 -14.93599 0.230653 -14.93599 0.20665 -14.93599 0.20665 -14.93599 0.230653 -15.2949 0.230653 -14.93599 0.20665 -15.2949 0.230653 -15.2949 0.20665 -15.2949 0.20665 -15.2949 0.230653 -15.6538 0.230653 -15.2949 0.20665 -15.6538 0.230653 -15.67079 0.210791 -15.67079 0.210791 -15.6538 0.230653 -16.01271 0.230653 -15.67079 0.210791 -16.01271 0.230653 -16.16969 0.215453 -16.16969 0.215453 -16.01271 0.230653 -16.41417 0.216118 -16.41417 0.216118 -16.01271 0.230653 -16.73052 0.230653 -16.41417 0.216118 -16.73052 0.230653 -17.13872 0.214978 -17.13872 0.214978 -16.73052 0.230653 -17.44833 0.230653 -17.13872 0.214978 -17.44833 0.230653 -17.61106 0.212891 -17.61106 0.212891 -17.44833 0.230653 -18.16614 0.230653 -17.61106 0.212891 -18.16614 0.230653 -18.07633 0.210335 -18.07633 0.210335 -18.16614 0.230653 -18.53493 0.207491 -18.53493 0.207491 -18.16614 0.230653 -18.88395 0.230653 -18.53493 0.207491 -18.88395 0.230653 -18.88395 0.20665 -18.88395 0.20665 -18.88395 0.230653 -18.98958 0.2044669 -18.88395 0.20665 -18.98958 0.2044669 -18.53493 0.207491 -12.42365 0.278659 -12.07711 0.301909 -12.42365 0.302661 -12.42365 0.302661 -12.07711 0.301909 -12.58346 0.30999 -12.42365 0.302661 -12.58346 0.30999 -12.78256 0.302661 -12.78256 0.302661 -12.58346 0.30999 -13.09808 0.326709 -12.78256 0.302661 -13.09808 0.326709 -13.14146 0.302661 -13.14146 0.302661 -13.09808 0.326709 -13.14146 0.326708 -13.14146 0.302661 -13.14146 0.326708 -13.50037 0.326706 -13.50037 0.326706 -13.14146 0.326708 -13.50037 0.341451 -13.50037 0.326706 -13.50037 0.341451 -13.85928 0.341451 -13.85928 0.341451 -13.50037 0.341451 -13.61081 0.351447 -13.85928 0.341451 -13.61081 0.351447 -14.13536 0.371021 -13.14146 0.326708 -13.09808 0.326709 -13.50037 0.341451 -13.50037 0.341451 -13.09808 0.326709 -13.61081 0.351447 -13.85928 0.341451 -14.13536 0.371021 -14.21818 0.341451 -14.21818 0.341451 -14.13536 0.371021 -14.65583 0.351663 -14.21818 0.341451 -14.65583 0.351663 -14.57709 0.341451 -14.57709 0.341451 -14.65583 0.351663 -14.93599 0.326697 -14.57709 0.341451 -14.93599 0.326697 -14.57709 0.326699 -14.57709 0.326699 -14.93599 0.326697 -14.57709 0.302661 -14.57709 0.326699 -14.57709 0.302661 -14.21818 0.302661 -14.21818 0.302661 -14.57709 0.302661 -14.21818 0.278659 -14.21818 0.302661 -14.21818 0.278659 -13.85928 0.278659 -13.85928 0.278659 -14.21818 0.278659 -13.85928 0.254656 -13.85928 0.278659 -13.85928 0.254656 -13.50037 0.254656 -13.50037 0.254656 -13.85928 0.254656 -13.50037 0.242655 -13.50037 0.254656 -13.50037 0.242655 -13.14146 0.242655 -13.14146 0.242655 -13.50037 0.242655 -13.14146 0.230653 -13.14146 0.242655 -13.14146 0.230653 -12.78256 0.230653 -14.65583 0.351663 -15.17263 0.326695 -14.93599 0.326697 -14.93599 0.326697 -15.17263 0.326695 -14.93599 0.302661 -14.93599 0.326697 -14.93599 0.302661 -14.57709 0.302661 -14.57709 0.302661 -14.93599 0.302661 -14.57709 0.278659 -14.57709 0.302661 -14.57709 0.278659 -14.21818 0.278659 -14.21818 0.278659 -14.57709 0.278659 -14.21818 0.254656 -14.21818 0.278659 -14.21818 0.254656 -13.85928 0.254656 -13.85928 0.254656 -14.21818 0.254656 -13.85928 0.242655 -13.85928 0.254656 -13.85928 0.242655 -13.50037 0.242655 -13.50037 0.242655 -13.85928 0.242655 -13.50037 0.230653 -13.50037 0.242655 -13.50037 0.230653 -13.14146 0.230653 -15.17263 0.326695 -15.34288 0.320024 -14.93599 0.302661 -14.93599 0.302661 -15.34288 0.320024 -15.2949 0.302661 -14.93599 0.302661 -15.2949 0.302661 -14.93599 0.278659 -14.93599 0.278659 -15.2949 0.302661 -15.2949 0.278659 -14.93599 0.278659 -15.2949 0.278659 -14.93599 0.254656 -14.93599 0.254656 -15.2949 0.278659 -15.2949 0.254656 -14.93599 0.254656 -15.2949 0.254656 -14.93599 0.242655 -14.93599 0.242655 -15.2949 0.254656 -15.2949 0.242655 -14.93599 0.242655 -15.2949 0.242655 -14.93599 0.230653 -14.93599 0.230653 -15.2949 0.242655 -15.2949 0.230653 -15.34288 0.320024 -15.55062 0.31343 -15.2949 0.302661 -15.2949 0.302661 -15.55062 0.31343 -15.6538 0.302661 -15.2949 0.302661 -15.6538 0.302661 -15.2949 0.278659 -15.2949 0.278659 -15.6538 0.302661 -15.6538 0.278659 -15.2949 0.278659 -15.6538 0.278659 -15.2949 0.254656 -15.2949 0.254656 -15.6538 0.278659 -15.6538 0.254656 -15.2949 0.254656 -15.6538 0.254656 -15.2949 0.242655 -15.2949 0.242655 -15.6538 0.254656 -15.6538 0.242655 -15.2949 0.242655 -15.6538 0.242655 -15.2949 0.230653 -15.2949 0.230653 -15.6538 0.242655 -15.6538 0.230653 -15.55062 0.31343 -16.05047 0.303573 -15.6538 0.302661 -15.6538 0.302661 -16.05047 0.303573 -16.01271 0.302661 -15.6538 0.302661 -16.01271 0.302661 -15.6538 0.278659 -15.6538 0.278659 -16.01271 0.302661 -16.01271 0.278659 -15.6538 0.278659 -16.01271 0.278659 -15.6538 0.254656 -15.6538 0.254656 -16.01271 0.278659 -16.01271 0.254656 -15.6538 0.254656 -16.01271 0.254656 -15.6538 0.242655 -15.6538 0.242655 -16.01271 0.254656 -16.01271 0.242655 -15.6538 0.242655 -16.01271 0.242655 -15.6538 0.230653 -15.6538 0.230653 -16.01271 0.242655 -16.01271 0.230653 -16.05047 0.303573 -16.55867 0.299284 -16.01271 0.302661 -16.01271 0.302661 -16.55867 0.299284 -16.01271 0.278659 -16.01271 0.278659 -16.55867 0.299284 -16.73052 0.278659 -16.73052 0.278659 -16.55867 0.299284 -17.05647 0.298248 -16.73052 0.278659 -17.05647 0.298248 -17.44833 0.278659 -17.44833 0.278659 -17.05647 0.298248 -17.5455 0.298979 -17.44833 0.278659 -17.5455 0.298979 -18.16614 0.278659 -18.16614 0.278659 -17.5455 0.298979 -18.02753 0.300718 -18.16614 0.278659 -18.02753 0.300718 -18.50454 0.303074 -18.97833 0.305847 -18.88395 0.302661 -18.50454 0.303074 -18.50454 0.303074 -18.88395 0.302661 -18.88395 0.278659 -18.50454 0.303074 -18.88395 0.278659 -18.16614 0.278659 -18.16614 0.278659 -18.88395 0.278659 -18.16614 0.254656 -18.16614 0.278659 -18.16614 0.254656 -17.44833 0.254656 -17.44833 0.254656 -18.16614 0.254656 -17.44833 0.242655 -17.44833 0.254656 -17.44833 0.242655 -16.73052 0.242655 -16.73052 0.242655 -17.44833 0.242655 -16.73052 0.230653 -16.73052 0.242655 -16.73052 0.230653 -16.01271 0.230653 -18.88395 0.302661 -18.97833 0.305847 -19.60177 0.302661 -19.60177 0.302661 -18.97833 0.305847 -19.45002 0.308937 -19.60177 0.302661 -19.45002 0.308937 -19.92064 0.312298 -19.60177 0.302661 -19.92064 0.312298 -20.31958 0.302661 -20.31958 0.302661 -19.92064 0.312298 -20.35001 0.315585 -20.31958 0.302661 -20.35001 0.315585 -20.80032 0.302661 -20.80032 0.302661 -20.35001 0.315585 -20.67967 0.31788 -20.80032 0.302661 -20.67967 0.31788 -20.91571 0.318442 -20.91571 0.318442 -21.01962 0.317352 -20.80032 0.302661 -20.80032 0.302661 -21.01962 0.317352 -21.1039 0.314353 -20.80032 0.302661 -21.1039 0.314353 -21.16105 0.309226 -21.16105 0.309226 -21.20193 0.302186 -20.80032 0.302661 -20.80032 0.302661 -21.20193 0.302186 -20.80032 0.278659 -20.80032 0.302661 -20.80032 0.278659 -20.31958 0.278659 -20.31958 0.278659 -20.80032 0.278659 -20.31958 0.254656 -20.31958 0.278659 -20.31958 0.254656 -19.60177 0.254656 -19.60177 0.254656 -20.31958 0.254656 -19.60177 0.242655 -19.60177 0.254656 -19.60177 0.242655 -18.88395 0.242655 -18.88395 0.242655 -19.60177 0.242655 -18.88395 0.230653 -18.88395 0.242655 -18.88395 0.230653 -18.16614 0.230653 -21.20193 0.302186 -21.28106 0.28389 -20.80032 0.278659 -20.80032 0.278659 -21.28106 0.28389 -21.27889 0.269158 -20.80032 0.278659 -21.27889 0.269158 -20.80032 0.254656 -20.80032 0.254656 -21.27889 0.269158 -21.27667 0.254337 -20.80032 0.254656 -21.27667 0.254337 -20.80032 0.242655 -20.80032 0.242655 -21.27667 0.254337 -21.27463 0.239515 -20.80032 0.242655 -21.27463 0.239515 -20.80032 0.230653 -20.80032 0.230653 -21.27463 0.239515 -21.27262 0.2247599 -20.80032 0.230653 -21.27262 0.2247599 -21.19766 0.209345 -20.80032 0.230653 -21.19766 0.209345 -20.80032 0.20665 -20.80032 0.20665 -21.19766 0.209345 -21.12674 0.200381 -20.80032 0.20665 -21.12674 0.200381 -21.09326 0.198097 -21.09326 0.198097 -21.00915 0.194963 -20.80032 0.20665 -20.80032 0.20665 -21.00915 0.194963 -20.80249 0.193008 -20.80032 0.20665 -20.80249 0.193008 -20.5792 0.193524 -20.80032 0.20665 -20.5792 0.193524 -20.31958 0.20665 -20.31958 0.20665 -20.5792 0.193524 -20.35197 0.194822 -20.31958 0.20665 -20.35197 0.194822 -19.89694 0.198054 -20.31958 0.20665 -19.89694 0.198054 -19.60177 0.20665 -19.60177 0.20665 -19.89694 0.198054 -19.44412 0.201281 -19.60177 0.20665 -19.44412 0.201281 -18.98958 0.2044669 -15.67079 0.210791 -15.19588 0.198958 -15.2949 0.20665 -15.2949 0.20665 -15.19588 0.198958 -14.93599 0.20665 -15.19588 0.198958 -14.93709 0.18849 -14.93599 0.20665 -14.93599 0.20665 -14.93709 0.18849 -14.57709 0.20665 -14.57709 0.20665 -14.93709 0.18849 -14.57709 0.182648 -14.57709 0.182648 -14.93709 0.18849 -14.67616 0.176593 -14.57709 0.182648 -14.67616 0.176593 -14.57709 0.174248 -14.57709 0.174248 -14.67616 0.176593 -14.13536 0.158758 -14.57709 0.174248 -14.13536 0.158758 -14.21818 0.165849 -14.21818 0.165849 -14.13536 0.158758 -13.85928 0.174248 -14.21818 0.165849 -13.85928 0.174248 -14.21818 0.174248 -14.21818 0.174248 -13.85928 0.174248 -14.21818 0.182648 -14.21818 0.174248 -14.21818 0.182648 -14.57709 0.182648 -14.57709 0.182648 -14.21818 0.182648 -14.57709 0.20665 -14.13536 0.158758 -13.62399 0.175161 -13.85928 0.174248 -13.85928 0.174248 -13.62399 0.175161 -13.85928 0.182648 -13.85928 0.174248 -13.85928 0.182648 -14.21818 0.182648 -14.21818 0.182648 -13.85928 0.182648 -14.21818 0.20665 -14.21818 0.182648 -14.21818 0.20665 -14.57709 0.20665 -13.85928 0.182648 -13.62399 0.175161 -13.50037 0.182648 -13.50037 0.182648 -13.62399 0.175161 -13.3631 0.187191 -13.50037 0.182648 -13.3631 0.187191 -13.50037 0.20665 -13.50037 0.20665 -13.3631 0.187191 -13.10454 0.197884 -13.50037 0.20665 -13.10454 0.197884 -13.14146 0.20665 -13.14146 0.20665 -13.10454 0.197884 -12.78256 0.20665 -13.10454 0.197884 -12.59983 0.210791 -12.78256 0.20665 -12.07054 0.21558 -11.58417 0.216096 -11.70584 0.230653 -11.70584 0.230653 -11.58417 0.216096 -11.10633 0.214884 -11.70584 0.230653 -11.10633 0.214884 -10.98803 0.230653 -10.98803 0.230653 -11.10633 0.214884 -10.64155 0.21281 -10.98803 0.230653 -10.64155 0.21281 -10.27022 0.230653 -10.27022 0.230653 -10.64155 0.21281 -10.18376 0.210272 -10.27022 0.230653 -10.18376 0.210272 -9.55241 0.230653 -9.55241 0.230653 -10.18376 0.210272 -9.55241 0.20665 -9.55241 0.230653 -9.55241 0.20665 -9.499507 0.205934 -9.499507 0.205934 -9.55241 0.20665 -10.18376 0.210272 -7.696532 0.193547 -7.366643 0.19343 -7.450891 0.20665 -7.450891 0.20665 -7.366643 0.19343 -7.117842 0.202897 -7.450891 0.20665 -7.117842 0.202897 -7.039061 0.216008 -7.265961 0.1948609 -7.180557 0.197926 -7.366643 0.19343 -7.366643 0.19343 -7.180557 0.197926 -7.117842 0.202897 -7.450891 0.20665 -7.039061 0.216008 -7.450891 0.230653 -7.450891 0.230653 -7.039061 0.216008 -6.998087 0.224761 -7.450891 0.230653 -6.998087 0.224761 -6.996104 0.239539 -7.450891 0.230653 -6.996104 0.239539 -7.450891 0.242655 -7.450891 0.242655 -6.996104 0.239539 -6.994089 0.254356 -7.450891 0.242655 -6.994089 0.254356 -7.450891 0.254656 -7.450891 0.254656 -6.994089 0.254356 -6.991858 0.269159 -7.450891 0.254656 -6.991858 0.269159 -7.450891 0.278659 -20.31958 0.302661 -20.80032 0.302661 -20.31958 0.278659 -19.60177 0.302661 -20.31958 0.302661 -19.60177 0.278659 -19.60177 0.278659 -20.31958 0.302661 -20.31958 0.278659 -19.60177 0.278659 -20.31958 0.278659 -19.60177 0.254656 -18.88395 0.302661 -19.60177 0.302661 -18.88395 0.278659 -18.88395 0.278659 -19.60177 0.302661 -19.60177 0.278659 -18.88395 0.278659 -19.60177 0.278659 -18.88395 0.254656 -18.88395 0.254656 -19.60177 0.278659 -19.60177 0.254656 -18.88395 0.254656 -19.60177 0.254656 -18.88395 0.242655 -18.16614 0.254656 -18.88395 0.278659 -18.88395 0.254656 -18.16614 0.278659 -17.44833 0.254656 -17.44833 0.278659 -17.44833 0.278659 -17.44833 0.254656 -16.73052 0.254656 -17.44833 0.278659 -16.73052 0.254656 -16.73052 0.278659 -16.73052 0.278659 -16.73052 0.254656 -16.01271 0.254656 -16.73052 0.278659 -16.01271 0.254656 -16.01271 0.278659 -14.93599 0.302661 -14.93599 0.278659 -14.57709 0.278659 -14.57709 0.278659 -14.93599 0.278659 -14.57709 0.254656 -14.57709 0.278659 -14.57709 0.254656 -14.21818 0.254656 -14.21818 0.254656 -14.57709 0.254656 -14.21818 0.242655 -14.21818 0.254656 -14.21818 0.242655 -13.85928 0.242655 -13.85928 0.242655 -14.21818 0.242655 -13.85928 0.230653 -13.85928 0.242655 -13.85928 0.230653 -13.50037 0.230653 -14.57709 0.254656 -14.93599 0.278659 -14.93599 0.254656 -13.85928 0.278659 -13.50037 0.278659 -13.85928 0.302661 -13.85928 0.302661 -13.50037 0.278659 -13.50037 0.302661 -13.85928 0.302661 -13.50037 0.302661 -13.85928 0.326704 -13.85928 0.326704 -13.50037 0.302661 -13.50037 0.326706 -13.85928 0.326704 -13.50037 0.326706 -13.85928 0.341451 -13.50037 0.278659 -13.14146 0.278659 -13.50037 0.302661 -13.50037 0.302661 -13.14146 0.278659 -13.14146 0.302661 -13.50037 0.302661 -13.14146 0.302661 -13.50037 0.326706 -13.85928 0.278659 -13.50037 0.254656 -13.50037 0.278659 -13.50037 0.278659 -13.50037 0.254656 -13.14146 0.254656 -13.50037 0.278659 -13.14146 0.254656 -13.14146 0.278659 -13.14146 0.278659 -13.14146 0.254656 -12.78256 0.254656 -13.14146 0.278659 -12.78256 0.254656 -12.78256 0.278659 -12.78256 0.278659 -12.78256 0.254656 -12.42365 0.254656 -12.78256 0.278659 -12.42365 0.254656 -12.42365 0.278659 -12.78256 0.302661 -13.14146 0.302661 -12.78256 0.278659 -12.78256 0.278659 -13.14146 0.302661 -13.14146 0.278659 -12.42365 0.302661 -12.78256 0.302661 -12.42365 0.278659 -12.42365 0.278659 -12.78256 0.302661 -12.78256 0.278659 -10.98803 0.254656 -11.70584 0.278659 -11.70584 0.254656 -10.98803 0.278659 -10.27022 0.254656 -10.27022 0.278659 -10.27022 0.278659 -10.27022 0.254656 -9.55241 0.254656 -10.27022 0.278659 -9.55241 0.254656 -9.55241 0.278659 -9.55241 0.278659 -9.55241 0.254656 -8.834598 0.254656 -13.85928 0.278659 -13.85928 0.302661 -14.21818 0.302661 -14.21818 0.302661 -13.85928 0.302661 -14.21818 0.326701 -14.21818 0.302661 -14.21818 0.326701 -14.57709 0.326699 -14.57709 0.326699 -14.21818 0.326701 -14.57709 0.341451 -14.21818 0.326701 -13.85928 0.302661 -13.85928 0.326704 -13.85928 0.341451 -14.21818 0.341451 -13.85928 0.326704 -13.85928 0.326704 -14.21818 0.341451 -14.21818 0.326701 -14.21818 0.341451 -14.57709 0.341451 -14.21818 0.326701 -20.80032 0.278659 -20.80032 0.254656 -20.31958 0.254656 -20.31958 0.254656 -20.80032 0.254656 -20.31958 0.242655 -20.31958 0.254656 -20.31958 0.242655 -19.60177 0.242655 -19.60177 0.242655 -20.31958 0.242655 -19.60177 0.230653 -19.60177 0.242655 -19.60177 0.230653 -18.88395 0.230653 -18.88395 0.230653 -19.60177 0.230653 -18.98958 0.2044669 -18.16614 0.254656 -18.88395 0.254656 -18.16614 0.242655 -18.16614 0.242655 -18.88395 0.254656 -18.88395 0.242655 -18.16614 0.242655 -18.88395 0.242655 -18.16614 0.230653 -16.01271 0.242655 -16.01271 0.254656 -16.73052 0.254656 -16.01271 0.242655 -16.73052 0.254656 -16.73052 0.242655 -16.73052 0.242655 -16.73052 0.254656 -17.44833 0.254656 -14.57709 0.254656 -14.93599 0.254656 -14.57709 0.242655 -14.57709 0.242655 -14.93599 0.254656 -14.93599 0.242655 -14.57709 0.242655 -14.93599 0.242655 -14.57709 0.230653 -14.57709 0.230653 -14.93599 0.242655 -14.93599 0.230653 -13.50037 0.254656 -13.14146 0.242655 -13.14146 0.254656 -13.14146 0.254656 -13.14146 0.242655 -12.78256 0.242655 -13.14146 0.254656 -12.78256 0.242655 -12.78256 0.254656 -12.78256 0.254656 -12.78256 0.242655 -12.42365 0.242655 -12.78256 0.254656 -12.42365 0.242655 -12.42365 0.254656 -10.98803 0.254656 -11.70584 0.254656 -10.98803 0.242655 -10.98803 0.242655 -11.70584 0.254656 -11.70584 0.242655 -10.98803 0.242655 -11.70584 0.242655 -10.98803 0.230653 -10.98803 0.230653 -11.70584 0.242655 -11.70584 0.230653 -8.834598 0.242655 -8.834598 0.254656 -9.55241 0.254656 -8.834598 0.242655 -9.55241 0.254656 -9.55241 0.242655 -9.55241 0.242655 -9.55241 0.254656 -10.27022 0.254656 -20.80032 0.254656 -20.80032 0.242655 -20.31958 0.242655 -20.31958 0.242655 -20.80032 0.242655 -20.31958 0.230653 -20.31958 0.242655 -20.31958 0.230653 -19.60177 0.230653 -19.60177 0.230653 -20.31958 0.230653 -19.60177 0.20665 -19.60177 0.230653 -19.60177 0.20665 -18.98958 0.2044669 -18.16614 0.254656 -18.16614 0.242655 -17.44833 0.242655 -17.44833 0.242655 -18.16614 0.242655 -17.44833 0.230653 -17.44833 0.242655 -17.44833 0.230653 -16.73052 0.230653 -17.44833 0.230653 -18.16614 0.242655 -18.16614 0.230653 -16.01271 0.230653 -16.01271 0.242655 -16.73052 0.242655 -14.57709 0.254656 -14.57709 0.242655 -14.21818 0.242655 -14.21818 0.242655 -14.57709 0.242655 -14.21818 0.230653 -14.21818 0.242655 -14.21818 0.230653 -13.85928 0.230653 -14.21818 0.230653 -14.57709 0.242655 -14.57709 0.230653 -12.42365 0.230653 -12.42365 0.242655 -12.78256 0.242655 -12.42365 0.230653 -12.78256 0.242655 -12.78256 0.230653 -12.78256 0.230653 -12.78256 0.242655 -13.14146 0.242655 -10.98803 0.254656 -10.98803 0.242655 -10.27022 0.242655 -10.27022 0.242655 -10.98803 0.242655 -10.27022 0.230653 -10.27022 0.242655 -10.27022 0.230653 -9.55241 0.230653 -10.27022 0.230653 -10.98803 0.242655 -10.98803 0.230653 -8.834598 0.230653 -8.834598 0.242655 -9.55241 0.242655 -20.80032 0.242655 -20.80032 0.230653 -20.31958 0.230653 -20.31958 0.230653 -20.80032 0.230653 -20.31958 0.20665 -20.31958 0.230653 -20.31958 0.20665 -19.60177 0.20665 -20.80032 0.20665 -20.31958 0.20665 -20.80032 0.230653 -13.50037 0.182648 -13.50037 0.20665 -13.85928 0.20665 -13.50037 0.182648 -13.85928 0.20665 -13.85928 0.182648 -13.85928 0.182648 -13.85928 0.20665 -14.21818 0.20665 -14.21818 0.165849 -14.21818 0.174248 -14.57709 0.174248 -14.57709 0.174248 -14.21818 0.174248 -14.57709 0.182648 -4.136193 4.979722 -4.2 4.2504 3.217387 1.550692 3.217387 1.550692 -4.2 4.2504 -4.136193 3.521078 3.217387 1.550692 -4.136193 3.521078 -3.946709 2.813915 -3.946709 2.813915 -3.637307 2.1504 3.217387 1.550692 3.217387 1.550692 -3.637307 2.1504 -3.217387 1.550692 3.217387 1.550692 -3.217387 1.550692 2.699708 1.033013 2.699708 1.033013 -3.217387 1.550692 -2.699708 1.033013 2.699708 1.033013 -2.699708 1.033013 2.1 0.613093 2.1 0.613093 -2.699708 1.033013 -2.1 0.613093 2.1 0.613093 -2.1 0.613093 1.436485 0.303691 1.436485 0.303691 -2.1 0.613093 -1.436485 0.303691 1.436485 0.303691 -1.436485 0.303691 0.729322 0.114207 0.729322 0.114207 -1.436485 0.303691 -0.729322 0.114207 0.729322 0.114207 -0.729322 0.114207 0 0.05039995 3.637307 2.1504 3.217387 6.950108 3.217387 1.550692 3.217387 1.550692 3.217387 6.950108 2.699708 7.467787 3.217387 1.550692 2.699708 7.467787 2.1 7.887707 3.217387 6.950108 3.637307 2.1504 3.637307 6.3504 3.637307 6.3504 3.637307 2.1504 3.946709 2.813915 3.637307 6.3504 3.946709 2.813915 3.946709 5.686884 3.946709 5.686884 3.946709 2.813915 4.136193 3.521078 3.946709 5.686884 4.136193 3.521078 4.136193 4.979722 4.136193 4.979722 4.136193 3.521078 4.2 4.2504 2.1 7.887707 1.436485 8.19711 3.217387 1.550692 3.217387 1.550692 1.436485 8.19711 0.729322 8.386593 3.217387 1.550692 0.729322 8.386593 0 8.450401 0 8.450401 -0.729322 8.386593 3.217387 1.550692 3.217387 1.550692 -0.729322 8.386593 -1.436485 8.19711 3.217387 1.550692 -1.436485 8.19711 -2.1 7.887707 -2.1 7.887707 -2.699708 7.467787 3.217387 1.550692 3.217387 1.550692 -2.699708 7.467787 -3.217387 6.950108 3.217387 1.550692 -3.217387 6.950108 -3.637307 6.3504 -3.637307 6.3504 -3.946709 5.686884 3.217387 1.550692 3.217387 1.550692 -3.946709 5.686884 -4.136193 4.979722 0.1899999 0 0.1899999 0.733038 -0.1899999 0 -0.1899999 0 0.1899999 0.733038 -0.1899999 0.733038 -0.1899999 0.733038 0.1899999 0.733038 0.1899999 1.466077 -0.1899999 0.733038 0.1899999 1.466077 -0.1899999 1.466077 -0.1899999 1.466077 0.1899999 1.466077 0.1899999 2.199115 -0.1899999 1.466077 0.1899999 2.199115 -0.1899999 2.199115 -0.1899999 2.199115 0.1899999 2.199115 0.1899999 2.932153 -0.1899999 2.199115 0.1899999 2.932153 -0.1899999 2.932153 -0.1899999 2.932153 0.1899999 2.932153 0.1899999 3.665191 -0.1899999 2.932153 0.1899999 3.665191 -0.1899999 3.665191 -0.1899999 3.665191 0.1899999 3.665191 0.1899999 4.39823 -0.1899999 3.665191 0.1899999 4.39823 -0.1899999 4.39823 -0.1899999 4.39823 0.1899999 4.39823 0.1899999 5.131268 -0.1899999 4.39823 0.1899999 5.131268 -0.1899999 5.131268 -0.1899999 5.131268 0.1899999 5.131268 0.1899999 5.864306 -0.1899999 5.131268 0.1899999 5.864306 -0.1899999 5.864306 -0.1899999 5.864306 0.1899999 5.864306 0.1899999 6.597344 -0.1899999 5.864306 0.1899999 6.597344 -0.1899999 6.597344 -0.1899999 6.597344 0.1899999 6.597344 0.1899999 7.330383 -0.1899999 6.597344 0.1899999 7.330383 -0.1899999 7.330383 -0.1899999 7.330383 0.1899999 7.330383 0.1899999 8.063422 -0.1899999 7.330383 0.1899999 8.063422 -0.1899999 8.063422 -0.1899999 8.063422 0.1899999 8.063422 0.1899999 8.79646 -0.1899999 8.063422 0.1899999 8.79646 -0.1899999 8.79646 -0.1899999 8.79646 0.1899999 8.79646 0.1899999 9.529499 -0.1899999 8.79646 0.1899999 9.529499 -0.1899999 9.529499 -0.1899999 9.529499 0.1899999 9.529499 0.1899999 10.26254 -0.1899999 9.529499 0.1899999 10.26254 -0.1899999 10.26254 -0.1899999 10.26254 0.1899999 10.26254 0.1899999 10.99557 -0.1899999 10.26254 0.1899999 10.99557 -0.1899999 10.99557 -0.1899999 10.99557 0.1899999 10.99557 0.1899999 11.72861 -0.1899999 10.99557 0.1899999 11.72861 -0.1899999 11.72861 -0.1899999 11.72861 0.1899999 11.72861 0.1899999 12.46165 -0.1899999 11.72861 0.1899999 12.46165 -0.1899999 12.46165 -0.1899999 12.46165 0.1899999 12.46165 -0.1899999 13.19469 -0.1899999 13.19469 0.1899999 12.46165 0.1899999 13.19469 0.1111029 0.05116397 -9.86e-4 -0.012887 0.09509098 -0.07693797 0.05738896 -0.05842798 -0.05808097 -6.93e-4 -0.05808097 -0.116163 0.1111029 -0.05116397 0.09509098 0.07693797 -9.86e-4 0.012887 -0.008005976 -0.06405097 0.104083 0 0.008005976 0.06405097 -0.05738896 -0.05842798 0.05808097 -0.116163 0.05808097 -6.93e-4 -0.008005976 0.06405097 0.008005976 -0.06405097 0.104083 0 -0.1899999 0 -0.1899999 -0.733038 0.1899999 0 0.1899999 0 -0.1899999 -0.733038 0.1899999 -0.733038 0.1899999 -0.733038 -0.1899999 -0.733038 -0.1899999 -1.466077 0.1899999 -0.733038 -0.1899999 -1.466077 0.1899999 -1.466077 0.1899999 -1.466077 -0.1899999 -1.466077 -0.1899999 -2.199115 0.1899999 -1.466077 -0.1899999 -2.199115 0.1899999 -2.199115 0.1899999 -2.199115 -0.1899999 -2.199115 -0.1899999 -2.932153 0.1899999 -2.199115 -0.1899999 -2.932153 0.1899999 -2.932153 0.1899999 -2.932153 -0.1899999 -2.932153 -0.1899999 -3.665191 0.1899999 -2.932153 -0.1899999 -3.665191 0.1899999 -3.665191 0.1899999 -3.665191 -0.1899999 -3.665191 -0.1899999 -4.39823 0.1899999 -3.665191 -0.1899999 -4.39823 0.1899999 -4.39823 0.1899999 -4.39823 -0.1899999 -4.39823 -0.1899999 -5.131268 0.1899999 -4.39823 -0.1899999 -5.131268 0.1899999 -5.131268 0.1899999 -5.131268 -0.1899999 -5.131268 -0.1899999 -5.864306 0.1899999 -5.131268 -0.1899999 -5.864306 0.1899999 -5.864306 0.1899999 -5.864306 -0.1899999 -5.864306 -0.1899999 -6.597344 0.1899999 -5.864306 -0.1899999 -6.597344 0.1899999 -6.597344 0.1899999 -6.597344 -0.1899999 -6.597344 -0.1899999 -7.330383 0.1899999 -6.597344 -0.1899999 -7.330383 0.1899999 -7.330383 0.1899999 -7.330383 -0.1899999 -7.330383 -0.1899999 -8.063422 0.1899999 -7.330383 -0.1899999 -8.063422 0.1899999 -8.063422 0.1899999 -8.063422 -0.1899999 -8.063422 -0.1899999 -8.79646 0.1899999 -8.063422 -0.1899999 -8.79646 0.1899999 -8.79646 0.1899999 -8.79646 -0.1899999 -8.79646 -0.1899999 -9.529499 0.1899999 -8.79646 -0.1899999 -9.529499 0.1899999 -9.529499 0.1899999 -9.529499 -0.1899999 -9.529499 -0.1899999 -10.26254 0.1899999 -9.529499 -0.1899999 -10.26254 0.1899999 -10.26254 0.1899999 -10.26254 -0.1899999 -10.26254 -0.1899999 -10.99557 0.1899999 -10.26254 -0.1899999 -10.99557 0.1899999 -10.99557 0.1899999 -10.99557 -0.1899999 -10.99557 -0.1899999 -11.72861 0.1899999 -10.99557 -0.1899999 -11.72861 0.1899999 -11.72861 0.1899999 -11.72861 -0.1899999 -11.72861 -0.1899999 -12.46165 0.1899999 -11.72861 -0.1899999 -12.46165 0.1899999 -12.46165 0.1899999 -12.46165 -0.1899999 -12.46165 0.1899999 -13.19469 0.1899999 -13.19469 -0.1899999 -12.46165 -0.1899999 -13.19469 -2.529763 57.33447 -1.987063 56.89028 -1.266048 58.60295 -1.266048 58.60295 -1.987063 56.89028 0 56.96329 -1.266048 58.60295 0 56.96329 0 59.28832 0 59.28832 0 56.96329 2.529763 57.33447 0 59.28832 2.529763 57.33447 2.302895 59.28832 2.302895 59.28832 2.529763 57.33447 3.307016 58.49615 2.302895 59.28832 3.307016 58.49615 3.511271 59.16919 -1.987063 56.89028 -1.368387 56.56074 0 56.96329 0 56.96329 -1.368387 56.56074 -0.697487 56.35805 0 56.96329 -0.697487 56.35805 0 56.28966 0 56.28966 0.697487 56.35805 0 56.96329 0 56.96329 0.697487 56.35805 1.368387 56.56074 0 56.96329 1.368387 56.56074 1.987063 56.89028 1.987063 56.89028 2.529763 57.33447 0 56.96329 2.529763 57.33447 2.975525 57.87663 3.307016 58.49615 3.511271 59.16919 3.580262 59.86958 2.302895 59.28832 2.302895 59.28832 3.580262 59.86958 3.511271 60.56997 2.302895 59.28832 3.511271 60.56997 2.302895 61.61335 2.302895 61.61335 3.511271 60.56997 3.307016 61.24301 2.302895 61.61335 3.307016 61.24301 2.975525 61.86252 2.975525 61.86252 2.529763 62.4047 2.302895 61.61335 2.302895 61.61335 2.529763 62.4047 1.266048 61.13621 2.302895 61.61335 1.266048 61.13621 2.302895 59.28832 2.302895 59.28832 1.266048 61.13621 0 59.86958 2.302895 59.28832 0 59.86958 0 59.28832 0 59.28832 0 59.86958 -1.266048 58.60295 -4.369385 5.349241 -4.449487 4.598985 -4.136706 5.232716 -4.136706 5.232716 -4.449487 4.598985 -4.42146 4.584713 -4.136706 5.232716 -4.42146 4.584713 -4.200513 4.503394 -4.200513 4.503394 -4.42146 4.584713 -4.399216 4.562479 -4.200513 4.503394 -4.399216 4.562479 -4.384934 4.534457 -4.384934 4.534457 -4.380013 4.503394 -4.200513 4.503394 -4.200513 4.503394 -4.380013 4.503394 -4.384934 4.47233 -4.200513 4.503394 -4.384934 4.47233 -4.399216 4.444309 -4.399216 4.444309 -4.42146 4.422074 -4.200513 4.503394 -4.200513 4.503394 -4.42146 4.422074 -4.136706 3.774071 -4.136706 3.774071 -4.42146 4.422074 -4.449487 4.407803 -4.136706 3.774071 -4.449487 4.407803 -4.366329 3.641909 -4.136706 3.774071 -4.366329 3.641909 -3.947222 3.066909 -3.947222 3.066909 -4.366329 3.641909 -4.152321 2.901835 -3.947222 3.066909 -4.152321 2.901835 -3.63782 2.403394 -3.63782 2.403394 -4.152321 2.901835 -3.813879 2.209762 -3.63782 2.403394 -3.813879 2.209762 -3.2179 1.803686 -3.2179 1.803686 -3.813879 2.209762 -3.361144 1.586432 -3.2179 1.803686 -3.361144 1.586432 -2.700221 1.286007 -2.700221 1.286007 -3.361144 1.586432 -2.807686 1.050528 -2.700221 1.286007 -2.807686 1.050528 -2.100513 0.866087 -2.100513 0.866087 -2.807686 1.050528 -2.170094 0.618111 -2.100513 0.866087 -2.170094 0.618111 -1.436998 0.556685 -1.436998 0.556685 -2.170094 0.618111 -1.467476 0.302141 -1.436998 0.556685 -1.467476 0.302141 -0.729836 0.367201 -0.729836 0.367201 -1.467476 0.302141 -0.720891 0.112089 -0.729836 0.367201 -0.720891 0.112089 -5.13e-4 0.303394 -5.13e-4 0.303394 -0.720891 0.112089 0.04728496 0.05365097 -5.13e-4 0.303394 0.04728496 0.05365097 0.728809 0.367201 0.728809 0.367201 0.04728496 0.05365097 0.814028 0.1285769 0.728809 0.367201 0.814028 0.1285769 1.435971 0.556685 1.435971 0.556685 0.814028 0.1285769 1.556358 0.334623 1.435971 0.556685 1.556358 0.334623 2.099487 0.866087 2.099487 0.866087 1.556358 0.334623 2.252026 0.665612 2.099487 0.866087 2.252026 0.665612 2.699195 1.286007 2.699195 1.286007 2.252026 0.665612 2.880183 1.111626 2.699195 1.286007 2.880183 1.111626 3.216873 1.803686 3.216873 1.803686 2.880183 1.111626 3.422001 1.659295 3.216873 1.803686 3.422001 1.659295 3.636793 2.403394 3.636793 2.403394 3.422001 1.659295 3.861241 2.292207 3.636793 2.403394 3.861241 2.292207 3.946196 3.066909 3.946196 3.066909 3.861241 2.292207 4.18474 2.99139 3.946196 3.066909 4.18474 2.99139 4.135679 3.774071 4.135679 3.774071 4.18474 2.99139 4.3828 3.73589 4.135679 3.774071 4.3828 3.73589 4.199487 4.503394 4.199487 4.503394 4.3828 3.73589 4.449487 4.503394 4.199487 4.503394 4.449487 4.503394 4.383713 5.265666 4.199487 4.503394 4.383713 5.265666 4.135679 5.232716 4.135679 5.232716 4.383713 5.265666 4.188337 6.005404 4.135679 5.232716 4.188337 6.005404 3.946196 5.939878 3.946196 5.939878 4.188337 6.005404 3.869134 6.70074 3.946196 5.939878 3.869134 6.70074 3.636793 6.603394 3.636793 6.603394 3.869134 6.70074 3.435539 7.331121 3.636793 6.603394 3.435539 7.331121 3.216873 7.203102 3.216873 7.203102 3.435539 7.331121 2.900371 7.877911 3.216873 7.203102 2.900371 7.877911 2.699195 7.72078 2.699195 7.72078 2.900371 7.877911 2.27945 8.324947 2.699195 7.72078 2.27945 8.324947 2.099487 8.140701 2.099487 8.140701 2.27945 8.324947 1.59113 8.659013 2.099487 8.140701 1.59113 8.659013 1.435971 8.450103 1.435971 8.450103 1.59113 8.659013 0.85576 8.870234 1.435971 8.450103 0.85576 8.870234 0.728809 8.639587 0.728809 8.639587 0.85576 8.870234 0.09507697 8.952367 0.728809 8.639587 0.09507697 8.952367 0.08080595 8.924341 0.728809 8.639587 0.08080595 8.924341 -5.13e-4 8.703394 -5.13e-4 8.703394 0.08080595 8.924341 0.05857199 8.902097 -5.13e-4 8.703394 0.05857199 8.902097 0.03055 8.887815 0.03055 8.887815 -5.13e-4 8.882894 -5.13e-4 8.703394 -5.13e-4 8.703394 -5.13e-4 8.882894 -0.03157699 8.887815 -5.13e-4 8.703394 -0.03157699 8.887815 -0.05959796 8.902097 -0.05959796 8.902097 -0.081833 8.924341 -5.13e-4 8.703394 -5.13e-4 8.703394 -0.081833 8.924341 -0.729836 8.639587 -0.729836 8.639587 -0.081833 8.924341 -0.09610396 8.952367 -0.729836 8.639587 -0.09610396 8.952367 -0.846361 8.872266 -0.729836 8.639587 -0.846361 8.872266 -1.436998 8.450103 -1.436998 8.450103 -0.846361 8.872266 -1.572301 8.666564 -1.436998 8.450103 -1.572301 8.666564 -2.100513 8.140701 -2.100513 8.140701 -1.572301 8.666564 -2.253053 8.341176 -2.100513 8.140701 -2.253053 8.341176 -2.700221 7.72078 -2.700221 7.72078 -2.253053 8.341176 -2.869047 7.905454 -2.700221 7.72078 -2.869047 7.905454 -3.2179 7.203102 -3.2179 7.203102 -2.869047 7.905454 -3.402574 7.371927 -3.2179 7.203102 -3.402574 7.371927 -3.838295 6.755933 -3.2179 7.203102 -3.838295 6.755933 -3.63782 6.603394 -3.63782 6.603394 -3.838295 6.755933 -4.163683 6.075181 -3.63782 6.603394 -4.163683 6.075181 -3.947222 5.939878 -3.947222 5.939878 -4.163683 6.075181 -4.369385 5.349241 -3.947222 5.939878 -4.369385 5.349241 -4.136706 5.232716 -4.234674 5.098287 -4.3 4.3516 3.293991 1.587613 3.293991 1.587613 -4.3 4.3516 -4.234674 3.604913 3.293991 1.587613 -4.234674 3.604913 -4.040679 2.880913 -4.040679 2.880913 -3.723909 2.2016 3.293991 1.587613 3.293991 1.587613 -3.723909 2.2016 -3.293991 1.587613 3.293991 1.587613 -3.293991 1.587613 2.763987 1.057609 2.763987 1.057609 -3.293991 1.587613 -2.763987 1.057609 2.763987 1.057609 -2.763987 1.057609 2.15 0.627691 2.15 0.627691 -2.763987 1.057609 -2.15 0.627691 2.15 0.627691 -2.15 0.627691 1.470687 0.310922 1.470687 0.310922 -2.15 0.627691 -1.470687 0.310922 1.470687 0.310922 -1.470687 0.310922 0.746687 0.116927 0.746687 0.116927 -1.470687 0.310922 -0.746687 0.116927 0.746687 0.116927 -0.746687 0.116927 0 0.05159997 3.723909 2.2016 3.293991 7.115587 3.293991 1.587613 3.293991 1.587613 3.293991 7.115587 2.763987 7.645591 3.293991 1.587613 2.763987 7.645591 2.15 8.07551 3.293991 7.115587 3.723909 2.2016 3.723909 6.5016 3.723909 6.5016 3.723909 2.2016 4.040679 2.880913 3.723909 6.5016 4.040679 2.880913 4.040679 5.822287 4.040679 5.822287 4.040679 2.880913 4.234674 3.604913 4.040679 5.822287 4.234674 3.604913 4.234674 5.098287 4.234674 5.098287 4.234674 3.604913 4.3 4.3516 2.15 8.07551 1.470687 8.392279 3.293991 1.587613 3.293991 1.587613 1.470687 8.392279 0.746687 8.586274 3.293991 1.587613 0.746687 8.586274 0 8.6516 0 8.6516 -0.746687 8.586274 3.293991 1.587613 3.293991 1.587613 -0.746687 8.586274 -1.470687 8.392279 3.293991 1.587613 -1.470687 8.392279 -2.15 8.07551 -2.15 8.07551 -2.763987 7.645591 3.293991 1.587613 3.293991 1.587613 -2.763987 7.645591 -3.293991 7.115587 3.293991 1.587613 -3.293991 7.115587 -3.723909 6.5016 -3.723909 6.5016 -4.040679 5.822287 3.293991 1.587613 3.293991 1.587613 -4.040679 5.822287 -4.234674 5.098287 -0.15 -13.50885 0.15 -13.50885 -0.15 -12.75836 -0.15 -12.75836 0.15 -13.50885 0.15 -12.75836 -0.15 -12.75836 0.15 -12.75836 0.15 -12.00786 -0.15 -12.75836 0.15 -12.00786 -0.15 -12.00786 -0.15 -12.00786 0.15 -12.00786 0.15 -11.25737 -0.15 -12.00786 0.15 -11.25737 -0.15 -11.25737 -0.15 -11.25737 0.15 -11.25737 0.15 -10.50688 -0.15 -11.25737 0.15 -10.50688 -0.15 -10.50688 -0.15 -10.50688 0.15 -10.50688 0.15 -9.756391 -0.15 -10.50688 0.15 -9.756391 -0.15 -9.756391 -0.15 -9.756391 0.15 -9.756391 0.15 -9.005898 -0.15 -9.756391 0.15 -9.005898 -0.15 -9.005898 -0.15 -9.005898 0.15 -9.005898 0.15 -8.255408 -0.15 -9.005898 0.15 -8.255408 -0.15 -8.255408 -0.15 -8.255408 0.15 -8.255408 0.15 -7.504916 -0.15 -8.255408 0.15 -7.504916 -0.15 -7.504916 -0.15 -7.504916 0.15 -7.504916 0.15 -6.754424 -0.15 -7.504916 0.15 -6.754424 -0.15 -6.754424 -0.15 -6.754424 0.15 -6.754424 0.15 -6.003932 -0.15 -6.754424 0.15 -6.003932 -0.15 -6.003932 -0.15 -6.003932 0.15 -6.003932 0.15 -5.253441 -0.15 -6.003932 0.15 -5.253441 -0.15 -5.253441 -0.15 -5.253441 0.15 -5.253441 0.15 -4.502949 -0.15 -5.253441 0.15 -4.502949 -0.15 -4.502949 -0.15 -4.502949 0.15 -4.502949 0.15 -3.752458 -0.15 -4.502949 0.15 -3.752458 -0.15 -3.752458 -0.15 -3.752458 0.15 -3.752458 0.15 -3.001966 -0.15 -3.752458 0.15 -3.001966 -0.15 -3.001966 -0.15 -3.001966 0.15 -3.001966 0.15 -2.251475 -0.15 -3.001966 0.15 -2.251475 -0.15 -2.251475 -0.15 -2.251475 0.15 -2.251475 0.15 -1.500983 -0.15 -2.251475 0.15 -1.500983 -0.15 -1.500983 -0.15 -1.500983 0.15 -1.500983 0.15 -0.750492 -0.15 -1.500983 0.15 -0.750492 -0.15 -0.750492 -0.15 -0.750492 0.15 -0.750492 0.15 0 -0.15 -0.750492 0.15 0 -0.15 0 -0.06454998 0.103899 0.01290994 6.2e-4 0.06454998 0.103899 0.05842798 0.05738896 6.93e-4 -0.05808097 0.116163 -0.05808097 0.06454998 0.103899 -0.06454998 0.103899 -0.01290994 6.2e-4 0.06454998 0 -0.01290994 0.10328 -0.06454998 0 0.05842798 -0.05738896 0.116163 0.05808097 6.93e-4 0.05808097 -0.06454998 0 0.06454998 0 0.01290994 0.10328 0 -0.05773496 0.104 -0.05773496 0 0.05773496 0 0.05773496 0.104 -0.05773496 0.104 0.05773496 0 -0.05773496 0.104 -0.05773496 0 0.05773496 0 0.05773496 0.104 -0.05773496 0.104 0.05773496 0 0.05773496 -0.104 0.05773496 0 -0.05773496 0 -0.05773496 -0.104 0.05773496 -0.104 -0.05773496 0 0.05773496 -0.104 0.05773496 0 -0.05773496 0 -0.05773496 -0.104 0.05773496 -0.104 -0.05773496 0 0.05773496 -0.104 0.05773496 0 -0.05773496 0 -0.05773496 -0.104 0.05773496 -0.104 -0.05773496 0 -0.05773496 0.104 -0.05773496 0 0.05773496 0 0.05773496 0.104 -0.05773496 0.104 0.05773496 0.06454998 -0.103899 -0.01290994 -6.2e-4 -0.06454998 -0.103899 -0.05842798 -0.05738896 -6.93e-4 0.05808097 -0.116163 0.05808097 -0.06454998 -0.103899 0.06454998 -0.103899 0.01290994 -6.2e-4 -0.06454998 0 0.01290994 -0.10328 0.06454998 0 -0.05842798 0.05738896 -0.116163 -0.05808097 -6.93e-4 -0.05808097 0.06454998 0 -0.06454998 0 -0.01290994 -0.10328 0.15 0 0.15 0.750492 -0.15 0 -0.15 0 0.15 0.750492 -0.15 0.750492 -0.15 0.750492 0.15 0.750492 0.15 1.500983 -0.15 0.750492 0.15 1.500983 -0.15 1.500983 -0.15 1.500983 0.15 1.500983 0.15 2.251475 -0.15 1.500983 0.15 2.251475 -0.15 2.251475 -0.15 2.251475 0.15 2.251475 0.15 3.001966 -0.15 2.251475 0.15 3.001966 -0.15 3.001966 -0.15 3.001966 0.15 3.001966 0.15 3.752458 -0.15 3.001966 0.15 3.752458 -0.15 3.752458 -0.15 3.752458 0.15 3.752458 0.15 4.502949 -0.15 3.752458 0.15 4.502949 -0.15 4.502949 -0.15 4.502949 0.15 4.502949 0.15 5.253441 -0.15 4.502949 0.15 5.253441 -0.15 5.253441 -0.15 5.253441 0.15 5.253441 0.15 6.003932 -0.15 5.253441 0.15 6.003932 -0.15 6.003932 -0.15 6.003932 0.15 6.003932 0.15 6.754424 -0.15 6.003932 0.15 6.754424 -0.15 6.754424 -0.15 6.754424 0.15 6.754424 0.15 7.504916 -0.15 6.754424 0.15 7.504916 -0.15 7.504916 -0.15 7.504916 0.15 7.504916 0.15 8.255408 -0.15 7.504916 0.15 8.255408 -0.15 8.255408 -0.15 8.255408 0.15 8.255408 0.15 9.005898 -0.15 8.255408 0.15 9.005898 -0.15 9.005898 -0.15 9.005898 0.15 9.005898 0.15 9.756391 -0.15 9.005898 0.15 9.756391 -0.15 9.756391 -0.15 9.756391 0.15 9.756391 0.15 10.50688 -0.15 9.756391 0.15 10.50688 -0.15 10.50688 -0.15 10.50688 0.15 10.50688 0.15 11.25737 -0.15 10.50688 0.15 11.25737 -0.15 11.25737 -0.15 11.25737 0.15 11.25737 0.15 12.00786 -0.15 11.25737 0.15 12.00786 -0.15 12.00786 -0.15 12.00786 0.15 12.00786 0.15 12.75836 -0.15 12.00786 0.15 12.75836 -0.15 12.75836 -0.15 12.75836 0.15 12.75836 -0.15 13.50885 -0.15 13.50885 0.15 12.75836 0.15 13.50885 0.168873 0.157865 -0.2 0.157865 0.2 0.126323 0.2 0.126323 -0.2 0.157865 -0.2 0.126292 0.2 0.126323 -0.2 0.126292 0.2 0.094742 0.2 0.094742 -0.2 0.126292 -0.2 0.09471899 0.2 0.094742 -0.2 0.09471899 0.2 0.06316095 0.2 0.06316095 -0.2 0.09471899 -0.2 0.06314599 0.2 0.06316095 -0.2 0.06314599 0.2 0.03158098 0.2 0.03158098 -0.2 0.06314599 -0.2 0.03157299 0.2 0.03158098 -0.2 0.03157299 0.2 0 0.2 0 -0.2 0.03157299 -0.2 0 -0.007070958 9.744904 -0.007070958 8.974551 0.03694897 9.740669 0.03694897 9.740669 -0.007070958 8.974551 0.06363999 9.741089 0.06363999 9.741089 -0.007070958 8.974551 0.06363999 8.97116 0.06363999 8.97116 -0.007070958 8.974551 -0.007070958 8.204198 0.06363999 8.97116 -0.007070958 8.204198 0.06363999 8.201231 0.06363999 8.201231 -0.007070958 8.204198 -0.007070958 7.433845 0.06363999 8.201231 -0.007070958 7.433845 0.06363999 7.431301 0.06363999 7.431301 -0.007070958 7.433845 -0.007070958 6.663491 0.06363999 7.431301 -0.007070958 6.663491 0.06363999 6.661372 0.06363999 6.661372 -0.007070958 6.663491 -0.007070958 5.893138 0.06363999 6.661372 -0.007070958 5.893138 0.06363999 5.891443 0.06363999 5.891443 -0.007070958 5.893138 -0.007070958 5.122785 0.06363999 5.891443 -0.007070958 5.122785 0.06363999 5.121513 0.06363999 5.121513 -0.007070958 5.122785 -0.007070958 4.352432 0.06363999 5.121513 -0.007070958 4.352432 0.06363999 4.351584 0.06363999 4.351584 -0.007070958 4.352432 -0.007070958 3.582079 0.06363999 4.351584 -0.007070958 3.582079 0.06363999 3.581655 0.06363999 3.581655 -0.007070958 3.582079 -0.007070958 2.811725 0.06363999 3.581655 -0.007070958 2.811725 0.06363999 2.811725 2.529763 62.4047 1.987063 62.84888 1.266048 61.13621 1.266048 61.13621 1.987063 62.84888 1.368387 63.17842 1.266048 61.13621 1.368387 63.17842 0 61.61335 0 61.61335 1.368387 63.17842 0.697487 63.38111 0 61.61335 0.697487 63.38111 0 63.4495 0 63.4495 -0.697487 63.38111 0 61.61335 0 61.61335 -0.697487 63.38111 -1.368387 63.17842 0 61.61335 -1.368387 63.17842 -1.987063 62.84888 0 61.61335 -1.987063 62.84888 -2.302895 61.61335 -2.302895 61.61335 -1.987063 62.84888 -2.529763 62.4047 -2.302895 61.61335 -2.529763 62.4047 -2.975525 61.86252 -2.975525 61.86252 -3.307016 61.24301 -2.302895 61.61335 -2.302895 61.61335 -3.307016 61.24301 -3.511271 60.56997 -2.302895 61.61335 -3.511271 60.56997 -2.302895 59.28832 -2.302895 59.28832 -3.511271 60.56997 -3.580262 59.86958 -2.302895 59.28832 -3.580262 59.86958 -3.511271 59.16919 -3.511271 59.16919 -3.307016 58.49615 -2.302895 59.28832 -2.302895 59.28832 -3.307016 58.49615 -2.975525 57.87663 -2.302895 59.28832 -2.975525 57.87663 -1.266048 58.60295 -1.266048 58.60295 -2.975525 57.87663 -2.529763 57.33447 -1.266048 58.60295 0 59.86958 -2.302895 59.28832 -2.302895 59.28832 0 59.86958 -2.302895 61.61335 -2.302895 61.61335 0 59.86958 0 61.61335 0 61.61335 0 59.86958 1.266048 61.13621 -0.009507954 0 0.009507954 0 -0.009507954 0.70195 -0.009507954 0.70195 0.009507954 0 0.009507954 0.70195 -0.009507954 0.70195 0.009507954 0.70195 -0.009507954 1.403899 -0.009507954 1.403899 0.009507954 0.70195 0.009507954 1.403899 -0.009507954 1.403899 0.009507954 1.403899 -0.009507954 2.105849 -0.009507954 2.105849 0.009507954 1.403899 0.009507954 2.105849 -0.009507954 2.105849 0.009507954 2.105849 -0.009507954 2.807798 -0.009507954 2.807798 0.009507954 2.105849 0.009507954 2.807798 -0.009507954 2.807798 0.009507954 2.807798 -0.009507954 3.509748 -0.009507954 3.509748 0.009507954 2.807798 0.009507954 3.509748 -0.009507954 3.509748 0.009507954 3.509748 -0.009507954 4.211698 -0.009507954 4.211698 0.009507954 3.509748 0.009507954 4.211698 -0.009507954 4.211698 0.009507954 4.211698 -0.009507954 4.913647 -0.009507954 4.913647 0.009507954 4.211698 0.009507954 4.913647 -0.009507954 4.913647 0.009507954 4.913647 -0.009507954 5.615597 -0.009507954 5.615597 0.009507954 4.913647 0.009507954 5.615597 -0.009507954 5.615597 0.009507954 5.615597 -0.009507954 6.317546 -0.009507954 6.317546 0.009507954 5.615597 0.009507954 6.317546 -0.009507954 6.317546 0.009507954 6.317546 -0.009507954 7.019496 -0.009507954 7.019496 0.009507954 6.317546 0.009507954 7.019496 -0.009507954 7.019496 0.009507954 7.019496 -0.009507954 7.721446 -0.009507954 7.721446 0.009507954 7.019496 0.009507954 7.721446 -0.009507954 7.721446 0.009507954 7.721446 -0.009507954 8.423396 -0.009507954 8.423396 0.009507954 7.721446 0.009507954 8.423396 -0.009507954 8.423396 0.009507954 8.423396 -0.009507954 9.125346 -0.009507954 9.125346 0.009507954 8.423396 0.009507954 9.125346 -0.009507954 9.125346 0.009507954 9.125346 -0.009507954 9.827295 -0.009507954 9.827295 0.009507954 9.125346 0.009507954 9.827295 -0.009507954 9.827295 0.009507954 9.827295 -0.009507954 10.52924 -0.009507954 10.52924 0.009507954 9.827295 0.009507954 10.52924 -0.009507954 10.52924 0.009507954 10.52924 -0.009507954 11.23119 -0.009507954 11.23119 0.009507954 10.52924 0.009507954 11.23119 -0.009507954 -11.23119 0.009507954 -11.23119 -0.009507954 -10.52924 -0.009507954 -10.52924 0.009507954 -11.23119 0.009507954 -10.52924 -0.009507954 -10.52924 0.009507954 -10.52924 -0.009507954 -9.827295 -0.009507954 -9.827295 0.009507954 -10.52924 0.009507954 -9.827295 -0.009507954 -9.827295 0.009507954 -9.827295 -0.009507954 -9.125346 -0.009507954 -9.125346 0.009507954 -9.827295 0.009507954 -9.125346 -0.009507954 -9.125346 0.009507954 -9.125346 -0.009507954 -8.423396 -0.009507954 -8.423396 0.009507954 -9.125346 0.009507954 -8.423396 -0.009507954 -8.423396 0.009507954 -8.423396 -0.009507954 -7.721446 -0.009507954 -7.721446 0.009507954 -8.423396 0.009507954 -7.721446 -0.009507954 -7.721446 0.009507954 -7.721446 -0.009507954 -7.019496 -0.009507954 -7.019496 0.009507954 -7.721446 0.009507954 -7.019496 -0.009507954 -7.019496 0.009507954 -7.019496 -0.009507954 -6.317546 -0.009507954 -6.317546 0.009507954 -7.019496 0.009507954 -6.317546 -0.009507954 -6.317546 0.009507954 -6.317546 -0.009507954 -5.615597 -0.009507954 -5.615597 0.009507954 -6.317546 0.009507954 -5.615597 -0.009507954 -5.615597 0.009507954 -5.615597 -0.009507954 -4.913647 -0.009507954 -4.913647 0.009507954 -5.615597 0.009507954 -4.913647 -0.009507954 -4.913647 0.009507954 -4.913647 -0.009507954 -4.211698 -0.009507954 -4.211698 0.009507954 -4.913647 0.009507954 -4.211698 -0.009507954 -4.211698 0.009507954 -4.211698 -0.009507954 -3.509748 -0.009507954 -3.509748 0.009507954 -4.211698 0.009507954 -3.509748 -0.009507954 -3.509748 0.009507954 -3.509748 -0.009507954 -2.807798 -0.009507954 -2.807798 0.009507954 -3.509748 0.009507954 -2.807798 -0.009507954 -2.807798 0.009507954 -2.807798 -0.009507954 -2.105849 -0.009507954 -2.105849 0.009507954 -2.807798 0.009507954 -2.105849 -0.009507954 -2.105849 0.009507954 -2.105849 -0.009507954 -1.403899 -0.009507954 -1.403899 0.009507954 -2.105849 0.009507954 -1.403899 -0.009507954 -1.403899 0.009507954 -1.403899 -0.009507954 -0.70195 -0.009507954 -0.70195 0.009507954 -1.403899 0.009507954 -0.70195 -0.009507954 -0.70195 0.009507954 -0.70195 -0.009507954 0 -0.009507954 0 0.009507954 -0.70195 0.009507954 0 -0.01187998 0 0.01187998 0 -0.01187998 0.711767 -0.01187998 0.711767 0.01187998 0 0.01187998 0.711767 -0.01187998 0.711767 0.01187998 0.711767 -0.01187998 1.423534 -0.01187998 1.423534 0.01187998 0.711767 0.01187998 1.423534 -0.01187998 1.423534 0.01187998 1.423534 -0.01187998 2.135301 -0.01187998 2.135301 0.01187998 1.423534 0.01187998 2.135301 -0.01187998 2.135301 0.01187998 2.135301 -0.01187998 2.847068 -0.01187998 2.847068 0.01187998 2.135301 0.01187998 2.847068 -0.01187998 2.847068 0.01187998 2.847068 -0.01187998 3.558836 -0.01187998 3.558836 0.01187998 2.847068 0.01187998 3.558836 -0.01187998 3.558836 0.01187998 3.558836 -0.01187998 4.270603 -0.01187998 4.270603 0.01187998 3.558836 0.01187998 4.270603 -0.01187998 4.270603 0.01187998 4.270603 -0.01187998 4.982369 -0.01187998 4.982369 0.01187998 4.270603 0.01187998 4.982369 -0.01187998 4.982369 0.01187998 4.982369 -0.01187998 5.694137 -0.01187998 5.694137 0.01187998 4.982369 0.01187998 5.694137 -0.01187998 5.694137 0.01187998 5.694137 -0.01187998 6.405904 -0.01187998 6.405904 0.01187998 5.694137 0.01187998 6.405904 -0.01187998 6.405904 0.01187998 6.405904 -0.01187998 7.117671 -0.01187998 7.117671 0.01187998 6.405904 0.01187998 7.117671 -0.01187998 7.117671 0.01187998 7.117671 -0.01187998 7.829438 -0.01187998 7.829438 0.01187998 7.117671 0.01187998 7.829438 -0.01187998 7.829438 0.01187998 7.829438 -0.01187998 8.541206 -0.01187998 8.541206 0.01187998 7.829438 0.01187998 8.541206 -0.01187998 8.541206 0.01187998 8.541206 -0.01187998 9.252972 -0.01187998 9.252972 0.01187998 8.541206 0.01187998 9.252972 -0.01187998 9.252972 0.01187998 9.252972 -0.01187998 9.964739 -0.01187998 9.964739 0.01187998 9.252972 0.01187998 9.964739 -0.01187998 9.964739 0.01187998 9.964739 -0.01187998 10.67651 -0.01187998 10.67651 0.01187998 9.964739 0.01187998 10.67651 -0.01187998 10.67651 0.01187998 10.67651 -0.01187998 11.38827 -0.01187998 11.38827 0.01187998 10.67651 0.01187998 11.38827 -4.607963 -0.420056 -4.580185 -0.378483 -5.157283 0.03075897 -5.157283 0.03075897 -4.580185 -0.378483 -5.121928 0.066114 -5.157283 0.03075897 -5.121928 0.066114 -5.608099 0.580079 -5.608099 0.580079 -5.121928 0.066114 -5.566525 0.607858 -5.608099 0.580079 -5.566525 0.607858 -5.943085 1.206794 -5.943085 1.206794 -5.566525 0.607858 -5.896891 1.225928 -5.943085 1.206794 -5.896891 1.225928 -6.149368 1.886819 -6.149368 1.886819 -5.896891 1.225928 -6.100328 1.896573 -6.149368 1.886819 -6.100328 1.896573 -6.219021 2.594021 -6.219021 2.594021 -6.100328 1.896573 -6.169021 2.594021 -6.219021 2.594021 -6.169021 2.594021 -6.100328 3.291469 -4.580185 -0.378483 -4.607963 -0.420056 -3.962115 -0.708848 -3.962115 -0.708848 -4.607963 -0.420056 -3.981249 -0.755042 -3.962115 -0.708848 -3.981249 -0.755042 -3.291469 -0.912286 -3.291469 -0.912286 -3.981249 -0.755042 -3.301224 -0.961325 -3.291469 -0.912286 -3.301224 -0.961325 -2.594021 -0.980979 -2.594021 -0.980979 -3.301224 -0.961325 -2.594021 -1.030979 -2.594021 -0.980979 -2.594021 -1.030979 -1.886819 -0.961325 -2.594021 -0.980979 -1.886819 -0.961325 -1.896573 -0.912286 -1.896573 -0.912286 -1.886819 -0.961325 -1.206794 -0.755042 -1.896573 -0.912286 -1.206794 -0.755042 -1.225928 -0.708848 -1.225928 -0.708848 -1.206794 -0.755042 -0.580079 -0.420056 -1.225928 -0.708848 -0.580079 -0.420056 -0.607858 -0.378483 -0.607858 -0.378483 -0.580079 -0.420056 -0.03075897 0.03075897 -0.607858 -0.378483 -0.03075897 0.03075897 -0.066114 0.066114 -0.066114 0.066114 -0.03075897 0.03075897 0.420056 0.580079 -0.066114 0.066114 0.420056 0.580079 0.378483 0.607858 0.378483 0.607858 0.420056 0.580079 0.755042 1.206794 0.378483 0.607858 0.755042 1.206794 0.708848 1.225928 0.708848 1.225928 0.755042 1.206794 0.961325 1.886819 0.708848 1.225928 0.961325 1.886819 0.912286 1.896573 0.912286 1.896573 0.961325 1.886819 0.980979 2.594021 0.980979 2.594021 0.961325 1.886819 1.030979 2.594021 0.980979 2.594021 1.030979 2.594021 0.912286 3.291469 0.912286 3.291469 1.030979 2.594021 0.961325 3.301224 0.912286 3.291469 0.961325 3.301224 0.708848 3.962115 0.708848 3.962115 0.961325 3.301224 0.755042 3.981249 0.708848 3.962115 0.755042 3.981249 0.378483 4.580185 0.378483 4.580185 0.755042 3.981249 0.420056 4.607963 0.378483 4.580185 0.420056 4.607963 -0.066114 5.121928 -0.066114 5.121928 0.420056 4.607963 -0.03075897 5.157283 -0.066114 5.121928 -0.03075897 5.157283 -0.607858 5.566525 -0.607858 5.566525 -0.03075897 5.157283 -0.580079 5.608099 -0.607858 5.566525 -0.580079 5.608099 -1.225928 5.896891 -1.225928 5.896891 -0.580079 5.608099 -1.206794 5.943085 -1.225928 5.896891 -1.206794 5.943085 -1.896573 6.100328 -1.896573 6.100328 -1.206794 5.943085 -1.886819 6.149368 -1.896573 6.100328 -1.886819 6.149368 -2.594021 6.169021 -2.594021 6.169021 -1.886819 6.149368 -2.594021 6.219021 -2.594021 6.169021 -2.594021 6.219021 -3.301224 6.149368 -2.594021 6.169021 -3.301224 6.149368 -3.291469 6.100328 -3.291469 6.100328 -3.301224 6.149368 -3.981249 5.943085 -3.291469 6.100328 -3.981249 5.943085 -3.962115 5.896891 -3.962115 5.896891 -3.981249 5.943085 -4.607963 5.608099 -3.962115 5.896891 -4.607963 5.608099 -4.580185 5.566525 -4.580185 5.566525 -4.607963 5.608099 -5.157283 5.157283 -4.580185 5.566525 -5.157283 5.157283 -5.121928 5.121928 -5.121928 5.121928 -5.157283 5.157283 -5.608099 4.607963 -5.121928 5.121928 -5.608099 4.607963 -5.566525 4.580185 -5.566525 4.580185 -5.608099 4.607963 -5.943085 3.981249 -5.566525 4.580185 -5.943085 3.981249 -5.896891 3.962115 -5.896891 3.962115 -5.943085 3.981249 -6.149368 3.301224 -5.896891 3.962115 -6.149368 3.301224 -6.100328 3.291469 -6.100328 3.291469 -6.149368 3.301224 -6.219021 2.594021 0.06363999 2.811725 -0.007070958 2.811725 0.06363999 2.036243 0.06363999 2.036243 -0.007070958 2.811725 -0.007070958 2.036031 0.06363999 2.036243 -0.007070958 2.036031 0.06363999 1.260761 0.06363999 1.260761 -0.007070958 2.036031 -0.007070958 1.260337 0.06363999 1.260761 -0.007070958 1.260337 0.06363999 0.485279 0.06363999 0.485279 -0.007070958 1.260337 -0.007070958 0.484643 0.06363999 0.485279 -0.007070958 0.484643 0.06363999 -0.290203 0.06363999 -0.290203 -0.007070958 0.484643 -0.007070958 -0.291051 0.06363999 -0.290203 -0.007070958 -0.291051 0.06363999 -1.065685 0.06363999 -1.065685 -0.007070958 -0.291051 -0.007070958 -1.066745 0.06363999 -1.065685 -0.007070958 -1.066745 0.06363999 -1.841167 0.06363999 -1.841167 -0.007070958 -1.066745 -0.007070958 -1.842439 0.06363999 -1.841167 -0.007070958 -1.842439 0.06363999 -2.616649 0.06363999 -2.616649 -0.007070958 -1.842439 -0.007070958 -2.618133 0.06363999 -2.616649 -0.007070958 -2.618133 0.06363999 -3.392131 0.06363999 -3.392131 -0.007070958 -2.618133 -0.007070958 -3.393826 0.06363999 -3.392131 -0.007070958 -3.393826 0.06363999 -4.167613 0.06363999 -4.167613 -0.007070958 -3.393826 -0.007070958 -4.16952 0.06363999 -4.167613 -0.007070958 -4.16952 0.06363999 -4.943095 0.06363999 -4.943095 -0.007070958 -4.16952 -0.007070958 -4.945215 0.06363999 -4.943095 -0.007070958 -4.945215 0.06363999 -5.718577 0.06363999 -5.718577 -0.007070958 -4.945215 -0.007070958 -5.720909 0.06363999 -5.718577 -0.007070958 -5.720909 0.06363999 -6.49406 0.06363999 -6.49406 -0.007070958 -5.720909 -0.007070958 -6.496603 0.06363999 -6.49406 -0.007070958 -6.496603 0.06363999 -7.269541 0.06363999 -7.269541 -0.007070958 -6.496603 -0.007070958 -7.272296 0.06363999 -7.269541 -0.007070958 -7.272296 0.06363999 -8.045024 0.06363999 -8.045024 -0.007070958 -7.272296 -0.007070958 -8.047991 0.06363999 -8.045024 -0.007070958 -8.047991 0.06363999 -8.820506 0.06363999 -8.820506 -0.007070958 -8.047991 -0.007070958 -8.823685 0.06363999 -8.820506 -0.007070958 -8.823685 0.06363999 -9.595988 0.06363999 -9.595988 -0.007070958 -8.823685 -0.007070958 -9.599379 0.06363999 -9.595988 -0.007070958 -9.599379 0.06363999 -10.37147 0.06363999 -10.37147 -0.007070958 -9.599379 -0.007070958 -10.37507 0.06363999 -10.37147 -0.007070958 -10.37507 0.06363999 -11.14695 0.06363999 -11.14695 -0.007070958 -10.37507 0.03694897 -11.14653 0.03694897 -11.14653 -0.007070958 -10.37507 -0.007070958 -11.15077 -0.007070958 -11.34304 -0.007070958 -12.10271 0.03694897 -11.34727 0.03694897 -11.34727 -0.007070958 -12.10271 0.06363999 -11.34685 0.06363999 -11.34685 -0.007070958 -12.10271 0.06363999 -12.10568 0.06363999 -12.10568 -0.007070958 -12.10271 -0.007070958 -12.86238 0.06363999 -12.10568 -0.007070958 -12.86238 0.06363999 -12.8645 0.06363999 -12.8645 -0.007070958 -12.86238 -0.007070958 -13.62205 0.06363999 -12.8645 -0.007070958 -13.62205 0.06363999 -13.62332 0.06363999 14.49393 -0.007070958 14.4952 -0.007070958 13.73553 0.06363999 14.49393 -0.007070958 13.73553 0.06363999 13.73511 0.06363999 13.73511 -0.007070958 13.73553 -0.007070958 12.97586 0.06363999 13.73511 -0.007070958 12.97586 0.06363999 12.97628 0.06363999 12.97628 -0.007070958 12.97586 0.06363999 12.21746 0.06363999 12.21746 -0.007070958 12.97586 -0.007070958 12.21619 0.06363999 12.21746 -0.007070958 12.21619 0.06363999 11.45864 0.06363999 11.45864 -0.007070958 12.21619 -0.007070958 11.45652 0.06363999 11.45864 -0.007070958 11.45652 0.06363999 10.69981 0.06363999 10.69981 -0.007070958 11.45652 -0.007070958 10.69685 0.06363999 10.69981 -0.007070958 10.69685 0.06363999 9.940989 0.06363999 9.940989 -0.007070958 10.69685 0.03694897 9.941411 0.03694897 9.941411 -0.007070958 10.69685 -0.007070958 9.937174 0.351834 0.002193987 -0.350977 4.14e-4 0.351604 0.001963973 0.351604 0.001963973 -0.350977 4.14e-4 0.350949 9.84e-4 0.350949 9.84e-4 -0.350977 4.14e-4 0.350786 4.93e-4 0.350786 4.93e-4 -0.350977 4.14e-4 0.350731 0 21.19766 0.209345 21.27274 0.224695 20.80032 0.230653 20.80032 0.230653 21.27274 0.224695 21.27478 0.2394869 20.80032 0.230653 21.27478 0.2394869 20.80032 0.242655 20.80032 0.242655 21.27478 0.2394869 21.27692 0.254251 20.80032 0.242655 21.27692 0.254251 20.80032 0.254656 20.80032 0.254656 21.27692 0.254251 21.27902 0.269051 20.80032 0.254656 21.27902 0.269051 20.80032 0.278659 20.80032 0.278659 21.27902 0.269051 21.28106 0.28389 20.80032 0.278659 21.28106 0.28389 21.20369 0.301812 20.80032 0.278659 21.20369 0.301812 20.80032 0.302661 20.80032 0.302661 21.20369 0.301812 21.1642 0.308802 20.80032 0.302661 21.1642 0.308802 21.11023 0.313967 21.11023 0.313967 21.03017 0.317127 20.80032 0.302661 20.80032 0.302661 21.03017 0.317127 20.92996 0.318379 20.80032 0.302661 20.92996 0.318379 20.70247 0.318006 20.70247 0.318006 20.38898 0.315881 20.80032 0.302661 20.80032 0.302661 20.38898 0.315881 20.31958 0.302661 20.80032 0.302661 20.31958 0.302661 20.80032 0.278659 20.80032 0.278659 20.31958 0.302661 20.31958 0.278659 20.80032 0.278659 20.31958 0.278659 20.80032 0.254656 20.80032 0.254656 20.31958 0.278659 20.31958 0.254656 20.80032 0.254656 20.31958 0.254656 20.80032 0.242655 20.80032 0.242655 20.31958 0.254656 20.31958 0.242655 20.80032 0.242655 20.31958 0.242655 20.80032 0.230653 20.80032 0.230653 20.31958 0.242655 20.31958 0.230653 20.80032 0.230653 20.31958 0.230653 20.80032 0.20665 20.80032 0.20665 20.31958 0.230653 20.31958 0.20665 20.80032 0.20665 20.31958 0.20665 20.35197 0.194822 20.35197 0.194822 20.31958 0.20665 19.89694 0.198054 19.89694 0.198054 20.31958 0.20665 19.60177 0.20665 19.89694 0.198054 19.60177 0.20665 19.44412 0.201281 19.44412 0.201281 19.60177 0.20665 18.88395 0.20665 19.44412 0.201281 18.88395 0.20665 18.98958 0.2044669 18.98958 0.2044669 18.88395 0.20665 18.53493 0.207491 18.53493 0.207491 18.88395 0.20665 18.88395 0.230653 18.53493 0.207491 18.88395 0.230653 18.16614 0.230653 18.16614 0.230653 18.88395 0.230653 18.16614 0.242655 18.16614 0.230653 18.16614 0.242655 17.44833 0.242655 17.44833 0.242655 18.16614 0.242655 17.44833 0.254656 17.44833 0.242655 17.44833 0.254656 16.73052 0.254656 16.73052 0.254656 17.44833 0.254656 16.73052 0.278659 16.73052 0.254656 16.73052 0.278659 16.01271 0.278659 16.01271 0.278659 16.73052 0.278659 16.68888 0.298785 16.01271 0.278659 16.68888 0.298785 16.19367 0.301909 20.38898 0.315881 19.9778 0.312725 20.31958 0.302661 20.31958 0.302661 19.9778 0.312725 19.60177 0.302661 20.31958 0.302661 19.60177 0.302661 20.31958 0.278659 20.31958 0.278659 19.60177 0.302661 19.60177 0.278659 20.31958 0.278659 19.60177 0.278659 20.31958 0.254656 20.31958 0.254656 19.60177 0.278659 19.60177 0.254656 20.31958 0.254656 19.60177 0.254656 20.31958 0.242655 20.31958 0.242655 19.60177 0.254656 19.60177 0.242655 20.31958 0.242655 19.60177 0.242655 20.31958 0.230653 20.31958 0.230653 19.60177 0.242655 19.60177 0.230653 20.31958 0.230653 19.60177 0.230653 20.31958 0.20665 20.31958 0.20665 19.60177 0.230653 19.60177 0.20665 19.9778 0.312725 19.51676 0.309397 19.60177 0.302661 19.60177 0.302661 19.51676 0.309397 19.05457 0.306326 19.60177 0.302661 19.05457 0.306326 19.60177 0.278659 19.60177 0.278659 19.05457 0.306326 18.88395 0.302661 19.60177 0.278659 18.88395 0.302661 18.88395 0.278659 18.88395 0.278659 18.88395 0.302661 18.59053 0.303549 18.88395 0.278659 18.59053 0.303549 18.16614 0.278659 18.16614 0.278659 18.59053 0.303549 18.1236 0.301151 18.16614 0.278659 18.1236 0.301151 17.65229 0.299293 19.05457 0.306326 18.59053 0.303549 18.88395 0.302661 18.16614 0.278659 17.65229 0.299293 17.44833 0.278659 17.44833 0.278659 17.65229 0.299293 17.17461 0.298299 17.44833 0.278659 17.17461 0.298299 16.73052 0.278659 16.73052 0.278659 17.17461 0.298299 16.68888 0.298785 16.01271 0.278659 16.19367 0.301909 16.01271 0.302661 16.01271 0.302661 16.19367 0.301909 15.68706 0.309995 16.01271 0.302661 15.68706 0.309995 15.6538 0.302661 15.6538 0.302661 15.68706 0.309995 15.2949 0.302661 15.6538 0.302661 15.2949 0.302661 15.6538 0.278659 15.6538 0.278659 15.2949 0.302661 15.2949 0.278659 15.6538 0.278659 15.2949 0.278659 15.6538 0.254656 15.6538 0.254656 15.2949 0.278659 15.2949 0.254656 15.6538 0.254656 15.2949 0.254656 15.6538 0.242655 15.6538 0.242655 15.2949 0.254656 15.2949 0.242655 15.6538 0.242655 15.2949 0.242655 15.6538 0.230653 15.6538 0.230653 15.2949 0.242655 15.2949 0.230653 15.6538 0.230653 15.2949 0.230653 15.67478 0.210853 15.67478 0.210853 15.2949 0.230653 15.2949 0.20665 15.67478 0.210853 15.2949 0.20665 15.16617 0.197884 15.16617 0.197884 15.2949 0.20665 14.93599 0.20665 15.16617 0.197884 14.93599 0.20665 14.57709 0.182648 14.57709 0.182648 14.93599 0.20665 14.57709 0.20665 14.57709 0.182648 14.57709 0.20665 14.21818 0.20665 14.21818 0.20665 14.57709 0.20665 14.21818 0.230653 14.21818 0.20665 14.21818 0.230653 13.85928 0.230653 13.85928 0.230653 14.21818 0.230653 13.85928 0.242655 13.85928 0.230653 13.85928 0.242655 13.50037 0.242655 13.50037 0.242655 13.85928 0.242655 13.50037 0.254656 13.50037 0.242655 13.50037 0.254656 13.14146 0.254656 13.14146 0.254656 13.50037 0.254656 13.14146 0.278659 13.14146 0.254656 13.14146 0.278659 12.78256 0.278659 12.78256 0.278659 13.14146 0.278659 12.78256 0.302661 12.78256 0.278659 12.78256 0.302661 12.42365 0.302661 12.42365 0.302661 12.78256 0.302661 12.58213 0.30996 12.42365 0.302661 12.58213 0.30996 12.07429 0.301881 15.68706 0.309995 15.17263 0.326706 15.2949 0.302661 15.2949 0.302661 15.17263 0.326706 14.93599 0.302661 15.2949 0.302661 14.93599 0.302661 15.2949 0.278659 15.2949 0.278659 14.93599 0.302661 14.93599 0.278659 15.2949 0.278659 14.93599 0.278659 15.2949 0.254656 15.2949 0.254656 14.93599 0.278659 14.93599 0.254656 15.2949 0.254656 14.93599 0.254656 15.2949 0.242655 15.2949 0.242655 14.93599 0.254656 14.93599 0.242655 15.2949 0.242655 14.93599 0.242655 15.2949 0.230653 15.2949 0.230653 14.93599 0.242655 14.93599 0.230653 15.2949 0.230653 14.93599 0.230653 15.2949 0.20665 15.2949 0.20665 14.93599 0.230653 14.93599 0.20665 14.93599 0.302661 15.17263 0.326706 14.93599 0.326706 14.93599 0.326706 15.17263 0.326706 14.6599 0.351448 14.93599 0.326706 14.6599 0.351448 14.57709 0.326707 14.57709 0.326707 14.6599 0.351448 14.57709 0.341451 14.57709 0.326707 14.57709 0.341451 14.21818 0.326707 14.21818 0.326707 14.57709 0.341451 14.21818 0.341451 14.21818 0.326707 14.21818 0.341451 13.85928 0.341451 13.85928 0.341451 14.21818 0.341451 14.13536 0.371021 13.85928 0.341451 14.13536 0.371021 13.61081 0.351447 14.6599 0.351448 14.13536 0.371021 14.57709 0.341451 14.57709 0.341451 14.13536 0.371021 14.21818 0.341451 13.85928 0.341451 13.61081 0.351447 13.50037 0.341451 13.50037 0.341451 13.61081 0.351447 13.09808 0.326707 13.50037 0.341451 13.09808 0.326707 13.14146 0.326707 13.14146 0.326707 13.09808 0.326707 13.14146 0.302661 13.14146 0.326707 13.14146 0.302661 13.50037 0.326707 13.50037 0.326707 13.14146 0.302661 13.50037 0.302661 13.50037 0.326707 13.50037 0.302661 13.85928 0.326707 13.85928 0.326707 13.50037 0.302661 13.85928 0.302661 13.85928 0.326707 13.85928 0.302661 14.21818 0.326707 14.21818 0.326707 13.85928 0.302661 14.21818 0.302661 14.21818 0.326707 14.21818 0.302661 14.57709 0.326707 14.57709 0.326707 14.21818 0.302661 14.57709 0.302661 14.57709 0.326707 14.57709 0.302661 14.93599 0.326706 14.93599 0.326706 14.57709 0.302661 14.93599 0.302661 13.14146 0.302661 13.09808 0.326707 12.78256 0.302661 12.78256 0.302661 13.09808 0.326707 12.58213 0.30996 11.5779 0.298772 11.70584 0.278659 12.07429 0.301881 12.07429 0.301881 11.70584 0.278659 12.42365 0.278659 12.07429 0.301881 12.42365 0.278659 12.42365 0.302661 12.42365 0.302661 12.42365 0.278659 12.78256 0.278659 11.5779 0.298772 11.09099 0.298303 11.70584 0.278659 11.70584 0.278659 11.09099 0.298303 10.98803 0.278659 11.70584 0.278659 10.98803 0.278659 11.70584 0.254656 11.70584 0.254656 10.98803 0.278659 10.98803 0.254656 11.70584 0.254656 10.98803 0.254656 11.70584 0.242655 11.70584 0.242655 10.98803 0.254656 10.98803 0.242655 11.70584 0.242655 10.98803 0.242655 11.70584 0.230653 11.70584 0.230653 10.98803 0.242655 10.98803 0.230653 11.70584 0.230653 10.98803 0.230653 11.58417 0.216096 11.58417 0.216096 10.98803 0.230653 11.10633 0.2148849 11.10633 0.2148849 10.98803 0.230653 10.64155 0.21281 10.64155 0.21281 10.98803 0.230653 10.27022 0.230653 10.64155 0.21281 10.27022 0.230653 10.18376 0.210272 10.18376 0.210272 10.27022 0.230653 9.55241 0.230653 10.18376 0.210272 9.55241 0.230653 9.727499 0.207424 9.727499 0.207424 9.55241 0.230653 9.55241 0.20665 9.727499 0.207424 9.55241 0.20665 9.273429 0.204414 9.273429 0.204414 9.55241 0.20665 9.55241 0.230653 9.273429 0.204414 9.55241 0.230653 8.834598 0.230653 8.834598 0.230653 9.55241 0.230653 8.834598 0.242655 8.834598 0.230653 8.834598 0.242655 8.373363 0.242655 8.373363 0.242655 8.834598 0.242655 8.373363 0.254656 8.373363 0.242655 8.373363 0.254656 7.912128 0.254656 7.912128 0.254656 8.373363 0.254656 7.912128 0.278659 7.912128 0.254656 7.912128 0.278659 7.450894 0.278659 7.450894 0.278659 7.912128 0.278659 7.450894 0.302661 7.450894 0.278659 7.450894 0.302661 7.064683 0.301308 7.064683 0.301308 7.450894 0.302661 7.102068 0.308172 7.102068 0.308172 7.450894 0.302661 7.153075 0.31347 7.153075 0.31347 7.450894 0.302661 7.229102 0.316847 7.229102 0.316847 7.450894 0.302661 7.326411 0.318294 7.326411 0.318294 7.450894 0.302661 7.551217 0.318096 7.551217 0.318096 7.450894 0.302661 7.866674 0.315999 7.866674 0.315999 7.450894 0.302661 7.912128 0.302661 7.866674 0.315999 7.912128 0.302661 8.280951 0.312815 8.280951 0.312815 7.912128 0.302661 8.373363 0.302661 8.280951 0.312815 8.373363 0.302661 8.743346 0.309467 8.743346 0.309467 8.373363 0.302661 8.834598 0.302661 8.743346 0.309467 8.834598 0.302661 9.206665 0.306383 9.206665 0.306383 8.834598 0.302661 8.834598 0.278659 9.206665 0.306383 8.834598 0.278659 9.55241 0.278659 9.55241 0.278659 8.834598 0.278659 9.55241 0.254656 9.55241 0.278659 9.55241 0.254656 10.27022 0.254656 10.27022 0.254656 9.55241 0.254656 10.27022 0.242655 10.27022 0.254656 10.27022 0.242655 10.98803 0.242655 10.98803 0.242655 10.27022 0.242655 10.98803 0.230653 11.09099 0.298303 10.61219 0.299312 10.98803 0.278659 10.98803 0.278659 10.61219 0.299312 10.27022 0.278659 10.98803 0.278659 10.27022 0.278659 10.98803 0.254656 10.98803 0.254656 10.27022 0.278659 10.27022 0.254656 10.98803 0.254656 10.27022 0.254656 10.98803 0.242655 10.61219 0.299312 10.13979 0.301185 10.27022 0.278659 10.27022 0.278659 10.13979 0.301185 9.55241 0.278659 10.27022 0.278659 9.55241 0.278659 10.27022 0.254656 10.13979 0.301185 9.671803 0.303595 9.55241 0.278659 9.55241 0.278659 9.671803 0.303595 9.55241 0.302661 9.55241 0.278659 9.55241 0.302661 9.206665 0.306383 9.206665 0.306383 9.55241 0.302661 9.671803 0.303595 7.064683 0.301308 6.98966 0.283891 7.450894 0.278659 7.450894 0.278659 6.98966 0.283891 6.992383 0.264215 7.450894 0.278659 6.992383 0.264215 7.450894 0.254656 7.450894 0.254656 6.992383 0.264215 6.995215 0.24443 7.450894 0.254656 6.995215 0.24443 7.450894 0.242655 7.450894 0.242655 6.995215 0.24443 6.997086 0.22465 7.450894 0.242655 6.997086 0.22465 7.450894 0.230653 7.450894 0.230653 6.997086 0.22465 7.039061 0.216008 7.450894 0.230653 7.039061 0.216008 7.450894 0.20665 7.450894 0.20665 7.039061 0.216008 7.117842 0.202897 7.450894 0.20665 7.117842 0.202897 7.180557 0.197926 7.180557 0.197926 7.265961 0.1948609 7.450894 0.20665 7.450894 0.20665 7.265961 0.1948609 7.473802 0.1930029 7.450894 0.20665 7.473802 0.1930029 7.923415 0.1948519 7.450894 0.20665 7.923415 0.1948519 7.912128 0.20665 7.912128 0.20665 7.923415 0.1948519 8.376084 0.198071 7.912128 0.20665 8.376084 0.198071 8.373363 0.20665 8.373363 0.20665 8.376084 0.198071 8.824526 0.201266 8.373363 0.20665 8.824526 0.201266 8.834598 0.20665 8.834598 0.20665 8.824526 0.201266 9.273429 0.204414 8.834598 0.20665 9.273429 0.204414 8.834598 0.230653 11.58417 0.216096 12.07054 0.2155809 11.70584 0.230653 11.70584 0.230653 12.07054 0.2155809 12.42365 0.230653 11.70584 0.230653 12.42365 0.230653 11.70584 0.242655 11.70584 0.242655 12.42365 0.230653 12.42365 0.242655 11.70584 0.242655 12.42365 0.242655 11.70584 0.254656 11.70584 0.254656 12.42365 0.242655 12.42365 0.254656 11.70584 0.254656 12.42365 0.254656 11.70584 0.278659 11.70584 0.278659 12.42365 0.254656 12.42365 0.278659 12.07054 0.2155809 12.56533 0.2113119 12.42365 0.230653 12.42365 0.230653 12.56533 0.2113119 12.78256 0.230653 12.42365 0.230653 12.78256 0.230653 12.42365 0.242655 12.42365 0.242655 12.78256 0.230653 12.78256 0.242655 12.42365 0.242655 12.78256 0.242655 12.42365 0.254656 12.42365 0.254656 12.78256 0.242655 12.78256 0.254656 12.42365 0.254656 12.78256 0.254656 12.42365 0.278659 12.42365 0.278659 12.78256 0.254656 12.78256 0.278659 12.78256 0.230653 12.56533 0.2113119 12.78256 0.20665 12.78256 0.20665 12.56533 0.2113119 13.07483 0.198958 12.78256 0.20665 13.07483 0.198958 13.14146 0.20665 13.14146 0.20665 13.07483 0.198958 13.50037 0.182648 13.14146 0.20665 13.50037 0.182648 13.50037 0.20665 13.50037 0.20665 13.50037 0.182648 13.85928 0.182648 13.50037 0.20665 13.85928 0.182648 13.85928 0.20665 13.85928 0.20665 13.85928 0.182648 14.21818 0.182648 13.85928 0.20665 14.21818 0.182648 14.21818 0.20665 14.21818 0.20665 14.21818 0.182648 14.57709 0.182648 13.07483 0.198958 13.59455 0.176593 13.50037 0.182648 13.50037 0.182648 13.59455 0.176593 13.85928 0.182648 13.85928 0.182648 13.59455 0.176593 13.85928 0.174198 13.85928 0.174198 13.59455 0.176593 14.13536 0.158758 13.85928 0.174198 14.13536 0.158758 14.21818 0.165748 14.21818 0.165748 14.13536 0.158758 14.57709 0.174198 14.21818 0.165748 14.57709 0.174198 14.21818 0.174198 14.21818 0.174198 14.57709 0.174198 14.21818 0.182648 14.21818 0.174198 14.21818 0.182648 13.85928 0.182648 14.13536 0.158758 14.64672 0.175161 14.57709 0.174198 14.57709 0.174198 14.64672 0.175161 14.57709 0.182648 14.57709 0.174198 14.57709 0.182648 14.21818 0.182648 14.64672 0.175161 15.16617 0.197884 14.57709 0.182648 15.6538 0.230653 15.67478 0.210853 16.01271 0.230653 16.01271 0.230653 15.67478 0.210853 16.16969 0.215453 16.01271 0.230653 16.16969 0.215453 16.73052 0.230653 16.73052 0.230653 16.16969 0.215453 16.65772 0.216128 16.73052 0.230653 16.65772 0.216128 17.13872 0.214978 16.73052 0.230653 17.13872 0.214978 17.44833 0.230653 17.44833 0.230653 17.13872 0.214978 17.61106 0.212891 17.44833 0.230653 17.61106 0.212891 18.16614 0.230653 18.16614 0.230653 17.61106 0.212891 18.07633 0.210335 18.16614 0.230653 18.07633 0.210335 18.53493 0.207491 20.35197 0.194822 20.80249 0.193008 20.80032 0.20665 20.80032 0.20665 20.80249 0.193008 21.00915 0.194963 20.80032 0.20665 21.00915 0.194963 21.09326 0.198097 21.09326 0.198097 21.12674 0.200381 20.80032 0.20665 20.80032 0.20665 21.12674 0.200381 21.19766 0.209345 20.80032 0.20665 21.19766 0.209345 20.80032 0.230653 18.88395 0.20665 19.60177 0.20665 18.88395 0.230653 18.88395 0.230653 19.60177 0.20665 19.60177 0.230653 18.88395 0.230653 19.60177 0.230653 18.88395 0.242655 18.88395 0.242655 19.60177 0.230653 19.60177 0.242655 18.88395 0.242655 19.60177 0.242655 18.88395 0.254656 18.88395 0.254656 19.60177 0.242655 19.60177 0.254656 18.88395 0.254656 19.60177 0.254656 18.88395 0.278659 18.88395 0.278659 19.60177 0.254656 19.60177 0.278659 18.16614 0.242655 18.88395 0.230653 18.88395 0.242655 18.16614 0.230653 17.44833 0.242655 17.44833 0.230653 17.44833 0.230653 17.44833 0.242655 16.73052 0.242655 17.44833 0.230653 16.73052 0.242655 16.73052 0.230653 16.73052 0.230653 16.73052 0.242655 16.01271 0.242655 16.73052 0.230653 16.01271 0.242655 16.01271 0.230653 16.01271 0.230653 16.01271 0.242655 15.6538 0.242655 16.01271 0.230653 15.6538 0.242655 15.6538 0.230653 14.57709 0.20665 14.93599 0.20665 14.57709 0.230653 14.57709 0.230653 14.93599 0.20665 14.93599 0.230653 14.57709 0.230653 14.93599 0.230653 14.57709 0.242655 14.57709 0.242655 14.93599 0.230653 14.93599 0.242655 14.57709 0.242655 14.93599 0.242655 14.57709 0.254656 14.57709 0.254656 14.93599 0.242655 14.93599 0.254656 14.57709 0.254656 14.93599 0.254656 14.57709 0.278659 14.57709 0.278659 14.93599 0.254656 14.93599 0.278659 14.57709 0.278659 14.93599 0.278659 14.57709 0.302661 14.57709 0.302661 14.93599 0.278659 14.93599 0.302661 14.57709 0.20665 14.57709 0.230653 14.21818 0.230653 14.21818 0.230653 14.57709 0.230653 14.21818 0.242655 14.21818 0.230653 14.21818 0.242655 13.85928 0.242655 13.85928 0.242655 14.21818 0.242655 13.85928 0.254656 13.85928 0.242655 13.85928 0.254656 13.50037 0.254656 13.50037 0.254656 13.85928 0.254656 13.50037 0.278659 13.50037 0.254656 13.50037 0.278659 13.14146 0.278659 13.14146 0.278659 13.50037 0.278659 13.14146 0.302661 13.14146 0.278659 13.14146 0.302661 12.78256 0.302661 14.21818 0.242655 14.57709 0.230653 14.57709 0.242655 13.85928 0.20665 14.21818 0.20665 13.85928 0.230653 13.50037 0.20665 13.85928 0.20665 13.50037 0.230653 13.50037 0.230653 13.85928 0.20665 13.85928 0.230653 13.50037 0.230653 13.85928 0.230653 13.50037 0.242655 13.14146 0.20665 13.50037 0.20665 13.14146 0.230653 13.14146 0.230653 13.50037 0.20665 13.50037 0.230653 13.14146 0.230653 13.50037 0.230653 13.14146 0.242655 13.14146 0.242655 13.50037 0.230653 13.50037 0.242655 13.14146 0.242655 13.50037 0.242655 13.14146 0.254656 12.78256 0.20665 13.14146 0.20665 12.78256 0.230653 12.78256 0.230653 13.14146 0.20665 13.14146 0.230653 12.78256 0.230653 13.14146 0.230653 12.78256 0.242655 12.78256 0.242655 13.14146 0.230653 13.14146 0.242655 12.78256 0.242655 13.14146 0.242655 12.78256 0.254656 12.78256 0.254656 13.14146 0.242655 13.14146 0.254656 12.78256 0.254656 13.14146 0.254656 12.78256 0.278659 10.98803 0.230653 10.27022 0.242655 10.27022 0.230653 10.27022 0.230653 10.27022 0.242655 9.55241 0.242655 10.27022 0.230653 9.55241 0.242655 9.55241 0.230653 9.55241 0.230653 9.55241 0.242655 8.834598 0.242655 8.373363 0.20665 8.834598 0.20665 8.373363 0.230653 8.373363 0.230653 8.834598 0.20665 8.834598 0.230653 8.373363 0.230653 8.834598 0.230653 8.373363 0.242655 7.912128 0.20665 8.373363 0.20665 7.912128 0.230653 7.912128 0.230653 8.373363 0.20665 8.373363 0.230653 7.912128 0.230653 8.373363 0.230653 7.912128 0.242655 7.912128 0.242655 8.373363 0.230653 8.373363 0.242655 7.912128 0.242655 8.373363 0.242655 7.912128 0.254656 7.450894 0.20665 7.912128 0.20665 7.450894 0.230653 7.450894 0.230653 7.912128 0.20665 7.912128 0.230653 7.450894 0.230653 7.912128 0.230653 7.450894 0.242655 7.450894 0.242655 7.912128 0.230653 7.912128 0.242655 7.450894 0.242655 7.912128 0.242655 7.450894 0.254656 7.450894 0.254656 7.912128 0.242655 7.912128 0.254656 7.450894 0.254656 7.912128 0.254656 7.450894 0.278659 18.16614 0.242655 18.88395 0.242655 18.16614 0.254656 18.16614 0.254656 18.88395 0.242655 18.88395 0.254656 18.16614 0.254656 18.88395 0.254656 18.16614 0.278659 18.16614 0.278659 18.88395 0.254656 18.88395 0.278659 17.44833 0.242655 16.73052 0.254656 16.73052 0.242655 16.73052 0.242655 16.73052 0.254656 16.01271 0.254656 16.73052 0.242655 16.01271 0.254656 16.01271 0.242655 16.01271 0.242655 16.01271 0.254656 15.6538 0.254656 16.01271 0.242655 15.6538 0.254656 15.6538 0.242655 14.21818 0.242655 14.57709 0.242655 14.21818 0.254656 14.21818 0.254656 14.57709 0.242655 14.57709 0.254656 14.21818 0.254656 14.57709 0.254656 14.21818 0.278659 14.21818 0.278659 14.57709 0.254656 14.57709 0.278659 14.21818 0.278659 14.57709 0.278659 14.21818 0.302661 14.21818 0.302661 14.57709 0.278659 14.57709 0.302661 10.27022 0.242655 9.55241 0.254656 9.55241 0.242655 9.55241 0.242655 9.55241 0.254656 8.834598 0.254656 9.55241 0.242655 8.834598 0.254656 8.834598 0.242655 8.834598 0.242655 8.834598 0.254656 8.373363 0.254656 18.16614 0.242655 18.16614 0.254656 17.44833 0.254656 17.44833 0.254656 18.16614 0.254656 17.44833 0.278659 17.44833 0.254656 17.44833 0.278659 16.73052 0.278659 17.44833 0.278659 18.16614 0.254656 18.16614 0.278659 15.6538 0.278659 15.6538 0.254656 16.01271 0.254656 15.6538 0.278659 16.01271 0.254656 16.01271 0.278659 16.01271 0.278659 16.01271 0.254656 16.73052 0.254656 14.21818 0.242655 14.21818 0.254656 13.85928 0.254656 13.85928 0.254656 14.21818 0.254656 13.85928 0.278659 13.85928 0.254656 13.85928 0.278659 13.50037 0.278659 13.50037 0.278659 13.85928 0.278659 13.50037 0.302661 13.50037 0.278659 13.50037 0.302661 13.14146 0.302661 13.85928 0.278659 14.21818 0.254656 14.21818 0.278659 9.55241 0.254656 8.834598 0.278659 8.834598 0.254656 8.834598 0.254656 8.834598 0.278659 8.373363 0.278659 8.834598 0.254656 8.373363 0.278659 8.373363 0.254656 8.373363 0.254656 8.373363 0.278659 7.912128 0.278659 15.6538 0.302661 15.6538 0.278659 16.01271 0.278659 16.01271 0.302661 15.6538 0.302661 16.01271 0.278659 14.21818 0.302661 13.85928 0.302661 14.21818 0.278659 14.21818 0.278659 13.85928 0.302661 13.85928 0.278659 13.85928 0.302661 13.50037 0.302661 13.85928 0.278659 8.834598 0.302661 8.373363 0.302661 8.834598 0.278659 8.834598 0.278659 8.373363 0.302661 8.373363 0.278659 8.373363 0.302661 7.912128 0.302661 8.373363 0.278659 8.373363 0.278659 7.912128 0.302661 7.912128 0.278659 7.912128 0.302661 7.450894 0.302661 7.912128 0.278659 14.21818 0.326707 13.85928 0.341451 13.85928 0.326707 13.85928 0.326707 13.85928 0.341451 13.50037 0.341451 13.85928 0.326707 13.50037 0.341451 13.50037 0.326707 13.50037 0.326707 13.50037 0.341451 13.14146 0.326707 14.21818 0.165748 14.21818 0.174198 13.85928 0.174198 13.85928 0.174198 14.21818 0.174198 13.85928 0.182648 0.701708 -0.343768 0.421365 -0.165244 0 -0.343355 0 -0.343355 0.421365 -0.165244 0.184078 0.06538796 0 -0.343355 0.184078 0.06538796 0 0.339261 0.70678 -0.343352 0.00594896 -0.34196 0.004214942 -0.343352 0.004214942 -0.343352 0.00594896 -0.34196 0.004750967 -0.342656 0.004214942 -0.343352 0.004750967 -0.342656 0.004401981 -0.343009 0.70678 0.339251 0.573988 0.130486 0.70678 -0.343352 0.70678 -0.343352 0.573988 0.130486 0.410209 -0.05538398 0.70678 -0.343352 0.410209 -0.05538398 0.2195079 -0.214228 0.2195079 -0.214228 0.00594896 -0.34196 0.70678 -0.343352 0.004401981 -0.343009 0.004287958 -0.343182 0.004214942 -0.343352 -4.348658 5.328191 -4.429152 4.569848 -4.234674 5.229847 -4.234674 5.229847 -4.429152 4.569848 -4.40857 4.553856 -4.234674 5.229847 -4.40857 4.553856 -4.3 4.48316 -4.3 4.48316 -4.40857 4.553856 -4.392792 4.53311 -4.3 4.48316 -4.392792 4.53311 -4.38288 4.509004 -4.38288 4.509004 -4.3795 4.48316 -4.3 4.48316 -4.3 4.48316 -4.3795 4.48316 -4.38288 4.457316 -4.3 4.48316 -4.38288 4.457316 -4.392792 4.43321 -4.392792 4.43321 -4.40857 4.412464 -4.3 4.48316 -4.3 4.48316 -4.40857 4.412464 -4.234674 3.736473 -4.234674 3.736473 -4.40857 4.412464 -4.429152 4.396472 -4.234674 3.736473 -4.429152 4.396472 -4.348658 3.638129 -4.234674 3.736473 -4.348658 3.638129 -4.040679 3.012473 -4.040679 3.012473 -4.348658 3.638129 -4.139295 2.904827 -4.040679 3.012473 -4.139295 2.904827 -3.723909 2.33316 -3.723909 2.33316 -4.139295 2.904827 -3.807269 2.218298 -3.723909 2.33316 -3.807269 2.218298 -3.293991 1.719173 -3.293991 1.719173 -3.807269 2.218298 -3.362418 1.598885 -3.293991 1.719173 -3.362418 1.598885 -2.763987 1.189169 -2.763987 1.189169 -3.362418 1.598885 -2.817926 1.064945 -2.763987 1.189169 -2.817926 1.064945 -2.15 0.759251 -2.15 0.759251 -2.817926 1.064945 -2.189927 0.6323 -2.15 0.759251 -2.189927 0.6323 -1.470687 0.442482 -1.470687 0.442482 -2.189927 0.6323 -1.497032 0.313772 -1.470687 0.442482 -1.497032 0.313772 -0.746687 0.2484869 -0.746687 0.2484869 -1.497032 0.313772 -0.759773 0.118799 -0.746687 0.2484869 -0.759773 0.118799 0 0.18316 0 0.18316 -0.759773 0.118799 0 0.05315995 0 0.18316 0 0.05315995 0.759773 0.118799 0 0.18316 0.759773 0.118799 0.746687 0.2484869 0.746687 0.2484869 0.759773 0.118799 1.497032 0.313772 0.746687 0.2484869 1.497032 0.313772 1.470687 0.442482 1.470687 0.442482 1.497032 0.313772 2.189927 0.6323 1.470687 0.442482 2.189927 0.6323 2.15 0.759251 2.15 0.759251 2.189927 0.6323 2.817926 1.064945 2.15 0.759251 2.817926 1.064945 2.763987 1.189169 2.763987 1.189169 2.817926 1.064945 3.362418 1.598885 2.763987 1.189169 3.362418 1.598885 3.293991 1.719173 3.293991 1.719173 3.362418 1.598885 3.807269 2.218298 3.293991 1.719173 3.807269 2.218298 3.723909 2.33316 3.723909 2.33316 3.807269 2.218298 4.139295 2.904827 3.723909 2.33316 4.139295 2.904827 4.040679 3.012473 4.040679 3.012473 4.139295 2.904827 4.348658 3.638129 4.040679 3.012473 4.348658 3.638129 4.234674 3.736473 4.234674 3.736473 4.348658 3.638129 4.429152 4.396472 4.234674 3.736473 4.429152 4.396472 4.405993 4.415166 4.234674 3.736473 4.405993 4.415166 4.3 4.48316 4.3 4.48316 4.405993 4.415166 4.389324 4.439822 4.3 4.48316 4.389324 4.439822 4.380608 4.468279 4.380608 4.468279 4.380608 4.498041 4.3 4.48316 4.3 4.48316 4.380608 4.498041 4.389324 4.526498 4.3 4.48316 4.389324 4.526498 4.405993 4.551154 4.3 4.48316 4.405993 4.551154 4.234674 5.229847 4.234674 5.229847 4.405993 4.551154 4.429152 4.569848 4.234674 5.229847 4.429152 4.569848 4.348658 5.328191 4.234674 5.229847 4.348658 5.328191 4.040679 5.953846 4.040679 5.953846 4.348658 5.328191 4.139295 6.061493 4.040679 5.953846 4.139295 6.061493 3.723909 6.63316 3.723909 6.63316 4.139295 6.061493 3.807269 6.748022 3.723909 6.63316 3.807269 6.748022 3.293991 7.247147 3.293991 7.247147 3.807269 6.748022 3.362418 7.367435 3.293991 7.247147 3.362418 7.367435 2.763987 7.777151 2.763987 7.777151 3.362418 7.367435 2.817926 7.901375 2.763987 7.777151 2.817926 7.901375 2.15 8.20707 2.15 8.20707 2.817926 7.901375 2.189927 8.33402 2.15 8.20707 2.189927 8.33402 1.470687 8.523838 1.470687 8.523838 2.189927 8.33402 1.497032 8.652548 1.470687 8.523838 1.497032 8.652548 0.746687 8.717834 0.746687 8.717834 1.497032 8.652548 0.759773 8.847521 0.746687 8.717834 0.759773 8.847521 0 8.783161 0 8.783161 0.759773 8.847521 0 8.913161 0 8.783161 0 8.913161 -0.759773 8.847521 0 8.783161 -0.759773 8.847521 -0.746687 8.717834 -0.746687 8.717834 -0.759773 8.847521 -1.497032 8.652548 -0.746687 8.717834 -1.497032 8.652548 -1.470687 8.523838 -1.470687 8.523838 -1.497032 8.652548 -2.189927 8.33402 -1.470687 8.523838 -2.189927 8.33402 -2.15 8.20707 -2.15 8.20707 -2.189927 8.33402 -2.817926 7.901375 -2.15 8.20707 -2.817926 7.901375 -2.763987 7.777151 -2.763987 7.777151 -2.817926 7.901375 -3.362418 7.367435 -2.763987 7.777151 -3.362418 7.367435 -3.293991 7.247147 -3.293991 7.247147 -3.362418 7.367435 -3.807269 6.748022 -3.293991 7.247147 -3.807269 6.748022 -3.723909 6.63316 -3.723909 6.63316 -3.807269 6.748022 -4.139295 6.061493 -3.723909 6.63316 -4.139295 6.061493 -4.040679 5.953846 -4.040679 5.953846 -4.139295 6.061493 -4.348658 5.328191 -4.040679 5.953846 -4.348658 5.328191 -4.234674 5.229847 0.168873 -0.31573 0.2 -0.284188 -0.2 -0.31573 -0.2 -0.31573 0.2 -0.284188 -0.2 -0.284157 -0.2 -0.284157 0.2 -0.284188 0.2 -0.252607 -0.2 -0.284157 0.2 -0.252607 -0.2 -0.252584 -0.2 -0.252584 0.2 -0.252607 0.2 -0.221026 -0.2 -0.252584 0.2 -0.221026 -0.2 -0.221011 -0.2 -0.221011 0.2 -0.221026 0.2 -0.189446 -0.2 -0.221011 0.2 -0.189446 -0.2 -0.189438 -0.2 -0.189438 0.2 -0.189446 0.2 -0.157865 -0.2 -0.189438 0.2 -0.157865 -0.2 -0.157865 -0.2 -0.157865 0.2 -0.157865 -0.2 -0.126292 -0.2 -0.126292 0.2 -0.157865 0.2 -0.126284 -0.2 -0.126292 0.2 -0.126284 -0.2 -0.09471899 -0.2 -0.09471899 0.2 -0.126284 0.2 -0.09470397 -0.2 -0.09471899 0.2 -0.09470397 -0.2 -0.06314599 -0.2 -0.06314599 0.2 -0.09470397 0.2 -0.06312298 -0.2 -0.06314599 0.2 -0.06312298 -0.2 -0.03157299 -0.2 -0.03157299 0.2 -0.06312298 0.2 -0.031542 -0.2 -0.03157299 0.2 -0.031542 -0.2 0 -0.2 0 0.2 -0.031542 0.168873 0 0.185543 0.01887798 -0.164457 0.01887798 0.185543 0 0.185543 0 -0.164457 0.01887798 -0.1833299 0 0.1833299 0 0.164457 0.01887798 -0.185543 0 -0.185543 0 0.164457 0.01887798 -0.185543 0.01887798 -0.1005 0.120101 -0.1005 0.101223 -0.03350198 0.121098 -0.03350198 0.121098 -0.1005 0.101223 -0.09558099 0.070167 -0.03350198 0.121098 -0.09558099 0.070167 -0.08130598 0.04215097 -0.08130598 0.04215097 -0.05907195 0.01991695 -0.03350198 0.121098 -0.03350198 0.121098 -0.05907195 0.01991695 -0.03105598 0.005641996 -0.03350198 0.121098 -0.03105598 0.005641996 0 7.23e-4 -0.03350198 0.121098 0 7.23e-4 0.03350198 0.121098 0.03350198 0.121098 0 7.23e-4 0.03105598 0.005641996 0.03350198 0.121098 0.03105598 0.005641996 0.05907195 0.01991695 0.05907195 0.01991695 0.08130598 0.04215097 0.03350198 0.121098 0.03350198 0.121098 0.08130598 0.04215097 0.09558099 0.070167 0.03350198 0.121098 0.09558099 0.070167 0.1005 0.101223 0.1005 0.101223 0.1005 0.120101 0.03350198 0.121098 0.2 -0.094742 -0.2 -0.126292 0.2 -0.126323 0.2 -0.126323 -0.2 -0.126292 -0.2 -0.157865 0.2 -0.126323 -0.2 -0.157865 0.168873 -0.157865 -0.2 -0.126292 0.2 -0.094742 -0.2 -0.09471899 -0.2 -0.09471899 0.2 -0.094742 0.2 -0.06316095 -0.2 -0.09471899 0.2 -0.06316095 -0.2 -0.06314599 -0.2 -0.06314599 0.2 -0.06316095 0.2 -0.03158098 -0.2 -0.06314599 0.2 -0.03158098 -0.2 -0.03157299 -0.2 -0.03157299 0.2 -0.03158098 0.2 0 -0.2 -0.03157299 0.2 0 -0.2 0 0.009438991 0 0.009438991 0.35 -0.009438991 0 -0.009438991 0 0.009438991 0.35 -0.009438991 0.368873 0.009438991 0.368873 -0.009438991 0.35 0.009438991 0 0.009438991 0 -0.009438991 0.35 -0.009438991 0 -0.120101 -0.1005 -0.101223 -0.1005 -0.120724 -0.06700295 -0.120724 -0.06700295 -0.101223 -0.1005 -0.070167 -0.09558099 -0.120724 -0.06700295 -0.070167 -0.09558099 -0.121098 -0.03350198 -0.121098 -0.03350198 -0.070167 -0.09558099 -0.04215097 -0.08130598 -0.121098 -0.03350198 -0.04215097 -0.08130598 -0.01991695 -0.05907195 -0.01991695 -0.05907195 -0.005641996 -0.03105598 -0.121098 -0.03350198 -0.121098 -0.03350198 -0.005641996 -0.03105598 -0.121223 0 -0.121223 0 -0.005641996 -0.03105598 -7.23e-4 0 -0.121223 0 -7.23e-4 0 -0.005641996 0.03105598 -0.121223 0 -0.005641996 0.03105598 -0.121098 0.03350198 -0.121098 0.03350198 -0.005641996 0.03105598 -0.01991695 0.05907195 -0.121098 0.03350198 -0.01991695 0.05907195 -0.04215097 0.08130598 -0.04215097 0.08130598 -0.070167 0.09558099 -0.121098 0.03350198 -0.121098 0.03350198 -0.070167 0.09558099 -0.120724 0.06700295 -0.120724 0.06700295 -0.070167 0.09558099 -0.101223 0.1005 -0.120724 0.06700295 -0.101223 0.1005 -0.120101 0.1005 0 -0.05773496 0.104 -0.05773496 0 0.05773496 0 0.05773496 0.104 -0.05773496 0.104 0.05773496 0 -0.05773496 0.104 -0.05773496 0 0.05773496 0 0.05773496 0.104 -0.05773496 0.104 0.05773496 0 -0.05773496 0.104 -0.05773496 0 0.05773496 0 0.05773496 0.104 -0.05773496 0.104 0.05773496 0 0.05773496 -0.104 0.05773496 0 -0.05773496 0 -0.05773496 -0.104 0.05773496 -0.104 -0.05773496 0 0.05773496 -0.104 0.05773496 0 -0.05773496 0 -0.05773496 -0.104 0.05773496 -0.104 -0.05773496 0 0.05773496 -0.104 0.05773496 0 -0.05773496 0 -0.05773496 -0.104 0.05773496 -0.104 -0.05773496 0.323904 0.05098795 0.26698 0.05773496 0.33198 0 0.33198 0 0.26698 0.05773496 0.26698 -0.05773496 0.33198 0 0.26698 -0.05773496 0.323904 -0.05098795 0.323904 -0.05098795 0.26698 -0.05773496 0.300468 -0.09698498 0.300468 -0.09698498 0.26698 -0.05773496 0.263965 -0.1334879 0.263965 -0.1334879 0.26698 -0.05773496 0.16698 -0.11547 0.263965 -0.1334879 0.16698 -0.11547 0.217968 -0.156924 0.217968 -0.156924 0.16698 -0.11547 0.16698 -0.165 0.16698 -0.165 0.16698 -0.11547 0.115992 -0.156924 0.115992 -0.156924 0.16698 -0.11547 0.06999498 -0.1334879 0.06999498 -0.1334879 0.16698 -0.11547 0.06698 -0.05773496 0.06999498 -0.1334879 0.06698 -0.05773496 0.03349196 -0.09698498 0.03349196 -0.09698498 0.06698 -0.05773496 0.01005595 -0.05098795 0.01005595 -0.05098795 0.06698 -0.05773496 0.001979947 0 0.001979947 0 0.06698 -0.05773496 0.06698 0.05773496 0.001979947 0 0.06698 0.05773496 0.01005595 0.05098795 0.01005595 0.05098795 0.06698 0.05773496 0.03349196 0.09698498 0.03349196 0.09698498 0.06698 0.05773496 0.06999498 0.1334879 0.06999498 0.1334879 0.06698 0.05773496 0.16698 0.11547 0.06999498 0.1334879 0.16698 0.11547 0.115992 0.156924 0.115992 0.156924 0.16698 0.11547 0.16698 0.165 0.16698 0.165 0.16698 0.11547 0.217968 0.156924 0.217968 0.156924 0.16698 0.11547 0.263965 0.1334879 0.263965 0.1334879 0.16698 0.11547 0.26698 0.05773496 0.263965 0.1334879 0.26698 0.05773496 0.300468 0.09698498 0.300468 0.09698498 0.26698 0.05773496 0.323904 0.05098795 0.290469 0.677589 0.290469 0.752877 0.279279 0.677589 0.279279 0.677589 0.290469 0.752877 0.221042 0.752877 0.279279 0.677589 0.221042 0.752877 0.186186 0.677589 0.186186 0.677589 0.221042 0.752877 0.151614 0.752877 0.186186 0.677589 0.151614 0.752877 0.09309297 0.677589 0.09309297 0.677589 0.151614 0.752877 0.08218598 0.752877 0.09309297 0.677589 0.08218598 0.752877 0.08218598 0.677589 0.09309297 0.677589 0.08218598 0.677589 0.09309297 0.602302 0.09309297 0.602302 0.08218598 0.677589 0.08218598 0.602302 0.09309297 0.602302 0.08218598 0.602302 0.09309297 0.527014 0.09309297 0.527014 0.08218598 0.602302 0.08218598 0.527014 0.09309297 0.527014 0.08218598 0.527014 0.09309297 0.451726 0.09309297 0.451726 0.08218598 0.527014 0.08218598 0.451726 0.09309297 0.451726 0.08218598 0.451726 0.09309297 0.376438 0.09309297 0.376438 0.08218598 0.451726 0.08218598 0.376438 0.09309297 0.376438 0.08218598 0.376438 0.09309297 0.301151 0.09309297 0.301151 0.08218598 0.376438 0.08218598 0.301151 0.09309297 0.301151 0.08218598 0.301151 0.09309297 0.225863 0.09309297 0.225863 0.08218598 0.301151 0.08218598 0.225863 0.09309297 0.225863 0.08218598 0.225863 0.09309297 0.150575 0.09309297 0.150575 0.08218598 0.225863 0.08218598 0.150575 0.09309297 0.150575 0.08218598 0.150575 0.09309297 0.07528799 0.09309297 0.07528799 0.08218598 0.150575 0.08218598 0.07528799 0.09309297 0.07528799 0.08218598 0.07528799 0.08218598 0 0.08218598 0 0.151614 0 0.09309297 0.07528799 0.09309297 0.07528799 0.151614 0 0.186186 0.07528799 0.09309297 0.07528799 0.186186 0.07528799 0.186186 0.150575 0.186186 0.150575 0.186186 0.07528799 0.279279 0.150575 0.186186 0.150575 0.279279 0.150575 0.279279 0.225863 0.279279 0.225863 0.279279 0.150575 0.290469 0.150575 0.279279 0.225863 0.290469 0.150575 0.290469 0.225863 0.151614 0 0.221042 0 0.186186 0.07528799 0.186186 0.07528799 0.221042 0 0.279279 0.07528799 0.186186 0.07528799 0.279279 0.07528799 0.279279 0.150575 0.279279 0.150575 0.279279 0.07528799 0.290469 0.07528799 0.279279 0.150575 0.290469 0.07528799 0.290469 0.150575 0.221042 0 0.290469 0 0.279279 0.07528799 0.279279 0.07528799 0.290469 0 0.290469 0.07528799 0.279279 0.225863 0.290469 0.225863 0.279279 0.301151 0.279279 0.301151 0.290469 0.225863 0.290469 0.301151 0.279279 0.301151 0.290469 0.301151 0.279279 0.376438 0.279279 0.376438 0.290469 0.301151 0.290469 0.376438 0.279279 0.376438 0.290469 0.376438 0.279279 0.451726 0.279279 0.451726 0.290469 0.376438 0.290469 0.451726 0.279279 0.451726 0.290469 0.451726 0.279279 0.527014 0.279279 0.527014 0.290469 0.451726 0.290469 0.527014 0.279279 0.527014 0.290469 0.527014 0.279279 0.602302 0.279279 0.602302 0.290469 0.527014 0.290469 0.602302 0.279279 0.602302 0.290469 0.602302 0.279279 0.677589 0.279279 0.677589 0.290469 0.602302 0.290469 0.677589 0.279279 0.602302 0.279279 0.677589 0.186186 0.677589 0.186186 0.677589 0.09309297 0.677589 0.186186 0.602302 0.186186 0.602302 0.09309297 0.677589 0.09309297 0.602302 0.186186 0.602302 0.09309297 0.602302 0.186186 0.527014 0.186186 0.527014 0.09309297 0.602302 0.09309297 0.527014 0.186186 0.527014 0.09309297 0.527014 0.186186 0.451726 0.186186 0.451726 0.09309297 0.527014 0.09309297 0.451726 0.186186 0.451726 0.09309297 0.451726 0.186186 0.376438 0.186186 0.376438 0.09309297 0.451726 0.09309297 0.376438 0.186186 0.376438 0.09309297 0.376438 0.09309297 0.301151 0.279279 0.527014 0.279279 0.602302 0.186186 0.602302 0.186186 0.602302 0.279279 0.602302 0.186186 0.677589 0.279279 0.527014 0.186186 0.602302 0.186186 0.527014 0.279279 0.451726 0.279279 0.527014 0.186186 0.527014 0.279279 0.451726 0.186186 0.527014 0.186186 0.451726 0.279279 0.376438 0.279279 0.451726 0.186186 0.451726 0.279279 0.376438 0.186186 0.451726 0.186186 0.376438 0.279279 0.376438 0.186186 0.376438 0.186186 0.301151 0.186186 0.301151 0.186186 0.376438 0.09309297 0.301151 0.186186 0.301151 0.09309297 0.301151 0.09309297 0.225863 0.279279 0.376438 0.186186 0.301151 0.279279 0.301151 0.279279 0.301151 0.186186 0.301151 0.186186 0.225863 0.279279 0.301151 0.186186 0.225863 0.279279 0.225863 0.279279 0.225863 0.186186 0.225863 0.186186 0.150575 0.186186 0.225863 0.186186 0.301151 0.09309297 0.225863 0.186186 0.225863 0.09309297 0.225863 0.09309297 0.150575 0.186186 0.150575 0.186186 0.225863 0.09309297 0.150575 0.09309297 0.07528799 0.186186 0.150575 0.09309297 0.150575 0 0.05773496 -0.104 0.05773496 0 -0.05773496 0 -0.05773496 -0.104 0.05773496 -0.104 -0.05773496 0 0.05773496 -0.104 0.05773496 0 -0.05773496 0 -0.05773496 -0.104 0.05773496 -0.104 -0.05773496 0 0.05773496 -0.104 0.05773496 0 -0.05773496 0 -0.05773496 -0.104 0.05773496 -0.104 -0.05773496 0 -0.05773496 0.104 -0.05773496 0 0.05773496 0 0.05773496 0.104 -0.05773496 0.104 0.05773496 0 -0.05773496 0.104 -0.05773496 0 0.05773496 0 0.05773496 0.104 -0.05773496 0.104 0.05773496 0 -0.05773496 0.104 -0.05773496 0 0.05773496 0 0.05773496 0.104 -0.05773496 0.104 0.05773496 0.151614 0 0.08218598 0 0.09309297 -0.07528799 0.09309297 -0.07528799 0.08218598 0 0.08218598 -0.07528799 0.09309297 -0.07528799 0.08218598 -0.07528799 0.09309297 -0.150575 0.09309297 -0.150575 0.08218598 -0.07528799 0.08218598 -0.150575 0.09309297 -0.150575 0.08218598 -0.150575 0.09309297 -0.225863 0.09309297 -0.225863 0.08218598 -0.150575 0.08218598 -0.225863 0.09309297 -0.225863 0.08218598 -0.225863 0.09309297 -0.301151 0.09309297 -0.301151 0.08218598 -0.225863 0.08218598 -0.301151 0.09309297 -0.301151 0.08218598 -0.301151 0.09309297 -0.376438 0.09309297 -0.376438 0.08218598 -0.301151 0.08218598 -0.376438 0.09309297 -0.376438 0.08218598 -0.376438 0.09309297 -0.451726 0.09309297 -0.451726 0.08218598 -0.376438 0.08218598 -0.451726 0.09309297 -0.451726 0.08218598 -0.451726 0.09309297 -0.527014 0.09309297 -0.527014 0.08218598 -0.451726 0.08218598 -0.527014 0.09309297 -0.527014 0.08218598 -0.527014 0.09309297 -0.602302 0.09309297 -0.602302 0.08218598 -0.527014 0.08218598 -0.602302 0.09309297 -0.602302 0.08218598 -0.602302 0.09309297 -0.677589 0.09309297 -0.677589 0.08218598 -0.602302 0.08218598 -0.677589 0.09309297 -0.677589 0.08218598 -0.677589 0.08218598 -0.752877 0.08218598 -0.752877 0.151614 -0.752877 0.09309297 -0.677589 0.09309297 -0.677589 0.151614 -0.752877 0.186186 -0.677589 0.09309297 -0.677589 0.186186 -0.677589 0.09309297 -0.602302 0.09309297 -0.602302 0.186186 -0.677589 0.186186 -0.602302 0.09309297 -0.602302 0.186186 -0.602302 0.09309297 -0.527014 0.09309297 -0.527014 0.186186 -0.602302 0.186186 -0.527014 0.09309297 -0.527014 0.186186 -0.527014 0.09309297 -0.451726 0.09309297 -0.451726 0.186186 -0.527014 0.186186 -0.451726 0.09309297 -0.451726 0.186186 -0.451726 0.09309297 -0.376438 0.09309297 -0.376438 0.186186 -0.451726 0.186186 -0.376438 0.09309297 -0.376438 0.186186 -0.376438 0.09309297 -0.301151 0.09309297 -0.301151 0.186186 -0.376438 0.186186 -0.301151 0.09309297 -0.301151 0.186186 -0.301151 0.09309297 -0.225863 0.09309297 -0.225863 0.186186 -0.301151 0.186186 -0.225863 0.09309297 -0.225863 0.186186 -0.225863 0.186186 -0.150575 0.186186 -0.150575 0.186186 -0.225863 0.279279 -0.150575 0.186186 -0.150575 0.279279 -0.150575 0.279279 -0.07528799 0.279279 -0.07528799 0.279279 -0.150575 0.290469 -0.150575 0.279279 -0.07528799 0.290469 -0.150575 0.290469 -0.07528799 0.151614 -0.752877 0.221042 -0.752877 0.186186 -0.677589 0.186186 -0.677589 0.221042 -0.752877 0.279279 -0.677589 0.186186 -0.677589 0.279279 -0.677589 0.186186 -0.602302 0.186186 -0.602302 0.279279 -0.677589 0.279279 -0.602302 0.186186 -0.602302 0.279279 -0.602302 0.186186 -0.527014 0.186186 -0.527014 0.279279 -0.602302 0.279279 -0.527014 0.186186 -0.527014 0.279279 -0.527014 0.186186 -0.451726 0.186186 -0.451726 0.279279 -0.527014 0.279279 -0.451726 0.186186 -0.451726 0.279279 -0.451726 0.186186 -0.376438 0.186186 -0.376438 0.279279 -0.451726 0.279279 -0.376438 0.186186 -0.376438 0.279279 -0.376438 0.186186 -0.301151 0.186186 -0.301151 0.279279 -0.376438 0.279279 -0.301151 0.186186 -0.301151 0.279279 -0.301151 0.186186 -0.225863 0.186186 -0.225863 0.279279 -0.301151 0.279279 -0.225863 0.186186 -0.225863 0.279279 -0.225863 0.279279 -0.150575 0.279279 -0.150575 0.279279 -0.225863 0.290469 -0.225863 0.279279 -0.150575 0.290469 -0.225863 0.290469 -0.150575 0.221042 -0.752877 0.290469 -0.752877 0.279279 -0.677589 0.279279 -0.677589 0.290469 -0.752877 0.290469 -0.677589 0.279279 -0.677589 0.290469 -0.677589 0.279279 -0.602302 0.279279 -0.602302 0.290469 -0.677589 0.290469 -0.602302 0.279279 -0.602302 0.290469 -0.602302 0.279279 -0.527014 0.279279 -0.527014 0.290469 -0.602302 0.290469 -0.527014 0.279279 -0.527014 0.290469 -0.527014 0.279279 -0.451726 0.279279 -0.451726 0.290469 -0.527014 0.290469 -0.451726 0.279279 -0.451726 0.290469 -0.451726 0.279279 -0.376438 0.279279 -0.376438 0.290469 -0.451726 0.290469 -0.376438 0.279279 -0.376438 0.290469 -0.376438 0.279279 -0.301151 0.279279 -0.301151 0.290469 -0.376438 0.290469 -0.301151 0.279279 -0.301151 0.290469 -0.301151 0.279279 -0.225863 0.279279 -0.225863 0.290469 -0.301151 0.290469 -0.225863 0.290469 -0.07528799 0.290469 0 0.279279 -0.07528799 0.279279 -0.07528799 0.290469 0 0.221042 0 0.279279 -0.07528799 0.221042 0 0.186186 -0.07528799 0.186186 -0.07528799 0.221042 0 0.151614 0 0.186186 -0.07528799 0.151614 0 0.09309297 -0.07528799 0.186186 -0.07528799 0.09309297 -0.07528799 0.09309297 -0.150575 0.186186 -0.150575 0.279279 -0.07528799 0.186186 -0.07528799 0.186186 -0.150575 0.186186 -0.07528799 0.09309297 -0.150575 0.09309297 -0.225863 0.186186 -0.150575 0.09309297 -0.150575 0.148873 0.157865 -0.2 0.157865 0.174456 0.132062 0.174456 0.132062 -0.2 0.157865 -0.2 0.126292 0.174456 0.132062 -0.2 0.126292 0.2 0.104551 0.2 0.104551 -0.2 0.126292 -0.2 0.09471899 0.2 0.104551 -0.2 0.09471899 0.2 0.078413 0.2 0.078413 -0.2 0.09471899 -0.2 0.06314599 0.2 0.078413 -0.2 0.06314599 0.2 0.05227595 0.2 0.05227595 -0.2 0.06314599 -0.2 0.03157299 0.2 0.05227595 -0.2 0.03157299 0.2 0.02613794 0.2 0.02613794 -0.2 0.03157299 -0.2 0 0.2 0.02613794 -0.2 0 0.2 0 2.33099 14.07016 2.00196 14.13717 2.33099 14.03666 2.33099 14.03666 2.00196 14.13717 1.961836 13.61259 2.33099 14.03666 1.961836 13.61259 2.68099 14.03666 2.68099 14.03666 1.961836 13.61259 2.68099 13.25684 2.68099 13.25684 1.961836 13.61259 1.869396 13.09986 2.68099 13.25684 1.869396 13.09986 2.68099 12.47703 2.68099 12.47703 1.869396 13.09986 1.731823 12.58523 2.68099 12.47703 1.731823 12.58523 1.558646 12.0789 2.33099 14.07016 2.33099 14.10366 2.00196 14.13717 2.00196 14.13717 2.33099 14.10366 2.33099 14.13717 2.68099 12.47703 1.558646 12.0789 2.68099 11.69721 2.68099 11.69721 1.558646 12.0789 1.356521 11.58395 2.68099 11.69721 1.356521 11.58395 1.130539 11.09849 2.68099 11.69721 1.130539 11.09849 2.68099 10.9174 2.68099 10.9174 1.130539 11.09849 0.885827 10.62109 2.68099 10.9174 0.885827 10.62109 2.68099 10.13759 2.68099 10.13759 0.885827 10.62109 0.626844 10.15007 2.68099 10.13759 0.626844 10.15007 0.35751 9.683459 2.68099 10.13759 0.35751 9.683459 2.68099 9.357773 2.68099 9.357773 0.35751 9.683459 0.081761 9.219779 2.68099 9.357773 0.081761 9.219779 -0.196299 8.758035 2.68099 9.357773 -0.196299 8.758035 2.68099 8.577959 2.68099 8.577959 -0.196299 8.758035 -0.472309 8.297764 2.68099 8.577959 -0.472309 8.297764 2.68099 7.798144 2.68099 7.798144 -0.472309 8.297764 -0.712941 7.889049 2.68099 7.798144 -0.712941 7.889049 -0.897244 7.5785 -0.897244 7.5785 -1.048454 7.353446 2.68099 7.798144 2.68099 7.798144 -1.048454 7.353446 2.68099 7.018329 2.68099 7.018329 -1.048454 7.353446 -1.138354 7.256238 2.68099 7.018329 -1.138354 7.256238 -1.247073 7.183237 -1.247073 7.183237 -1.371903 7.144683 2.68099 7.018329 2.68099 7.018329 -1.371903 7.144683 -1.517104 7.134261 2.68099 7.018329 -1.517104 7.134261 -2.64901 7.068583 -2.64901 7.068583 -1.517104 7.134261 -2.614735 7.102862 -2.614735 7.102862 -1.517104 7.134261 -2.58046 7.137139 -2.58046 7.137139 -1.517104 7.134261 -1.861387 7.172521 -2.58046 7.137139 -1.861387 7.172521 -2.546185 7.171418 -2.546185 7.171418 -1.861387 7.172521 -2.543991 7.172521 -2.546185 7.171418 -2.543991 7.172521 -2.545955 7.171648 -2.545955 7.171648 -2.543991 7.172521 -2.544975 7.172303 -2.544975 7.172303 -2.543991 7.172521 -2.544484 7.172466 -2.64901 7.068583 -2.614735 7.034305 2.68099 7.018329 2.68099 7.018329 -2.614735 7.034305 -2.58046 7.000028 2.68099 7.018329 -2.58046 7.000028 -1.530128 7.00274 -1.530128 7.00274 -2.58046 7.000028 -1.861375 6.964646 -1.861375 6.964646 -2.58046 7.000028 -2.546185 6.965749 -1.861375 6.964646 -2.546185 6.965749 -2.543991 6.964646 -2.543991 6.964646 -2.546185 6.965749 -2.545955 6.965519 -2.543991 6.964646 -2.545955 6.965519 -2.544975 6.964864 -2.544975 6.964864 -2.544484 6.964701 -2.543991 6.964646 -1.530128 7.00274 -1.389829 6.995303 2.68099 7.018329 2.68099 7.018329 -1.389829 6.995303 -1.264848 6.961885 2.68099 7.018329 -1.264848 6.961885 -1.154891 6.895037 -1.154891 6.895037 -1.06326 6.802064 2.68099 7.018329 2.68099 7.018329 -1.06326 6.802064 -0.910803 6.580751 2.68099 7.018329 -0.910803 6.580751 2.68099 6.238515 2.68099 6.238515 -0.910803 6.580751 -0.723914 6.266996 2.68099 6.238515 -0.723914 6.266996 -0.480671 5.853461 2.68099 6.238515 -0.480671 5.853461 2.68099 5.458701 2.68099 5.458701 -0.480671 5.853461 -0.203781 5.391447 2.68099 5.458701 -0.203781 5.391447 0.07513898 4.928336 2.68099 5.458701 0.07513898 4.928336 2.68099 4.678886 2.68099 4.678886 0.07513898 4.928336 0.351834 4.463347 2.68099 4.678886 0.351834 4.463347 2.68099 3.899072 2.68099 3.899072 0.351834 4.463347 0.622118 3.995466 2.68099 3.899072 0.622118 3.995466 0.882055 3.523132 2.68099 3.899072 0.882055 3.523132 2.68099 3.119257 2.68099 3.119257 0.882055 3.523132 1.127742 3.044362 2.68099 3.119257 1.127742 3.044362 1.354653 2.557478 2.68099 3.119257 1.354653 2.557478 2.68099 2.339443 2.68099 2.339443 1.354653 2.557478 1.557582 2.061093 2.68099 2.339443 1.557582 2.061093 2.68099 1.559629 2.68099 1.559629 1.557582 2.061093 1.731417 1.553259 2.68099 1.559629 1.731417 1.553259 1.869395 1.03731 2.68099 1.559629 1.869395 1.03731 2.68099 0.779814 2.68099 0.779814 1.869395 1.03731 1.961836 0.524574 2.68099 0.779814 1.961836 0.524574 2.68099 0 2.68099 0 1.961836 0.524574 2.00196 0 0.01187998 0 -0.01187998 0 0.01187998 -0.711767 0.01187998 -0.711767 -0.01187998 0 -0.01187998 -0.711767 0.01187998 -0.711767 -0.01187998 -0.711767 0.01187998 -1.423534 0.01187998 -1.423534 -0.01187998 -0.711767 -0.01187998 -1.423534 0.01187998 -1.423534 -0.01187998 -1.423534 0.01187998 -2.135301 0.01187998 -2.135301 -0.01187998 -1.423534 -0.01187998 -2.135301 0.01187998 -2.135301 -0.01187998 -2.135301 0.01187998 -2.847068 0.01187998 -2.847068 -0.01187998 -2.135301 -0.01187998 -2.847068 0.01187998 -2.847068 -0.01187998 -2.847068 0.01187998 -3.558836 0.01187998 -3.558836 -0.01187998 -2.847068 -0.01187998 -3.558836 0.01187998 -3.558836 -0.01187998 -3.558836 0.01187998 -4.270603 0.01187998 -4.270603 -0.01187998 -3.558836 -0.01187998 -4.270603 0.01187998 -4.270603 -0.01187998 -4.270603 0.01187998 -4.982369 0.01187998 -4.982369 -0.01187998 -4.270603 -0.01187998 -4.982369 0.01187998 -4.982369 -0.01187998 -4.982369 0.01187998 -5.694137 0.01187998 -5.694137 -0.01187998 -4.982369 -0.01187998 -5.694137 0.01187998 -5.694137 -0.01187998 -5.694137 0.01187998 -6.405904 0.01187998 -6.405904 -0.01187998 -5.694137 -0.01187998 -6.405904 0.01187998 -6.405904 -0.01187998 -6.405904 0.01187998 -7.117671 0.01187998 -7.117671 -0.01187998 -6.405904 -0.01187998 -7.117671 0.01187998 -7.117671 -0.01187998 -7.117671 0.01187998 -7.829438 0.01187998 -7.829438 -0.01187998 -7.117671 -0.01187998 -7.829438 0.01187998 -7.829438 -0.01187998 -7.829438 0.01187998 -8.541206 0.01187998 -8.541206 -0.01187998 -7.829438 -0.01187998 -8.541206 0.01187998 -8.541206 -0.01187998 -8.541206 0.01187998 -9.252972 0.01187998 -9.252972 -0.01187998 -8.541206 -0.01187998 -9.252972 0.01187998 -9.252972 -0.01187998 -9.252972 0.01187998 -9.964739 0.01187998 -9.964739 -0.01187998 -9.252972 -0.01187998 -9.964739 0.01187998 -9.964739 -0.01187998 -9.964739 0.01187998 -10.67651 0.01187998 -10.67651 -0.01187998 -9.964739 -0.01187998 -10.67651 0.01187998 -10.67651 -0.01187998 -10.67651 0.01187998 -11.38827 0.01187998 -11.38827 -0.01187998 -10.67651 -0.01187998 -11.38827 56.18546 8.610768 56.20523 8.610768 56.18546 9.328332 56.18546 9.328332 56.20523 8.610768 56.225 8.610768 56.18546 9.328332 56.225 8.610768 56.24478 9.328332 56.24478 9.328332 56.225 8.610768 56.24478 8.610768 56.24478 9.328332 56.24478 10.0459 56.18546 9.328332 56.18546 9.328332 56.24478 10.0459 56.18546 10.0459 56.18546 10.0459 56.24478 10.0459 56.24478 10.76346 56.18546 10.0459 56.24478 10.76346 56.18546 10.76346 56.18546 10.76346 56.24478 10.76346 56.24478 11.48102 56.18546 10.76346 56.24478 11.48102 56.18546 11.48102 56.18546 -11.48102 56.24478 -11.48102 56.24478 -10.76346 56.18546 -11.48102 56.24478 -10.76346 56.18546 -10.76346 56.18546 -10.76346 56.24478 -10.76346 56.24478 -10.0459 56.18546 -10.76346 56.24478 -10.0459 56.18546 -10.0459 56.18546 -10.0459 56.24478 -10.0459 56.24478 -9.328332 56.18546 -10.0459 56.24478 -9.328332 56.18546 -9.328332 56.18546 -9.328332 56.24478 -9.328332 56.24478 -8.610768 56.18546 -9.328332 56.24478 -8.610768 56.18546 -8.610768 56.18546 -8.610768 56.24478 -8.610768 56.24478 -7.893204 56.18546 -8.610768 56.24478 -7.893204 56.18546 -7.893204 56.18546 -7.893204 56.24478 -7.893204 56.24478 -7.17564 56.18546 -7.893204 56.24478 -7.17564 56.18546 -7.17564 56.18546 -7.17564 56.24478 -7.17564 56.24478 -6.458076 56.18546 -7.17564 56.24478 -6.458076 56.18546 -6.458076 56.18546 -6.458076 56.24478 -6.458076 56.24478 -5.740512 56.18546 -6.458076 56.24478 -5.740512 56.18546 -5.740512 56.18546 -5.740512 56.24478 -5.740512 56.24478 -5.022948 56.18546 -5.740512 56.24478 -5.022948 56.18546 -5.022948 56.18546 -5.022948 56.24478 -5.022948 56.24478 -4.305384 56.18546 -5.022948 56.24478 -4.305384 56.18546 -4.305384 56.18546 -4.305384 56.24478 -4.305384 56.24478 -3.58782 56.18546 -4.305384 56.24478 -3.58782 56.18546 -3.58782 56.18546 -3.58782 56.24478 -3.58782 56.20523 -2.870256 56.18546 -3.58782 56.20523 -2.870256 56.18546 -2.870256 56.24478 -2.870256 56.225 -2.870256 56.24478 -3.58782 56.24478 -3.58782 56.225 -2.870256 56.20523 -2.870256 56.18546 8.610768 56.18546 7.893204 56.20523 8.610768 56.20523 8.610768 56.18546 7.893204 56.24478 7.893204 56.20523 8.610768 56.24478 7.893204 56.225 8.610768 56.225 8.610768 56.24478 7.893204 56.24478 8.610768 56.18546 7.893204 56.18546 7.17564 56.24478 7.893204 56.24478 7.893204 56.18546 7.17564 56.24478 7.17564 56.24478 7.17564 56.18546 7.17564 56.18546 6.458076 56.24478 7.17564 56.18546 6.458076 56.24478 6.458076 56.24478 6.458076 56.18546 6.458076 56.18546 5.740512 56.24478 6.458076 56.18546 5.740512 56.24478 5.740512 56.24478 5.740512 56.18546 5.740512 56.18546 5.022948 56.24478 5.740512 56.18546 5.022948 56.24478 5.022948 56.24478 5.022948 56.18546 5.022948 56.18546 4.305384 56.24478 5.022948 56.18546 4.305384 56.24478 4.305384 56.24478 4.305384 56.18546 4.305384 56.18546 3.58782 56.24478 4.305384 56.18546 3.58782 56.24478 3.58782 56.24478 3.58782 56.18546 3.58782 56.18546 2.870256 56.24478 3.58782 56.18546 2.870256 56.24478 2.870256 56.24478 2.870256 56.18546 2.870256 56.18546 2.152692 56.24478 2.870256 56.18546 2.152692 56.24478 2.152692 56.24478 2.152692 56.18546 2.152692 56.18546 1.435128 56.24478 2.152692 56.18546 1.435128 56.24478 1.435128 56.24478 1.435128 56.18546 1.435128 56.18546 0.717564 56.24478 1.435128 56.18546 0.717564 56.24478 0.717564 56.24478 0.717564 56.18546 0.717564 56.18546 0 56.24478 0.717564 56.18546 0 56.24478 0 56.24478 0 56.18546 0 56.18546 -0.717564 56.24478 0 56.18546 -0.717564 56.24478 -0.717564 56.24478 -0.717564 56.18546 -0.717564 56.18546 -1.435128 56.24478 -0.717564 56.18546 -1.435128 56.24478 -1.435128 56.24478 -1.435128 56.18546 -1.435128 56.18546 -2.152692 56.24478 -1.435128 56.18546 -2.152692 56.24478 -2.152692 56.24478 -2.152692 56.18546 -2.152692 56.225 -2.870256 56.24478 -2.152692 56.225 -2.870256 56.24478 -2.870256 56.18546 -2.870256 56.20523 -2.870256 56.18546 -2.152692 56.18546 -2.152692 56.20523 -2.870256 56.225 -2.870256 -0.374266 -0.05613297 -0.396508 -0.001579999 -0.455264 0.002714991 -0.455264 0.002714991 -0.396508 -0.001579999 -0.459559 0.06147098 -0.455264 0.002714991 -0.459559 0.06147098 -0.514112 0.08371299 -0.514112 0.08371299 -0.459559 0.06147098 -0.500041 0.14092 -0.514112 0.08371299 -0.500041 0.14092 -0.54505 0.17893 -0.54505 0.17893 -0.500041 0.14092 -0.513989 0.228989 -0.54505 0.17893 -0.513989 0.228989 -0.54505 0.279049 -0.54505 0.279049 -0.513989 0.228989 -0.500041 0.317059 -0.54505 0.279049 -0.500041 0.317059 -0.514112 0.374266 -0.514112 0.374266 -0.500041 0.317059 -0.459559 0.396508 -0.514112 0.374266 -0.459559 0.396508 -0.455264 0.455264 -0.455264 0.455264 -0.459559 0.396508 -0.396508 0.459559 -0.455264 0.455264 -0.396508 0.459559 -0.374266 0.514112 -0.374266 0.514112 -0.396508 0.459559 -0.317059 0.500041 -0.374266 0.514112 -0.317059 0.500041 -0.279049 0.54505 -0.279049 0.54505 -0.317059 0.500041 -0.228989 0.513989 -0.279049 0.54505 -0.228989 0.513989 -0.17893 0.54505 -0.17893 0.54505 -0.228989 0.513989 -0.14092 0.500041 -0.17893 0.54505 -0.14092 0.500041 -0.08371299 0.514112 -0.08371299 0.514112 -0.14092 0.500041 -0.06147098 0.459559 -0.08371299 0.514112 -0.06147098 0.459559 -0.002714991 0.455264 -0.002714991 0.455264 -0.06147098 0.459559 0.001579999 0.396508 -0.002714991 0.455264 0.001579999 0.396508 0.05613297 0.374266 0.05613297 0.374266 0.001579999 0.396508 0.04206198 0.317059 0.05613297 0.374266 0.04206198 0.317059 0.087071 0.279049 0.087071 0.279049 0.04206198 0.317059 0.05601096 0.228989 0.087071 0.279049 0.05601096 0.228989 0.087071 0.17893 0.087071 0.17893 0.05601096 0.228989 0.04206198 0.14092 0.087071 0.17893 0.04206198 0.14092 0.05613297 0.08371299 0.05613297 0.08371299 0.04206198 0.14092 0.001579999 0.06147098 0.05613297 0.08371299 0.001579999 0.06147098 -0.002714991 0.002714991 -0.002714991 0.002714991 0.001579999 0.06147098 -0.06147098 -0.001579999 -0.002714991 0.002714991 -0.06147098 -0.001579999 -0.08371299 -0.05613297 -0.08371299 -0.05613297 -0.06147098 -0.001579999 -0.14092 -0.04206198 -0.08371299 -0.05613297 -0.14092 -0.04206198 -0.17893 -0.087071 -0.17893 -0.087071 -0.14092 -0.04206198 -0.228989 -0.05601096 -0.17893 -0.087071 -0.228989 -0.05601096 -0.279049 -0.087071 -0.279049 -0.087071 -0.228989 -0.05601096 -0.317059 -0.04206198 -0.279049 -0.087071 -0.317059 -0.04206198 -0.374266 -0.05613297 -0.374266 -0.05613297 -0.317059 -0.04206198 -0.396508 -0.001579999 -0.16676 -7.991277 -0.16676 -8.717758 -0.1570799 -8.10135 -0.1570799 -8.10135 -0.16676 -8.717758 -0.156156 -8.717758 -0.1570799 -8.10135 -0.156156 -8.717758 -0.145552 -8.717758 -0.145552 -8.717758 -0.134948 -8.717758 -0.1570799 -8.10135 -0.1570799 -8.10135 -0.134948 -8.717758 -0.134948 -8.034011 -0.1570799 -8.10135 -0.134948 -8.034011 -0.1570799 -7.396885 -0.1570799 -7.396885 -0.134948 -8.034011 -0.134948 -7.350266 -0.1570799 -7.396885 -0.134948 -7.350266 -0.1570799 -6.69242 -0.1570799 -6.69242 -0.134948 -7.350266 -0.134948 -6.66652 -0.1570799 -6.69242 -0.134948 -6.66652 -0.1570799 -5.986378 -0.1570799 -5.986378 -0.134948 -6.66652 -0.134948 -5.982774 -0.1570799 -5.986378 -0.134948 -5.982774 -0.134948 -5.299029 -0.1570799 -5.986378 -0.134948 -5.299029 -0.1570799 -5.283489 -0.1570799 -5.283489 -0.134948 -5.299029 -0.134948 -4.615283 -0.1570799 -5.283489 -0.134948 -4.615283 -0.1570799 -4.579024 -0.1570799 -4.579024 -0.134948 -4.615283 -0.134948 -3.931537 -0.1570799 -4.579024 -0.134948 -3.931537 -0.1570799 -3.874559 -0.1570799 -3.874559 -0.134948 -3.931537 -0.134948 -3.247792 -0.1570799 -3.874559 -0.134948 -3.247792 -0.1570799 -3.170094 -0.1570799 -3.170094 -0.134948 -3.247792 -0.134948 -2.564046 -0.1570799 -3.170094 -0.134948 -2.564046 -0.1570799 -2.465628 -0.1570799 -2.465628 -0.134948 -2.564046 -0.134948 -1.880301 -0.1570799 -2.465628 -0.134948 -1.880301 -0.1570799 -1.761163 -0.1570799 -1.761163 -0.134948 -1.880301 -0.134948 -1.196555 -0.1570799 -1.761163 -0.134948 -1.196555 -0.1570799 -1.056698 -0.1570799 -1.056698 -0.134948 -1.196555 -0.134948 -0.512809 -0.1570799 -1.056698 -0.134948 -0.512809 -0.1570799 -0.352233 -0.1570799 -0.352233 -0.134948 -0.512809 -0.134948 0.170936 -0.1570799 -0.352233 -0.134948 0.170936 -0.1570799 0.352233 -0.1570799 0.352233 -0.134948 0.170936 -0.134948 0.854682 -0.1570799 0.352233 -0.134948 0.854682 -0.1570799 1.056698 -0.1570799 1.056698 -0.134948 0.854682 -0.134948 1.538428 -0.1570799 1.056698 -0.134948 1.538428 -0.1570799 1.761163 -0.1570799 1.761163 -0.134948 1.538428 -0.134948 2.222173 -0.1570799 1.761163 -0.134948 2.222173 -0.1570799 2.465628 -0.1570799 2.465628 -0.134948 2.222173 -0.145552 2.905919 -0.1570799 2.465628 -0.145552 2.905919 -0.156156 2.905919 -0.134948 2.222173 -0.134948 2.905919 -0.145552 2.905919 -0.156156 2.905919 -0.16676 2.905919 -0.1570799 2.465628 -0.1570799 2.465628 -0.16676 2.905919 -0.16676 2.179439 -0.1570799 2.465628 -0.16676 2.179439 -0.1570799 1.761163 -0.1570799 1.761163 -0.16676 2.179439 -0.16676 1.45296 -0.1570799 1.761163 -0.16676 1.45296 -0.1570799 1.056698 -0.1570799 1.056698 -0.16676 1.45296 -0.16676 0.72648 -0.1570799 1.056698 -0.16676 0.72648 -0.1570799 0.352233 -0.1570799 0.352233 -0.16676 0.72648 -0.16676 0 -0.1570799 0.352233 -0.16676 0 -0.1570799 -0.352233 -0.1570799 -0.352233 -0.16676 0 -0.16676 -0.72648 -0.1570799 -0.352233 -0.16676 -0.72648 -0.1570799 -1.056698 -0.1570799 -1.056698 -0.16676 -0.72648 -0.16676 -1.45296 -0.1570799 -1.056698 -0.16676 -1.45296 -0.1570799 -1.761163 -0.1570799 -1.761163 -0.16676 -1.45296 -0.16676 -2.179439 -0.1570799 -1.761163 -0.16676 -2.179439 -0.1570799 -2.465628 -0.1570799 -2.465628 -0.16676 -2.179439 -0.16676 -2.905919 -0.1570799 -2.465628 -0.16676 -2.905919 -0.1570799 -3.170094 -0.1570799 -3.170094 -0.16676 -2.905919 -0.16676 -3.632399 -0.1570799 -3.170094 -0.16676 -3.632399 -0.1570799 -3.874559 -0.1570799 -3.874559 -0.16676 -3.632399 -0.16676 -4.358879 -0.1570799 -3.874559 -0.16676 -4.358879 -0.1570799 -4.579024 -0.1570799 -4.579024 -0.16676 -4.358879 -0.16676 -5.085358 -0.1570799 -4.579024 -0.16676 -5.085358 -0.1570799 -5.283489 -0.1570799 -5.283489 -0.16676 -5.085358 -0.16676 -5.811838 -0.1570799 -5.283489 -0.16676 -5.811838 -0.1570799 -5.986378 -0.1570799 -5.986378 -0.16676 -5.811838 -0.16676 -6.538318 -0.1570799 -5.986378 -0.16676 -6.538318 -0.1570799 -6.69242 -0.1570799 -6.69242 -0.16676 -6.538318 -0.16676 -7.264798 -0.1570799 -6.69242 -0.16676 -7.264798 -0.1570799 -7.396885 -0.1570799 -7.396885 -0.16676 -7.264798 -0.16676 -7.991277 -0.1570799 -7.396885 -0.16676 -7.991277 -0.1570799 -8.10135 -0.08503299 0 0.162162 0 -0.09862798 0.06052595 -0.09862798 0.06052595 0.162162 0 0.162162 0.100531 -0.09862798 0.06052595 0.162162 0.100531 -0.112429 0.123362 -0.112429 0.123362 0.162162 0.100531 0.162162 0.201062 -0.112429 0.123362 0.162162 0.201062 -0.125513 0.187009 -0.125513 0.187009 0.162162 0.201062 -0.136963 0.249555 -0.136963 0.249555 0.162162 0.201062 0.162162 0.301593 -0.136963 0.249555 0.162162 0.301593 -0.146353 0.311104 -0.146353 0.311104 0.162162 0.301593 -0.153748 0.375225 -0.153748 0.375225 0.162162 0.301593 0.162162 0.402124 -0.153748 0.375225 0.162162 0.402124 -0.1583189 0.439832 -0.1583189 0.439832 0.162162 0.402124 0.162162 0.502655 -0.1583189 0.439832 0.162162 0.502655 -0.159838 0.502655 -0.159838 0.502655 0.162162 0.502655 -0.1583189 0.565478 -0.1583189 0.565478 0.162162 0.502655 0.162162 0.603186 -0.1583189 0.565478 0.162162 0.603186 -0.153748 0.630085 -0.153748 0.630085 0.162162 0.603186 0.162162 0.703717 -0.153748 0.630085 0.162162 0.703717 -0.146353 0.694206 -0.146353 0.694206 0.162162 0.703717 -0.136963 0.755754 -0.136963 0.755754 0.162162 0.703717 0.162162 0.804248 -0.136963 0.755754 0.162162 0.804248 -0.125513 0.818301 -0.125513 0.818301 0.162162 0.804248 -0.112429 0.881948 -0.112429 0.881948 0.162162 0.804248 0.162162 0.904779 -0.112429 0.881948 0.162162 0.904779 -0.09862798 0.944784 -0.09862798 0.944784 0.162162 0.904779 0.162162 1.00531 -0.09862798 0.944784 0.162162 1.00531 -0.08503299 1.00531 0.00989896 11.13439 -0.02622497 11.12437 0.00989896 10.36481 0.00989896 10.36481 -0.02622497 11.12437 -0.08909499 10.37771 0.00989896 10.36481 -0.08909499 10.37771 -0.08909499 9.633374 -0.02622497 11.12437 -0.06240499 11.12162 -0.08909499 10.37771 -0.08909499 10.37771 -0.06240499 11.12162 -0.08909499 11.12204 0.00989896 10.36481 -0.08909499 9.633374 0.00989896 9.59523 0.00989896 9.59523 -0.08909499 9.633374 -0.08909499 8.889039 0.00989896 9.59523 -0.08909499 8.889039 0.00989896 8.825649 0.00989896 8.825649 -0.08909499 8.889039 -0.08909499 8.144705 0.00989896 8.825649 -0.08909499 8.144705 0.00989896 8.056067 0.00989896 8.056067 -0.08909499 8.144705 -0.08909499 7.40037 0.00989896 8.056067 -0.08909499 7.40037 0.00989896 7.286487 0.00989896 7.286487 -0.08909499 7.40037 -0.08909499 6.656036 0.00989896 7.286487 -0.08909499 6.656036 0.00989896 6.516906 0.00989896 6.516906 -0.08909499 6.656036 -0.08909499 5.911702 0.00989896 6.516906 -0.08909499 5.911702 0.00989896 5.747325 0.00989896 5.747325 -0.08909499 5.911702 -0.08909499 5.167367 0.00989896 5.747325 -0.08909499 5.167367 0.00989896 4.977744 0.00989896 4.977744 -0.08909499 5.167367 -0.08909499 4.423033 0.00989896 4.977744 -0.08909499 4.423033 0.00989896 4.208163 0.00989896 4.208163 -0.08909499 4.423033 -0.08909499 3.678698 0.00989896 4.208163 -0.08909499 3.678698 0.00989896 3.438582 0.00989896 3.438582 -0.08909499 3.678698 -0.08909499 2.934364 0.00989896 3.438582 -0.08909499 2.934364 0.00989896 2.669002 0.00989896 2.669002 -0.08909499 2.934364 -0.08909499 2.190029 0.00989896 2.669002 -0.08909499 2.190029 0.00989896 1.899421 0.00989896 1.899421 -0.08909499 2.190029 -0.08909499 1.445695 0.00989896 1.899421 -0.08909499 1.445695 0.00989896 1.12984 0.00989896 1.12984 -0.08909499 1.445695 -0.08909499 0.701361 0.00989896 1.12984 -0.08909499 0.701361 0.00989896 0.360259 0.00989896 0.360259 -0.08909499 0.701361 -0.08909499 0.01994496 0.00989896 0.360259 -0.08909499 0.01994496 0.00989896 -0.409322 0.00989896 -0.409322 -0.08909499 0.01994496 -0.08909499 -0.66147 0.00989896 -0.409322 -0.08909499 -0.66147 0.00989896 -1.178903 0.00989896 -1.178903 -0.08909499 -0.66147 -0.08909499 -1.342885 0.00989896 -1.178903 -0.08909499 -1.342885 0.00989896 -1.948483 0.00989896 -1.948483 -0.08909499 -1.342885 -0.08909499 -2.0243 0.00989896 -1.948483 -0.08909499 -2.0243 0.00989896 -2.718064 0.00989896 -2.718064 -0.08909499 -2.0243 -0.02622497 -2.70804 -0.02622497 -2.70804 -0.08909499 -2.0243 -0.06240499 -2.705296 -0.06240499 -2.705296 -0.08909499 -2.0243 -0.08909499 -2.705716 -0.08909499 11.3215 -0.06240499 11.32192 -0.08909499 12.00291 -0.08909499 12.00291 -0.06240499 11.32192 -0.02622497 11.31917 -0.08909499 12.00291 -0.02622497 11.31917 0.00989896 11.30915 0.00989896 11.30915 0.00989896 12.07873 -0.08909499 12.00291 -0.08909499 12.00291 0.00989896 12.07873 -0.08909499 12.68433 -0.08909499 12.68433 0.00989896 12.07873 0.00989896 12.84831 -0.08909499 12.68433 0.00989896 12.84831 -0.08909499 13.36574 -0.08909499 13.36574 0.00989896 12.84831 0.00989896 13.61789 -0.08909499 13.36574 0.00989896 13.61789 -0.08909499 14.04716 -0.08909499 14.04716 0.00989896 13.61789 0.00989896 14.38747 -0.08909499 -14.00727 0.00989896 -13.66695 -0.08909499 -13.32585 -0.08909499 -13.32585 0.00989896 -13.66695 0.00989896 -12.89737 -0.08909499 -13.32585 0.00989896 -12.89737 -0.08909499 -12.58152 -0.08909499 -12.58152 0.00989896 -12.89737 0.00989896 -12.12779 -0.08909499 -12.58152 0.00989896 -12.12779 -0.08909499 -11.83718 -0.08909499 -11.83718 0.00989896 -12.12779 0.00989896 -11.35821 -0.08909499 -11.83718 0.00989896 -11.35821 -0.08909499 -11.09285 -0.08909499 -11.09285 0.00989896 -11.35821 0.00989896 -10.58863 -0.08909499 -11.09285 0.00989896 -10.58863 -0.08909499 -10.34851 -0.08909499 -10.34851 0.00989896 -10.58863 0.00989896 -9.819048 -0.08909499 -10.34851 0.00989896 -9.819048 -0.08909499 -9.604179 -0.08909499 -9.604179 0.00989896 -9.819048 0.00989896 -9.049468 -0.08909499 -9.604179 0.00989896 -9.049468 -0.08909499 -8.859845 -0.08909499 -8.859845 0.00989896 -9.049468 0.00989896 -8.279887 -0.08909499 -8.859845 0.00989896 -8.279887 -0.08909499 -8.11551 -0.08909499 -8.11551 0.00989896 -8.279887 0.00989896 -7.510305 -0.08909499 -8.11551 0.00989896 -7.510305 -0.08909499 -7.371175 -0.08909499 -7.371175 0.00989896 -7.510305 0.00989896 -6.740725 -0.08909499 -7.371175 0.00989896 -6.740725 -0.08909499 -6.626841 -0.08909499 -6.626841 0.00989896 -6.740725 0.00989896 -5.971144 -0.08909499 -6.626841 0.00989896 -5.971144 -0.08909499 -5.882506 -0.08909499 -5.882506 0.00989896 -5.971144 0.00989896 -5.201563 -0.08909499 -5.882506 0.00989896 -5.201563 -0.08909499 -5.138172 -0.08909499 -5.138172 0.00989896 -5.201563 0.00989896 -4.431982 -0.08909499 -5.138172 0.00989896 -4.431982 -0.08909499 -4.393837 -0.08909499 -4.393837 0.00989896 -4.431982 0.00989896 -3.662401 -0.08909499 -4.393837 0.00989896 -3.662401 -0.08909499 -3.649503 -0.08909499 -3.649503 0.00989896 -3.662401 -0.02622497 -2.902844 -0.08909499 -3.649503 -0.02622497 -2.902844 -0.06240499 -2.905589 0.00989896 -3.662401 0.00989896 -2.89282 -0.02622497 -2.902844 -0.06240499 -2.905589 -0.08909499 -2.905169 -0.08909499 -3.649503 2.33099 -14.13717 2.33099 -14.10366 2.00196 -14.13717 2.00196 -14.13717 2.33099 -14.10366 2.33099 -14.07016 2.00196 -14.13717 2.33099 -14.07016 2.33099 -14.03666 2.00196 -14.13717 2.33099 -14.03666 1.962385 -13.61666 1.962385 -13.61666 2.33099 -14.03666 2.68099 -14.03666 1.962385 -13.61666 2.68099 -14.03666 2.68099 -13.2736 2.68099 -12.51053 1.828434 -12.9296 2.68099 -13.2736 2.68099 -13.2736 1.828434 -12.9296 1.869385 -13.09986 2.68099 -13.2736 1.869385 -13.09986 1.962385 -13.61666 2.68099 -11.74747 1.611223 -12.22202 2.68099 -12.51053 2.68099 -12.51053 1.611223 -12.22202 1.772269 -12.72187 2.68099 -12.51053 1.772269 -12.72187 1.828434 -12.9296 2.68099 -10.98441 1.187545 -11.21605 2.68099 -11.74747 2.68099 -11.74747 1.187545 -11.21605 1.412487 -11.71383 2.68099 -11.74747 1.412487 -11.71383 1.611223 -12.22202 1.187545 -11.21605 2.68099 -10.98441 0.941842 -10.72705 0.941842 -10.72705 2.68099 -10.98441 2.68099 -10.22134 0.941842 -10.72705 2.68099 -10.22134 0.680272 -10.24508 0.680272 -10.24508 2.68099 -10.22134 0.407147 -9.768169 0.407147 -9.768169 2.68099 -10.22134 2.68099 -9.458281 0.407147 -9.768169 2.68099 -9.458281 0.126549 -9.294513 0.126549 -9.294513 2.68099 -9.458281 2.68099 -8.695219 0.126549 -9.294513 2.68099 -8.695219 -0.157146 -8.823021 -0.157146 -8.823021 2.68099 -8.695219 -0.43956 -8.352752 -0.43956 -8.352752 2.68099 -8.695219 2.68099 -7.932155 -0.43956 -8.352752 2.68099 -7.932155 -0.692423 -7.92405 -0.692423 -7.92405 2.68099 -7.932155 -0.886614 -7.595919 -0.886614 -7.595919 2.68099 -7.932155 2.68099 -7.169092 -0.886614 -7.595919 2.68099 -7.169092 -1.041031 -7.362965 -1.041031 -7.362965 2.68099 -7.169092 -1.131137 -7.262762 -1.131137 -7.262762 2.68099 -7.169092 -1.240324 -7.186516 -1.240324 -7.186516 2.68099 -7.169092 2.33099 -7.169092 -1.240324 -7.186516 2.33099 -7.169092 -1.366808 -7.145586 -1.366808 -7.145586 2.33099 -7.169092 -1.512788 -7.134232 -1.512788 -7.134232 2.33099 -7.169092 2.33099 -7.102086 -1.512788 -7.134232 2.33099 -7.102086 -2.614735 -7.102862 -2.614735 -7.102862 2.33099 -7.102086 -2.64901 -7.068583 -2.64901 -7.068583 2.33099 -7.102086 2.33099 -7.035081 -2.64901 -7.068583 2.33099 -7.035081 -2.614735 -7.034305 -2.614735 -7.034305 2.33099 -7.035081 -1.520187 -7.002881 -2.614735 -7.034305 -1.520187 -7.002881 -2.58046 -7.000028 -2.58046 -7.000028 -1.520187 -7.002881 -1.861386 -6.964643 -2.58046 -7.000028 -1.861386 -6.964643 -2.546185 -6.965749 -2.546185 -6.965749 -1.861386 -6.964643 -2.543991 -6.964646 -2.546185 -6.965749 -2.543991 -6.964646 -2.545955 -6.965519 -2.545955 -6.965519 -2.543991 -6.964646 -2.544975 -6.964864 -2.544975 -6.964864 -2.543991 -6.964646 -2.544484 -6.964701 -1.520187 -7.002881 2.33099 -7.035081 -1.376136 -6.993198 -1.376136 -6.993198 2.33099 -7.035081 2.33099 -6.968075 -1.376136 -6.993198 2.33099 -6.968075 -1.251276 -6.955899 -1.251276 -6.955899 2.33099 -6.968075 2.68099 -6.968075 -1.251276 -6.955899 2.68099 -6.968075 -1.142231 -6.88434 -1.142231 -6.88434 2.68099 -6.968075 -1.051934 -6.78811 -1.051934 -6.78811 2.68099 -6.968075 -0.900423 -6.563863 -0.900423 -6.563863 2.68099 -6.968075 2.68099 -6.193844 -0.900423 -6.563863 2.68099 -6.193844 -0.715181 -6.251974 -0.715181 -6.251974 2.68099 -6.193844 -0.473567 -5.841516 -0.473567 -5.841516 2.68099 -6.193844 2.68099 -5.419614 -0.473567 -5.841516 2.68099 -5.419614 -0.1973519 -5.380847 -0.1973519 -5.380847 2.68099 -5.419614 0.08085495 -4.918869 0.08085495 -4.918869 2.68099 -5.419614 2.68099 -4.645383 0.08085495 -4.918869 2.68099 -4.645383 0.356766 -4.454967 0.356766 -4.454967 2.68099 -4.645383 0.626255 -3.988144 0.626255 -3.988144 2.68099 -4.645383 2.68099 -3.871153 0.626255 -3.988144 2.68099 -3.871153 0.885388 -3.516895 0.885388 -3.516895 2.68099 -3.871153 2.68099 -3.096922 0.885388 -3.516895 2.68099 -3.096922 1.130255 -3.039254 1.130255 -3.039254 2.68099 -3.096922 1.356382 -2.553538 1.356382 -2.553538 2.68099 -3.096922 2.68099 -2.322692 1.356382 -2.553538 2.68099 -2.322692 1.558624 -2.058329 1.558624 -2.058329 2.68099 -2.322692 2.68099 -1.548461 1.558624 -2.058329 2.68099 -1.548461 1.731882 -1.551742 1.731882 -1.551742 2.68099 -1.548461 1.869393 -1.03731 1.869393 -1.03731 2.68099 -1.548461 2.68099 -0.774231 1.869393 -1.03731 2.68099 -0.774231 1.961836 -0.524572 1.961836 -0.524572 2.68099 -0.774231 2.68099 0 1.961836 -0.524572 2.68099 0 2.00196 0 -2.614735 -7.102862 -2.58046 -7.137139 -1.512788 -7.134232 -1.512788 -7.134232 -2.58046 -7.137139 -1.861388 -7.172521 -1.861388 -7.172521 -2.58046 -7.137139 -2.546185 -7.171418 -1.861388 -7.172521 -2.546185 -7.171418 -2.543991 -7.172521 -2.543991 -7.172521 -2.546185 -7.171418 -2.545955 -7.171648 -2.543991 -7.172521 -2.545955 -7.171648 -2.544975 -7.172303 -2.544975 -7.172303 -2.544484 -7.172466 -2.543991 -7.172521 0.350731 0.301593 -0.351015 0.302367 0.350786 0.3011 0.350786 0.3011 -0.351015 0.302367 -0.351655 0.299399 0.350786 0.3011 -0.351655 0.299399 0.350949 0.300609 0.350949 0.300609 -0.351655 0.299399 0.351604 0.299629 0.351604 0.299629 -0.351655 0.299399 0.351834 0.299399 -7.142193 0.01300698 -6.877667 0.006508946 -6.689355 0.013004 -6.689355 0.013004 -6.877667 0.006508946 -6.348616 0.006508946 -6.689355 0.013004 -6.348616 0.006508946 -6.348616 0.01299297 -6.348616 0.01299297 -6.348616 0.006508946 -5.819565 0.01297599 -5.819565 0.01297599 -6.348616 0.006508946 -5.819565 0.006508946 -5.819565 0.01297599 -5.819565 0.006508946 -5.555039 0.006508946 -5.555039 0.006508946 -5.819565 0.006508946 -5.819565 0 -5.555039 0.006508946 -5.819565 0 -5.290513 0 -7.671244 0.01301097 -7.406719 0.006508946 -7.142193 0.01300698 -7.142193 0.01300698 -7.406719 0.006508946 -7.142193 0.006508946 -7.142193 0.01300698 -7.142193 0.006508946 -6.877667 0.006508946 -6.877667 0.006508946 -7.142193 0.006508946 -6.877667 0 -6.877667 0.006508946 -6.877667 0 -6.348616 0 -7.93577 0.01301294 -7.93577 0.006508946 -7.671244 0.01301097 -7.671244 0.01301097 -7.93577 0.006508946 -7.671244 0.006508946 -7.671244 0.01301097 -7.671244 0.006508946 -7.406719 0.006508946 -7.406719 0.006508946 -7.671244 0.006508946 -7.406719 0 -7.406719 0.006508946 -7.406719 0 -7.142193 0.006508946 -7.142193 0.006508946 -7.406719 0 -6.877667 0 -7.93577 0.006508946 -7.93577 0.01301294 -8.464821 0.006508946 -8.464821 0.006508946 -7.93577 0.01301294 -8.478987 0.01301699 -8.464821 0.006508946 -8.478987 0.01301699 -8.729348 0.006508946 -8.729348 0.006508946 -8.478987 0.01301699 -8.993873 0.01301294 -8.729348 0.006508946 -8.993873 0.01301294 -8.993873 0.006508946 -8.993873 0.006508946 -8.993873 0.01301294 -9.258399 0.01301199 -8.993873 0.006508946 -9.258399 0.01301199 -9.258399 0.006508946 -9.258399 0.006508946 -9.258399 0.01301199 -9.522923 0.006508946 -9.258399 0.006508946 -9.522923 0.006508946 -9.522923 0 -9.522923 0 -9.522923 0.006508946 -9.78745 0.006508946 -9.522923 0 -9.78745 0.006508946 -10.05198 0 -10.05198 0 -9.78745 0.006508946 -10.05198 0.006508946 -10.05198 0 -10.05198 0.006508946 -10.58103 0.006508946 -10.58103 0.006508946 -10.05198 0.006508946 -10.2731 0.013004 -10.58103 0.006508946 -10.2731 0.013004 -10.58103 0.01299297 -9.258399 0.01301199 -9.78745 0.01300799 -9.522923 0.006508946 -9.522923 0.006508946 -9.78745 0.01300799 -9.78745 0.006508946 -9.78745 0.006508946 -9.78745 0.01300799 -10.05198 0.006508946 -10.05198 0.006508946 -9.78745 0.01300799 -10.2731 0.013004 -10.58103 0.006508946 -10.58103 0.01299297 -10.84555 0.006508946 -10.84555 0.006508946 -10.58103 0.01299297 -11.11008 0.01297295 -10.84555 0.006508946 -11.11008 0.01297295 -11.11008 0.006508946 -11.11008 0.006508946 -11.11008 0.01297295 -11.63913 0.01295298 -11.11008 0.006508946 -11.63913 0.01295298 -11.63913 0.006508946 -11.63913 0.006508946 -11.63913 0.01295298 -12.16818 0.006508946 -11.63913 0.006508946 -12.16818 0.006508946 -11.63913 0 -11.63913 0 -12.16818 0.006508946 -12.16818 0 -12.16818 0 -12.16818 0.006508946 -12.43271 0.006508946 -12.16818 0 -12.43271 0.006508946 -12.69723 0 -12.69723 0 -12.43271 0.006508946 -12.69723 0.006508946 -12.69723 0 -12.69723 0.006508946 -13.22628 0.006508946 -13.22628 0.006508946 -12.69723 0.006508946 -13.22628 0.01289296 -13.22628 0.006508946 -13.22628 0.01289296 -13.75533 0.01287299 -11.63913 0.01295298 -12.22583 0.01292699 -12.16818 0.006508946 -12.16818 0.006508946 -12.22583 0.01292699 -12.43271 0.006508946 -12.22583 0.01292699 -12.69723 0.01291298 -12.43271 0.006508946 -12.43271 0.006508946 -12.69723 0.01291298 -12.69723 0.006508946 -12.69723 0.01291298 -13.22628 0.01289296 -12.69723 0.006508946 -13.22628 0.006508946 -13.75533 0.01287299 -13.75533 0.006508946 -13.75533 0.006508946 -13.75533 0.01287299 -14.28439 0.01285296 -13.75533 0.006508946 -14.28439 0.01285296 -14.28439 0.006508946 -14.28439 0.006508946 -14.28439 0.01285296 -14.81344 0.006508946 -14.28439 0.006508946 -14.81344 0.006508946 -14.28439 0 -14.28439 0 -14.81344 0.006508946 -14.81344 0 -14.81344 0 -14.81344 0.006508946 -15.07796 0.006508946 -14.81344 0 -15.07796 0.006508946 -15.34249 0 -15.34249 0 -15.07796 0.006508946 -15.34249 0.006508946 -15.34249 0 -15.34249 0.006508946 -15.60701 0.006508946 -15.60701 0.006508946 -15.34249 0.006508946 -15.60701 0.01280295 -15.60701 0.006508946 -15.60701 0.01280295 -15.87154 0.006508946 -15.87154 0.006508946 -15.60701 0.01280295 -16.0038 0.01278895 -15.87154 0.006508946 -16.0038 0.01278895 -16.0038 0.006508946 -16.0038 0.006508946 -16.0038 0.01278895 -16.13607 0.012784 -16.0038 0.006508946 -16.13607 0.012784 -16.13607 0.006508946 -16.13607 0.006508946 -16.13607 0.012784 -16.26833 0.01277899 -16.13607 0.006508946 -16.26833 0.01277899 -16.26833 0.006508946 -16.26833 0.006508946 -16.26833 0.01277899 -16.33446 0.006508946 -16.26833 0.006508946 -16.33446 0.006508946 -16.26833 0 -16.26833 0 -16.33446 0.006508946 -16.33446 0 -16.33446 0 -16.33446 0.006508946 -16.40059 0.006508946 -16.33446 0 -16.40059 0.006508946 -16.53285 0 -16.53285 0 -16.40059 0.006508946 -16.53285 0.006508946 -16.53285 0 -16.53285 0.006508946 -16.66512 0.006508946 -16.66512 0.006508946 -16.53285 0.006508946 -16.53285 0.01276898 -16.66512 0.006508946 -16.53285 0.01276898 -16.82717 0.01275795 -14.28439 0.01285296 -15.07796 0.01282298 -14.81344 0.006508946 -14.81344 0.006508946 -15.07796 0.01282298 -15.07796 0.006508946 -15.07796 0.006508946 -15.07796 0.01282298 -15.34249 0.006508946 -15.34249 0.006508946 -15.07796 0.01282298 -15.60701 0.01280295 -16.26833 0.01277899 -16.40059 0.01277399 -16.33446 0.006508946 -16.33446 0.006508946 -16.40059 0.01277399 -16.40059 0.006508946 -16.40059 0.01277399 -16.53285 0.01276898 -16.40059 0.006508946 -16.40059 0.006508946 -16.53285 0.01276898 -16.53285 0.006508946 -16.82717 0.01275795 -16.82827 0.001745998 -16.66512 0.006508946 -16.66512 0.006508946 -16.82827 0.001745998 -16.53285 0 -16.26833 0 -16.13607 0 -16.26833 0.006508946 -16.26833 0.006508946 -16.13607 0 -16.13607 0.006508946 -16.13607 0.006508946 -16.13607 0 -16.0038 0.006508946 -16.0038 0.006508946 -16.13607 0 -15.87154 0 -16.0038 0.006508946 -15.87154 0 -15.87154 0.006508946 -15.87154 0.006508946 -15.87154 0 -15.60701 0.006508946 -15.87154 0 -15.34249 0 -15.60701 0.006508946 -14.28439 0 -13.75533 0 -14.28439 0.006508946 -14.28439 0.006508946 -13.75533 0 -13.75533 0.006508946 -13.75533 0 -13.22628 0 -13.75533 0.006508946 -13.75533 0.006508946 -13.22628 0 -13.22628 0.006508946 -13.22628 0 -12.69723 0 -13.22628 0.006508946 -11.63913 0 -11.11008 0 -11.63913 0.006508946 -11.63913 0.006508946 -11.11008 0 -11.11008 0.006508946 -11.11008 0.006508946 -11.11008 0 -10.84555 0.006508946 -10.84555 0.006508946 -11.11008 0 -10.58103 0 -10.84555 0.006508946 -10.58103 0 -10.58103 0.006508946 -10.58103 0.006508946 -10.58103 0 -10.05198 0 -9.522923 0 -8.993873 0 -9.258399 0.006508946 -9.258399 0.006508946 -8.993873 0 -8.993873 0.006508946 -8.993873 0.006508946 -8.993873 0 -8.729348 0.006508946 -8.729348 0.006508946 -8.993873 0 -8.478986 0 -8.729348 0.006508946 -8.478986 0 -8.464821 0.006508946 -8.464821 0.006508946 -8.478986 0 -7.93577 0 -8.464821 0.006508946 -7.93577 0 -7.93577 0.006508946 -7.93577 0.006508946 -7.93577 0 -7.671244 0.006508946 -7.93577 0 -7.406719 0 -7.671244 0.006508946 -6.877667 0.006508946 -6.348616 0 -6.348616 0.006508946 -6.348616 0.006508946 -6.348616 0 -5.819565 0 -6.348616 0.006508946 -5.819565 0 -5.819565 0.006508946 -5.555039 0.006508946 -5.290513 0 -5.290513 0.006508946 -5.290513 0.006508946 -5.290513 0 -4.761462 0 -5.290513 0.006508946 -4.761462 0 -4.761462 0.006508946 -4.761462 0.006508946 -4.761462 0 -4.23241 0 -4.761462 0.006508946 -4.23241 0 -4.23241 0.006508946 -4.23241 0.006508946 -4.23241 0 -3.703359 0 -4.23241 0.006508946 -3.703359 0 -3.703359 0.006508946 -3.703359 0.006508946 -3.703359 0 -3.438834 0.006508946 -3.703359 0.006508946 -3.438834 0.006508946 -3.438834 0.01289898 -3.438834 0.01289898 -3.438834 0.006508946 -3.174308 0.006508946 -3.438834 0.01289898 -3.174308 0.006508946 -2.645257 0.01287394 -2.645257 0.01287394 -3.174308 0.006508946 -2.645257 0.006508946 -2.645257 0.01287394 -2.645257 0.006508946 -2.116205 0.006508946 -2.116205 0.006508946 -2.645257 0.006508946 -2.116205 0 -2.116205 0.006508946 -2.116205 0 -1.85168 0.006508946 -1.85168 0.006508946 -2.116205 0 -1.587154 0 -1.85168 0.006508946 -1.587154 0 -1.587154 0.006508946 -1.587154 0.006508946 -1.587154 0 -1.322628 0.006508946 -1.587154 0.006508946 -1.322628 0.006508946 -1.322628 0.01283097 -1.322628 0.01283097 -1.322628 0.006508946 -1.058103 0.006508946 -1.322628 0.01283097 -1.058103 0.006508946 -0.92584 0.01281797 -0.92584 0.01281797 -1.058103 0.006508946 -0.92584 0.006508946 -0.92584 0.01281797 -0.92584 0.006508946 -0.859708 0.006508946 -0.859708 0.006508946 -0.92584 0.006508946 -0.793577 0 -0.859708 0.006508946 -0.793577 0 -0.793577 0.006508946 -0.793577 0.006508946 -0.793577 0 -0.661314 0 -0.793577 0.006508946 -0.661314 0 -0.661314 0.006508946 -0.661314 0.006508946 -0.661314 0 -0.529051 0 -0.661314 0.006508946 -0.529051 0 -0.529051 0.006508946 -0.529051 0.006508946 -0.529051 0 -0.396789 0.006508946 -0.529051 0.006508946 -0.396789 0.006508946 -0.529051 0.01280599 -0.529051 0.01280599 -0.396789 0.006508946 -0.264526 0.01279699 -0.264526 0.01279699 -0.396789 0.006508946 -0.264526 0.006508946 -0.264526 0.01279699 -0.264526 0.006508946 -0.101517 0.006367981 -0.101517 0.006367981 -0.264526 0.006508946 -0.264526 0 -0.264526 0 -0.264526 0.006508946 -0.396789 0.006508946 -0.264526 0 -0.396789 0.006508946 -0.529051 0 -3.703359 0 -3.174308 0 -3.438834 0.006508946 -3.438834 0.006508946 -3.174308 0 -3.174308 0.006508946 -3.174308 0 -2.645257 0 -3.174308 0.006508946 -3.174308 0.006508946 -2.645257 0 -2.645257 0.006508946 -2.645257 0 -2.116205 0 -2.645257 0.006508946 -1.587154 0 -1.058103 0 -1.322628 0.006508946 -1.322628 0.006508946 -1.058103 0 -1.058103 0.006508946 -1.058103 0.006508946 -1.058103 0 -0.92584 0.006508946 -0.92584 0.006508946 -1.058103 0 -0.793577 0 -0.529051 0.006508946 -0.529051 0.01280599 -0.661314 0.006508946 -0.661314 0.006508946 -0.529051 0.01280599 -0.661314 0.01280999 -0.661314 0.006508946 -0.661314 0.01280999 -0.793577 0.006508946 -0.793577 0.006508946 -0.661314 0.01280999 -0.793577 0.01281398 -0.793577 0.006508946 -0.793577 0.01281398 -0.859708 0.006508946 -0.859708 0.006508946 -0.793577 0.01281398 -0.92584 0.01281797 -1.322628 0.01283097 -1.85168 0.01284795 -1.587154 0.006508946 -1.587154 0.006508946 -1.85168 0.01284795 -1.85168 0.006508946 -1.85168 0.006508946 -1.85168 0.01284795 -2.116205 0.006508946 -2.116205 0.006508946 -1.85168 0.01284795 -2.645257 0.01287394 -3.438834 0.01289898 -4.23241 0.01292496 -3.703359 0.006508946 -3.703359 0.006508946 -4.23241 0.01292496 -4.23241 0.006508946 -4.23241 0.006508946 -4.23241 0.01292496 -4.761462 0.006508946 -4.761462 0.006508946 -4.23241 0.01292496 -4.761462 0.01294195 -4.761462 0.006508946 -4.761462 0.01294195 -5.290513 0.006508946 -5.290513 0.006508946 -4.761462 0.01294195 -5.290513 0.012959 -5.290513 0.006508946 -5.290513 0.012959 -5.555039 0.006508946 -5.555039 0.006508946 -5.290513 0.012959 -5.819565 0.01297599 -10.58646 2.1e-5 -10.58344 2.1e-5 -10.56034 0.007030963 -10.56034 0.007030963 -10.58344 2.1e-5 -10.25301 10e-6 -10.56034 0.007030963 -10.25301 10e-6 -10.2529 1.4e-5 -10.2529 1.4e-5 -10.02812 0.01406198 -10.56034 0.007030963 -10.56034 0.007030963 -10.02812 0.01406198 -10.56034 0.01406198 -10.56034 0.007030963 -10.56034 0.01406198 -10.82435 0.01406198 -11.61637 0.01406198 -11.08836 0.007030963 -10.82435 0.01406198 -10.82435 0.01406198 -11.08836 0.007030963 -10.82435 0.007030963 -10.82435 0.01406198 -10.82435 0.007030963 -10.56034 0.007030963 -10.56034 0.007030963 -10.82435 0.007030963 -10.58646 2.1e-5 -11.08836 0.007030963 -11.61637 0.01406198 -11.61637 0.007030963 -11.61637 0.007030963 -11.61637 0.01406198 -12.14439 0.01406198 -11.61637 0.007030963 -12.14439 0.01406198 -12.14439 0.007030963 -12.14439 0.007030963 -12.14439 0.01406198 -12.4084 0.007030963 -12.14439 0.007030963 -12.4084 0.007030963 -12.2018 8.8e-5 -12.2018 8.8e-5 -12.4084 0.007030963 -12.67241 1.08e-4 -12.67241 1.08e-4 -12.4084 0.007030963 -12.67241 0.007030963 -12.67241 1.08e-4 -12.67241 0.007030963 -13.20043 1.3e-4 -13.20043 1.3e-4 -12.67241 0.007030963 -13.37643 0.007030963 -13.20043 1.3e-4 -13.37643 0.007030963 -13.72844 1.52e-4 -13.72844 1.52e-4 -13.37643 0.007030963 -13.72844 0.007030963 -13.72844 1.52e-4 -13.72844 0.007030963 -14.25646 0.007030963 -14.25646 0.007030963 -13.72844 0.007030963 -14.25646 0.01406198 -14.25646 0.007030963 -14.25646 0.01406198 -14.78448 0.01406198 -12.14439 0.01406198 -12.67241 0.01406198 -12.4084 0.007030963 -12.4084 0.007030963 -12.67241 0.01406198 -12.67241 0.007030963 -12.67241 0.01406198 -13.20043 0.01406198 -12.67241 0.007030963 -12.67241 0.007030963 -13.20043 0.01406198 -13.37643 0.007030963 -13.20043 0.01406198 -13.72844 0.01406198 -13.37643 0.007030963 -13.37643 0.007030963 -13.72844 0.01406198 -13.72844 0.007030963 -13.72844 0.01406198 -14.25646 0.01406198 -13.72844 0.007030963 -15.31249 0.01406198 -15.04849 0.007030963 -14.78448 0.01406198 -14.78448 0.01406198 -15.04849 0.007030963 -14.78448 0.007030963 -14.78448 0.01406198 -14.78448 0.007030963 -14.25646 0.007030963 -14.25646 0.007030963 -14.78448 0.007030963 -14.25646 1.74e-4 -14.25646 0.007030963 -14.25646 1.74e-4 -13.72844 1.52e-4 -15.04849 0.007030963 -15.31249 0.01406198 -15.31249 0.007030963 -15.31249 0.007030963 -15.31249 0.01406198 -15.5765 0.01406198 -15.31249 0.007030963 -15.5765 0.01406198 -15.5765 0.007030963 -15.5765 0.007030963 -15.5765 0.01406198 -15.84051 0.01406198 -15.5765 0.007030963 -15.84051 0.01406198 -15.84051 0.007030963 -15.84051 0.007030963 -15.84051 0.01406198 -15.97251 0.007030963 -15.84051 0.007030963 -15.97251 0.007030963 -15.97251 2.46e-4 -15.97251 2.46e-4 -15.97251 0.007030963 -16.10452 0.007030963 -15.97251 2.46e-4 -16.10452 0.007030963 -16.10452 2.52e-4 -16.10452 2.52e-4 -16.10452 0.007030963 -16.23653 0.007030963 -16.10452 2.52e-4 -16.23653 0.007030963 -16.23653 2.57e-4 -16.23653 2.57e-4 -16.23653 0.007030963 -16.30253 0.007030963 -16.23653 2.57e-4 -16.30253 0.007030963 -16.36853 2.63e-4 -16.36853 2.63e-4 -16.30253 0.007030963 -16.36853 0.007030963 -16.36853 2.63e-4 -16.36853 0.007030963 -16.50053 2.68e-4 -16.50053 2.68e-4 -16.36853 0.007030963 -16.50053 0.007030963 -16.50053 2.68e-4 -16.50053 0.007030963 -16.63254 0.007030963 -16.63254 0.007030963 -16.50053 0.007030963 -16.50053 0.01406198 -16.63254 0.007030963 -16.50053 0.01406198 -16.79633 0.01406198 -15.84051 0.01406198 -16.10452 0.01406198 -15.97251 0.007030963 -15.97251 0.007030963 -16.10452 0.01406198 -16.10452 0.007030963 -16.10452 0.01406198 -16.23653 0.01406198 -16.10452 0.007030963 -16.10452 0.007030963 -16.23653 0.01406198 -16.23653 0.007030963 -16.23653 0.01406198 -16.30253 0.01406198 -16.23653 0.007030963 -16.23653 0.007030963 -16.30253 0.01406198 -16.30253 0.007030963 -16.30253 0.007030963 -16.30253 0.01406198 -16.36853 0.007030963 -16.36853 0.007030963 -16.30253 0.01406198 -16.50053 0.01406198 -16.36853 0.007030963 -16.50053 0.01406198 -16.50053 0.007030963 -16.79633 0.01406198 -16.79582 0.01360899 -16.63254 0.007030963 -16.63254 0.007030963 -16.79582 0.01360899 -16.79518 0.01237297 -16.63254 0.007030963 -16.79518 0.01237297 -16.79499 0.01188296 -16.79499 0.01188296 -16.79464 0.01074099 -16.63254 0.007030963 -16.63254 0.007030963 -16.79464 0.01074099 -16.79452 0.01014399 -16.63254 0.007030963 -16.79452 0.01014399 -16.79445 0.009530961 -16.79445 0.009530961 -16.79439 0.00644797 -16.63254 0.007030963 -16.63254 0.007030963 -16.79439 0.00644797 -16.79433 0.00336498 -16.63254 0.007030963 -16.79433 0.00336498 -16.50053 2.68e-4 -16.50053 2.68e-4 -16.79433 0.00336498 -16.79427 2.8e-4 -15.97251 2.46e-4 -15.5765 2.29e-4 -15.84051 0.007030963 -15.84051 0.007030963 -15.5765 2.29e-4 -15.5765 0.007030963 -15.5765 0.007030963 -15.5765 2.29e-4 -15.31249 0.007030963 -15.31249 0.007030963 -15.5765 2.29e-4 -15.04849 2.07e-4 -15.31249 0.007030963 -15.04849 2.07e-4 -15.04849 0.007030963 -15.04849 0.007030963 -15.04849 2.07e-4 -14.78448 0.007030963 -15.04849 2.07e-4 -14.25646 1.74e-4 -14.78448 0.007030963 -12.2018 8.8e-5 -11.61637 6.4e-5 -12.14439 0.007030963 -12.14439 0.007030963 -11.61637 6.4e-5 -11.61637 0.007030963 -11.61637 6.4e-5 -11.08836 4.2e-5 -11.61637 0.007030963 -11.61637 0.007030963 -11.08836 4.2e-5 -11.08836 0.007030963 -11.08836 0.007030963 -11.08836 4.2e-5 -10.82435 0.007030963 -10.82435 0.007030963 -11.08836 4.2e-5 -10.58646 2.1e-5 -0.102287 0.006427943 -0.1022289 0.00951898 -0.264406 0.007049977 -0.264406 0.007049977 -0.1022289 0.00951898 -0.102132 0.01017898 -0.264406 0.007049977 -0.102132 0.01017898 -0.101995 0.01081997 -0.264406 0.007049977 -0.101995 0.01081997 -0.264406 0.01409995 -0.264406 0.01409995 -0.101995 0.01081997 -0.101604 0.01204895 -0.264406 0.01409995 -0.101604 0.01204895 -0.100342 0.01409995 -0.264406 0.007049977 -0.264406 0.01409995 -0.396609 0.007049977 -0.396609 0.007049977 -0.264406 0.01409995 -0.528812 0.01409995 -0.396609 0.007049977 -0.528812 0.01409995 -0.528812 0.007049977 -0.528812 0.007049977 -0.528812 0.01409995 -0.661014 0.01409995 -0.528812 0.007049977 -0.661014 0.01409995 -0.661014 0.007049977 -0.661014 0.007049977 -0.661014 0.01409995 -0.793217 0.01409995 -0.661014 0.007049977 -0.793217 0.01409995 -0.793217 0.007049977 -0.793217 0.007049977 -0.793217 0.01409995 -0.859319 0.007049977 -0.793217 0.007049977 -0.859319 0.007049977 -0.793217 2.19e-4 -0.793217 2.19e-4 -0.859319 0.007049977 -0.92542 2.14e-4 -0.92542 2.14e-4 -0.859319 0.007049977 -0.92542 0.007049977 -0.92542 2.14e-4 -0.92542 0.007049977 -1.057623 0.007049977 -1.057623 0.007049977 -0.92542 0.007049977 -0.92542 0.01409995 -1.057623 0.007049977 -0.92542 0.01409995 -1.322029 0.01409995 -0.793217 0.01409995 -0.92542 0.01409995 -0.859319 0.007049977 -0.859319 0.007049977 -0.92542 0.01409995 -0.92542 0.007049977 -1.85084 0.01409995 -1.586435 0.007049977 -1.322029 0.01409995 -1.322029 0.01409995 -1.586435 0.007049977 -1.322029 0.007049977 -1.322029 0.01409995 -1.322029 0.007049977 -1.057623 0.007049977 -1.057623 0.007049977 -1.322029 0.007049977 -1.322029 2e-4 -1.057623 0.007049977 -1.322029 2e-4 -0.92542 2.14e-4 -2.644058 0.01409995 -2.115246 0.007049977 -1.85084 0.01409995 -1.85084 0.01409995 -2.115246 0.007049977 -1.85084 0.007049977 -1.85084 0.01409995 -1.85084 0.007049977 -1.586435 0.007049977 -1.586435 0.007049977 -1.85084 0.007049977 -1.85084 1.81e-4 -1.586435 0.007049977 -1.85084 1.81e-4 -1.322029 2e-4 -3.437275 0.01409995 -3.172869 0.007049977 -2.644058 0.01409995 -2.644058 0.01409995 -3.172869 0.007049977 -2.644058 0.007049977 -2.644058 0.01409995 -2.644058 0.007049977 -2.115246 0.007049977 -2.115246 0.007049977 -2.644058 0.007049977 -2.644058 1.53e-4 -2.115246 0.007049977 -2.644058 1.53e-4 -1.85084 1.81e-4 -4.230492 0.01409995 -3.701681 0.007049977 -3.437275 0.01409995 -3.437275 0.01409995 -3.701681 0.007049977 -3.437275 0.007049977 -3.437275 0.01409995 -3.437275 0.007049977 -3.172869 0.007049977 -3.172869 0.007049977 -3.437275 0.007049977 -3.437275 1.25e-4 -3.172869 0.007049977 -3.437275 1.25e-4 -2.644058 1.53e-4 -3.701681 0.007049977 -4.230492 0.01409995 -4.230492 0.007049977 -4.230492 0.007049977 -4.230492 0.01409995 -4.759304 0.01409995 -4.230492 0.007049977 -4.759304 0.01409995 -4.759304 0.007049977 -4.759304 0.007049977 -4.759304 0.01409995 -5.288116 0.01409995 -4.759304 0.007049977 -5.288116 0.01409995 -5.288116 0.007049977 -5.288116 0.007049977 -5.288116 0.01409995 -5.552521 0.007049977 -5.288116 0.007049977 -5.552521 0.007049977 -5.288116 5.9e-5 -5.288116 5.9e-5 -5.552521 0.007049977 -5.816927 4e-5 -5.816927 4e-5 -5.552521 0.007049977 -5.816927 0.007049977 -5.816927 4e-5 -5.816927 0.007049977 -6.345738 0.007049977 -6.345738 0.007049977 -5.816927 0.007049977 -6.345738 0.014099 -6.345738 0.007049977 -6.345738 0.014099 -6.910894 0.014099 -5.288116 0.01409995 -5.816927 0.014099 -5.552521 0.007049977 -5.552521 0.007049977 -5.816927 0.014099 -5.816927 0.007049977 -5.816927 0.014099 -6.345738 0.014099 -5.816927 0.007049977 -6.910894 0.014099 -6.686332 9e-6 -6.345738 0.007049977 -6.345738 0.007049977 -6.686332 9e-6 -6.345738 2.1e-5 -6.345738 0.007049977 -6.345738 2.1e-5 -5.816927 4e-5 -5.288116 5.9e-5 -4.759304 7.8e-5 -5.288116 0.007049977 -5.288116 0.007049977 -4.759304 7.8e-5 -4.759304 0.007049977 -4.759304 7.8e-5 -4.230492 9.6e-5 -4.759304 0.007049977 -4.759304 0.007049977 -4.230492 9.6e-5 -4.230492 0.007049977 -4.230492 0.007049977 -4.230492 9.6e-5 -3.701681 0.007049977 -3.701681 0.007049977 -4.230492 9.6e-5 -3.437275 1.25e-4 -3.701681 0.007049977 -3.437275 1.25e-4 -3.437275 0.007049977 -0.793217 2.19e-4 -0.661014 2.24e-4 -0.793217 0.007049977 -0.793217 0.007049977 -0.661014 2.24e-4 -0.661014 0.007049977 -0.661014 2.24e-4 -0.528812 2.29e-4 -0.661014 0.007049977 -0.661014 0.007049977 -0.528812 2.29e-4 -0.528812 0.007049977 -0.528812 0.007049977 -0.528812 2.29e-4 -0.396609 0.007049977 -0.396609 0.007049977 -0.528812 2.29e-4 -0.264406 2.38e-4 -0.396609 0.007049977 -0.264406 2.38e-4 -0.264406 0.007049977 -0.264406 0.007049977 -0.264406 2.38e-4 -0.102345 0.003335952 -0.264406 0.007049977 -0.102345 0.003335952 -0.102287 0.006427943 -0.264406 2.38e-4 -0.102403 2.44e-4 -0.102345 0.003335952 -2.644058 1.53e-4 -2.644058 0.007049977 -3.172869 0.007049977 -1.85084 1.81e-4 -1.85084 0.007049977 -2.115246 0.007049977 -1.322029 2e-4 -1.322029 0.007049977 -1.586435 0.007049977 -0.350949 9.84e-4 0.351714 0.001462996 -0.351604 0.001963973 -0.351604 0.001963973 0.351714 0.001462996 0.351655 0.002193987 -0.351604 0.001963973 0.351655 0.002193987 -0.351834 0.002193987 0.351714 0.001462996 -0.350949 9.84e-4 0.351774 7.31e-4 0.351774 7.31e-4 -0.350949 9.84e-4 -0.350786 4.93e-4 0.351774 7.31e-4 -0.350786 4.93e-4 0.351834 0 0.351834 0 -0.350786 4.93e-4 -0.350731 0 -0.004269957 -0.343194 -0.004361987 -0.343035 -0.004214942 -0.34335 -0.004214942 -0.34335 -0.004361987 -0.343035 -0.004658997 -0.34271 -0.004214942 -0.34335 -0.004658997 -0.34271 -0.004836976 -0.342562 -0.004836976 -0.342562 -0.005419969 -0.342166 -0.004214942 -0.34335 -0.004214942 -0.34335 -0.005419969 -0.342166 -0.005919992 -0.341972 -0.004214942 -0.34335 -0.005919992 -0.341972 -0.70678 -0.34335 -0.70678 -0.34335 -0.005919992 -0.341972 -0.219201 -0.21448 -0.70678 -0.34335 -0.219201 -0.21448 -0.410021 -0.05565595 -0.410021 -0.05565595 -0.574011 0.130446 -0.70678 -0.34335 -0.70678 -0.34335 -0.574011 0.130446 -0.706781 0.339253 0.351834 0.301593 -0.350731 0.301593 0.351774 0.300862 0.351774 0.300862 -0.350731 0.301593 -0.350786 0.3011 0.351774 0.300862 -0.350786 0.3011 -0.350949 0.300609 0.351774 0.300862 -0.350949 0.300609 0.351714 0.30013 0.351714 0.30013 -0.350949 0.300609 -0.351604 0.299629 0.351714 0.30013 -0.351604 0.299629 0.351655 0.299399 0.351655 0.299399 -0.351604 0.299629 -0.351834 0.299399 0.2 0.241051 -0.2 0.221011 0.2 0.211179 0.2 0.211179 -0.2 0.221011 -0.2 0.189438 0.2 0.211179 -0.2 0.189438 0.174456 0.183668 0.174456 0.183668 -0.2 0.189438 -0.2 0.157865 0.174456 0.183668 -0.2 0.157865 0.148873 0.157865 -0.2 0.221011 0.2 0.241051 -0.2 0.252584 -0.2 0.252584 0.2 0.241051 0.2 0.270922 -0.2 0.252584 0.2 0.270922 -0.2 0.284157 -0.2 0.284157 0.2 0.270922 0.2 0.300794 -0.2 0.284157 0.2 0.300794 -0.2 0.31573 -0.2 -0.31573 0.2 -0.330666 0.2 -0.300794 -0.2 -0.31573 0.2 -0.300794 -0.2 -0.284157 -0.2 -0.284157 0.2 -0.300794 0.2 -0.270922 -0.2 -0.284157 0.2 -0.270922 -0.2 -0.252584 -0.2 -0.252584 0.2 -0.270922 0.2 -0.241051 -0.2 -0.252584 0.2 -0.241051 -0.2 -0.221011 -0.2 -0.221011 0.2 -0.241051 0.2 -0.211179 -0.2 -0.221011 0.2 -0.211179 -0.2 -0.189438 -0.2 -0.189438 0.2 -0.211179 0.174456 -0.183668 -0.2 -0.189438 0.174456 -0.183668 -0.2 -0.157865 -0.2 -0.157865 0.174456 -0.183668 0.148873 -0.157865 -0.175483 0 0.1545169 0 -0.175483 0.01887798 -0.175483 0.01887798 0.1545169 0 0.17339 0.01887798 -0.17339 0.01887798 -0.1545169 0 0.175483 0.01887798 0.175483 0.01887798 -0.1545169 0 0.175483 0 0.05912798 0.201 0.04025 0.201 0.06012499 0.134002 0.06012499 0.134002 0.04025 0.201 0.009193956 0.196081 0.06012499 0.134002 0.009193956 0.196081 -0.01882195 0.181806 -0.01882195 0.181806 -0.04105597 0.159572 0.06012499 0.134002 0.06012499 0.134002 -0.04105597 0.159572 -0.05533099 0.131556 0.06012499 0.134002 -0.05533099 0.131556 -0.06024998 0.1005 0.06012499 0.134002 -0.06024998 0.1005 0.06012499 0.066998 0.06012499 0.066998 -0.06024998 0.1005 -0.05533099 0.069444 0.06012499 0.066998 -0.05533099 0.069444 -0.04105597 0.04142796 -0.04105597 0.04142796 -0.01882195 0.01919394 0.06012499 0.066998 0.06012499 0.066998 -0.01882195 0.01919394 0.009193956 0.004918992 0.06012499 0.066998 0.009193956 0.004918992 0.04025 0 0.04025 0 0.05912798 0 0.06012499 0.066998 0.2 -0.078413 -0.2 -0.09471899 0.2 -0.104551 0.2 -0.104551 -0.2 -0.09471899 -0.2 -0.126292 0.2 -0.104551 -0.2 -0.126292 0.174456 -0.132062 0.174456 -0.132062 -0.2 -0.126292 -0.2 -0.157865 0.174456 -0.132062 -0.2 -0.157865 0.148873 -0.157865 -0.2 -0.09471899 0.2 -0.078413 -0.2 -0.06314599 -0.2 -0.06314599 0.2 -0.078413 0.2 -0.05227595 -0.2 -0.06314599 0.2 -0.05227595 -0.2 -0.03157299 -0.2 -0.03157299 0.2 -0.05227595 0.2 -0.02613794 -0.2 -0.03157299 0.2 -0.02613794 -0.2 0 -0.2 0 0.2 -0.02613794 0.2 0 0.175483 0.01887798 -0.1545169 0.01887798 0.175483 0 0.175483 0 -0.1545169 0.01887798 -0.17339 0 0.17339 0 0.1545169 0.01887798 -0.175483 0 -0.175483 0 0.1545169 0.01887798 -0.175483 0.01887798 -0.05912798 0 -0.04025 0 -0.06012499 0.066998 -0.06012499 0.066998 -0.04025 0 -0.009193956 0.004918992 -0.06012499 0.066998 -0.009193956 0.004918992 0.01882195 0.01919394 0.01882195 0.01919394 0.04105597 0.04142796 -0.06012499 0.066998 -0.06012499 0.066998 0.04105597 0.04142796 0.05533099 0.069444 -0.06012499 0.066998 0.05533099 0.069444 0.06024998 0.1005 -0.06012499 0.066998 0.06024998 0.1005 -0.06012499 0.134002 -0.06012499 0.134002 0.06024998 0.1005 0.05533099 0.131556 -0.06012499 0.134002 0.05533099 0.131556 0.04105597 0.159572 0.04105597 0.159572 0.01882195 0.181806 -0.06012499 0.134002 -0.06012499 0.134002 0.01882195 0.181806 -0.009193956 0.196081 -0.06012499 0.134002 -0.009193956 0.196081 -0.04025 0.201 -0.04025 0.201 -0.05912798 0.201 -0.06012499 0.134002 -0.05098795 0.323904 -0.05773496 0.26698 0 0.33198 0 0.33198 -0.05773496 0.26698 0.05773496 0.26698 0 0.33198 0.05773496 0.26698 0.05098795 0.323904 0.05098795 0.323904 0.05773496 0.26698 0.09698498 0.300468 0.09698498 0.300468 0.05773496 0.26698 0.1334879 0.263965 0.1334879 0.263965 0.05773496 0.26698 0.156924 0.217968 0.156924 0.217968 0.05773496 0.26698 0.11547 0.16698 0.156924 0.217968 0.11547 0.16698 0.165 0.16698 0.165 0.16698 0.11547 0.16698 0.156924 0.115992 0.156924 0.115992 0.11547 0.16698 0.05773496 0.06698 0.156924 0.115992 0.05773496 0.06698 0.1334879 0.06999498 0.1334879 0.06999498 0.05773496 0.06698 0.09698498 0.03349196 0.09698498 0.03349196 0.05773496 0.06698 0.05098795 0.01005595 0.05098795 0.01005595 0.05773496 0.06698 0 0.001979947 0 0.001979947 0.05773496 0.06698 -0.05773496 0.06698 0 0.001979947 -0.05773496 0.06698 -0.05098795 0.01005595 -0.05098795 0.01005595 -0.05773496 0.06698 -0.09698498 0.03349196 -0.09698498 0.03349196 -0.05773496 0.06698 -0.1334879 0.06999498 -0.1334879 0.06999498 -0.05773496 0.06698 -0.156924 0.115992 -0.156924 0.115992 -0.05773496 0.06698 -0.11547 0.16698 -0.156924 0.115992 -0.11547 0.16698 -0.165 0.16698 -0.165 0.16698 -0.11547 0.16698 -0.156924 0.217968 -0.156924 0.217968 -0.11547 0.16698 -0.05773496 0.26698 -0.156924 0.217968 -0.05773496 0.26698 -0.1334879 0.263965 -0.1334879 0.263965 -0.05773496 0.26698 -0.09698498 0.300468 -0.09698498 0.300468 -0.05773496 0.26698 -0.05098795 0.323904 0.290469 0.301151 0.290469 0.376438 0.279279 0.301151 0.279279 0.301151 0.290469 0.376438 0.221042 0.376438 0.279279 0.301151 0.221042 0.376438 0.186186 0.301151 0.186186 0.301151 0.221042 0.376438 0.151614 0.376438 0.186186 0.301151 0.151614 0.376438 0.09309297 0.301151 0.09309297 0.301151 0.151614 0.376438 0.08218598 0.376438 0.09309297 0.301151 0.08218598 0.376438 0.08218598 0.301151 0.09309297 0.301151 0.08218598 0.301151 0.09309297 0.225863 0.09309297 0.225863 0.08218598 0.301151 0.08218598 0.225863 0.09309297 0.225863 0.08218598 0.225863 0.09309297 0.150575 0.09309297 0.150575 0.08218598 0.225863 0.08218598 0.150575 0.09309297 0.150575 0.08218598 0.150575 0.09309297 0.07528799 0.09309297 0.07528799 0.08218598 0.150575 0.08218598 0.07528799 0.09309297 0.07528799 0.08218598 0.07528799 0.09309297 0 0.09309297 0 0.08218598 0.07528799 0.08218598 0 0.09309297 0 0.08218598 0 0.09309297 -0.07528799 0.09309297 -0.07528799 0.08218598 0 0.08218598 -0.07528799 0.09309297 -0.07528799 0.08218598 -0.07528799 0.09309297 -0.150575 0.09309297 -0.150575 0.08218598 -0.07528799 0.08218598 -0.150575 0.09309297 -0.150575 0.08218598 -0.150575 0.09309297 -0.225863 0.09309297 -0.225863 0.08218598 -0.150575 0.08218598 -0.225863 0.09309297 -0.225863 0.08218598 -0.225863 0.09309297 -0.301151 0.09309297 -0.301151 0.08218598 -0.225863 0.08218598 -0.301151 0.09309297 -0.301151 0.08218598 -0.301151 0.08218598 -0.376438 0.08218598 -0.376438 0.151614 -0.376438 0.09309297 -0.301151 0.09309297 -0.301151 0.151614 -0.376438 0.186186 -0.301151 0.09309297 -0.301151 0.186186 -0.301151 0.09309297 -0.225863 0.09309297 -0.225863 0.186186 -0.301151 0.186186 -0.225863 0.09309297 -0.225863 0.186186 -0.225863 0.09309297 -0.150575 0.09309297 -0.150575 0.186186 -0.225863 0.186186 -0.150575 0.09309297 -0.150575 0.186186 -0.150575 0.09309297 -0.07528799 0.09309297 -0.07528799 0.186186 -0.150575 0.186186 -0.07528799 0.09309297 -0.07528799 0.186186 -0.07528799 0.09309297 0 0.09309297 0 0.186186 -0.07528799 0.186186 0 0.09309297 0 0.186186 0 0.09309297 0.07528799 0.09309297 0.07528799 0.186186 0 0.186186 0.07528799 0.09309297 0.07528799 0.186186 0.07528799 0.09309297 0.150575 0.09309297 0.150575 0.186186 0.07528799 0.186186 0.150575 0.09309297 0.150575 0.186186 0.150575 0.09309297 0.225863 0.09309297 0.225863 0.186186 0.150575 0.186186 0.225863 0.09309297 0.225863 0.186186 0.225863 0.09309297 0.301151 0.09309297 0.301151 0.186186 0.225863 0.186186 0.301151 0.151614 -0.376438 0.221042 -0.376438 0.186186 -0.301151 0.186186 -0.301151 0.221042 -0.376438 0.279279 -0.301151 0.186186 -0.301151 0.279279 -0.301151 0.186186 -0.225863 0.186186 -0.225863 0.279279 -0.301151 0.279279 -0.225863 0.186186 -0.225863 0.279279 -0.225863 0.186186 -0.150575 0.186186 -0.150575 0.279279 -0.225863 0.279279 -0.150575 0.186186 -0.150575 0.279279 -0.150575 0.186186 -0.07528799 0.186186 -0.07528799 0.279279 -0.150575 0.279279 -0.07528799 0.186186 -0.07528799 0.279279 -0.07528799 0.186186 0 0.186186 0 0.279279 -0.07528799 0.279279 0 0.186186 0 0.279279 0 0.186186 0.07528799 0.186186 0.07528799 0.279279 0 0.279279 0.07528799 0.186186 0.07528799 0.279279 0.07528799 0.186186 0.150575 0.186186 0.150575 0.279279 0.07528799 0.279279 0.150575 0.186186 0.150575 0.279279 0.150575 0.186186 0.225863 0.186186 0.225863 0.279279 0.150575 0.279279 0.225863 0.186186 0.225863 0.279279 0.225863 0.186186 0.301151 0.186186 0.301151 0.279279 0.225863 0.279279 0.301151 0.221042 -0.376438 0.290469 -0.376438 0.279279 -0.301151 0.279279 -0.301151 0.290469 -0.376438 0.290469 -0.301151 0.279279 -0.301151 0.290469 -0.301151 0.279279 -0.225863 0.279279 -0.225863 0.290469 -0.301151 0.290469 -0.225863 0.279279 -0.225863 0.290469 -0.225863 0.279279 -0.150575 0.279279 -0.150575 0.290469 -0.225863 0.290469 -0.150575 0.279279 -0.150575 0.290469 -0.150575 0.279279 -0.07528799 0.279279 -0.07528799 0.290469 -0.150575 0.290469 -0.07528799 0.279279 -0.07528799 0.290469 -0.07528799 0.279279 0 0.279279 0 0.290469 -0.07528799 0.290469 0 0.279279 0 0.290469 0 0.279279 0.07528799 0.279279 0.07528799 0.290469 0 0.290469 0.07528799 0.279279 0.07528799 0.290469 0.07528799 0.279279 0.150575 0.279279 0.150575 0.290469 0.07528799 0.290469 0.150575 0.279279 0.150575 0.290469 0.150575 0.279279 0.225863 0.279279 0.225863 0.290469 0.150575 0.290469 0.225863 0.279279 0.225863 0.290469 0.225863 0.279279 0.301151 0.279279 0.301151 0.290469 0.225863 0.290469 0.301151 0.05098795 -0.323904 0.05773496 -0.26698 0 -0.33198 0 -0.33198 0.05773496 -0.26698 -0.05773496 -0.26698 0 -0.33198 -0.05773496 -0.26698 -0.05098795 -0.323904 -0.05098795 -0.323904 -0.05773496 -0.26698 -0.09698498 -0.300468 -0.09698498 -0.300468 -0.05773496 -0.26698 -0.1334879 -0.263965 -0.1334879 -0.263965 -0.05773496 -0.26698 -0.11547 -0.16698 -0.1334879 -0.263965 -0.11547 -0.16698 -0.156924 -0.217968 -0.156924 -0.217968 -0.11547 -0.16698 -0.165 -0.16698 -0.165 -0.16698 -0.11547 -0.16698 -0.156924 -0.115992 -0.156924 -0.115992 -0.11547 -0.16698 -0.1334879 -0.06999498 -0.1334879 -0.06999498 -0.11547 -0.16698 -0.05773496 -0.06698 -0.1334879 -0.06999498 -0.05773496 -0.06698 -0.09698498 -0.03349196 -0.09698498 -0.03349196 -0.05773496 -0.06698 -0.05098795 -0.01005595 -0.05098795 -0.01005595 -0.05773496 -0.06698 0 -0.001979947 0 -0.001979947 -0.05773496 -0.06698 0.05773496 -0.06698 0 -0.001979947 0.05773496 -0.06698 0.05098795 -0.01005595 0.05098795 -0.01005595 0.05773496 -0.06698 0.09698498 -0.03349196 0.09698498 -0.03349196 0.05773496 -0.06698 0.1334879 -0.06999498 0.1334879 -0.06999498 0.05773496 -0.06698 0.11547 -0.16698 0.1334879 -0.06999498 0.11547 -0.16698 0.156924 -0.115992 0.156924 -0.115992 0.11547 -0.16698 0.165 -0.16698 0.165 -0.16698 0.11547 -0.16698 0.156924 -0.217968 0.156924 -0.217968 0.11547 -0.16698 0.1334879 -0.263965 0.1334879 -0.263965 0.11547 -0.16698 0.05773496 -0.26698 0.1334879 -0.263965 0.05773496 -0.26698 0.09698498 -0.300468 0.09698498 -0.300468 0.05773496 -0.26698 0.05098795 -0.323904 0.290469 -0.451726 0.290469 -0.376438 0.279279 -0.451726 0.279279 -0.451726 0.290469 -0.376438 0.221042 -0.376438 0.279279 -0.451726 0.221042 -0.376438 0.186186 -0.451726 0.186186 -0.451726 0.221042 -0.376438 0.151614 -0.376438 0.186186 -0.451726 0.151614 -0.376438 0.09309297 -0.451726 0.09309297 -0.451726 0.151614 -0.376438 0.08218598 -0.376438 0.09309297 -0.451726 0.08218598 -0.376438 0.08218598 -0.451726 0.09309297 -0.451726 0.08218598 -0.451726 0.09309297 -0.527014 0.09309297 -0.527014 0.08218598 -0.451726 0.08218598 -0.527014 0.09309297 -0.527014 0.08218598 -0.527014 0.09309297 -0.602302 0.09309297 -0.602302 0.08218598 -0.527014 0.08218598 -0.602302 0.09309297 -0.602302 0.08218598 -0.602302 0.09309297 -0.677589 0.09309297 -0.677589 0.08218598 -0.602302 0.08218598 -0.677589 0.09309297 -0.677589 0.08218598 -0.677589 0.09309297 -0.752877 0.09309297 -0.752877 0.08218598 -0.677589 0.08218598 -0.752877 0.09309297 0.752877 0.08218598 0.752877 0.09309297 0.677589 0.09309297 0.677589 0.08218598 0.752877 0.08218598 0.677589 0.09309297 0.677589 0.08218598 0.677589 0.09309297 0.602302 0.09309297 0.602302 0.08218598 0.677589 0.08218598 0.602302 0.09309297 0.602302 0.08218598 0.602302 0.09309297 0.527014 0.09309297 0.527014 0.08218598 0.602302 0.08218598 0.527014 0.09309297 0.527014 0.08218598 0.527014 0.09309297 0.451726 0.09309297 0.451726 0.08218598 0.527014 0.08218598 0.451726 0.09309297 0.451726 0.08218598 0.451726 0.08218598 0.376438 0.08218598 0.376438 0.151614 0.376438 0.09309297 0.451726 0.09309297 0.451726 0.151614 0.376438 0.186186 0.451726 0.09309297 0.451726 0.186186 0.451726 0.186186 0.527014 0.186186 0.527014 0.186186 0.451726 0.279279 0.527014 0.186186 0.527014 0.279279 0.527014 0.186186 0.602302 0.186186 0.602302 0.279279 0.527014 0.279279 0.602302 0.186186 0.602302 0.279279 0.602302 0.186186 0.677589 0.186186 0.677589 0.279279 0.602302 0.279279 0.677589 0.186186 0.677589 0.279279 0.677589 0.186186 0.752877 0.186186 0.752877 0.279279 0.677589 0.279279 0.752877 0.186186 -0.752877 0.279279 -0.752877 0.186186 -0.677589 0.186186 -0.677589 0.279279 -0.752877 0.279279 -0.677589 0.186186 -0.677589 0.279279 -0.677589 0.186186 -0.602302 0.186186 -0.602302 0.279279 -0.677589 0.279279 -0.602302 0.186186 -0.602302 0.279279 -0.602302 0.186186 -0.527014 0.186186 -0.527014 0.279279 -0.602302 0.279279 -0.527014 0.186186 -0.527014 0.279279 -0.527014 0.186186 -0.451726 0.186186 -0.451726 0.279279 -0.527014 0.279279 -0.451726 0.151614 0.376438 0.221042 0.376438 0.186186 0.451726 0.186186 0.451726 0.221042 0.376438 0.279279 0.451726 0.186186 0.451726 0.279279 0.451726 0.279279 0.527014 0.279279 0.527014 0.279279 0.451726 0.290469 0.451726 0.279279 0.527014 0.290469 0.451726 0.290469 0.527014 0.221042 0.376438 0.290469 0.376438 0.279279 0.451726 0.279279 0.451726 0.290469 0.376438 0.290469 0.451726 0.279279 0.527014 0.290469 0.527014 0.279279 0.602302 0.279279 0.602302 0.290469 0.527014 0.290469 0.602302 0.279279 0.602302 0.290469 0.602302 0.279279 0.677589 0.279279 0.677589 0.290469 0.602302 0.290469 0.677589 0.279279 0.677589 0.290469 0.677589 0.279279 0.752877 0.279279 0.752877 0.290469 0.677589 0.290469 0.752877 0.279279 -0.752877 0.290469 -0.752877 0.279279 -0.677589 0.279279 -0.677589 0.290469 -0.752877 0.290469 -0.677589 0.279279 -0.677589 0.290469 -0.677589 0.279279 -0.602302 0.279279 -0.602302 0.290469 -0.677589 0.290469 -0.602302 0.279279 -0.602302 0.290469 -0.602302 0.279279 -0.527014 0.279279 -0.527014 0.290469 -0.602302 0.290469 -0.527014 0.279279 -0.527014 0.290469 -0.527014 0.279279 -0.451726 0.279279 -0.451726 0.290469 -0.527014 0.290469 -0.451726 0.09309297 -0.752877 0.186186 -0.752877 0.09309297 -0.677589 0.09309297 -0.677589 0.186186 -0.752877 0.186186 -0.677589 0.09309297 -0.677589 0.186186 -0.677589 0.09309297 -0.602302 0.09309297 -0.602302 0.186186 -0.677589 0.186186 -0.602302 0.09309297 -0.602302 0.186186 -0.602302 0.09309297 -0.527014 0.09309297 -0.527014 0.186186 -0.602302 0.186186 -0.527014 0.09309297 -0.527014 0.186186 -0.527014 0.09309297 -0.451726 0.09309297 -0.451726 0.186186 -0.527014 0.186186 -0.451726 0.186186 0.752877 0.09309297 0.752877 0.186186 0.677589 0.186186 0.677589 0.09309297 0.752877 0.09309297 0.677589 0.186186 0.677589 0.09309297 0.677589 0.186186 0.602302 0.186186 0.602302 0.09309297 0.677589 0.09309297 0.602302 0.186186 0.602302 0.09309297 0.602302 0.186186 0.527014 0.186186 0.527014 0.09309297 0.602302 0.09309297 0.527014 0.186186 0.527014 0.09309297 0.527014 0.09309297 0.451726 0.151614 0.376438 0.08218598 0.376438 0.09309297 0.301151 0.09309297 0.301151 0.08218598 0.376438 0.08218598 0.301151 0.09309297 0.301151 0.08218598 0.301151 0.09309297 0.225863 0.09309297 0.225863 0.08218598 0.301151 0.08218598 0.225863 0.09309297 0.225863 0.08218598 0.225863 0.09309297 0.150575 0.09309297 0.150575 0.08218598 0.225863 0.08218598 0.150575 0.09309297 0.150575 0.08218598 0.150575 0.09309297 0.07528799 0.09309297 0.07528799 0.08218598 0.150575 0.08218598 0.07528799 0.09309297 0.07528799 0.08218598 0.07528799 0.09309297 0 0.09309297 0 0.08218598 0.07528799 0.08218598 0 0.09309297 0 0.08218598 0 0.09309297 -0.07528799 0.09309297 -0.07528799 0.08218598 0 0.08218598 -0.07528799 0.09309297 -0.07528799 0.08218598 -0.07528799 0.09309297 -0.150575 0.09309297 -0.150575 0.08218598 -0.07528799 0.08218598 -0.150575 0.09309297 -0.150575 0.08218598 -0.150575 0.09309297 -0.225863 0.09309297 -0.225863 0.08218598 -0.150575 0.08218598 -0.225863 0.09309297 -0.225863 0.08218598 -0.225863 0.09309297 -0.301151 0.09309297 -0.301151 0.08218598 -0.225863 0.08218598 -0.301151 0.09309297 -0.301151 0.08218598 -0.301151 0.08218598 -0.376438 0.08218598 -0.376438 0.151614 -0.376438 0.09309297 -0.301151 0.09309297 -0.301151 0.151614 -0.376438 0.186186 -0.301151 0.09309297 -0.301151 0.186186 -0.301151 0.09309297 -0.225863 0.09309297 -0.225863 0.186186 -0.301151 0.186186 -0.225863 0.09309297 -0.225863 0.186186 -0.225863 0.09309297 -0.150575 0.09309297 -0.150575 0.186186 -0.225863 0.186186 -0.150575 0.09309297 -0.150575 0.186186 -0.150575 0.09309297 -0.07528799 0.09309297 -0.07528799 0.186186 -0.150575 0.186186 -0.07528799 0.09309297 -0.07528799 0.186186 -0.07528799 0.09309297 0 0.09309297 0 0.186186 -0.07528799 0.186186 0 0.09309297 0 0.186186 0 0.186186 0.07528799 0.186186 0.07528799 0.186186 0 0.279279 0.07528799 0.186186 0.07528799 0.279279 0.07528799 0.279279 0.150575 0.279279 0.150575 0.279279 0.07528799 0.290469 0.07528799 0.279279 0.150575 0.290469 0.07528799 0.290469 0.150575 0.151614 -0.376438 0.221042 -0.376438 0.186186 -0.301151 0.186186 -0.301151 0.221042 -0.376438 0.279279 -0.301151 0.186186 -0.301151 0.279279 -0.301151 0.186186 -0.225863 0.186186 -0.225863 0.279279 -0.301151 0.279279 -0.225863 0.186186 -0.225863 0.279279 -0.225863 0.186186 -0.150575 0.186186 -0.150575 0.279279 -0.225863 0.279279 -0.150575 0.186186 -0.150575 0.279279 -0.150575 0.186186 -0.07528799 0.186186 -0.07528799 0.279279 -0.150575 0.279279 -0.07528799 0.186186 -0.07528799 0.279279 -0.07528799 0.186186 0 0.186186 0 0.279279 -0.07528799 0.279279 0 0.186186 0 0.279279 0 0.279279 0.07528799 0.279279 0.07528799 0.279279 0 0.290469 0 0.279279 0.07528799 0.290469 0 0.290469 0.07528799 0.221042 -0.376438 0.290469 -0.376438 0.279279 -0.301151 0.279279 -0.301151 0.290469 -0.376438 0.290469 -0.301151 0.279279 -0.301151 0.290469 -0.301151 0.279279 -0.225863 0.279279 -0.225863 0.290469 -0.301151 0.290469 -0.225863 0.279279 -0.225863 0.290469 -0.225863 0.279279 -0.150575 0.279279 -0.150575 0.290469 -0.225863 0.290469 -0.150575 0.279279 -0.150575 0.290469 -0.150575 0.279279 -0.07528799 0.279279 -0.07528799 0.290469 -0.150575 0.290469 -0.07528799 0.279279 -0.07528799 0.290469 -0.07528799 0.279279 0 0.279279 0 0.290469 -0.07528799 0.290469 0 0.290469 0.150575 0.290469 0.225863 0.279279 0.150575 0.279279 0.150575 0.290469 0.225863 0.279279 0.225863 0.279279 0.150575 0.279279 0.225863 0.186186 0.150575 0.186186 0.150575 0.279279 0.225863 0.186186 0.225863 0.186186 0.150575 0.186186 0.225863 0.09309297 0.150575 0.09309297 0.150575 0.186186 0.225863 0.09309297 0.225863 0.279279 0.225863 0.290469 0.225863 0.279279 0.301151 0.279279 0.301151 0.290469 0.225863 0.290469 0.301151 0.279279 0.301151 0.290469 0.301151 0.290469 0.376438 0.290469 0.376438 0.221042 0.376438 0.279279 0.301151 0.279279 0.301151 0.221042 0.376438 0.186186 0.301151 0.279279 0.301151 0.186186 0.301151 0.186186 0.225863 0.186186 0.225863 0.186186 0.301151 0.09309297 0.225863 0.221042 0.376438 0.151614 0.376438 0.186186 0.301151 0.186186 0.301151 0.151614 0.376438 0.09309297 0.301151 0.186186 0.301151 0.09309297 0.301151 0.09309297 0.225863 0.279279 0.225863 0.279279 0.301151 0.186186 0.225863 0.186186 0.150575 0.09309297 0.150575 0.09309297 0.07528799 0.186186 0.07528799 0.279279 0.150575 0.186186 0.150575 0.186186 0.07528799 0.186186 0.150575 0.09309297 0.07528799 0.09309297 0 0.186186 0.07528799 0.09309297 0.07528799 0.151614 -0.376438 0.08218598 -0.376438 0.09309297 -0.451726 0.09309297 -0.451726 0.08218598 -0.376438 0.08218598 -0.451726 0.09309297 -0.451726 0.08218598 -0.451726 0.09309297 -0.527014 0.09309297 -0.527014 0.08218598 -0.451726 0.08218598 -0.527014 0.09309297 -0.527014 0.08218598 -0.527014 0.09309297 -0.602302 0.09309297 -0.602302 0.08218598 -0.527014 0.08218598 -0.602302 0.09309297 -0.602302 0.08218598 -0.602302 0.09309297 -0.677589 0.09309297 -0.677589 0.08218598 -0.602302 0.08218598 -0.677589 0.09309297 -0.677589 0.08218598 -0.677589 0.09309297 -0.752877 0.09309297 -0.752877 0.08218598 -0.677589 0.08218598 -0.752877 0.09309297 0.752877 0.08218598 0.752877 0.09309297 0.677589 0.09309297 0.677589 0.08218598 0.752877 0.08218598 0.677589 0.09309297 0.677589 0.08218598 0.677589 0.09309297 0.602302 0.09309297 0.602302 0.08218598 0.677589 0.08218598 0.602302 0.09309297 0.602302 0.08218598 0.602302 0.09309297 0.527014 0.09309297 0.527014 0.08218598 0.602302 0.08218598 0.527014 0.09309297 0.527014 0.08218598 0.527014 0.09309297 0.451726 0.09309297 0.451726 0.08218598 0.527014 0.08218598 0.451726 0.09309297 0.451726 0.08218598 0.451726 0.08218598 0.376438 0.08218598 0.376438 0.151614 0.376438 0.09309297 0.451726 0.09309297 0.451726 0.151614 0.376438 0.186186 0.451726 0.09309297 0.451726 0.186186 0.451726 0.09309297 0.527014 0.09309297 0.527014 0.186186 0.451726 0.186186 0.527014 0.09309297 0.527014 0.186186 0.527014 0.09309297 0.602302 0.09309297 0.602302 0.186186 0.527014 0.186186 0.602302 0.09309297 0.602302 0.186186 0.602302 0.09309297 0.677589 0.09309297 0.677589 0.186186 0.602302 0.186186 0.677589 0.09309297 0.677589 0.186186 0.677589 0.09309297 0.752877 0.09309297 0.752877 0.186186 0.677589 0.186186 0.752877 0.09309297 -0.752877 0.186186 -0.752877 0.09309297 -0.677589 0.09309297 -0.677589 0.186186 -0.752877 0.186186 -0.677589 0.09309297 -0.677589 0.186186 -0.677589 0.09309297 -0.602302 0.09309297 -0.602302 0.186186 -0.677589 0.186186 -0.602302 0.09309297 -0.602302 0.186186 -0.602302 0.09309297 -0.527014 0.09309297 -0.527014 0.186186 -0.602302 0.186186 -0.527014 0.09309297 -0.527014 0.186186 -0.527014 0.09309297 -0.451726 0.09309297 -0.451726 0.186186 -0.527014 0.186186 -0.451726 0.09309297 -0.451726 0.186186 -0.451726 0.151614 -0.376438 0.151614 -0.376438 0.186186 -0.451726 0.221042 -0.376438 0.221042 -0.376438 0.186186 -0.451726 0.279279 -0.451726 0.221042 -0.376438 0.279279 -0.451726 0.290469 -0.376438 0.290469 -0.376438 0.279279 -0.451726 0.290469 -0.451726 0.290469 -0.451726 0.279279 -0.451726 0.290469 -0.527014 0.290469 -0.527014 0.279279 -0.451726 0.279279 -0.527014 0.290469 -0.527014 0.279279 -0.527014 0.290469 -0.602302 0.290469 -0.602302 0.279279 -0.527014 0.279279 -0.602302 0.290469 -0.602302 0.279279 -0.602302 0.290469 -0.677589 0.290469 -0.677589 0.279279 -0.602302 0.279279 -0.677589 0.290469 -0.677589 0.279279 -0.677589 0.290469 -0.752877 0.290469 -0.752877 0.279279 -0.677589 0.279279 -0.752877 0.290469 0.752877 0.279279 0.752877 0.290469 0.677589 0.290469 0.677589 0.279279 0.752877 0.279279 0.677589 0.290469 0.677589 0.279279 0.677589 0.290469 0.602302 0.290469 0.602302 0.279279 0.677589 0.279279 0.602302 0.290469 0.602302 0.279279 0.602302 0.290469 0.527014 0.290469 0.527014 0.279279 0.602302 0.279279 0.527014 0.290469 0.527014 0.279279 0.527014 0.290469 0.451726 0.290469 0.451726 0.279279 0.527014 0.279279 0.451726 0.290469 0.451726 0.279279 0.451726 0.290469 0.376438 0.290469 0.376438 0.279279 0.451726 0.221042 0.376438 0.221042 0.376438 0.279279 0.451726 0.186186 0.451726 0.221042 0.376438 0.186186 0.451726 0.151614 0.376438 0.186186 -0.752877 0.279279 -0.752877 0.186186 -0.677589 0.186186 -0.677589 0.279279 -0.752877 0.279279 -0.677589 0.186186 -0.677589 0.279279 -0.677589 0.186186 -0.602302 0.186186 -0.602302 0.279279 -0.677589 0.279279 -0.602302 0.186186 -0.602302 0.279279 -0.602302 0.186186 -0.527014 0.186186 -0.527014 0.279279 -0.602302 0.279279 -0.527014 0.186186 -0.527014 0.279279 -0.527014 0.186186 -0.451726 0.186186 -0.451726 0.279279 -0.527014 0.279279 -0.451726 0.279279 0.752877 0.186186 0.752877 0.279279 0.677589 0.279279 0.677589 0.186186 0.752877 0.186186 0.677589 0.279279 0.677589 0.186186 0.677589 0.279279 0.602302 0.279279 0.602302 0.186186 0.677589 0.186186 0.602302 0.279279 0.602302 0.186186 0.602302 0.279279 0.527014 0.279279 0.527014 0.186186 0.602302 0.186186 0.527014 0.279279 0.527014 0.186186 0.527014 0.279279 0.451726 0.279279 0.451726 0.186186 0.527014 0.186186 0.451726 -0.01603394 0 -0.01732295 -0.06249499 0.161966 0 0.161966 0 -0.01732295 -0.06249499 0.161966 -0.100531 0.161966 -0.100531 -0.01732295 -0.06249499 -0.02120697 -0.126596 0.161966 -0.100531 -0.02120697 -0.126596 0.161966 -0.201062 0.161966 -0.201062 -0.02120697 -0.126596 -0.02762496 -0.19065 0.161966 -0.201062 -0.02762496 -0.19065 -0.03605896 -0.253088 0.161966 -0.201062 -0.03605896 -0.253088 0.161966 -0.301593 0.161966 -0.301593 -0.03605896 -0.253088 -0.04622697 -0.314398 0.161966 -0.301593 -0.04622697 -0.314398 -0.05823999 -0.377405 0.161966 -0.301593 -0.05823999 -0.377405 0.161966 -0.402124 0.161966 -0.402124 -0.05823999 -0.377405 -0.07150697 -0.440621 0.161966 -0.402124 -0.07150697 -0.440621 0.161966 -0.502655 0.161966 -0.502655 -0.07150697 -0.440621 -0.08523696 -0.502687 0.161966 -0.502655 -0.08523696 -0.502687 -0.09882998 -0.56321 0.161966 -0.502655 -0.09882998 -0.56321 0.161966 -0.603186 0.161966 -0.603186 -0.09882998 -0.56321 -0.11263 -0.626042 0.161966 -0.603186 -0.11263 -0.626042 0.161966 -0.703717 0.161966 -0.703717 -0.11263 -0.626042 -0.125713 -0.689685 0.161966 -0.703717 -0.125713 -0.689685 -0.137161 -0.752226 0.161966 -0.703717 -0.137161 -0.752226 0.161966 -0.804248 0.161966 -0.804248 -0.137161 -0.752226 -0.1465499 -0.813771 0.161966 -0.804248 -0.1465499 -0.813771 -0.153945 -0.877888 0.161966 -0.804248 -0.153945 -0.877888 0.161966 -0.904779 0.161966 -0.904779 -0.153945 -0.877888 -0.158515 -0.942491 0.161966 -0.904779 -0.158515 -0.942491 0.161966 -1.00531 0.161966 -1.00531 -0.158515 -0.942491 -0.160034 -1.00531 -0.160034 0 -0.158515 -0.062819 0.161966 0 0.161966 0 -0.158515 -0.062819 0.161966 -0.100531 0.161966 -0.100531 -0.158515 -0.062819 -0.153945 -0.127422 0.161966 -0.100531 -0.153945 -0.127422 0.161966 -0.201062 0.161966 -0.201062 -0.153945 -0.127422 -0.1465499 -0.191538 0.161966 -0.201062 -0.1465499 -0.191538 -0.137161 -0.253083 0.161966 -0.201062 -0.137161 -0.253083 0.161966 -0.301593 0.161966 -0.301593 -0.137161 -0.253083 -0.125713 -0.315625 0.161966 -0.301593 -0.125713 -0.315625 -0.11263 -0.379268 0.161966 -0.301593 -0.11263 -0.379268 0.161966 -0.402124 0.161966 -0.402124 -0.11263 -0.379268 -0.09882998 -0.4421 0.161966 -0.402124 -0.09882998 -0.4421 0.161966 -0.502655 0.161966 -0.502655 -0.09882998 -0.4421 -0.08523696 -0.502622 0.161966 -0.502655 -0.08523696 -0.502622 -0.07150697 -0.564689 0.161966 -0.502655 -0.07150697 -0.564689 0.161966 -0.603186 0.161966 -0.603186 -0.07150697 -0.564689 -0.05823999 -0.627905 0.161966 -0.603186 -0.05823999 -0.627905 0.161966 -0.703717 0.161966 -0.703717 -0.05823999 -0.627905 -0.04622697 -0.690911 0.161966 -0.703717 -0.04622697 -0.690911 -0.03605896 -0.752222 0.161966 -0.703717 -0.03605896 -0.752222 0.161966 -0.804248 0.161966 -0.804248 -0.03605896 -0.752222 -0.02762496 -0.81466 0.161966 -0.804248 -0.02762496 -0.81466 -0.02120697 -0.878713 0.161966 -0.804248 -0.02120697 -0.878713 0.161966 -0.904779 0.161966 -0.904779 -0.02120697 -0.878713 -0.01732295 -0.942814 0.161966 -0.904779 -0.01732295 -0.942814 0.161966 -1.00531 0.161966 -1.00531 -0.01732295 -0.942814 -0.01603394 -1.00531 -0.122856 0 -0.1091279 -0.06206297 0.124339 0 0.124339 0 -0.1091279 -0.06206297 0.124339 -0.100531 0.124339 -0.100531 -0.1091279 -0.06206297 -0.09586197 -0.125275 0.124339 -0.100531 -0.09586197 -0.125275 0.124339 -0.201062 0.124339 -0.201062 -0.09586197 -0.125275 -0.08384996 -0.188278 0.124339 -0.201062 -0.08384996 -0.188278 -0.07368397 -0.249583 0.124339 -0.201062 -0.07368397 -0.249583 0.124339 -0.301593 0.124339 -0.301593 -0.07368397 -0.249583 -0.06524997 -0.312018 0.124339 -0.301593 -0.06524997 -0.312018 -0.058833 -0.376067 0.124339 -0.301593 -0.058833 -0.376067 0.124339 -0.402124 0.124339 -0.402124 -0.058833 -0.376067 -0.05494999 -0.440164 0.124339 -0.402124 -0.05494999 -0.440164 0.124339 -0.502655 0.124339 -0.502655 -0.05494999 -0.440164 -0.05366098 -0.502655 0.124339 -0.502655 -0.05366098 -0.502655 -0.05494999 -0.565146 0.124339 -0.502655 -0.05494999 -0.565146 0.124339 -0.603186 0.124339 -0.603186 -0.05494999 -0.565146 -0.058833 -0.629242 0.124339 -0.603186 -0.058833 -0.629242 0.124339 -0.703717 0.124339 -0.703717 -0.058833 -0.629242 -0.06524997 -0.693292 0.124339 -0.703717 -0.06524997 -0.693292 -0.07368397 -0.755726 0.124339 -0.703717 -0.07368397 -0.755726 0.124339 -0.804248 0.124339 -0.804248 -0.07368397 -0.755726 -0.08384996 -0.817032 0.124339 -0.804248 -0.08384996 -0.817032 -0.09586197 -0.880034 0.124339 -0.804248 -0.09586197 -0.880034 0.124339 -0.904779 0.124339 -0.904779 -0.09586197 -0.880034 -0.1091279 -0.943246 0.124339 -0.904779 -0.1091279 -0.943246 0.124339 -1.00531 0.124339 -1.00531 -0.1091279 -0.943246 -0.122856 -1.00531 -0.145552 2.910066 -0.134948 2.910066 -0.1570799 3.174618 -0.1570799 3.174618 -0.134948 2.910066 -0.134948 3.594788 -0.1570799 3.174618 -0.134948 3.594788 -0.1570799 3.880088 -0.1570799 3.880088 -0.134948 3.594788 -0.134948 4.279509 -0.1570799 3.880088 -0.134948 4.279509 -0.1570799 4.585559 -0.1570799 4.585559 -0.134948 4.279509 -0.134948 4.964231 -0.1570799 4.585559 -0.134948 4.964231 -0.1570799 5.291029 -0.1570799 5.291029 -0.134948 4.964231 -0.134948 5.648952 -0.1570799 5.291029 -0.134948 5.648952 -0.1570799 5.9965 -0.1570799 5.9965 -0.134948 5.648952 -0.134948 6.333673 -0.1570799 5.9965 -0.134948 6.333673 -0.1570799 6.701971 -0.1570799 6.701971 -0.134948 6.333673 -0.134948 7.018395 -0.1570799 6.701971 -0.134948 7.018395 -0.1570799 7.407441 -0.1570799 7.407441 -0.134948 7.018395 -0.134948 7.703116 -0.1570799 7.407441 -0.134948 7.703116 -0.1570799 8.112913 -0.1570799 8.112913 -0.134948 7.703116 -0.134948 8.387839 -0.1570799 8.112913 -0.134948 8.387839 -0.1570799 8.818383 -0.1570799 8.818383 -0.134948 8.387839 -0.134948 9.07256 -0.1570799 8.818383 -0.134948 9.07256 -0.1570799 9.523854 -0.1570799 9.523854 -0.134948 9.07256 -0.134948 9.757282 -0.1570799 9.523854 -0.134948 9.757282 -0.1570799 10.22932 -0.1570799 10.22932 -0.134948 9.757282 -0.134948 10.442 -0.1570799 10.22932 -0.134948 10.442 -0.1570799 10.93479 -0.1570799 10.93479 -0.134948 10.442 -0.134948 11.12672 -0.1570799 10.93479 -0.134948 11.12672 -0.1570799 11.64026 -0.1570799 -11.64026 -0.134948 -12.15381 -0.134948 -11.46908 -0.1570799 -11.64026 -0.134948 -11.46908 -0.1570799 -10.93479 -0.1570799 -10.93479 -0.134948 -11.46908 -0.134948 -10.78436 -0.1570799 -10.93479 -0.134948 -10.78436 -0.1570799 -10.22932 -0.1570799 -10.22932 -0.134948 -10.78436 -0.134948 -10.09964 -0.1570799 -10.22932 -0.134948 -10.09964 -0.1570799 -9.523854 -0.1570799 -9.523854 -0.134948 -10.09964 -0.134948 -9.41492 -0.1570799 -9.523854 -0.134948 -9.41492 -0.1570799 -8.818383 -0.1570799 -8.818383 -0.134948 -9.41492 -0.145552 -8.730199 -0.1570799 -8.818383 -0.145552 -8.730199 -0.156156 -8.730199 -0.134948 -9.41492 -0.134948 -8.730199 -0.145552 -8.730199 -0.156156 -8.730199 -0.16676 -8.730199 -0.1570799 -8.818383 -0.1570799 -8.818383 -0.16676 -8.730199 -0.16676 -9.457715 -0.1570799 -8.818383 -0.16676 -9.457715 -0.1570799 -9.523854 -0.1570799 -9.523854 -0.16676 -9.457715 -0.16676 -10.18523 -0.1570799 -9.523854 -0.16676 -10.18523 -0.1570799 -10.22932 -0.1570799 -10.22932 -0.16676 -10.18523 -0.16676 -10.91275 -0.1570799 -10.22932 -0.16676 -10.91275 -0.1570799 -10.93479 -0.1570799 -10.93479 -0.16676 -10.91275 -0.16676 -11.64026 -0.1570799 -10.93479 -0.16676 -11.64026 -0.1570799 -11.64026 -0.1570799 11.64026 -0.16676 11.64026 -0.1570799 10.93479 -0.16676 11.64026 -0.16676 10.91275 -0.1570799 10.93479 -0.1570799 10.93479 -0.16676 10.91275 -0.1570799 10.22932 -0.16676 10.91275 -0.16676 10.18523 -0.1570799 10.22932 -0.1570799 10.22932 -0.16676 10.18523 -0.1570799 9.523854 -0.16676 10.18523 -0.16676 9.457715 -0.1570799 9.523854 -0.1570799 9.523854 -0.16676 9.457715 -0.1570799 8.818383 -0.16676 9.457715 -0.16676 8.730199 -0.1570799 8.818383 -0.1570799 8.818383 -0.16676 8.730199 -0.1570799 8.112913 -0.16676 8.730199 -0.16676 8.002682 -0.1570799 8.112913 -0.1570799 8.112913 -0.16676 8.002682 -0.1570799 7.407441 -0.16676 8.002682 -0.16676 7.275166 -0.1570799 7.407441 -0.1570799 7.407441 -0.16676 7.275166 -0.1570799 6.701971 -0.16676 7.275166 -0.16676 6.547649 -0.1570799 6.701971 -0.1570799 6.701971 -0.16676 6.547649 -0.1570799 5.9965 -0.16676 6.547649 -0.16676 5.820132 -0.1570799 5.9965 -0.1570799 5.9965 -0.16676 5.820132 -0.1570799 5.291029 -0.16676 5.820132 -0.16676 5.092616 -0.1570799 5.291029 -0.1570799 5.291029 -0.16676 5.092616 -0.1570799 4.585559 -0.16676 5.092616 -0.16676 4.365099 -0.1570799 4.585559 -0.1570799 4.585559 -0.16676 4.365099 -0.1570799 3.880088 -0.16676 4.365099 -0.16676 3.637583 -0.1570799 3.880088 -0.1570799 3.880088 -0.16676 3.637583 -0.1570799 3.174618 -0.16676 3.637583 -0.16676 2.910066 -0.1570799 3.174618 -0.1570799 3.174618 -0.16676 2.910066 -0.156156 2.910066 -0.1570799 3.174618 -0.156156 2.910066 -0.145552 2.910066 -5.53 0 5.53 0 -5.53 0.686757 -5.53 0.686757 5.53 0 5.53 0.785398 -5.53 0.686757 5.53 0.785398 -5.53 1.373513 -5.53 1.373513 5.53 0.785398 5.53 1.570796 -5.53 1.373513 5.53 1.570796 -5.53 2.06027 -5.53 2.06027 5.53 1.570796 5.53 2.356194 -5.53 2.06027 5.53 2.356194 -5.53 2.747027 -5.53 2.747027 5.53 2.356194 5.53 3.141593 -5.53 2.747027 5.53 3.141593 -5.53 3.433783 -5.53 3.433783 5.53 3.141593 -5.2 3.433783 -5.2 3.433783 5.53 3.141593 -5.2 3.500789 -5.2 3.500789 5.53 3.141593 -5.2 3.567795 -5.2 3.567795 5.53 3.141593 5.53 3.926991 -5.2 3.567795 5.53 3.926991 -5.2 3.6348 -5.2 3.6348 5.53 3.926991 -5.53 4.384969 -5.2 3.6348 -5.53 4.384969 -5.53 3.6348 5.53 3.926991 5.53 4.712389 -5.53 4.384969 -5.53 4.384969 5.53 4.712389 -5.53 5.135138 -5.53 5.135138 5.53 4.712389 5.53 5.497787 -5.53 5.135138 5.53 5.497787 -5.53 5.885307 -5.53 5.885307 5.53 5.497787 5.53 6.283185 -5.53 5.885307 5.53 6.283185 -5.53 6.635476 -5.53 6.635476 5.53 6.283185 5.53 7.068583 -5.53 6.635476 5.53 7.068583 -5.53 7.385645 -5.53 7.385645 5.53 7.068583 5.53 7.853981 -5.53 7.385645 5.53 7.853981 -5.53 8.135815 -5.53 8.135815 5.53 7.853981 5.53 8.639381 -5.53 8.135815 5.53 8.639381 -5.53 8.885983 -5.53 8.885983 5.53 8.639381 5.53 9.424778 -5.53 8.885983 5.53 9.424778 -5.53 9.636153 -5.53 9.636153 5.53 9.424778 5.53 10.21018 -5.53 9.636153 5.53 10.21018 -5.53 10.38632 -5.53 10.38632 5.53 10.21018 0.39 10.60287 -5.53 10.38632 0.39 10.60287 -0.713939 10.68148 -0.713939 10.68148 0.39 10.60287 0.355722 10.63715 -0.713939 10.68148 0.355722 10.63715 0.321447 10.67143 5.53 10.99557 1.627496 10.69565 5.53 10.21018 5.53 10.21018 1.627496 10.69565 1.49394 10.68148 5.53 10.21018 1.49394 10.68148 0.39 10.60287 0.39 10.60287 1.49394 10.68148 0.424278 10.63715 0.424278 10.63715 1.49394 10.68148 0.458553 10.67143 0.458553 10.67143 1.49394 10.68148 0.492825 10.70571 0.492825 10.70571 1.49394 10.68148 1.196314 10.70571 5.53 11.78097 2.192273 11.23126 5.53 10.99557 5.53 10.99557 2.192273 11.23126 1.960844 10.90672 5.53 10.99557 1.960844 10.90672 1.866585 10.81267 5.53 12.56637 2.883376 12.36043 5.53 11.78097 5.53 11.78097 2.883376 12.36043 2.470212 11.6834 5.53 11.78097 2.470212 11.6834 2.192273 11.23126 2.883376 12.36043 5.53 12.56637 3.159204 12.8134 3.159204 12.8134 5.53 12.56637 5.53 13.35177 3.159204 12.8134 5.53 13.35177 3.430954 13.26654 3.430954 13.26654 5.53 13.35177 3.696552 13.72379 3.696552 13.72379 5.53 13.35177 5.53 14.13717 3.696552 13.72379 5.53 14.13717 3.925865 14.13719 1.866585 10.81267 1.754877 10.73861 5.53 10.99557 5.53 10.99557 1.754877 10.73861 1.627496 10.69565 0.321447 10.67143 0.287175 10.70571 -0.713939 10.68148 -0.713939 10.68148 0.287175 10.70571 -0.416314 10.70571 -0.713939 10.68148 -0.847496 10.69565 -5.53 10.38632 -5.53 10.38632 -0.847496 10.69565 -0.974877 10.73861 -5.53 10.38632 -0.974877 10.73861 -1.086585 10.81267 -5.53 10.38632 -1.086585 10.81267 -5.53 11.13649 -5.53 11.13649 -1.086585 10.81267 -1.180844 10.90672 -5.53 11.13649 -1.180844 10.90672 -1.412273 11.23126 -1.412273 11.23126 -1.690212 11.6834 -5.53 11.13649 -5.53 11.13649 -1.690212 11.6834 -5.53 11.88666 -5.53 11.88666 -1.690212 11.6834 -2.103375 12.36043 -5.53 11.88666 -2.103375 12.36043 -5.53 12.63683 -5.53 12.63683 -2.103375 12.36043 -2.379201 12.8134 -5.53 12.63683 -2.379201 12.8134 -2.65095 13.26654 -5.53 12.63683 -2.65095 13.26654 -5.53 13.387 -5.53 13.387 -2.65095 13.26654 -2.916546 13.72379 -5.53 13.387 -2.916546 13.72379 -5.53 14.13717 -5.53 14.13717 -2.916546 13.72379 -3.145788 14.13708 -0.006446957 -10.22602 -0.07239496 -10.22602 4.6e-4 -10.29308 4.6e-4 -10.29308 -0.07239496 -10.22602 0.02129298 -10.35866 0.02129298 -10.35866 -0.07239496 -10.22602 -0.07239496 -10.97794 0.02129298 -10.35866 -0.07239496 -10.97794 0.05497699 -10.4171 0.05497699 -10.4171 -0.07239496 -10.97794 0.09775 -10.46463 0.09775 -10.46463 -0.07239496 -10.97794 0.149902 -10.50231 0.149902 -10.50231 -0.07239496 -10.97794 0.209506 -10.52859 0.209506 -10.52859 -0.07239496 -10.97794 0.272372 -10.54188 0.272372 -10.54188 -0.07239496 -10.97794 0.651553 -10.93616 0.272372 -10.54188 0.651553 -10.93616 0.334297 -10.54291 0.334297 -10.54291 0.651553 -10.93616 0.396846 -10.53238 0.396846 -10.53238 0.651553 -10.93616 0.45728 -10.5106 0.45728 -10.5106 0.651553 -10.93616 0.512007 -10.47885 0.512007 -10.47885 0.651553 -10.93616 0.558327 -10.43986 0.558327 -10.43986 0.651553 -10.93616 0.596747 -10.39327 0.596747 -10.39327 0.651553 -10.93616 0.625989 -10.34015 0.625989 -10.34015 0.651553 -10.93616 0.64367 -10.28325 0.64367 -10.28325 0.651553 -10.93616 0.651553 -10.22602 0.64367 -10.28325 0.651553 -10.22602 0.649553 -10.22602 0.651553 -10.93616 -0.07239496 -10.97794 0.651553 -11.64631 0.651553 -11.64631 -0.07239496 -10.97794 -0.07239496 -11.72985 0.651553 -11.64631 -0.07239496 -11.72985 0.651553 -12.35645 0.651553 -12.35645 -0.07239496 -11.72985 -0.07239496 -12.48176 0.651553 -12.35645 -0.07239496 -12.48176 0.651553 -13.06659 0.651553 -13.06659 -0.07239496 -12.48176 -0.07239496 -13.23368 0.651553 12.49847 -0.07239496 12.33138 0.651553 11.78833 0.651553 11.78833 -0.07239496 12.33138 -0.07239496 11.57947 0.651553 11.78833 -0.07239496 11.57947 0.651553 11.07819 0.651553 11.07819 -0.07239496 11.57947 -0.07239496 10.82756 0.651553 11.07819 -0.07239496 10.82756 0.651553 10.36805 0.651553 10.36805 -0.07239496 10.82756 -0.07239496 10.07564 0.651553 10.36805 -0.07239496 10.07564 0.651553 9.657913 0.651553 9.657913 -0.07239496 10.07564 -0.07239496 9.323729 0.651553 9.657913 -0.07239496 9.323729 0.334334 9.264695 0.334334 9.264695 -0.07239496 9.323729 0.272402 9.263627 0.272402 9.263627 -0.07239496 9.323729 0.209531 9.250344 0.209531 9.250344 -0.07239496 9.323729 0.149921 9.22407 0.149921 9.22407 -0.07239496 9.323729 0.097763 9.186388 0.097763 9.186388 -0.07239496 9.323729 0.05498397 9.138861 0.05498397 9.138861 -0.07239496 9.323729 0.02129697 9.080413 0.02129697 9.080413 -0.07239496 9.323729 4.61e-4 9.014828 4.61e-4 9.014828 -0.07239496 9.323729 -0.006446957 8.947772 -0.006446957 8.947772 -0.07239496 9.323729 -0.07239496 8.571815 -0.006446957 8.947772 -0.07239496 8.571815 4.61e-4 8.880716 4.61e-4 8.880716 -0.07239496 8.571815 0.02129697 8.815131 0.02129697 8.815131 -0.07239496 8.571815 0.05498397 8.756682 0.05498397 8.756682 -0.07239496 8.571815 0.097763 8.709156 0.097763 8.709156 -0.07239496 8.571815 0.149921 8.671474 0.149921 8.671474 -0.07239496 8.571815 0.209531 8.6452 0.209531 8.6452 -0.07239496 8.571815 0.272402 8.631917 0.272402 8.631917 -0.07239496 8.571815 0.334334 8.630849 0.334334 8.630849 -0.07239496 8.571815 0.651553 8.237631 0.334334 8.630849 0.651553 8.237631 0.396875 8.641427 0.396875 8.641427 0.651553 8.237631 0.457303 8.663205 0.457303 8.663205 0.651553 8.237631 0.512024 8.694963 0.512024 8.694963 0.651553 8.237631 0.558339 8.733949 0.558339 8.733949 0.651553 8.237631 0.596754 8.780532 0.596754 8.780532 0.651553 8.237631 0.625992 8.83365 0.625992 8.83365 0.651553 8.237631 0.64367 8.890552 0.64367 8.890552 0.651553 8.237631 0.651553 8.947772 0.64367 8.890552 0.651553 8.947772 0.649553 8.947772 0.649553 8.947772 0.651553 8.947772 0.64367 9.004992 0.64367 9.004992 0.651553 8.947772 0.651553 9.657913 0.64367 9.004992 0.651553 9.657913 0.625992 9.061893 0.625992 9.061893 0.651553 9.657913 0.596754 9.115012 0.596754 9.115012 0.651553 9.657913 0.558339 9.161595 0.558339 9.161595 0.651553 9.657913 0.512024 9.20058 0.512024 9.20058 0.651553 9.657913 0.457303 9.232339 0.457303 9.232339 0.651553 9.657913 0.396875 9.254117 0.396875 9.254117 0.651553 9.657913 0.334334 9.264695 -0.07239496 8.571815 -0.07239496 7.819901 0.651553 8.237631 0.651553 8.237631 -0.07239496 7.819901 0.651553 7.52749 0.651553 7.52749 -0.07239496 7.819901 -0.07239496 7.067987 0.651553 7.52749 -0.07239496 7.067987 0.651553 6.817349 0.651553 6.817349 -0.07239496 7.067987 -0.07239496 6.316074 0.651553 6.817349 -0.07239496 6.316074 0.651553 6.107209 0.651553 6.107209 -0.07239496 6.316074 -0.07239496 5.56416 0.651553 6.107209 -0.07239496 5.56416 0.651553 5.397069 0.651553 5.397069 -0.07239496 5.56416 -0.07239496 4.812247 0.651553 5.397069 -0.07239496 4.812247 0.651553 4.686928 0.651553 4.686928 -0.07239496 4.812247 -0.07239496 4.060333 0.651553 4.686928 -0.07239496 4.060333 0.651553 3.976787 0.651553 3.976787 -0.07239496 4.060333 -0.07239496 3.30842 0.651553 3.976787 -0.07239496 3.30842 0.651553 3.266647 0.651553 3.266647 -0.07239496 3.30842 0.209506 2.85907 0.651553 3.266647 0.209506 2.85907 0.272372 2.872358 -0.07239496 2.556506 0.05497699 2.747585 -0.07239496 3.30842 -0.07239496 3.30842 0.05497699 2.747585 0.09775 2.795111 -0.07239496 3.30842 0.09775 2.795111 0.149902 2.832793 -0.006446957 2.556506 4.6e-4 2.623558 -0.07239496 2.556506 -0.07239496 2.556506 4.6e-4 2.623558 0.02129298 2.689139 -0.07239496 2.556506 0.02129298 2.689139 0.05497699 2.747585 0.149902 2.832793 0.209506 2.85907 -0.07239496 3.30842 0.272372 2.872358 0.334297 2.873395 0.651553 3.266647 0.651553 3.266647 0.334297 2.873395 0.396846 2.862859 0.651553 3.266647 0.396846 2.862859 0.45728 2.841084 0.45728 2.841084 0.512007 2.809327 0.651553 3.266647 0.651553 3.266647 0.512007 2.809327 0.558327 2.77034 0.651553 3.266647 0.558327 2.77034 0.596747 2.723756 0.596747 2.723756 0.625989 2.670635 0.651553 3.266647 0.651553 3.266647 0.625989 2.670635 0.64367 2.61373 0.651553 3.266647 0.64367 2.61373 0.651553 2.556506 0.651553 2.556506 0.64367 2.61373 0.649553 2.556506 3.925865 -14.13715 5.53 -14.13717 4.195688 -13.61487 4.195688 -13.61487 5.53 -14.13717 5.53 -13.35177 4.195688 -13.61487 5.53 -13.35177 4.419742 -13.13419 4.419742 -13.13419 5.53 -13.35177 5.53 -12.56637 4.419742 -13.13419 5.53 -12.56637 4.609321 -12.67008 4.609321 -12.67008 5.53 -12.56637 4.610381 -12.66727 4.610381 -12.66727 5.53 -12.56637 4.719914 -12.35839 4.719914 -12.35839 5.53 -12.56637 4.71994 -12.35829 4.71994 -12.35829 5.53 -12.56637 4.848384 -11.92636 4.848384 -11.92636 5.53 -12.56637 5.53 -11.78097 4.848384 -11.92636 5.53 -11.78097 4.960958 -11.40814 4.960958 -11.40814 5.53 -11.78097 5.53 -10.99557 4.960958 -11.40814 5.53 -10.99557 4.998713 -11.14576 4.998713 -11.14576 5.53 -10.99557 5.032433 -10.60287 5.032433 -10.60287 5.53 -10.99557 5.53 -10.21018 5.032433 -10.60287 5.53 -10.21018 5.002118 -10.08959 5.002118 -10.08959 5.53 -10.21018 4.965907 -9.827261 4.965907 -9.827261 5.53 -10.21018 5.53 -9.424778 4.965907 -9.827261 5.53 -9.424778 4.856209 -9.309507 4.856209 -9.309507 5.53 -9.424778 4.719918 -8.847357 4.719918 -8.847357 5.53 -9.424778 5.53 -8.639381 4.719918 -8.847357 5.53 -8.639381 4.606959 -8.52942 4.606959 -8.52942 5.53 -8.639381 4.407069 -8.042738 4.407069 -8.042738 5.53 -8.639381 5.53 -7.853981 4.407069 -8.042738 5.53 -7.853981 4.183055 -7.565248 4.183055 -7.565248 5.53 -7.853981 5.53 -7.068583 4.183055 -7.565248 5.53 -7.068583 3.943425 -7.101258 3.943425 -7.101258 5.53 -7.068583 3.690542 -6.644606 3.690542 -6.644606 5.53 -7.068583 5.53 -6.283185 3.690542 -6.644606 5.53 -6.283185 3.290574 -5.962424 3.290574 -5.962424 5.53 -6.283185 5.53 -5.497787 3.290574 -5.962424 5.53 -5.497787 2.882128 -5.289785 2.882128 -5.289785 5.53 -5.497787 5.53 -4.712389 2.882128 -5.289785 5.53 -4.712389 2.472484 -4.61855 2.472484 -4.61855 5.53 -4.712389 2.195441 -4.167642 2.195441 -4.167642 5.53 -4.712389 5.53 -3.926991 2.195441 -4.167642 5.53 -3.926991 1.965735 -3.843776 1.965735 -3.843776 5.53 -3.926991 1.871373 -3.748159 1.871373 -3.748159 5.53 -3.926991 1.759939 -3.672557 1.759939 -3.672557 5.53 -3.926991 1.632378 -3.628077 1.632378 -3.628077 5.53 -3.926991 5.53 -3.141593 1.632378 -3.628077 5.53 -3.141593 0.39 -3.534292 0.39 -3.534292 5.53 -3.141593 -5.53 -3.000676 0.39 -3.534292 -5.53 -3.000676 -5.53 -3.750845 5.53 -3.141593 5.53 -2.356194 -5.53 -3.000676 -5.53 -3.000676 5.53 -2.356194 -5.53 -2.250507 -5.53 -2.250507 5.53 -2.356194 5.53 -1.570796 -5.53 -2.250507 5.53 -1.570796 -5.53 -1.500338 -5.53 -1.500338 5.53 -1.570796 5.53 -0.785398 -5.53 -1.500338 5.53 -0.785398 -5.53 -0.750169 -5.53 -0.750169 5.53 -0.785398 5.53 0 -5.53 -0.750169 5.53 0 -5.53 0 -5.53 -4.501014 -1.415441 -4.167643 -5.53 -3.750845 -5.53 -3.750845 -1.415441 -4.167643 -1.185735 -3.843776 -5.53 -3.750845 -1.185735 -3.843776 -1.091373 -3.748159 -1.415441 -4.167643 -5.53 -4.501014 -1.692483 -4.61855 -1.692483 -4.61855 -5.53 -4.501014 -5.53 -5.251184 -1.692483 -4.61855 -5.53 -5.251184 -2.102126 -5.289785 -2.102126 -5.289785 -5.53 -5.251184 -2.510571 -5.962426 -2.510571 -5.962426 -5.53 -5.251184 -5.53 -6.001352 -2.510571 -5.962426 -5.53 -6.001352 -2.910537 -6.644608 -2.910537 -6.644608 -5.53 -6.001352 -5.53 -6.751522 -2.910537 -6.644608 -5.53 -6.751522 -3.163419 -7.101262 -3.163419 -7.101262 -5.53 -6.751522 -5.53 -7.50169 -3.163419 -7.101262 -5.53 -7.50169 -3.403047 -7.565252 -3.403047 -7.565252 -5.53 -7.50169 -3.627059 -8.042743 -3.627059 -8.042743 -5.53 -7.50169 -5.53 -8.25186 -3.627059 -8.042743 -5.53 -8.25186 -3.826947 -8.529425 -3.826947 -8.529425 -5.53 -8.25186 -5.53 -9.002028 -3.826947 -8.529425 -5.53 -9.002028 -3.939902 -8.847352 -3.939902 -8.847352 -5.53 -9.002028 -4.068384 -9.279393 -4.068384 -9.279393 -5.53 -9.002028 -5.53 -9.752199 -4.068384 -9.279393 -5.53 -9.752199 -4.180957 -9.797615 -4.180957 -9.797615 -5.53 -9.752199 -4.218713 -10.05999 -4.218713 -10.05999 -5.53 -9.752199 -5.53 -10.50237 -4.218713 -10.05999 -5.53 -10.50237 -5.2 -10.50237 -4.218713 -10.05999 -5.2 -10.50237 -4.252433 -10.60287 -4.252433 -10.60287 -5.2 -10.50237 -5.2 -10.56937 -4.252433 -10.60287 -5.2 -10.56937 -5.2 -10.63638 -5.2 -10.63638 -5.2 -10.70338 -4.252433 -10.60287 -4.252433 -10.60287 -5.2 -10.70338 -4.222118 -11.11616 -4.222118 -11.11616 -5.2 -10.70338 -5.53 -10.70338 -4.222118 -11.11616 -5.53 -10.70338 -5.53 -11.39014 -5.53 -12.0769 -4.076209 -11.89624 -5.53 -11.39014 -5.53 -11.39014 -4.076209 -11.89624 -4.185907 -11.37849 -5.53 -11.39014 -4.185907 -11.37849 -4.222118 -11.11616 -4.076209 -11.89624 -5.53 -12.0769 -3.939905 -12.35839 -3.939905 -12.35839 -5.53 -12.0769 -5.53 -12.76365 -3.939905 -12.35839 -5.53 -12.76365 -3.838429 -12.64579 -3.838429 -12.64579 -5.53 -12.76365 -3.639728 -13.13418 -3.639728 -13.13418 -5.53 -12.76365 -5.53 -13.45041 -3.639728 -13.13418 -5.53 -13.45041 -3.415678 -13.61487 -3.415678 -13.61487 -5.53 -13.45041 -5.53 -14.13717 -3.415678 -13.61487 -5.53 -14.13717 -3.145788 -14.13726 -1.091373 -3.748159 -0.979939 -3.672557 -5.53 -3.750845 -5.53 -3.750845 -0.979939 -3.672557 -0.852378 -3.628077 -5.53 -3.750845 -0.852378 -3.628077 0.39 -3.534292 0.39 -3.534292 -0.852378 -3.628077 -0.581689 -3.616939 0.39 -3.534292 -0.581689 -3.616939 0.355722 -3.568567 0.355722 -3.568567 -0.581689 -3.616939 0.321447 -3.602845 0.321447 -3.602845 -0.581689 -3.616939 0.287175 -3.637126 0.287175 -3.637126 -0.581689 -3.616939 -0.415636 -3.638906 0.39 -3.534292 0.424278 -3.568567 1.632378 -3.628077 1.632378 -3.628077 0.424278 -3.568567 1.361688 -3.616939 1.361688 -3.616939 0.424278 -3.568567 0.458553 -3.602845 1.361688 -3.616939 0.458553 -3.602845 0.492825 -3.637126 0.492825 -3.637126 1.196314 -3.637126 1.361688 -3.616939 -0.374266 -0.05613297 -0.396508 -0.001579999 -0.455264 0.002714991 -0.455264 0.002714991 -0.396508 -0.001579999 -0.459559 0.06147098 -0.455264 0.002714991 -0.459559 0.06147098 -0.514112 0.08371299 -0.514112 0.08371299 -0.459559 0.06147098 -0.500041 0.14092 -0.514112 0.08371299 -0.500041 0.14092 -0.54505 0.17893 -0.54505 0.17893 -0.500041 0.14092 -0.513989 0.228989 -0.54505 0.17893 -0.513989 0.228989 -0.54505 0.279049 -0.54505 0.279049 -0.513989 0.228989 -0.500041 0.317059 -0.54505 0.279049 -0.500041 0.317059 -0.514112 0.374266 -0.514112 0.374266 -0.500041 0.317059 -0.459559 0.396508 -0.514112 0.374266 -0.459559 0.396508 -0.455264 0.455264 -0.455264 0.455264 -0.459559 0.396508 -0.396508 0.459559 -0.455264 0.455264 -0.396508 0.459559 -0.374266 0.514112 -0.374266 0.514112 -0.396508 0.459559 -0.317059 0.500041 -0.374266 0.514112 -0.317059 0.500041 -0.279049 0.54505 -0.279049 0.54505 -0.317059 0.500041 -0.228989 0.513989 -0.279049 0.54505 -0.228989 0.513989 -0.17893 0.54505 -0.17893 0.54505 -0.228989 0.513989 -0.14092 0.500041 -0.17893 0.54505 -0.14092 0.500041 -0.08371299 0.514112 -0.08371299 0.514112 -0.14092 0.500041 -0.06147098 0.459559 -0.08371299 0.514112 -0.06147098 0.459559 -0.002714991 0.455264 -0.002714991 0.455264 -0.06147098 0.459559 0.001579999 0.396508 -0.002714991 0.455264 0.001579999 0.396508 0.05613297 0.374266 0.05613297 0.374266 0.001579999 0.396508 0.04206198 0.317059 0.05613297 0.374266 0.04206198 0.317059 0.087071 0.279049 0.087071 0.279049 0.04206198 0.317059 0.05601096 0.228989 0.087071 0.279049 0.05601096 0.228989 0.087071 0.17893 0.087071 0.17893 0.05601096 0.228989 0.04206198 0.14092 0.087071 0.17893 0.04206198 0.14092 0.05613297 0.08371299 0.05613297 0.08371299 0.04206198 0.14092 0.001579999 0.06147098 0.05613297 0.08371299 0.001579999 0.06147098 -0.002714991 0.002714991 -0.002714991 0.002714991 0.001579999 0.06147098 -0.06147098 -0.001579999 -0.002714991 0.002714991 -0.06147098 -0.001579999 -0.08371299 -0.05613297 -0.08371299 -0.05613297 -0.06147098 -0.001579999 -0.14092 -0.04206198 -0.08371299 -0.05613297 -0.14092 -0.04206198 -0.17893 -0.087071 -0.17893 -0.087071 -0.14092 -0.04206198 -0.228989 -0.05601096 -0.17893 -0.087071 -0.228989 -0.05601096 -0.279049 -0.087071 -0.279049 -0.087071 -0.228989 -0.05601096 -0.317059 -0.04206198 -0.279049 -0.087071 -0.317059 -0.04206198 -0.374266 -0.05613297 -0.374266 -0.05613297 -0.317059 -0.04206198 -0.396508 -0.001579999 -0.374266 -0.05613297 -0.396508 -0.001579999 -0.455264 0.002714991 -0.455264 0.002714991 -0.396508 -0.001579999 -0.459559 0.06147098 -0.455264 0.002714991 -0.459559 0.06147098 -0.514112 0.08371299 -0.514112 0.08371299 -0.459559 0.06147098 -0.500041 0.14092 -0.514112 0.08371299 -0.500041 0.14092 -0.54505 0.17893 -0.54505 0.17893 -0.500041 0.14092 -0.513989 0.228989 -0.54505 0.17893 -0.513989 0.228989 -0.54505 0.279049 -0.54505 0.279049 -0.513989 0.228989 -0.500041 0.317059 -0.54505 0.279049 -0.500041 0.317059 -0.514112 0.374266 -0.514112 0.374266 -0.500041 0.317059 -0.459559 0.396508 -0.514112 0.374266 -0.459559 0.396508 -0.455264 0.455264 -0.455264 0.455264 -0.459559 0.396508 -0.396508 0.459559 -0.455264 0.455264 -0.396508 0.459559 -0.374266 0.514112 -0.374266 0.514112 -0.396508 0.459559 -0.317059 0.500041 -0.374266 0.514112 -0.317059 0.500041 -0.279049 0.54505 -0.279049 0.54505 -0.317059 0.500041 -0.228989 0.513989 -0.279049 0.54505 -0.228989 0.513989 -0.17893 0.54505 -0.17893 0.54505 -0.228989 0.513989 -0.14092 0.500041 -0.17893 0.54505 -0.14092 0.500041 -0.08371299 0.514112 -0.08371299 0.514112 -0.14092 0.500041 -0.06147098 0.459559 -0.08371299 0.514112 -0.06147098 0.459559 -0.002714991 0.455264 -0.002714991 0.455264 -0.06147098 0.459559 0.001579999 0.396508 -0.002714991 0.455264 0.001579999 0.396508 0.05613297 0.374266 0.05613297 0.374266 0.001579999 0.396508 0.04206198 0.317059 0.05613297 0.374266 0.04206198 0.317059 0.087071 0.279049 0.087071 0.279049 0.04206198 0.317059 0.05601096 0.228989 0.087071 0.279049 0.05601096 0.228989 0.087071 0.17893 0.087071 0.17893 0.05601096 0.228989 0.04206198 0.14092 0.087071 0.17893 0.04206198 0.14092 0.05613297 0.08371299 0.05613297 0.08371299 0.04206198 0.14092 0.001579999 0.06147098 0.05613297 0.08371299 0.001579999 0.06147098 -0.002714991 0.002714991 -0.002714991 0.002714991 0.001579999 0.06147098 -0.06147098 -0.001579999 -0.002714991 0.002714991 -0.06147098 -0.001579999 -0.08371299 -0.05613297 -0.08371299 -0.05613297 -0.06147098 -0.001579999 -0.14092 -0.04206198 -0.08371299 -0.05613297 -0.14092 -0.04206198 -0.17893 -0.087071 -0.17893 -0.087071 -0.14092 -0.04206198 -0.228989 -0.05601096 -0.17893 -0.087071 -0.228989 -0.05601096 -0.279049 -0.087071 -0.279049 -0.087071 -0.228989 -0.05601096 -0.317059 -0.04206198 -0.279049 -0.087071 -0.317059 -0.04206198 -0.374266 -0.05613297 -0.374266 -0.05613297 -0.317059 -0.04206198 -0.396508 -0.001579999 -0.134948 -9.76967 -0.134948 -10.55124 -0.1256639 -10.16046 -0.1256639 -10.16046 -0.134948 -10.55124 -0.107959 -10.55124 -0.1256639 -10.16046 -0.107959 -10.55124 -0.09424799 -10.16046 -0.09424799 -10.16046 -0.107959 -10.55124 -0.08096897 -10.55124 -0.09424799 -10.16046 -0.08096897 -10.55124 -0.06283199 -10.16046 -0.06283199 -10.16046 -0.08096897 -10.55124 -0.05397897 -10.55124 -0.06283199 -10.16046 -0.05397897 -10.55124 -0.03141599 -10.16046 -0.03141599 -10.16046 -0.05397897 -10.55124 -0.02698999 -10.55124 -0.03141599 -10.16046 -0.02698999 -10.55124 0 -10.55124 0 -10.55124 0 -9.76967 -0.03141599 -10.16046 -0.03141599 -10.16046 0 -9.76967 -0.03141599 -9.378884 -0.03141599 -10.16046 -0.03141599 -9.378884 -0.06283199 -9.378884 -0.06283199 -9.378884 -0.03141599 -9.378884 -0.06283199 -8.597311 -0.06283199 -9.378884 -0.06283199 -8.597311 -0.09424799 -8.597311 -0.09424799 -8.597311 -0.06283199 -8.597311 -0.09424799 -7.815736 -0.09424799 -8.597311 -0.09424799 -7.815736 -0.1256639 -7.815736 -0.1256639 -7.815736 -0.09424799 -7.815736 -0.1256639 -7.034163 -0.1256639 -7.815736 -0.1256639 -7.034163 -0.134948 -7.424949 -0.134948 -7.424949 -0.1256639 -7.034163 -0.134948 -6.643375 -0.134948 -6.643375 -0.1256639 -7.034163 -0.1256639 -6.252589 -0.134948 -6.643375 -0.1256639 -6.252589 -0.134948 -5.861802 -0.134948 -5.861802 -0.1256639 -6.252589 -0.1256639 -5.471015 -0.134948 -5.861802 -0.1256639 -5.471015 -0.134948 -5.080228 -0.134948 -5.080228 -0.1256639 -5.471015 -0.1256639 -4.689442 -0.134948 -5.080228 -0.1256639 -4.689442 -0.134948 -4.298655 -0.134948 -4.298655 -0.1256639 -4.689442 -0.1256639 -3.907868 -0.134948 -4.298655 -0.1256639 -3.907868 -0.134948 -3.517081 -0.134948 -3.517081 -0.1256639 -3.907868 -0.1256639 -3.126294 -0.134948 -3.517081 -0.1256639 -3.126294 -0.134948 -2.735508 -0.134948 -2.735508 -0.1256639 -3.126294 -0.1256639 -2.344721 -0.134948 -2.735508 -0.1256639 -2.344721 -0.134948 -1.953934 -0.134948 -1.953934 -0.1256639 -2.344721 -0.1256639 -1.563147 -0.134948 -1.953934 -0.1256639 -1.563147 -0.134948 -1.17236 -0.134948 -1.17236 -0.1256639 -1.563147 -0.1256639 -0.781574 -0.134948 -1.17236 -0.1256639 -0.781574 -0.134948 -0.390787 -0.134948 -0.390787 -0.1256639 -0.781574 -0.1256639 0 -0.134948 -0.390787 -0.1256639 0 -0.134948 0.390787 -0.134948 0.390787 -0.1256639 0 -0.1256639 0.781574 -0.134948 0.390787 -0.1256639 0.781574 -0.134948 1.17236 -0.134948 1.17236 -0.1256639 0.781574 -0.1256639 1.563147 -0.134948 1.17236 -0.1256639 1.563147 -0.134948 1.953934 -0.134948 1.953934 -0.1256639 1.563147 -0.1256639 2.344721 -0.134948 1.953934 -0.1256639 2.344721 -0.134948 2.735508 -0.134948 2.735508 -0.1256639 2.344721 -0.1256639 3.126294 -0.134948 2.735508 -0.1256639 3.126294 -0.134948 3.517081 -0.134948 3.517081 -0.1256639 3.126294 -0.107959 3.517081 -0.107959 3.517081 -0.1256639 3.126294 -0.09424799 3.126294 -0.107959 3.517081 -0.09424799 3.126294 -0.08096897 3.517081 -0.08096897 3.517081 -0.09424799 3.126294 -0.06283199 3.126294 -0.08096897 3.517081 -0.06283199 3.126294 -0.05397897 3.517081 -0.05397897 3.517081 -0.06283199 3.126294 -0.03141599 3.126294 -0.05397897 3.517081 -0.03141599 3.126294 -0.02698999 3.517081 -0.02698999 3.517081 -0.03141599 3.126294 0 3.517081 0 3.517081 -0.03141599 3.126294 0 2.735508 0 2.735508 -0.03141599 3.126294 -0.03141599 2.344721 0 2.735508 -0.03141599 2.344721 0 1.953934 0 1.953934 -0.03141599 2.344721 -0.03141599 1.563147 0 1.953934 -0.03141599 1.563147 0 1.17236 0 1.17236 -0.03141599 1.563147 -0.03141599 0.781574 0 1.17236 -0.03141599 0.781574 0 0.390787 0 0.390787 -0.03141599 0.781574 -0.03141599 0 0 0.390787 -0.03141599 0 0 -0.390787 0 -0.390787 -0.03141599 0 -0.03141599 -0.781574 0 -0.390787 -0.03141599 -0.781574 0 -1.17236 0 -1.17236 -0.03141599 -0.781574 -0.03141599 -1.563147 0 -1.17236 -0.03141599 -1.563147 0 -1.953934 0 -1.953934 -0.03141599 -1.563147 -0.03141599 -2.344721 0 -1.953934 -0.03141599 -2.344721 0 -2.735508 0 -2.735508 -0.03141599 -2.344721 -0.03141599 -3.126294 0 -2.735508 -0.03141599 -3.126294 0 -3.517081 0 -3.517081 -0.03141599 -3.126294 -0.03141599 -3.907868 0 -3.517081 -0.03141599 -3.907868 0 -4.298655 0 -4.298655 -0.03141599 -3.907868 -0.03141599 -4.689442 0 -4.298655 -0.03141599 -4.689442 0 -5.080228 0 -5.080228 -0.03141599 -4.689442 -0.03141599 -5.471015 0 -5.080228 -0.03141599 -5.471015 0 -5.861802 0 -5.861802 -0.03141599 -5.471015 -0.03141599 -6.252589 0 -5.861802 -0.03141599 -6.252589 0 -6.643375 0 -6.643375 -0.03141599 -6.252589 -0.03141599 -7.034163 0 -6.643375 -0.03141599 -7.034163 0 -7.424949 0 -7.424949 -0.03141599 -7.034163 -0.03141599 -7.815736 0 -7.424949 -0.03141599 -7.815736 0 -8.206523 0 -8.206523 -0.03141599 -7.815736 -0.03141599 -8.597311 0 -8.206523 -0.03141599 -8.597311 0 -8.988097 0 -8.988097 -0.03141599 -8.597311 -0.03141599 -9.378884 0 -8.988097 -0.03141599 -9.378884 0 -9.76967 -0.134948 -7.424949 -0.134948 -8.206523 -0.1256639 -7.815736 -0.1256639 -7.815736 -0.134948 -8.206523 -0.1256639 -8.597311 -0.1256639 -7.815736 -0.1256639 -8.597311 -0.09424799 -8.597311 -0.09424799 -8.597311 -0.1256639 -8.597311 -0.09424799 -9.378884 -0.09424799 -8.597311 -0.09424799 -9.378884 -0.06283199 -9.378884 -0.06283199 -9.378884 -0.09424799 -9.378884 -0.06283199 -10.16046 -0.06283199 -9.378884 -0.06283199 -10.16046 -0.03141599 -10.16046 -0.134948 -8.206523 -0.134948 -8.988097 -0.1256639 -8.597311 -0.1256639 -8.597311 -0.134948 -8.988097 -0.1256639 -9.378884 -0.1256639 -8.597311 -0.1256639 -9.378884 -0.09424799 -9.378884 -0.09424799 -9.378884 -0.1256639 -9.378884 -0.09424799 -10.16046 -0.09424799 -9.378884 -0.09424799 -10.16046 -0.06283199 -10.16046 -0.134948 -8.988097 -0.134948 -9.76967 -0.1256639 -9.378884 -0.1256639 -9.378884 -0.134948 -9.76967 -0.1256639 -10.16046 -0.1256639 -9.378884 -0.1256639 -10.16046 -0.09424799 -10.16046 -0.03141599 -9.378884 -0.03141599 -8.597311 -0.06283199 -8.597311 -0.06283199 -8.597311 -0.03141599 -8.597311 -0.06283199 -7.815736 -0.06283199 -8.597311 -0.06283199 -7.815736 -0.09424799 -7.815736 -0.09424799 -7.815736 -0.06283199 -7.815736 -0.09424799 -7.034163 -0.09424799 -7.815736 -0.09424799 -7.034163 -0.1256639 -7.034163 -0.1256639 -7.034163 -0.09424799 -7.034163 -0.1256639 -6.252589 -0.03141599 -8.597311 -0.03141599 -7.815736 -0.06283199 -7.815736 -0.06283199 -7.815736 -0.03141599 -7.815736 -0.06283199 -7.034163 -0.06283199 -7.815736 -0.06283199 -7.034163 -0.09424799 -7.034163 -0.09424799 -7.034163 -0.06283199 -7.034163 -0.09424799 -6.252589 -0.09424799 -7.034163 -0.09424799 -6.252589 -0.1256639 -6.252589 -0.1256639 -6.252589 -0.09424799 -6.252589 -0.1256639 -5.471015 -0.03141599 -7.815736 -0.03141599 -7.034163 -0.06283199 -7.034163 -0.06283199 -7.034163 -0.03141599 -7.034163 -0.06283199 -6.252589 -0.06283199 -7.034163 -0.06283199 -6.252589 -0.09424799 -6.252589 -0.09424799 -6.252589 -0.06283199 -6.252589 -0.09424799 -5.471015 -0.09424799 -6.252589 -0.09424799 -5.471015 -0.1256639 -5.471015 -0.1256639 -5.471015 -0.09424799 -5.471015 -0.1256639 -4.689442 -0.03141599 -7.034163 -0.03141599 -6.252589 -0.06283199 -6.252589 -0.06283199 -6.252589 -0.03141599 -6.252589 -0.06283199 -5.471015 -0.06283199 -6.252589 -0.06283199 -5.471015 -0.09424799 -5.471015 -0.09424799 -5.471015 -0.06283199 -5.471015 -0.09424799 -4.689442 -0.09424799 -5.471015 -0.09424799 -4.689442 -0.1256639 -4.689442 -0.1256639 -4.689442 -0.09424799 -4.689442 -0.1256639 -3.907868 -0.03141599 -6.252589 -0.03141599 -5.471015 -0.06283199 -5.471015 -0.06283199 -5.471015 -0.03141599 -5.471015 -0.06283199 -4.689442 -0.06283199 -5.471015 -0.06283199 -4.689442 -0.09424799 -4.689442 -0.09424799 -4.689442 -0.06283199 -4.689442 -0.09424799 -3.907868 -0.09424799 -4.689442 -0.09424799 -3.907868 -0.1256639 -3.907868 -0.1256639 -3.907868 -0.09424799 -3.907868 -0.1256639 -3.126294 -0.03141599 -5.471015 -0.03141599 -4.689442 -0.06283199 -4.689442 -0.06283199 -4.689442 -0.03141599 -4.689442 -0.06283199 -3.907868 -0.06283199 -4.689442 -0.06283199 -3.907868 -0.09424799 -3.907868 -0.09424799 -3.907868 -0.06283199 -3.907868 -0.09424799 -3.126294 -0.09424799 -3.907868 -0.09424799 -3.126294 -0.1256639 -3.126294 -0.1256639 -3.126294 -0.09424799 -3.126294 -0.1256639 -2.344721 -0.03141599 -4.689442 -0.03141599 -3.907868 -0.06283199 -3.907868 -0.06283199 -3.907868 -0.03141599 -3.907868 -0.06283199 -3.126294 -0.06283199 -3.907868 -0.06283199 -3.126294 -0.09424799 -3.126294 -0.09424799 -3.126294 -0.06283199 -3.126294 -0.09424799 -2.344721 -0.09424799 -3.126294 -0.09424799 -2.344721 -0.1256639 -2.344721 -0.1256639 -2.344721 -0.09424799 -2.344721 -0.1256639 -1.563147 -0.03141599 -3.907868 -0.03141599 -3.126294 -0.06283199 -3.126294 -0.06283199 -3.126294 -0.03141599 -3.126294 -0.06283199 -2.344721 -0.06283199 -3.126294 -0.06283199 -2.344721 -0.09424799 -2.344721 -0.09424799 -2.344721 -0.06283199 -2.344721 -0.09424799 -1.563147 -0.09424799 -2.344721 -0.09424799 -1.563147 -0.1256639 -1.563147 -0.1256639 -1.563147 -0.09424799 -1.563147 -0.1256639 -0.781574 -0.03141599 -3.126294 -0.03141599 -2.344721 -0.06283199 -2.344721 -0.06283199 -2.344721 -0.03141599 -2.344721 -0.06283199 -1.563147 -0.06283199 -2.344721 -0.06283199 -1.563147 -0.09424799 -1.563147 -0.09424799 -1.563147 -0.06283199 -1.563147 -0.09424799 -0.781574 -0.09424799 -1.563147 -0.09424799 -0.781574 -0.1256639 -0.781574 -0.1256639 -0.781574 -0.09424799 -0.781574 -0.1256639 0 -0.03141599 -2.344721 -0.03141599 -1.563147 -0.06283199 -1.563147 -0.06283199 -1.563147 -0.03141599 -1.563147 -0.06283199 -0.781574 -0.06283199 -1.563147 -0.06283199 -0.781574 -0.09424799 -0.781574 -0.09424799 -0.781574 -0.06283199 -0.781574 -0.09424799 0 -0.09424799 -0.781574 -0.09424799 0 -0.1256639 0 -0.1256639 0 -0.09424799 0 -0.1256639 0.781574 -0.03141599 -1.563147 -0.03141599 -0.781574 -0.06283199 -0.781574 -0.06283199 -0.781574 -0.03141599 -0.781574 -0.06283199 0 -0.06283199 -0.781574 -0.06283199 0 -0.09424799 0 -0.09424799 0 -0.06283199 0 -0.09424799 0.781574 -0.09424799 0 -0.09424799 0.781574 -0.1256639 0.781574 -0.1256639 0.781574 -0.09424799 0.781574 -0.1256639 1.563147 -0.03141599 -0.781574 -0.03141599 0 -0.06283199 0 -0.06283199 0 -0.03141599 0 -0.06283199 0.781574 -0.06283199 0 -0.06283199 0.781574 -0.09424799 0.781574 -0.09424799 0.781574 -0.06283199 0.781574 -0.09424799 1.563147 -0.09424799 0.781574 -0.09424799 1.563147 -0.1256639 1.563147 -0.1256639 1.563147 -0.09424799 1.563147 -0.1256639 2.344721 -0.03141599 0 -0.03141599 0.781574 -0.06283199 0.781574 -0.06283199 0.781574 -0.03141599 0.781574 -0.06283199 1.563147 -0.06283199 0.781574 -0.06283199 1.563147 -0.09424799 1.563147 -0.09424799 1.563147 -0.06283199 1.563147 -0.09424799 2.344721 -0.09424799 1.563147 -0.09424799 2.344721 -0.1256639 2.344721 -0.1256639 2.344721 -0.09424799 2.344721 -0.1256639 3.126294 -0.03141599 0.781574 -0.03141599 1.563147 -0.06283199 1.563147 -0.06283199 1.563147 -0.03141599 1.563147 -0.06283199 2.344721 -0.06283199 1.563147 -0.06283199 2.344721 -0.09424799 2.344721 -0.09424799 2.344721 -0.06283199 2.344721 -0.09424799 3.126294 -0.09424799 2.344721 -0.09424799 3.126294 -0.1256639 3.126294 -0.03141599 1.563147 -0.03141599 2.344721 -0.06283199 2.344721 -0.06283199 2.344721 -0.03141599 2.344721 -0.06283199 3.126294 -0.06283199 2.344721 -0.06283199 3.126294 -0.09424799 3.126294 -0.03141599 3.126294 -0.06283199 3.126294 -0.03141599 2.344721 -0.160034 0 0.161966 0 -0.158515 0.062819 -0.158515 0.062819 0.161966 0 0.161966 0.100531 -0.158515 0.062819 0.161966 0.100531 -0.153945 0.127422 -0.153945 0.127422 0.161966 0.100531 0.161966 0.201062 -0.153945 0.127422 0.161966 0.201062 -0.1465499 0.191538 -0.1465499 0.191538 0.161966 0.201062 -0.137161 0.253083 -0.137161 0.253083 0.161966 0.201062 0.161966 0.301593 -0.137161 0.253083 0.161966 0.301593 -0.125713 0.315625 -0.125713 0.315625 0.161966 0.301593 -0.11263 0.379268 -0.11263 0.379268 0.161966 0.301593 0.161966 0.402124 -0.11263 0.379268 0.161966 0.402124 -0.09882998 0.4421 -0.09882998 0.4421 0.161966 0.402124 0.161966 0.502655 -0.09882998 0.4421 0.161966 0.502655 -0.08523696 0.502622 -0.08523696 0.502622 0.161966 0.502655 -0.07150697 0.564689 -0.07150697 0.564689 0.161966 0.502655 0.161966 0.603186 -0.07150697 0.564689 0.161966 0.603186 -0.05823999 0.627905 -0.05823999 0.627905 0.161966 0.603186 0.161966 0.703717 -0.05823999 0.627905 0.161966 0.703717 -0.04622697 0.690911 -0.04622697 0.690911 0.161966 0.703717 -0.03605896 0.752222 -0.03605896 0.752222 0.161966 0.703717 0.161966 0.804248 -0.03605896 0.752222 0.161966 0.804248 -0.02762496 0.81466 -0.02762496 0.81466 0.161966 0.804248 -0.02120697 0.878713 -0.02120697 0.878713 0.161966 0.804248 0.161966 0.904779 -0.02120697 0.878713 0.161966 0.904779 -0.01732295 0.942814 -0.01732295 0.942814 0.161966 0.904779 0.161966 1.00531 -0.01732295 0.942814 0.161966 1.00531 -0.01603394 1.00531 -0.01603394 0 0.161966 0 -0.01732295 0.06249499 -0.01732295 0.06249499 0.161966 0 0.161966 0.100531 -0.01732295 0.06249499 0.161966 0.100531 -0.02120697 0.126596 -0.02120697 0.126596 0.161966 0.100531 0.161966 0.201062 -0.02120697 0.126596 0.161966 0.201062 -0.02762496 0.19065 -0.02762496 0.19065 0.161966 0.201062 -0.03605896 0.253088 -0.03605896 0.253088 0.161966 0.201062 0.161966 0.301593 -0.03605896 0.253088 0.161966 0.301593 -0.04622697 0.314398 -0.04622697 0.314398 0.161966 0.301593 -0.05823999 0.377405 -0.05823999 0.377405 0.161966 0.301593 0.161966 0.402124 -0.05823999 0.377405 0.161966 0.402124 -0.07150697 0.440621 -0.07150697 0.440621 0.161966 0.402124 0.161966 0.502655 -0.07150697 0.440621 0.161966 0.502655 -0.08523696 0.502687 -0.08523696 0.502687 0.161966 0.502655 -0.09882998 0.56321 -0.09882998 0.56321 0.161966 0.502655 0.161966 0.603186 -0.09882998 0.56321 0.161966 0.603186 -0.11263 0.626042 -0.11263 0.626042 0.161966 0.603186 0.161966 0.703717 -0.11263 0.626042 0.161966 0.703717 -0.125713 0.689685 -0.125713 0.689685 0.161966 0.703717 -0.137161 0.752226 -0.137161 0.752226 0.161966 0.703717 0.161966 0.804248 -0.137161 0.752226 0.161966 0.804248 -0.1465499 0.813771 -0.1465499 0.813771 0.161966 0.804248 -0.153945 0.877888 -0.153945 0.877888 0.161966 0.804248 0.161966 0.904779 -0.153945 0.877888 0.161966 0.904779 -0.158515 0.942491 -0.158515 0.942491 0.161966 0.904779 0.161966 1.00531 -0.158515 0.942491 0.161966 1.00531 -0.160034 1.00531 -0.02698999 3.531448 0 3.531448 -0.03141599 3.923832 -0.03141599 3.923832 0 3.531448 0 4.316215 -0.03141599 3.923832 0 4.316215 -0.03141599 4.708598 -0.03141599 4.708598 0 4.316215 0 5.100981 -0.03141599 4.708598 0 5.100981 -0.03141599 5.493364 -0.03141599 5.493364 0 5.100981 0 5.885747 -0.03141599 5.493364 0 5.885747 -0.03141599 6.278131 -0.03141599 6.278131 0 5.885747 0 6.670514 -0.03141599 6.278131 0 6.670514 -0.03141599 7.062897 -0.03141599 7.062897 0 6.670514 0 7.45528 -0.03141599 7.062897 0 7.45528 -0.03141599 7.847663 -0.03141599 7.847663 0 7.45528 0 8.240048 -0.03141599 7.847663 0 8.240048 -0.03141599 8.632431 -0.03141599 8.632431 0 8.240048 0 9.024813 -0.03141599 8.632431 0 9.024813 -0.03141599 9.417197 -0.03141599 9.417197 0 9.024813 0 9.809579 -0.03141599 9.417197 0 9.809579 -0.03141599 10.20196 -0.03141599 10.20196 0 9.809579 0 10.59434 -0.03141599 10.20196 0 10.59434 -0.03141599 10.98673 -0.03141599 10.98673 0 10.59434 0 11.37911 -0.03141599 10.98673 0 11.37911 -0.03141599 11.77149 -0.03141599 11.77149 0 11.37911 0 12.16388 -0.03141599 11.77149 0 12.16388 -0.03141599 12.55626 -0.03141599 12.55626 0 12.16388 0 12.94864 -0.03141599 12.55626 0 12.94864 -0.03141599 13.34103 -0.03141599 13.34103 0 12.94864 0 13.73341 -0.03141599 13.34103 0 13.73341 -0.03141599 14.12579 -0.03141599 -14.12579 0 -14.51818 0 -13.73341 -0.03141599 -14.12579 0 -13.73341 -0.03141599 -13.34103 -0.03141599 -13.34103 0 -13.73341 0 -12.94864 -0.03141599 -13.34103 0 -12.94864 -0.03141599 -12.55626 -0.03141599 -12.55626 0 -12.94864 0 -12.16388 -0.03141599 -12.55626 0 -12.16388 -0.03141599 -11.77149 -0.03141599 -11.77149 0 -12.16388 0 -11.37911 -0.03141599 -11.77149 0 -11.37911 -0.03141599 -10.98673 -0.03141599 -10.98673 0 -11.37911 0 -10.59434 -0.03141599 -10.98673 0 -10.59434 -0.02698999 -10.59434 -0.02698999 -10.59434 -0.05397897 -10.59434 -0.03141599 -10.98673 -0.03141599 -10.98673 -0.05397897 -10.59434 -0.06283199 -10.98673 -0.03141599 -10.98673 -0.06283199 -10.98673 -0.03141599 -11.77149 -0.03141599 -11.77149 -0.06283199 -10.98673 -0.06283199 -11.77149 -0.03141599 -11.77149 -0.06283199 -11.77149 -0.03141599 -12.55626 -0.03141599 -12.55626 -0.06283199 -11.77149 -0.06283199 -12.55626 -0.03141599 -12.55626 -0.06283199 -12.55626 -0.03141599 -13.34103 -0.03141599 -13.34103 -0.06283199 -12.55626 -0.06283199 -13.34103 -0.03141599 -13.34103 -0.06283199 -13.34103 -0.03141599 -14.12579 -0.03141599 -14.12579 -0.06283199 -13.34103 -0.06283199 -14.12579 -0.03141599 14.12579 -0.06283199 14.12579 -0.03141599 13.34103 -0.03141599 13.34103 -0.06283199 14.12579 -0.06283199 13.34103 -0.03141599 13.34103 -0.06283199 13.34103 -0.03141599 12.55626 -0.03141599 12.55626 -0.06283199 13.34103 -0.06283199 12.55626 -0.03141599 12.55626 -0.06283199 12.55626 -0.03141599 11.77149 -0.03141599 11.77149 -0.06283199 12.55626 -0.06283199 11.77149 -0.03141599 11.77149 -0.06283199 11.77149 -0.03141599 10.98673 -0.03141599 10.98673 -0.06283199 11.77149 -0.06283199 10.98673 -0.03141599 10.98673 -0.06283199 10.98673 -0.03141599 10.20196 -0.03141599 10.20196 -0.06283199 10.98673 -0.06283199 10.20196 -0.03141599 10.20196 -0.06283199 10.20196 -0.03141599 9.417197 -0.03141599 9.417197 -0.06283199 10.20196 -0.06283199 9.417197 -0.03141599 9.417197 -0.06283199 9.417197 -0.03141599 8.632431 -0.03141599 8.632431 -0.06283199 9.417197 -0.06283199 8.632431 -0.03141599 8.632431 -0.06283199 8.632431 -0.03141599 7.847663 -0.03141599 7.847663 -0.06283199 8.632431 -0.06283199 7.847663 -0.03141599 7.847663 -0.06283199 7.847663 -0.03141599 7.062897 -0.03141599 7.062897 -0.06283199 7.847663 -0.06283199 7.062897 -0.03141599 7.062897 -0.06283199 7.062897 -0.03141599 6.278131 -0.03141599 6.278131 -0.06283199 7.062897 -0.06283199 6.278131 -0.03141599 6.278131 -0.06283199 6.278131 -0.03141599 5.493364 -0.03141599 5.493364 -0.06283199 6.278131 -0.06283199 5.493364 -0.03141599 5.493364 -0.06283199 5.493364 -0.03141599 4.708598 -0.03141599 4.708598 -0.06283199 5.493364 -0.06283199 4.708598 -0.03141599 4.708598 -0.06283199 4.708598 -0.03141599 3.923832 -0.03141599 3.923832 -0.06283199 4.708598 -0.06283199 3.923832 -0.03141599 3.923832 -0.06283199 3.923832 -0.05397897 3.531448 -0.05397897 3.531448 -0.06283199 3.923832 -0.08096897 3.531448 -0.08096897 3.531448 -0.06283199 3.923832 -0.09424799 3.923832 -0.08096897 3.531448 -0.09424799 3.923832 -0.107959 3.531448 -0.107959 3.531448 -0.09424799 3.923832 -0.1256639 3.923832 -0.107959 3.531448 -0.1256639 3.923832 -0.134948 3.531448 -0.134948 3.531448 -0.1256639 3.923832 -0.134948 4.316215 -0.134948 4.316215 -0.1256639 3.923832 -0.1256639 4.708598 -0.134948 4.316215 -0.1256639 4.708598 -0.134948 5.100981 -0.134948 5.100981 -0.1256639 4.708598 -0.1256639 5.493364 -0.134948 5.100981 -0.1256639 5.493364 -0.134948 5.885747 -0.134948 5.885747 -0.1256639 5.493364 -0.1256639 6.278131 -0.134948 5.885747 -0.1256639 6.278131 -0.134948 6.670514 -0.134948 6.670514 -0.1256639 6.278131 -0.1256639 7.062897 -0.134948 6.670514 -0.1256639 7.062897 -0.134948 7.45528 -0.134948 7.45528 -0.1256639 7.062897 -0.1256639 7.847663 -0.134948 7.45528 -0.1256639 7.847663 -0.134948 8.240048 -0.134948 8.240048 -0.1256639 7.847663 -0.1256639 8.632431 -0.134948 8.240048 -0.1256639 8.632431 -0.134948 9.024813 -0.134948 9.024813 -0.1256639 8.632431 -0.1256639 9.417197 -0.134948 9.024813 -0.1256639 9.417197 -0.134948 9.809579 -0.134948 9.809579 -0.1256639 9.417197 -0.1256639 10.20196 -0.134948 9.809579 -0.1256639 10.20196 -0.134948 10.59434 -0.134948 10.59434 -0.1256639 10.20196 -0.1256639 10.98673 -0.134948 10.59434 -0.1256639 10.98673 -0.134948 11.37911 -0.134948 11.37911 -0.1256639 10.98673 -0.1256639 11.77149 -0.134948 11.37911 -0.1256639 11.77149 -0.134948 12.16388 -0.134948 12.16388 -0.1256639 11.77149 -0.1256639 12.55626 -0.134948 12.16388 -0.1256639 12.55626 -0.134948 12.94864 -0.134948 12.94864 -0.1256639 12.55626 -0.1256639 13.34103 -0.134948 12.94864 -0.1256639 13.34103 -0.134948 13.73341 -0.134948 13.73341 -0.1256639 13.34103 -0.1256639 14.12579 -0.134948 13.73341 -0.1256639 14.12579 -0.134948 14.51818 -0.134948 -13.73341 -0.1256639 -14.12579 -0.1256639 -13.34103 -0.134948 -13.73341 -0.1256639 -13.34103 -0.134948 -12.94864 -0.134948 -12.94864 -0.1256639 -13.34103 -0.1256639 -12.55626 -0.134948 -12.94864 -0.1256639 -12.55626 -0.134948 -12.16388 -0.134948 -12.16388 -0.1256639 -12.55626 -0.1256639 -11.77149 -0.134948 -12.16388 -0.1256639 -11.77149 -0.134948 -11.37911 -0.134948 -11.37911 -0.1256639 -11.77149 -0.1256639 -10.98673 -0.134948 -11.37911 -0.1256639 -10.98673 -0.134948 -10.59434 -0.134948 -10.59434 -0.1256639 -10.98673 -0.107959 -10.59434 -0.107959 -10.59434 -0.1256639 -10.98673 -0.09424799 -10.98673 -0.107959 -10.59434 -0.09424799 -10.98673 -0.08096897 -10.59434 -0.08096897 -10.59434 -0.09424799 -10.98673 -0.06283199 -10.98673 -0.08096897 -10.59434 -0.06283199 -10.98673 -0.05397897 -10.59434 -0.05397897 3.531448 -0.02698999 3.531448 -0.03141599 3.923832 -0.06283199 14.12579 -0.09424799 14.12579 -0.06283199 13.34103 -0.06283199 13.34103 -0.09424799 14.12579 -0.09424799 13.34103 -0.06283199 13.34103 -0.09424799 13.34103 -0.06283199 12.55626 -0.06283199 12.55626 -0.09424799 13.34103 -0.09424799 12.55626 -0.06283199 12.55626 -0.09424799 12.55626 -0.06283199 11.77149 -0.06283199 11.77149 -0.09424799 12.55626 -0.09424799 11.77149 -0.06283199 11.77149 -0.09424799 11.77149 -0.06283199 10.98673 -0.06283199 10.98673 -0.09424799 11.77149 -0.09424799 10.98673 -0.06283199 10.98673 -0.09424799 10.98673 -0.06283199 10.20196 -0.06283199 10.20196 -0.09424799 10.98673 -0.09424799 10.20196 -0.06283199 10.20196 -0.09424799 10.20196 -0.06283199 9.417197 -0.06283199 9.417197 -0.09424799 10.20196 -0.09424799 9.417197 -0.06283199 9.417197 -0.09424799 9.417197 -0.06283199 8.632431 -0.06283199 8.632431 -0.09424799 9.417197 -0.09424799 8.632431 -0.06283199 8.632431 -0.09424799 8.632431 -0.06283199 7.847663 -0.06283199 7.847663 -0.09424799 8.632431 -0.09424799 7.847663 -0.06283199 7.847663 -0.09424799 7.847663 -0.06283199 7.062897 -0.06283199 7.062897 -0.09424799 7.847663 -0.09424799 7.062897 -0.06283199 7.062897 -0.09424799 7.062897 -0.06283199 6.278131 -0.06283199 6.278131 -0.09424799 7.062897 -0.09424799 6.278131 -0.06283199 6.278131 -0.09424799 6.278131 -0.06283199 5.493364 -0.06283199 5.493364 -0.09424799 6.278131 -0.09424799 5.493364 -0.06283199 5.493364 -0.09424799 5.493364 -0.06283199 4.708598 -0.06283199 4.708598 -0.09424799 5.493364 -0.09424799 4.708598 -0.06283199 4.708598 -0.09424799 4.708598 -0.06283199 3.923832 -0.06283199 3.923832 -0.09424799 4.708598 -0.09424799 3.923832 -0.09424799 14.12579 -0.1256639 14.12579 -0.09424799 13.34103 -0.09424799 13.34103 -0.1256639 14.12579 -0.1256639 13.34103 -0.09424799 13.34103 -0.1256639 13.34103 -0.09424799 12.55626 -0.09424799 12.55626 -0.1256639 13.34103 -0.1256639 12.55626 -0.09424799 12.55626 -0.1256639 12.55626 -0.09424799 11.77149 -0.09424799 11.77149 -0.1256639 12.55626 -0.1256639 11.77149 -0.09424799 11.77149 -0.1256639 11.77149 -0.09424799 10.98673 -0.09424799 10.98673 -0.1256639 11.77149 -0.1256639 10.98673 -0.09424799 10.98673 -0.1256639 10.98673 -0.09424799 10.20196 -0.09424799 10.20196 -0.1256639 10.98673 -0.1256639 10.20196 -0.09424799 10.20196 -0.1256639 10.20196 -0.09424799 9.417197 -0.09424799 9.417197 -0.1256639 10.20196 -0.1256639 9.417197 -0.09424799 9.417197 -0.1256639 9.417197 -0.09424799 8.632431 -0.09424799 8.632431 -0.1256639 9.417197 -0.1256639 8.632431 -0.09424799 8.632431 -0.1256639 8.632431 -0.09424799 7.847663 -0.09424799 7.847663 -0.1256639 8.632431 -0.1256639 7.847663 -0.09424799 7.847663 -0.1256639 7.847663 -0.09424799 7.062897 -0.09424799 7.062897 -0.1256639 7.847663 -0.1256639 7.062897 -0.09424799 7.062897 -0.1256639 7.062897 -0.09424799 6.278131 -0.09424799 6.278131 -0.1256639 7.062897 -0.1256639 6.278131 -0.09424799 6.278131 -0.1256639 6.278131 -0.09424799 5.493364 -0.09424799 5.493364 -0.1256639 6.278131 -0.1256639 5.493364 -0.09424799 5.493364 -0.1256639 5.493364 -0.09424799 4.708598 -0.09424799 4.708598 -0.1256639 5.493364 -0.1256639 4.708598 -0.09424799 4.708598 -0.1256639 4.708598 -0.09424799 3.923832 -0.09424799 3.923832 -0.1256639 4.708598 -0.1256639 3.923832 -0.09424799 -14.12579 -0.06283199 -14.12579 -0.09424799 -13.34103 -0.09424799 -13.34103 -0.06283199 -14.12579 -0.06283199 -13.34103 -0.09424799 -13.34103 -0.06283199 -13.34103 -0.09424799 -12.55626 -0.09424799 -12.55626 -0.06283199 -13.34103 -0.06283199 -12.55626 -0.09424799 -12.55626 -0.06283199 -12.55626 -0.09424799 -11.77149 -0.09424799 -11.77149 -0.06283199 -12.55626 -0.06283199 -11.77149 -0.09424799 -11.77149 -0.06283199 -11.77149 -0.09424799 -10.98673 -0.09424799 -10.98673 -0.06283199 -11.77149 -0.06283199 -10.98673 -0.1256639 -14.12579 -0.09424799 -14.12579 -0.1256639 -13.34103 -0.1256639 -13.34103 -0.09424799 -14.12579 -0.09424799 -13.34103 -0.1256639 -13.34103 -0.09424799 -13.34103 -0.1256639 -12.55626 -0.1256639 -12.55626 -0.09424799 -13.34103 -0.09424799 -12.55626 -0.1256639 -12.55626 -0.09424799 -12.55626 -0.1256639 -11.77149 -0.1256639 -11.77149 -0.09424799 -12.55626 -0.09424799 -11.77149 -0.1256639 -11.77149 -0.09424799 -11.77149 -0.1256639 -10.98673 -0.1256639 -10.98673 -0.09424799 -11.77149 -0.09424799 -10.98673 -0.07239496 1.804593 0.02129298 2.423873 -0.07239496 2.556506 -0.07239496 2.556506 0.02129298 2.423873 4.6e-4 2.489454 -0.07239496 2.556506 4.6e-4 2.489454 -0.006446957 2.556506 -0.07239496 1.052679 0.651553 1.136225 -0.07239496 1.804593 -0.07239496 1.804593 0.651553 1.136225 0.651553 1.846366 -0.07239496 1.804593 0.651553 1.846366 0.272372 2.240655 0.272372 2.240655 0.651553 1.846366 0.334297 2.239617 0.334297 2.239617 0.651553 1.846366 0.396846 2.250153 0.396846 2.250153 0.651553 1.846366 0.45728 2.271928 0.45728 2.271928 0.651553 1.846366 0.512007 2.303685 0.512007 2.303685 0.651553 1.846366 0.558327 2.342672 0.558327 2.342672 0.651553 1.846366 0.596747 2.389256 0.596747 2.389256 0.651553 1.846366 0.625989 2.442377 0.625989 2.442377 0.651553 1.846366 0.64367 2.499282 0.64367 2.499282 0.651553 1.846366 0.651553 2.556506 0.64367 2.499282 0.651553 2.556506 0.649553 2.556506 0.651553 1.136225 -0.07239496 1.052679 0.651553 0.426084 0.651553 0.426084 -0.07239496 1.052679 -0.07239496 0.300765 0.651553 0.426084 -0.07239496 0.300765 0.651553 -0.284056 0.651553 -0.284056 -0.07239496 0.300765 -0.07239496 -0.451148 0.651553 -0.284056 -0.07239496 -0.451148 0.651553 -0.994197 0.651553 -0.994197 -0.07239496 -0.451148 -0.07239496 -1.203062 0.651553 -0.994197 -0.07239496 -1.203062 0.651553 -1.704337 0.651553 -1.704337 -0.07239496 -1.203062 -0.07239496 -1.954975 0.651553 -1.704337 -0.07239496 -1.954975 0.651553 -2.414478 0.651553 -2.414478 -0.07239496 -1.954975 -0.07239496 -2.706889 0.651553 -2.414478 -0.07239496 -2.706889 0.651553 -3.124619 0.651553 -3.124619 -0.07239496 -2.706889 -0.07239496 -3.458802 0.651553 -3.124619 -0.07239496 -3.458802 0.334334 -3.517836 0.334334 -3.517836 -0.07239496 -3.458802 0.272402 -3.518904 0.272402 -3.518904 -0.07239496 -3.458802 0.209531 -3.532187 0.209531 -3.532187 -0.07239496 -3.458802 0.149921 -3.558461 0.149921 -3.558461 -0.07239496 -3.458802 0.097763 -3.596143 0.097763 -3.596143 -0.07239496 -3.458802 0.05498397 -3.64367 0.05498397 -3.64367 -0.07239496 -3.458802 0.02129697 -3.702118 0.02129697 -3.702118 -0.07239496 -3.458802 4.61e-4 -3.767703 4.61e-4 -3.767703 -0.07239496 -3.458802 -0.006446957 -3.834759 -0.006446957 -3.834759 -0.07239496 -3.458802 -0.07239496 -4.210716 -0.006446957 -3.834759 -0.07239496 -4.210716 4.61e-4 -3.901816 4.61e-4 -3.901816 -0.07239496 -4.210716 0.02129697 -3.967401 0.02129697 -3.967401 -0.07239496 -4.210716 0.05498397 -4.025849 0.05498397 -4.025849 -0.07239496 -4.210716 0.097763 -4.073376 0.097763 -4.073376 -0.07239496 -4.210716 0.149921 -4.111057 0.149921 -4.111057 -0.07239496 -4.210716 0.209531 -4.137331 0.209531 -4.137331 -0.07239496 -4.210716 0.272402 -4.150614 0.272402 -4.150614 -0.07239496 -4.210716 0.334334 -4.151682 0.334334 -4.151682 -0.07239496 -4.210716 0.651553 -4.5449 0.334334 -4.151682 0.651553 -4.5449 0.396875 -4.141105 0.396875 -4.141105 0.651553 -4.5449 0.457303 -4.119327 0.457303 -4.119327 0.651553 -4.5449 0.512024 -4.087568 0.512024 -4.087568 0.651553 -4.5449 0.558339 -4.048582 0.558339 -4.048582 0.651553 -4.5449 0.596754 -4.001999 0.596754 -4.001999 0.651553 -4.5449 0.625992 -3.94888 0.625992 -3.94888 0.651553 -4.5449 0.64367 -3.891979 0.64367 -3.891979 0.651553 -4.5449 0.651553 -3.834759 0.64367 -3.891979 0.651553 -3.834759 0.649553 -3.834759 0.649553 -3.834759 0.651553 -3.834759 0.64367 -3.777539 0.64367 -3.777539 0.651553 -3.834759 0.651553 -3.124619 0.64367 -3.777539 0.651553 -3.124619 0.625992 -3.720638 0.625992 -3.720638 0.651553 -3.124619 0.596754 -3.667519 0.596754 -3.667519 0.651553 -3.124619 0.558339 -3.620936 0.558339 -3.620936 0.651553 -3.124619 0.512024 -3.58195 0.512024 -3.58195 0.651553 -3.124619 0.457303 -3.550192 0.457303 -3.550192 0.651553 -3.124619 0.396875 -3.528414 0.396875 -3.528414 0.651553 -3.124619 0.334334 -3.517836 -0.07239496 -4.210716 -0.07239496 -4.962629 0.651553 -4.5449 0.651553 -4.5449 -0.07239496 -4.962629 0.651553 -5.25504 0.651553 -5.25504 -0.07239496 -4.962629 -0.07239496 -5.714543 0.651553 -5.25504 -0.07239496 -5.714543 0.651553 -5.965181 0.651553 -5.965181 -0.07239496 -5.714543 -0.07239496 -6.466456 0.651553 -5.965181 -0.07239496 -6.466456 0.651553 -6.675322 0.651553 -6.675322 -0.07239496 -6.466456 -0.07239496 -7.21837 0.651553 -6.675322 -0.07239496 -7.21837 0.651553 -7.385462 0.651553 -7.385462 -0.07239496 -7.21837 -0.07239496 -7.970284 0.651553 -7.385462 -0.07239496 -7.970284 0.651553 -8.095603 0.651553 -8.095603 -0.07239496 -7.970284 -0.07239496 -8.722198 0.651553 -8.095603 -0.07239496 -8.722198 0.651553 -8.805744 0.651553 -8.805744 -0.07239496 -8.722198 -0.07239496 -9.474111 0.651553 -8.805744 -0.07239496 -9.474111 0.651553 -9.515884 0.651553 -9.515884 -0.07239496 -9.474111 0.272372 -9.910174 0.651553 -9.515884 0.272372 -9.910174 0.334297 -9.909135 -0.07239496 -10.22602 0.05497699 -10.03494 -0.07239496 -9.474111 -0.07239496 -9.474111 0.05497699 -10.03494 0.09775 -9.98742 -0.07239496 -9.474111 0.09775 -9.98742 0.149902 -9.949738 -0.006446957 -10.22602 4.6e-4 -10.15897 -0.07239496 -10.22602 -0.07239496 -10.22602 4.6e-4 -10.15897 0.02129298 -10.09339 -0.07239496 -10.22602 0.02129298 -10.09339 0.05497699 -10.03494 0.149902 -9.949738 0.209506 -9.923461 -0.07239496 -9.474111 -0.07239496 -9.474111 0.209506 -9.923461 0.272372 -9.910174 0.334297 -9.909135 0.396846 -9.919672 0.651553 -9.515884 0.651553 -9.515884 0.396846 -9.919672 0.45728 -9.941447 0.651553 -9.515884 0.45728 -9.941447 0.512007 -9.973204 0.512007 -9.973204 0.558327 -10.01219 0.651553 -9.515884 0.651553 -9.515884 0.558327 -10.01219 0.596747 -10.05877 0.651553 -9.515884 0.596747 -10.05877 0.625989 -10.1119 0.625989 -10.1119 0.64367 -10.1688 0.651553 -9.515884 0.651553 -9.515884 0.64367 -10.1688 0.651553 -10.22602 0.651553 -10.22602 0.64367 -10.1688 0.649553 -10.22602 0.272372 2.240655 0.209506 2.253942 -0.07239496 1.804593 -0.07239496 1.804593 0.209506 2.253942 0.149902 2.280219 -0.07239496 1.804593 0.149902 2.280219 0.09775 2.317901 0.09775 2.317901 0.05497699 2.365427 -0.07239496 1.804593 -0.07239496 1.804593 0.05497699 2.365427 0.02129298 2.423873 -0.122856 0 0.124339 0 -0.1091279 0.06206297 -0.1091279 0.06206297 0.124339 0 0.124339 0.100531 -0.1091279 0.06206297 0.124339 0.100531 -0.09586197 0.125275 -0.09586197 0.125275 0.124339 0.100531 0.124339 0.201062 -0.09586197 0.125275 0.124339 0.201062 -0.08384996 0.188278 -0.08384996 0.188278 0.124339 0.201062 -0.07368397 0.249583 -0.07368397 0.249583 0.124339 0.201062 0.124339 0.301593 -0.07368397 0.249583 0.124339 0.301593 -0.06524997 0.312018 -0.06524997 0.312018 0.124339 0.301593 -0.058833 0.376067 -0.058833 0.376067 0.124339 0.301593 0.124339 0.402124 -0.058833 0.376067 0.124339 0.402124 -0.05494999 0.440164 -0.05494999 0.440164 0.124339 0.402124 0.124339 0.502655 -0.05494999 0.440164 0.124339 0.502655 -0.05366098 0.502655 -0.05366098 0.502655 0.124339 0.502655 -0.05494999 0.565146 -0.05494999 0.565146 0.124339 0.502655 0.124339 0.603186 -0.05494999 0.565146 0.124339 0.603186 -0.058833 0.629242 -0.058833 0.629242 0.124339 0.603186 0.124339 0.703717 -0.058833 0.629242 0.124339 0.703717 -0.06524997 0.693292 -0.06524997 0.693292 0.124339 0.703717 -0.07368397 0.755726 -0.07368397 0.755726 0.124339 0.703717 0.124339 0.804248 -0.07368397 0.755726 0.124339 0.804248 -0.08384996 0.817032 -0.08384996 0.817032 0.124339 0.804248 -0.09586197 0.880034 -0.09586197 0.880034 0.124339 0.804248 0.124339 0.904779 -0.09586197 0.880034 0.124339 0.904779 -0.1091279 0.943246 -0.1091279 0.943246 0.124339 0.904779 0.124339 1.00531 -0.1091279 0.943246 0.124339 1.00531 -0.122856 1.00531 -0.08508598 0 -0.09868198 -0.06052595 0.162108 0 0.162108 0 -0.09868198 -0.06052595 0.162108 -0.100531 0.162108 -0.100531 -0.09868198 -0.06052595 -0.112482 -0.123362 0.162108 -0.100531 -0.112482 -0.123362 0.162108 -0.201062 0.162108 -0.201062 -0.112482 -0.123362 -0.125567 -0.187009 0.162108 -0.201062 -0.125567 -0.187009 -0.1370159 -0.249555 0.162108 -0.201062 -0.1370159 -0.249555 0.162108 -0.301593 0.162108 -0.301593 -0.1370159 -0.249555 -0.1464059 -0.311104 0.162108 -0.301593 -0.1464059 -0.311104 -0.153802 -0.375225 0.162108 -0.301593 -0.153802 -0.375225 0.162108 -0.402124 0.162108 -0.402124 -0.153802 -0.375225 -0.1583729 -0.439832 0.162108 -0.402124 -0.1583729 -0.439832 0.162108 -0.502655 0.162108 -0.502655 -0.1583729 -0.439832 -0.159892 -0.502655 0.162108 -0.502655 -0.159892 -0.502655 -0.1583729 -0.565478 0.162108 -0.502655 -0.1583729 -0.565478 0.162108 -0.603186 0.162108 -0.603186 -0.1583729 -0.565478 -0.153802 -0.630085 0.162108 -0.603186 -0.153802 -0.630085 0.162108 -0.703717 0.162108 -0.703717 -0.153802 -0.630085 -0.1464059 -0.694206 0.162108 -0.703717 -0.1464059 -0.694206 -0.1370159 -0.755754 0.162108 -0.703717 -0.1370159 -0.755754 0.162108 -0.804248 0.162108 -0.804248 -0.1370159 -0.755754 -0.125567 -0.818301 0.162108 -0.804248 -0.125567 -0.818301 -0.112482 -0.881948 0.162108 -0.804248 -0.112482 -0.881948 0.162108 -0.904779 0.162108 -0.904779 -0.112482 -0.881948 -0.09868198 -0.944784 0.162108 -0.904779 -0.09868198 -0.944784 0.162108 -1.00531 0.162108 -1.00531 -0.09868198 -0.944784 -0.08508598 -1.00531 -0.374266 -0.05613297 -0.396508 -0.001579999 -0.455264 0.002714991 -0.455264 0.002714991 -0.396508 -0.001579999 -0.459559 0.06147098 -0.455264 0.002714991 -0.459559 0.06147098 -0.514112 0.08371299 -0.514112 0.08371299 -0.459559 0.06147098 -0.500041 0.14092 -0.514112 0.08371299 -0.500041 0.14092 -0.54505 0.17893 -0.54505 0.17893 -0.500041 0.14092 -0.513989 0.228989 -0.54505 0.17893 -0.513989 0.228989 -0.54505 0.279049 -0.54505 0.279049 -0.513989 0.228989 -0.500041 0.317059 -0.54505 0.279049 -0.500041 0.317059 -0.514112 0.374266 -0.514112 0.374266 -0.500041 0.317059 -0.459559 0.396508 -0.514112 0.374266 -0.459559 0.396508 -0.455264 0.455264 -0.455264 0.455264 -0.459559 0.396508 -0.396508 0.459559 -0.455264 0.455264 -0.396508 0.459559 -0.374266 0.514112 -0.374266 0.514112 -0.396508 0.459559 -0.317059 0.500041 -0.374266 0.514112 -0.317059 0.500041 -0.279049 0.54505 -0.279049 0.54505 -0.317059 0.500041 -0.228989 0.513989 -0.279049 0.54505 -0.228989 0.513989 -0.17893 0.54505 -0.17893 0.54505 -0.228989 0.513989 -0.14092 0.500041 -0.17893 0.54505 -0.14092 0.500041 -0.08371299 0.514112 -0.08371299 0.514112 -0.14092 0.500041 -0.06147098 0.459559 -0.08371299 0.514112 -0.06147098 0.459559 -0.002714991 0.455264 -0.002714991 0.455264 -0.06147098 0.459559 0.001579999 0.396508 -0.002714991 0.455264 0.001579999 0.396508 0.05613297 0.374266 0.05613297 0.374266 0.001579999 0.396508 0.04206198 0.317059 0.05613297 0.374266 0.04206198 0.317059 0.087071 0.279049 0.087071 0.279049 0.04206198 0.317059 0.05601096 0.228989 0.087071 0.279049 0.05601096 0.228989 0.087071 0.17893 0.087071 0.17893 0.05601096 0.228989 0.04206198 0.14092 0.087071 0.17893 0.04206198 0.14092 0.05613297 0.08371299 0.05613297 0.08371299 0.04206198 0.14092 0.001579999 0.06147098 0.05613297 0.08371299 0.001579999 0.06147098 -0.002714991 0.002714991 -0.002714991 0.002714991 0.001579999 0.06147098 -0.06147098 -0.001579999 -0.002714991 0.002714991 -0.06147098 -0.001579999 -0.08371299 -0.05613297 -0.08371299 -0.05613297 -0.06147098 -0.001579999 -0.14092 -0.04206198 -0.08371299 -0.05613297 -0.14092 -0.04206198 -0.17893 -0.087071 -0.17893 -0.087071 -0.14092 -0.04206198 -0.228989 -0.05601096 -0.17893 -0.087071 -0.228989 -0.05601096 -0.279049 -0.087071 -0.279049 -0.087071 -0.228989 -0.05601096 -0.317059 -0.04206198 -0.279049 -0.087071 -0.317059 -0.04206198 -0.374266 -0.05613297 -0.374266 -0.05613297 -0.317059 -0.04206198 -0.396508 -0.001579999 0.290469 -0.07528799 0.290469 0 0.279279 -0.07528799 0.279279 -0.07528799 0.290469 0 0.221042 0 0.279279 -0.07528799 0.221042 0 0.186186 -0.07528799 0.186186 -0.07528799 0.221042 0 0.151614 0 0.186186 -0.07528799 0.151614 0 0.09309297 -0.07528799 0.09309297 -0.07528799 0.151614 0 0.08218598 0 0.09309297 -0.07528799 0.08218598 0 0.08218598 -0.07528799 0.09309297 -0.07528799 0.08218598 -0.07528799 0.09309297 -0.150575 0.09309297 -0.150575 0.08218598 -0.07528799 0.08218598 -0.150575 0.09309297 -0.150575 0.08218598 -0.150575 0.09309297 -0.225863 0.09309297 -0.225863 0.08218598 -0.150575 0.08218598 -0.225863 0.09309297 -0.225863 0.08218598 -0.225863 0.09309297 -0.301151 0.09309297 -0.301151 0.08218598 -0.225863 0.08218598 -0.301151 0.09309297 -0.301151 0.08218598 -0.301151 0.09309297 -0.376438 0.09309297 -0.376438 0.08218598 -0.301151 0.08218598 -0.376438 0.09309297 -0.376438 0.08218598 -0.376438 0.09309297 -0.451726 0.09309297 -0.451726 0.08218598 -0.376438 0.08218598 -0.451726 0.09309297 -0.451726 0.08218598 -0.451726 0.09309297 -0.527014 0.09309297 -0.527014 0.08218598 -0.451726 0.08218598 -0.527014 0.09309297 -0.527014 0.08218598 -0.527014 0.09309297 -0.602302 0.09309297 -0.602302 0.08218598 -0.527014 0.08218598 -0.602302 0.09309297 -0.602302 0.08218598 -0.602302 0.09309297 -0.677589 0.09309297 -0.677589 0.08218598 -0.602302 0.08218598 -0.677589 0.09309297 -0.677589 0.08218598 -0.677589 0.08218598 -0.752877 0.08218598 -0.752877 0.151614 -0.752877 0.09309297 -0.677589 0.09309297 -0.677589 0.151614 -0.752877 0.186186 -0.677589 0.09309297 -0.677589 0.186186 -0.677589 0.09309297 -0.602302 0.09309297 -0.602302 0.186186 -0.677589 0.186186 -0.602302 0.09309297 -0.602302 0.186186 -0.602302 0.09309297 -0.527014 0.09309297 -0.527014 0.186186 -0.602302 0.186186 -0.527014 0.09309297 -0.527014 0.186186 -0.527014 0.09309297 -0.451726 0.09309297 -0.451726 0.186186 -0.527014 0.186186 -0.451726 0.09309297 -0.451726 0.186186 -0.451726 0.09309297 -0.376438 0.09309297 -0.376438 0.186186 -0.451726 0.186186 -0.376438 0.09309297 -0.376438 0.186186 -0.376438 0.09309297 -0.301151 0.09309297 -0.301151 0.186186 -0.376438 0.186186 -0.301151 0.09309297 -0.301151 0.186186 -0.301151 0.09309297 -0.225863 0.09309297 -0.225863 0.186186 -0.301151 0.186186 -0.225863 0.09309297 -0.225863 0.186186 -0.225863 0.09309297 -0.150575 0.09309297 -0.150575 0.186186 -0.225863 0.186186 -0.150575 0.09309297 -0.150575 0.186186 -0.150575 0.09309297 -0.07528799 0.09309297 -0.07528799 0.186186 -0.150575 0.186186 -0.07528799 0.151614 -0.752877 0.221042 -0.752877 0.186186 -0.677589 0.186186 -0.677589 0.221042 -0.752877 0.279279 -0.677589 0.186186 -0.677589 0.279279 -0.677589 0.186186 -0.602302 0.186186 -0.602302 0.279279 -0.677589 0.279279 -0.602302 0.186186 -0.602302 0.279279 -0.602302 0.186186 -0.527014 0.186186 -0.527014 0.279279 -0.602302 0.279279 -0.527014 0.186186 -0.527014 0.279279 -0.527014 0.186186 -0.451726 0.186186 -0.451726 0.279279 -0.527014 0.279279 -0.451726 0.186186 -0.451726 0.279279 -0.451726 0.186186 -0.376438 0.186186 -0.376438 0.279279 -0.451726 0.279279 -0.376438 0.186186 -0.376438 0.279279 -0.376438 0.186186 -0.301151 0.186186 -0.301151 0.279279 -0.376438 0.279279 -0.301151 0.186186 -0.301151 0.279279 -0.301151 0.186186 -0.225863 0.186186 -0.225863 0.279279 -0.301151 0.279279 -0.225863 0.186186 -0.225863 0.279279 -0.225863 0.186186 -0.150575 0.186186 -0.150575 0.279279 -0.225863 0.279279 -0.150575 0.186186 -0.150575 0.279279 -0.150575 0.186186 -0.07528799 0.186186 -0.07528799 0.279279 -0.150575 0.279279 -0.07528799 0.221042 -0.752877 0.290469 -0.752877 0.279279 -0.677589 0.279279 -0.677589 0.290469 -0.752877 0.290469 -0.677589 0.279279 -0.677589 0.290469 -0.677589 0.279279 -0.602302 0.279279 -0.602302 0.290469 -0.677589 0.290469 -0.602302 0.279279 -0.602302 0.290469 -0.602302 0.279279 -0.527014 0.279279 -0.527014 0.290469 -0.602302 0.290469 -0.527014 0.279279 -0.527014 0.290469 -0.527014 0.279279 -0.451726 0.279279 -0.451726 0.290469 -0.527014 0.290469 -0.451726 0.279279 -0.451726 0.290469 -0.451726 0.279279 -0.376438 0.279279 -0.376438 0.290469 -0.451726 0.290469 -0.376438 0.279279 -0.376438 0.290469 -0.376438 0.279279 -0.301151 0.279279 -0.301151 0.290469 -0.376438 0.290469 -0.301151 0.279279 -0.301151 0.290469 -0.301151 0.279279 -0.225863 0.279279 -0.225863 0.290469 -0.301151 0.290469 -0.225863 0.279279 -0.225863 0.290469 -0.225863 0.279279 -0.150575 0.279279 -0.150575 0.290469 -0.225863 0.290469 -0.150575 0.279279 -0.150575 0.290469 -0.150575 0.279279 -0.07528799 0.279279 -0.07528799 0.290469 -0.150575 0.290469 -0.07528799 0.151614 0.752877 0.08218598 0.752877 0.09309297 0.677589 0.09309297 0.677589 0.08218598 0.752877 0.08218598 0.677589 0.09309297 0.677589 0.08218598 0.677589 0.09309297 0.602302 0.09309297 0.602302 0.08218598 0.677589 0.08218598 0.602302 0.09309297 0.602302 0.08218598 0.602302 0.09309297 0.527014 0.09309297 0.527014 0.08218598 0.602302 0.08218598 0.527014 0.09309297 0.527014 0.08218598 0.527014 0.09309297 0.451726 0.09309297 0.451726 0.08218598 0.527014 0.08218598 0.451726 0.09309297 0.451726 0.08218598 0.451726 0.09309297 0.376438 0.09309297 0.376438 0.08218598 0.451726 0.08218598 0.376438 0.09309297 0.376438 0.08218598 0.376438 0.09309297 0.301151 0.09309297 0.301151 0.08218598 0.376438 0.08218598 0.301151 0.09309297 0.301151 0.08218598 0.301151 0.09309297 0.225863 0.09309297 0.225863 0.08218598 0.301151 0.08218598 0.225863 0.09309297 0.225863 0.08218598 0.225863 0.09309297 0.150575 0.09309297 0.150575 0.08218598 0.225863 0.08218598 0.150575 0.09309297 0.150575 0.08218598 0.150575 0.09309297 0.07528799 0.09309297 0.07528799 0.08218598 0.150575 0.08218598 0.07528799 0.09309297 0.07528799 0.08218598 0.07528799 0.08218598 0 0.08218598 0 0.151614 0 0.09309297 0.07528799 0.09309297 0.07528799 0.151614 0 0.186186 0.07528799 0.09309297 0.07528799 0.186186 0.07528799 0.09309297 0.150575 0.09309297 0.150575 0.186186 0.07528799 0.186186 0.150575 0.09309297 0.150575 0.186186 0.150575 0.09309297 0.225863 0.09309297 0.225863 0.186186 0.150575 0.186186 0.225863 0.09309297 0.225863 0.186186 0.225863 0.09309297 0.301151 0.09309297 0.301151 0.186186 0.225863 0.186186 0.301151 0.09309297 0.301151 0.186186 0.301151 0.09309297 0.376438 0.09309297 0.376438 0.186186 0.301151 0.186186 0.376438 0.09309297 0.376438 0.186186 0.376438 0.09309297 0.451726 0.09309297 0.451726 0.186186 0.376438 0.186186 0.451726 0.09309297 0.451726 0.186186 0.451726 0.186186 0.527014 0.186186 0.527014 0.186186 0.451726 0.279279 0.451726 0.186186 0.527014 0.279279 0.451726 0.279279 0.527014 0.279279 0.527014 0.279279 0.451726 0.290469 0.451726 0.279279 0.527014 0.290469 0.451726 0.290469 0.527014 0.151614 0 0.221042 0 0.186186 0.07528799 0.186186 0.07528799 0.221042 0 0.279279 0.07528799 0.186186 0.07528799 0.279279 0.07528799 0.186186 0.150575 0.186186 0.150575 0.279279 0.07528799 0.279279 0.150575 0.186186 0.150575 0.279279 0.150575 0.186186 0.225863 0.186186 0.225863 0.279279 0.150575 0.279279 0.225863 0.186186 0.225863 0.279279 0.225863 0.186186 0.301151 0.186186 0.301151 0.279279 0.225863 0.279279 0.301151 0.186186 0.301151 0.279279 0.301151 0.186186 0.376438 0.186186 0.376438 0.279279 0.301151 0.279279 0.376438 0.186186 0.376438 0.279279 0.376438 0.186186 0.451726 0.186186 0.451726 0.279279 0.376438 0.279279 0.451726 0.221042 0 0.290469 0 0.279279 0.07528799 0.279279 0.07528799 0.290469 0 0.290469 0.07528799 0.279279 0.07528799 0.290469 0.07528799 0.279279 0.150575 0.279279 0.150575 0.290469 0.07528799 0.290469 0.150575 0.279279 0.150575 0.290469 0.150575 0.279279 0.225863 0.279279 0.225863 0.290469 0.150575 0.290469 0.225863 0.279279 0.225863 0.290469 0.225863 0.279279 0.301151 0.279279 0.301151 0.290469 0.225863 0.290469 0.301151 0.279279 0.301151 0.290469 0.301151 0.279279 0.376438 0.279279 0.376438 0.290469 0.301151 0.290469 0.376438 0.279279 0.376438 0.290469 0.376438 0.279279 0.451726 0.279279 0.451726 0.290469 0.376438 0.290469 0.451726 0.279279 0.527014 0.290469 0.527014 0.279279 0.602302 0.279279 0.602302 0.290469 0.527014 0.290469 0.602302 0.279279 0.602302 0.290469 0.602302 0.279279 0.677589 0.279279 0.677589 0.290469 0.602302 0.290469 0.677589 0.279279 0.677589 0.290469 0.677589 0.290469 0.752877 0.290469 0.752877 0.221042 0.752877 0.279279 0.677589 0.279279 0.677589 0.221042 0.752877 0.186186 0.677589 0.279279 0.677589 0.186186 0.677589 0.279279 0.602302 0.279279 0.602302 0.186186 0.677589 0.186186 0.602302 0.279279 0.602302 0.186186 0.602302 0.279279 0.527014 0.279279 0.527014 0.186186 0.602302 0.186186 0.527014 0.221042 0.752877 0.151614 0.752877 0.186186 0.677589 0.186186 0.677589 0.151614 0.752877 0.09309297 0.677589 0.186186 0.677589 0.09309297 0.677589 0.186186 0.602302 0.186186 0.602302 0.09309297 0.677589 0.09309297 0.602302 0.186186 0.602302 0.09309297 0.602302 0.186186 0.527014 0.186186 0.527014 0.09309297 0.602302 0.09309297 0.527014 0.186186 0.527014 0.09309297 0.527014 0.09309297 0.451726 -0.323904 -0.05098795 -0.26698 -0.05773496 -0.33198 0 -0.33198 0 -0.26698 -0.05773496 -0.26698 0.05773496 -0.33198 0 -0.26698 0.05773496 -0.323904 0.05098795 -0.323904 0.05098795 -0.26698 0.05773496 -0.300468 0.09698498 -0.300468 0.09698498 -0.26698 0.05773496 -0.263965 0.1334879 -0.263965 0.1334879 -0.26698 0.05773496 -0.217968 0.156924 -0.217968 0.156924 -0.26698 0.05773496 -0.16698 0.11547 -0.217968 0.156924 -0.16698 0.11547 -0.16698 0.165 -0.16698 0.165 -0.16698 0.11547 -0.115992 0.156924 -0.115992 0.156924 -0.16698 0.11547 -0.06698 0.05773496 -0.115992 0.156924 -0.06698 0.05773496 -0.06999498 0.1334879 -0.06999498 0.1334879 -0.06698 0.05773496 -0.03349196 0.09698498 -0.03349196 0.09698498 -0.06698 0.05773496 -0.01005595 0.05098795 -0.01005595 0.05098795 -0.06698 0.05773496 -0.001979947 0 -0.001979947 0 -0.06698 0.05773496 -0.06698 -0.05773496 -0.001979947 0 -0.06698 -0.05773496 -0.01005595 -0.05098795 -0.01005595 -0.05098795 -0.06698 -0.05773496 -0.03349196 -0.09698498 -0.03349196 -0.09698498 -0.06698 -0.05773496 -0.06999498 -0.1334879 -0.06999498 -0.1334879 -0.06698 -0.05773496 -0.115992 -0.156924 -0.115992 -0.156924 -0.06698 -0.05773496 -0.16698 -0.11547 -0.115992 -0.156924 -0.16698 -0.11547 -0.16698 -0.165 -0.16698 -0.165 -0.16698 -0.11547 -0.217968 -0.156924 -0.217968 -0.156924 -0.16698 -0.11547 -0.26698 -0.05773496 -0.217968 -0.156924 -0.26698 -0.05773496 -0.263965 -0.1334879 -0.263965 -0.1334879 -0.26698 -0.05773496 -0.300468 -0.09698498 -0.300468 -0.09698498 -0.26698 -0.05773496 -0.323904 -0.05098795 0 0.05773496 -0.104 0.05773496 0 -0.05773496 0 -0.05773496 -0.104 0.05773496 -0.104 -0.05773496 0 0.05773496 -0.104 0.05773496 0 -0.05773496 0 -0.05773496 -0.104 0.05773496 -0.104 -0.05773496 0 0.05773496 -0.104 0.05773496 0 -0.05773496 0 -0.05773496 -0.104 0.05773496 -0.104 -0.05773496 0 -0.05773496 0.104 -0.05773496 0 0.05773496 0 0.05773496 0.104 -0.05773496 0.104 0.05773496 0 -0.05773496 0.104 -0.05773496 0 0.05773496 0 0.05773496 0.104 -0.05773496 0.104 0.05773496 0 -0.05773496 0.104 -0.05773496 0 0.05773496 0 0.05773496 0.104 -0.05773496 0.104 0.05773496 -0.1111029 -0.05116397 9.86e-4 0.012887 -0.09509098 0.07693797 -0.05738896 0.05842798 0.05808097 6.93e-4 0.05808097 0.116163 -0.1111029 0.05116397 -0.09509098 -0.07693797 9.86e-4 -0.012887 0.008005976 0.06405097 -0.104083 0 -0.008005976 -0.06405097 0.05738896 0.05842798 -0.05808097 0.116163 -0.05808097 6.93e-4 0.008005976 -0.06405097 -0.008005976 0.06405097 -0.104083 0 -0.501551 9.256451 -1.5 9.151496 -0.134407 8.890021 -0.134407 8.890021 -1.5 9.151496 -1.5 8.371436 -0.134407 8.890021 -1.5 8.371436 0.665662 8.746816 0.665662 8.746816 -1.5 8.371436 0.841515 8.664322 0.841515 8.664322 -1.5 8.371436 1.1132 8.570055 1.1132 8.570055 -1.5 8.371436 1.121069 8.568624 1.121069 8.568624 -1.5 8.371436 1.12908 8.56864 1.12908 8.56864 -1.5 8.371436 1.5 8.149186 1.12908 8.56864 1.5 8.149186 1.136943 8.570097 1.136943 8.570097 1.5 8.149186 1.144495 8.572864 1.144495 8.572864 1.5 8.149186 1.159198 8.582253 1.159198 8.582253 1.5 8.149186 1.5 8.890021 1.159198 8.582253 1.5 8.890021 1.171918 8.594954 1.171918 8.594954 1.5 8.890021 1.192023 8.625387 1.192023 8.625387 1.5 8.890021 1.208943 8.664984 1.208943 8.664984 1.5 8.890021 1.228338 8.74398 1.228338 8.74398 1.5 8.890021 1.234745 8.825489 1.234745 8.825489 1.5 8.890021 1.234923 8.841623 1.234923 8.841623 1.5 8.890021 1.235102 8.857755 1.235102 8.857755 1.5 8.890021 1.235281 8.873888 1.235281 8.873888 1.5 8.890021 1.23546 8.890021 -0.501551 9.256451 -0.85532 9.644635 -1.5 9.151496 -1.5 9.151496 -0.85532 9.644635 -1.5 9.931557 -1.5 9.931557 -0.85532 9.644635 -1.18995 10.04817 -1.5 9.931557 -1.18995 10.04817 -1.5 10.46285 -1.5 8.371436 -1.5 7.591374 1.5 8.149186 1.5 8.149186 -1.5 7.591374 1.5 7.40835 1.5 7.40835 -1.5 7.591374 -1.5 6.811313 1.5 7.40835 -1.5 6.811313 1.5 6.667515 1.5 6.667515 -1.5 6.811313 -1.5 6.031252 1.5 6.667515 -1.5 6.031252 1.5 5.92668 1.5 5.92668 -1.5 6.031252 -1.5 5.251191 1.5 5.92668 -1.5 5.251191 1.5 5.185845 1.5 5.185845 -1.5 5.251191 -1.5 4.47113 1.5 5.185845 -1.5 4.47113 1.5 4.44501 1.5 4.44501 -1.5 4.47113 -1.5 3.691069 1.5 4.44501 -1.5 3.691069 1.5 3.704175 1.5 3.704175 -1.5 3.691069 -1.5 3.120244 1.5 3.704175 -1.5 3.120244 1.5 2.96334 1.5 2.96334 -1.5 3.120244 -1.5 2.340183 1.5 2.96334 -1.5 2.340183 1.5 2.222505 1.5 2.222505 -1.5 2.340183 -1.5 1.560122 1.5 2.222505 -1.5 1.560122 1.5 1.48167 1.5 1.48167 -1.5 1.560122 -1.5 0.780061 1.5 1.48167 -1.5 0.780061 1.5 0.740835 1.5 0.740835 -1.5 0.780061 -1.5 0 1.5 0.740835 -1.5 0 1.5 0 0.665662 8.746816 0.414176 8.890021 -0.134407 8.890021 -0.134407 -8.890021 1.5 -8.890021 -1.5 -8.371436 -1.5 -8.371436 1.5 -8.890021 1.5 -8.149186 -1.5 -8.371436 1.5 -8.149186 -1.5 -7.591374 -1.5 -7.591374 1.5 -8.149186 1.5 -7.40835 -1.5 -7.591374 1.5 -7.40835 -1.5 -6.811313 -1.5 -6.811313 1.5 -7.40835 1.5 -6.667515 -1.5 -6.811313 1.5 -6.667515 -1.5 -6.031252 -1.5 -6.031252 1.5 -6.667515 1.5 -5.92668 -1.5 -6.031252 1.5 -5.92668 -1.5 -5.251191 -1.5 -5.251191 1.5 -5.92668 1.5 -5.185845 -1.5 -5.251191 1.5 -5.185845 -1.5 -4.47113 -1.5 -4.47113 1.5 -5.185845 1.5 -4.44501 -1.5 -4.47113 1.5 -4.44501 -1.5 -3.691069 -1.5 -3.691069 1.5 -4.44501 1.5 -3.704175 -1.5 -3.691069 1.5 -3.704175 -1.5 -3.120244 -1.5 -3.120244 1.5 -3.704175 1.5 -2.96334 -1.5 -3.120244 1.5 -2.96334 -1.5 -2.340183 -1.5 -2.340183 1.5 -2.96334 1.5 -2.222505 -1.5 -2.340183 1.5 -2.222505 -1.5 -1.560122 -1.5 -1.560122 1.5 -2.222505 1.5 -1.48167 -1.5 -1.560122 1.5 -1.48167 -1.5 -0.780061 -1.5 -0.780061 1.5 -1.48167 1.5 -0.740835 -1.5 -0.780061 1.5 -0.740835 -1.5 0 -1.5 0 1.5 -0.740835 1.5 0 -1.5 -8.371436 -1.5 -9.151496 -0.134407 -8.890021 -0.134407 -8.890021 -1.5 -9.151496 -0.501551 -9.256451 -0.501551 -9.256451 -1.5 -9.151496 -0.85532 -9.644635 -0.85532 -9.644635 -1.5 -9.151496 -1.5 -9.931557 -0.85532 -9.644635 -1.5 -9.931557 -1.18995 -10.04817 -1.18995 -10.04817 -1.5 -9.931557 -1.5 -10.46285 -3.40489 1.148268 -3.408461 1.127051 -3.397246 1.139849 -3.397246 1.139849 -3.408461 1.127051 -2.778831 0.668334 -3.397246 1.139849 -2.778831 0.668334 -2.770086 0.682933 -2.770086 0.682933 -2.778831 0.668334 -2.077284 0.329677 -2.770086 0.682933 -2.077284 0.329677 -2.071293 0.345605 -2.071293 0.345605 -2.077284 0.329677 -1.326465 0.12201 -2.071293 0.345605 -1.326465 0.12201 -1.32342 0.1387529 -1.32342 0.1387529 -1.326465 0.12201 -0.550604 0.05203497 -1.32342 0.1387529 -0.550604 0.05203497 -0.550604 0.06905198 -0.550604 0.06905198 -0.550604 0.05203497 0.222211 0.1387529 0.222211 0.1387529 -0.550604 0.05203497 0.225256 0.12201 0.222211 0.1387529 0.225256 0.12201 0.970084 0.345605 0.970084 0.345605 0.225256 0.12201 0.976075 0.329677 0.970084 0.345605 0.976075 0.329677 1.668877 0.682933 1.668877 0.682933 0.976075 0.329677 1.677622 0.668334 1.668877 0.682933 1.677622 0.668334 2.296037 1.139849 2.296037 1.139849 1.677622 0.668334 2.307252 1.127051 2.296037 1.139849 2.307252 1.127051 2.303682 1.148268 2.303682 1.148268 2.307252 1.127051 2.309225 1.158193 2.309225 1.158193 2.307252 1.127051 2.312384 1.169119 2.312384 1.169119 2.307252 1.127051 2.432023 1.290843 2.312384 1.169119 2.432023 1.290843 2.312992 1.180477 -3.40489 1.148268 -3.410434 1.158193 -3.408461 1.127051 -3.408461 1.127051 -3.410434 1.158193 -3.413593 1.169119 -3.408461 1.127051 -3.413593 1.169119 -3.525512 1.283428 -3.525512 1.283428 -3.413593 1.169119 -3.414201 1.180477 -3.408461 1.127051 -3.525512 1.283428 -3.785612 1.500778 -3.785612 1.500778 -3.525512 1.283428 -3.633124 1.390239 -3.785612 1.500778 -3.633124 1.390239 -3.736903 1.500778 2.432023 1.290843 2.307252 1.127051 2.546803 1.405624 2.546803 1.405624 2.307252 1.127051 2.710596 1.530394 2.546803 1.405624 2.710596 1.530394 2.668527 1.525263 2.668527 1.525263 2.710596 1.530394 2.679453 1.528421 2.679453 1.528421 2.710596 1.530394 2.689379 1.533965 2.689379 1.533965 2.710596 1.530394 2.697797 1.54161 2.697797 1.54161 2.710596 1.530394 3.154714 2.16877 3.154714 2.16877 2.710596 1.530394 3.169312 2.160025 3.154714 2.16877 3.169312 2.160025 3.492042 2.867563 3.492042 2.867563 3.169312 2.160025 3.507969 2.861571 3.492042 2.867563 3.507969 2.861571 3.698894 3.615436 3.698894 3.615436 3.507969 2.861571 3.715637 3.612391 3.698894 3.615436 3.715637 3.612391 3.768595 4.388251 3.768595 4.388251 3.715637 3.612391 3.785612 4.388251 3.768595 4.388251 3.785612 4.388251 3.715637 5.164112 3.768595 4.388251 3.715637 5.164112 3.698894 5.161067 3.698894 5.161067 3.715637 5.164112 3.507969 5.914931 3.698894 5.161067 3.507969 5.914931 3.492042 5.908939 3.492042 5.908939 3.507969 5.914931 3.169312 6.616477 3.492042 5.908939 3.169312 6.616477 3.154714 6.607733 3.154714 6.607733 3.169312 6.616477 2.710596 7.246108 3.154714 6.607733 2.710596 7.246108 2.697797 7.234892 2.697797 7.234892 2.710596 7.246108 2.689379 7.242537 2.689379 7.242537 2.710596 7.246108 2.679453 7.248081 2.679453 7.248081 2.710596 7.246108 2.668527 7.25124 2.668527 7.25124 2.710596 7.246108 2.546803 7.370878 2.668527 7.25124 2.546803 7.370878 2.65717 7.251847 2.710596 7.246108 2.307252 7.649451 2.546803 7.370878 2.546803 7.370878 2.307252 7.649451 2.432023 7.485659 2.432023 7.485659 2.307252 7.649451 2.312384 7.607383 2.432023 7.485659 2.312384 7.607383 2.312992 7.596025 1.677622 8.108168 2.296037 7.636653 2.307252 7.649451 2.307252 7.649451 2.296037 7.636653 2.303682 7.628234 2.307252 7.649451 2.303682 7.628234 2.309225 7.618309 2.296037 7.636653 1.677622 8.108168 1.668877 8.093569 1.668877 8.093569 1.677622 8.108168 0.976075 8.446825 1.668877 8.093569 0.976075 8.446825 0.970084 8.430897 0.970084 8.430897 0.976075 8.446825 0.225256 8.654493 0.970084 8.430897 0.225256 8.654493 0.222211 8.63775 0.222211 8.63775 0.225256 8.654493 -0.550604 8.724468 0.222211 8.63775 -0.550604 8.724468 -0.550604 8.70745 -0.550604 8.70745 -0.550604 8.724468 -1.32342 8.63775 -1.32342 8.63775 -0.550604 8.724468 -1.326465 8.654493 -1.32342 8.63775 -1.326465 8.654493 -2.071293 8.430897 -2.071293 8.430897 -1.326465 8.654493 -2.077284 8.446825 -2.071293 8.430897 -2.077284 8.446825 -2.770086 8.093569 -2.770086 8.093569 -2.077284 8.446825 -2.778831 8.108168 -2.770086 8.093569 -2.778831 8.108168 -3.397246 7.636653 -3.397246 7.636653 -2.778831 8.108168 -3.408461 7.649451 -3.397246 7.636653 -3.408461 7.649451 -3.40489 7.628234 -3.40489 7.628234 -3.408461 7.649451 -3.410434 7.618309 -3.410434 7.618309 -3.408461 7.649451 -3.413593 7.607383 -3.413593 7.607383 -3.408461 7.649451 -3.525512 7.493074 -3.413593 7.607383 -3.525512 7.493074 -3.414201 7.596025 -3.408461 7.649451 -3.785612 7.275724 -3.525512 7.493074 -3.525512 7.493074 -3.785612 7.275724 -3.633124 7.386263 -3.633124 7.386263 -3.785612 7.275724 -3.736903 7.275724 2.309225 7.618309 2.312384 7.607383 2.307252 7.649451 2.668527 1.525263 2.65717 1.524655 2.546803 1.405624 3.187117 0.581678 2.509317 0.296578 3.187117 0.540814 3.187117 0.540814 2.509317 0.296578 2.503864 0.256792 2.503864 0.256792 2.509317 0.296578 1.792853 0.13113 2.503864 0.256792 1.792853 0.13113 1.78227 0.09307199 1.78227 0.09307199 1.792853 0.13113 1.058675 0.09016996 1.78227 0.09307199 1.058675 0.09016996 1.043346 0.05441898 1.043346 0.05441898 1.058675 0.09016996 0.328254 0.174897 1.043346 0.05441898 0.328254 0.174897 0.308608 0.141959 0.308608 0.141959 0.328254 0.174897 -0.377053 0.382833 0.308608 0.141959 -0.377053 0.382833 -0.400549 0.353144 -0.400549 0.353144 -0.377053 0.382833 -1.036619 0.707898 -0.400549 0.353144 -1.036619 0.707898 -1.063476 0.681824 -1.063476 0.681824 -1.036619 0.707898 -1.631157 1.140585 -1.063476 0.681824 -1.631157 1.140585 -1.66087 1.118428 -1.66087 1.118428 -1.631157 1.140585 -2.143282 1.668243 -1.66087 1.118428 -2.143282 1.668243 -2.175336 1.650244 -2.175336 1.650244 -2.143282 1.668243 -2.558017 2.27544 -2.175336 1.650244 -2.558017 2.27544 -2.591893 2.261785 -2.591893 2.261785 -2.558017 2.27544 -2.863236 2.944422 -2.591893 2.261785 -2.863236 2.944422 -2.898412 2.935246 -2.898412 2.935246 -2.863236 2.944422 -3.050012 3.655625 -2.898412 2.935246 -3.050012 3.655625 -3.085968 3.651015 -3.085968 3.651015 -3.050012 3.655625 -3.112883 4.388251 -3.085968 3.651015 -3.112883 4.388251 -3.1491 4.388251 -3.1491 4.388251 -3.112883 4.388251 -3.085968 5.125487 -3.085968 5.125487 -3.112883 4.388251 -3.050012 5.120878 -3.085968 5.125487 -3.050012 5.120878 -2.898412 5.841257 -2.898412 5.841257 -3.050012 5.120878 -2.863236 5.83208 -2.898412 5.841257 -2.863236 5.83208 -2.591893 6.514717 -2.591893 6.514717 -2.863236 5.83208 -2.558017 6.501061 -2.591893 6.514717 -2.558017 6.501061 -2.175336 7.126258 -2.175336 7.126258 -2.558017 6.501061 -2.143282 7.108259 -2.175336 7.126258 -2.143282 7.108259 -1.66087 7.658074 -1.66087 7.658074 -2.143282 7.108259 -1.631157 7.635917 -1.66087 7.658074 -1.631157 7.635917 -1.063476 8.094678 -1.063476 8.094678 -1.631157 7.635917 -1.036619 8.068604 -1.063476 8.094678 -1.036619 8.068604 -0.400549 8.423358 -0.400549 8.423358 -1.036619 8.068604 -0.377053 8.39367 -0.400549 8.423358 -0.377053 8.39367 0.308608 8.634544 0.308608 8.634544 -0.377053 8.39367 0.328254 8.601606 0.308608 8.634544 0.328254 8.601606 1.043346 8.722084 1.043346 8.722084 0.328254 8.601606 1.058675 8.686333 1.043346 8.722084 1.058675 8.686333 1.78227 8.683431 1.78227 8.683431 1.058675 8.686333 1.792853 8.645373 1.78227 8.683431 1.792853 8.645373 2.503864 8.51971 2.503864 8.51971 1.792853 8.645373 2.509317 8.479925 2.503864 8.51971 2.509317 8.479925 3.187117 8.235689 3.187117 8.235689 2.509317 8.479925 3.187117 8.194825</float_array>
          <technique_common>
            <accessor source="#stitch_result_stitchFBXASC032allMesh-mesh-map-0-array" count="19722" stride="2">
              <param name="S" type="float"/>
              <param name="T" type="float"/>
            </accessor>
          </technique_common>
        </source>
        <vertices id="stitch_result_stitchFBXASC032allMesh-mesh-vertices">
          <input semantic="POSITION" source="#stitch_result_stitchFBXASC032allMesh-mesh-positions"/>
        </vertices>
        <triangles material="MaterialFBXASC032FBXASC03527-material" count="6360">
          <input semantic="VERTEX" source="#stitch_result_stitchFBXASC032allMesh-mesh-vertices" offset="0"/>
          <input semantic="NORMAL" source="#stitch_result_stitchFBXASC032allMesh-mesh-normals" offset="1"/>
          <input semantic="TEXCOORD" source="#stitch_result_stitchFBXASC032allMesh-mesh-map-0" offset="2" set="0"/>
          <p>1 0 0 23 0 1 0 0 2 0 0 3 23 0 4 24 0 5 0 0 6 24 0 7 31 0 8 31 0 9 24 0 10 25 0 11 31 0 12 25 0 13 30 0 14 30 0 15 25 0 16 26 0 17 30 0 18 26 0 19 29 0 20 29 0 21 26 0 22 27 0 23 29 0 24 27 0 25 28 0 26 23 0 27 1 0 28 22 0 29 22 0 30 1 0 31 2 0 32 22 0 33 2 0 34 21 0 35 21 0 36 2 0 37 3 0 38 21 0 39 3 0 40 20 0 41 20 0 42 3 0 43 4 0 44 20 0 45 4 0 46 19 0 47 19 0 48 4 0 49 5 0 50 19 0 51 5 0 52 18 0 53 18 0 54 5 0 55 6 0 56 18 0 57 6 0 58 17 0 59 17 0 60 6 0 61 7 0 62 17 0 63 7 0 64 16 0 65 16 0 66 7 0 67 8 0 68 16 0 69 8 0 70 15 0 71 15 0 72 8 0 73 9 0 74 15 0 75 9 0 76 14 0 77 14 0 78 9 0 79 10 0 80 14 0 81 10 0 82 13 0 83 13 0 84 10 0 85 11 0 86 13 0 87 11 0 88 12 0 89 16 1 90 15 2 91 32 1 92 32 1 93 15 2 94 48 3 95 48 3 96 15 2 97 14 4 98 48 3 99 14 4 100 47 5 101 47 5 102 14 4 103 13 6 104 47 5 105 13 6 106 46 7 107 46 7 108 13 6 109 12 8 110 46 7 111 12 8 112 45 9 113 45 9 114 12 8 115 11 10 116 45 9 117 11 10 118 44 11 119 44 11 120 11 10 121 10 12 122 44 11 123 10 12 124 43 13 125 43 13 126 10 12 127 9 14 128 43 13 129 9 14 130 42 15 131 42 15 132 9 14 133 8 16 134 42 15 135 8 16 136 41 16 137 41 16 138 8 16 139 7 17 140 41 16 141 7 17 142 40 18 143 40 18 144 7 17 145 6 19 146 40 18 147 6 19 148 39 20 149 39 20 150 6 19 151 5 21 152 39 20 153 5 21 154 38 22 155 38 22 156 5 21 157 4 23 158 38 22 159 4 23 160 37 24 161 37 24 162 4 23 163 3 25 164 37 24 165 3 25 166 36 26 167 36 26 168 3 25 169 2 27 170 36 26 171 2 27 172 35 28 173 35 28 174 2 27 175 1 29 176 35 28 177 1 29 178 34 30 179 34 30 180 1 29 181 33 31 182 33 31 183 1 29 184 0 32 185 32 1 186 49 33 187 16 1 188 16 1 189 49 33 190 17 34 191 17 34 192 49 33 193 50 35 194 17 34 195 50 35 196 18 36 197 18 36 198 50 35 199 51 37 200 18 36 201 51 37 202 19 38 203 19 38 204 51 37 205 52 39 206 19 38 207 52 39 208 20 40 209 20 40 210 52 39 211 53 41 212 20 40 213 53 41 214 21 42 215 21 42 216 53 41 217 54 43 218 21 42 219 54 43 220 22 44 221 22 44 222 54 43 223 55 45 224 22 44 225 55 45 226 23 46 227 23 46 228 55 45 229 56 47 230 23 46 231 56 47 232 24 47 233 24 47 234 56 47 235 57 48 236 24 47 237 57 48 238 25 49 239 25 49 240 57 48 241 58 50 242 25 49 243 58 50 244 26 51 245 26 51 246 58 50 247 59 52 248 26 51 249 59 52 250 27 53 251 27 53 252 59 52 253 60 54 254 27 53 255 60 54 256 28 55 257 28 55 258 60 54 259 61 56 260 28 55 261 61 56 262 29 57 263 29 57 264 61 56 265 62 58 266 29 57 267 62 58 268 30 59 269 30 59 270 62 58 271 63 60 272 30 59 273 63 60 274 31 61 275 31 61 276 63 60 277 0 32 278 0 32 279 63 60 280 33 31 281 48 62 282 42 62 283 32 62 284 32 62 285 42 62 286 41 62 287 32 62 288 41 62 289 49 62 290 49 62 291 41 62 292 40 62 293 49 62 294 40 62 295 50 62 296 50 62 297 40 62 298 39 62 299 50 62 300 39 62 301 51 62 302 51 62 303 39 62 304 38 62 305 51 62 306 38 62 307 52 62 308 52 62 309 38 62 310 37 62 311 52 62 312 37 62 313 53 62 314 53 62 315 37 62 316 36 62 317 53 62 318 36 62 319 54 62 320 54 62 321 36 62 322 35 62 323 54 62 324 35 62 325 55 62 326 55 62 327 35 62 328 34 62 329 55 62 330 34 62 331 56 62 332 56 62 333 34 62 334 33 62 335 56 62 336 33 62 337 57 62 338 57 62 339 33 62 340 63 62 341 57 62 342 63 62 343 58 62 344 58 62 345 63 62 346 62 62 347 58 62 348 62 62 349 59 62 350 59 62 351 62 62 352 61 62 353 59 62 354 61 62 355 60 62 356 42 62 357 48 62 358 43 62 359 43 62 360 48 62 361 47 62 362 43 62 363 47 62 364 44 62 365 44 62 366 47 62 367 46 62 368 44 62 369 46 62 370 45 62 371 81 63 372 64 64 373 88 65 374 88 65 375 64 64 376 65 66 377 88 65 378 65 66 379 87 67 380 87 67 381 65 66 382 66 68 383 87 67 384 66 68 385 86 69 386 86 69 387 66 68 388 85 70 389 86 69 390 85 70 391 91 71 392 91 71 393 85 70 394 90 72 395 91 71 396 90 72 397 94 73 398 94 73 399 90 72 400 93 74 401 94 73 402 93 74 403 96 75 404 96 75 405 93 74 406 95 76 407 96 75 408 95 76 409 98 77 410 98 77 411 95 76 412 72 78 413 98 77 414 72 78 415 73 79 416 66 68 417 67 80 418 85 70 419 85 70 420 67 80 421 84 81 422 85 70 423 84 81 424 90 72 425 90 72 426 84 81 427 89 82 428 90 72 429 89 82 430 92 83 431 92 83 432 89 82 433 70 84 434 92 83 435 70 84 436 71 85 437 67 80 438 68 86 439 84 81 440 84 81 441 68 86 442 69 87 443 84 81 444 69 87 445 89 82 446 89 82 447 69 87 448 70 84 449 92 83 450 71 85 451 95 76 452 95 76 453 71 85 454 72 78 455 98 77 456 73 79 457 100 88 458 100 88 459 73 79 460 74 89 461 100 88 462 74 89 463 82 90 464 82 90 465 74 89 466 75 91 467 82 90 468 75 91 469 76 92 470 77 93 471 78 94 472 76 92 473 76 92 474 78 94 475 101 95 476 76 92 477 101 95 478 82 90 479 82 90 480 101 95 481 79 96 482 82 90 483 79 96 484 80 97 485 78 94 486 79 98 487 101 95 488 81 63 489 99 99 490 80 97 491 80 97 492 99 99 493 98 77 494 80 97 495 98 77 496 100 88 497 80 97 498 100 88 499 82 90 500 81 63 501 97 100 502 99 99 503 99 99 504 97 100 505 96 75 506 99 99 507 96 75 508 98 77 509 81 63 510 88 65 511 83 101 512 83 101 513 88 65 514 87 67 515 83 101 516 87 67 517 86 69 518 83 101 519 86 69 520 91 71 521 93 74 522 90 72 523 92 83 524 83 101 525 91 71 526 94 73 527 81 63 528 83 101 529 94 73 530 95 76 531 93 74 532 92 83 533 97 100 534 81 63 535 94 73 536 97 100 537 94 73 538 96 75 539 119 102 540 102 103 541 126 104 542 126 104 543 102 103 544 103 105 545 126 104 546 103 105 547 125 106 548 125 106 549 103 105 550 104 107 551 125 106 552 104 107 553 124 108 554 124 108 555 104 107 556 123 109 557 124 108 558 123 109 559 129 110 560 129 110 561 123 109 562 128 111 563 129 110 564 128 111 565 132 112 566 132 112 567 128 111 568 131 113 569 132 112 570 131 113 571 134 114 572 134 114 573 131 113 574 133 115 575 134 114 576 133 115 577 136 116 578 136 116 579 133 115 580 110 117 581 136 116 582 110 117 583 111 118 584 104 107 585 105 119 586 123 109 587 123 109 588 105 119 589 122 120 590 123 109 591 122 120 592 128 111 593 128 111 594 122 120 595 127 121 596 128 111 597 127 121 598 130 122 599 130 122 600 127 121 601 108 123 602 130 122 603 108 123 604 109 124 605 105 119 606 106 125 607 122 120 608 122 120 609 106 125 610 107 126 611 122 120 612 107 126 613 127 121 614 127 121 615 107 126 616 108 123 617 130 122 618 109 124 619 133 115 620 133 115 621 109 124 622 110 117 623 136 116 624 111 118 625 138 127 626 138 127 627 111 118 628 112 128 629 138 127 630 112 128 631 120 129 632 120 129 633 112 128 634 113 130 635 120 129 636 113 130 637 114 131 638 115 132 639 116 133 640 114 131 641 114 131 642 116 133 643 139 134 644 114 131 645 139 134 646 120 129 647 120 129 648 139 134 649 117 135 650 120 129 651 117 135 652 118 136 653 116 133 654 117 137 655 139 134 656 119 102 657 137 138 658 118 136 659 118 136 660 137 138 661 136 116 662 118 136 663 136 116 664 138 127 665 118 136 666 138 127 667 120 129 668 119 102 669 135 139 670 137 138 671 137 138 672 135 139 673 134 114 674 137 138 675 134 114 676 136 116 677 119 102 678 126 104 679 121 140 680 121 140 681 126 104 682 125 106 683 121 140 684 125 106 685 124 108 686 121 140 687 124 108 688 129 110 689 131 113 690 128 111 691 130 122 692 121 140 693 129 110 694 132 112 695 119 102 696 121 140 697 132 112 698 133 115 699 131 113 700 130 122 701 135 139 702 119 102 703 132 112 704 135 139 705 132 112 706 134 114 707 157 141 708 140 142 709 164 143 710 164 143 711 140 142 712 141 144 713 164 143 714 141 144 715 163 145 716 163 145 717 141 144 718 142 146 719 163 145 720 142 146 721 162 147 722 162 147 723 142 146 724 161 148 725 162 147 726 161 148 727 167 149 728 167 149 729 161 148 730 166 150 731 167 149 732 166 150 733 170 151 734 170 151 735 166 150 736 169 152 737 170 151 738 169 152 739 172 153 740 172 153 741 169 152 742 171 154 743 172 153 744 171 154 745 174 155 746 174 155 747 171 154 748 148 156 749 174 155 750 148 156 751 149 157 752 142 146 753 143 158 754 161 148 755 161 148 756 143 158 757 160 159 758 161 148 759 160 159 760 166 150 761 166 150 762 160 159 763 165 160 764 166 150 765 165 160 766 168 161 767 168 161 768 165 160 769 146 162 770 168 161 771 146 162 772 147 163 773 143 158 774 144 164 775 160 159 776 160 159 777 144 164 778 145 165 779 160 159 780 145 165 781 165 160 782 165 160 783 145 165 784 146 162 785 168 161 786 147 163 787 171 154 788 171 154 789 147 163 790 148 156 791 174 155 792 149 157 793 176 166 794 176 166 795 149 157 796 150 167 797 176 166 798 150 167 799 158 168 800 158 168 801 150 167 802 151 169 803 158 168 804 151 169 805 152 170 806 153 171 807 154 172 808 152 170 809 152 170 810 154 172 811 177 173 812 152 170 813 177 173 814 158 168 815 158 168 816 177 173 817 155 174 818 158 168 819 155 174 820 156 175 821 154 172 822 155 176 823 177 173 824 157 141 825 175 177 826 156 175 827 156 175 828 175 177 829 174 155 830 156 175 831 174 155 832 176 166 833 156 175 834 176 166 835 158 168 836 157 141 837 173 178 838 175 177 839 175 177 840 173 178 841 172 153 842 175 177 843 172 153 844 174 155 845 157 141 846 164 143 847 159 179 848 159 179 849 164 143 850 163 145 851 159 179 852 163 145 853 162 147 854 159 179 855 162 147 856 167 149 857 169 152 858 166 150 859 168 161 860 159 179 861 167 149 862 170 151 863 157 141 864 159 179 865 170 151 866 171 154 867 169 152 868 168 161 869 173 178 870 157 141 871 170 151 872 173 178 873 170 151 874 172 153 875 179 180 876 180 181 877 178 182 878 178 183 879 180 184 880 216 185 881 178 183 882 216 185 883 196 186 884 196 186 885 216 185 886 182 187 887 196 186 888 182 187 889 197 188 890 197 188 891 182 187 892 183 189 893 197 188 894 183 189 895 198 190 896 198 190 897 183 189 898 184 191 899 198 190 900 184 191 901 199 192 902 199 192 903 184 191 904 185 193 905 199 192 906 185 193 907 201 194 908 201 194 909 185 193 910 186 195 911 201 194 912 186 195 913 204 196 914 204 196 915 186 195 916 187 197 917 204 196 918 187 197 919 207 198 920 207 198 921 187 197 922 188 199 923 207 198 924 188 199 925 211 200 926 211 200 927 188 199 928 189 201 929 211 200 930 189 201 931 190 202 932 180 184 933 181 203 934 216 185 935 216 185 936 181 204 937 182 187 938 211 200 939 190 202 940 212 205 941 212 205 942 190 202 943 191 206 944 212 205 945 191 206 946 213 207 947 213 207 948 191 206 949 192 208 950 213 207 951 192 208 952 214 209 953 214 209 954 192 208 955 215 210 956 214 209 957 215 210 958 210 211 959 210 211 960 215 210 961 194 212 962 210 211 963 194 212 964 206 213 965 206 213 966 194 212 967 203 214 968 206 213 969 203 214 970 202 215 971 202 215 972 203 214 973 200 216 974 202 215 975 200 216 976 199 192 977 199 192 978 200 216 979 195 217 980 199 192 981 195 217 982 198 190 983 198 190 984 195 217 985 197 188 986 192 208 987 193 218 988 215 210 989 215 210 990 193 218 991 194 212 992 203 214 993 194 212 994 200 216 995 200 216 996 194 212 997 195 217 998 197 188 999 195 217 1000 196 186 1001 196 186 1002 195 217 1003 178 183 1004 202 215 1005 199 192 1006 201 194 1007 202 215 1008 201 194 1009 205 219 1010 205 219 1011 201 194 1012 204 196 1013 205 219 1014 204 196 1015 208 220 1016 208 220 1017 204 196 1018 207 198 1019 208 220 1020 207 198 1021 211 200 1022 202 215 1023 205 219 1024 206 213 1025 206 213 1026 205 219 1027 209 221 1028 206 213 1029 209 221 1030 210 211 1031 210 211 1032 209 221 1033 213 207 1034 210 211 1035 213 207 1036 214 209 1037 209 221 1038 205 219 1039 208 220 1040 211 200 1041 212 205 1042 208 220 1043 208 220 1044 212 205 1045 209 221 1046 212 205 1047 213 207 1048 209 221 1049 218 222 1050 219 223 1051 217 224 1052 217 225 1053 219 226 1054 255 227 1055 217 225 1056 255 227 1057 235 228 1058 235 228 1059 255 227 1060 221 229 1061 235 228 1062 221 229 1063 236 230 1064 236 230 1065 221 229 1066 222 231 1067 236 230 1068 222 231 1069 237 232 1070 237 232 1071 222 231 1072 223 233 1073 237 232 1074 223 233 1075 238 234 1076 238 234 1077 223 233 1078 224 235 1079 238 234 1080 224 235 1081 240 236 1082 240 236 1083 224 235 1084 225 237 1085 240 236 1086 225 237 1087 243 238 1088 243 238 1089 225 237 1090 226 239 1091 243 238 1092 226 239 1093 246 240 1094 246 240 1095 226 239 1096 227 241 1097 246 240 1098 227 241 1099 250 242 1100 250 242 1101 227 241 1102 228 243 1103 250 242 1104 228 243 1105 229 244 1106 219 226 1107 220 245 1108 255 227 1109 255 227 1110 220 246 1111 221 229 1112 250 242 1113 229 244 1114 251 247 1115 251 247 1116 229 244 1117 230 248 1118 251 247 1119 230 248 1120 252 249 1121 252 249 1122 230 248 1123 231 250 1124 252 249 1125 231 250 1126 253 251 1127 253 251 1128 231 250 1129 254 252 1130 253 251 1131 254 252 1132 249 253 1133 249 253 1134 254 252 1135 233 254 1136 249 253 1137 233 254 1138 245 255 1139 245 255 1140 233 254 1141 242 256 1142 245 255 1143 242 256 1144 241 257 1145 241 257 1146 242 256 1147 239 258 1148 241 257 1149 239 258 1150 238 234 1151 238 234 1152 239 258 1153 234 259 1154 238 234 1155 234 259 1156 237 232 1157 237 232 1158 234 259 1159 236 230 1160 231 250 1161 232 260 1162 254 252 1163 254 252 1164 232 260 1165 233 254 1166 242 256 1167 233 254 1168 239 258 1169 239 258 1170 233 254 1171 234 259 1172 236 230 1173 234 259 1174 235 228 1175 235 228 1176 234 259 1177 217 225 1178 241 257 1179 238 234 1180 240 236 1181 241 257 1182 240 236 1183 244 261 1184 244 261 1185 240 236 1186 243 238 1187 244 261 1188 243 238 1189 247 262 1190 247 262 1191 243 238 1192 246 240 1193 247 262 1194 246 240 1195 250 242 1196 241 257 1197 244 261 1198 245 255 1199 245 255 1200 244 261 1201 248 263 1202 245 255 1203 248 263 1204 249 253 1205 249 253 1206 248 263 1207 252 249 1208 249 253 1209 252 249 1210 253 251 1211 248 263 1212 244 261 1213 247 262 1214 250 242 1215 251 247 1216 247 262 1217 247 262 1218 251 247 1219 248 263 1220 251 247 1221 252 249 1222 248 263 1223 257 264 1224 258 265 1225 256 266 1226 256 267 1227 258 268 1228 294 269 1229 256 267 1230 294 269 1231 274 270 1232 274 270 1233 294 269 1234 260 271 1235 274 270 1236 260 271 1237 275 272 1238 275 272 1239 260 271 1240 261 273 1241 275 272 1242 261 273 1243 276 274 1244 276 274 1245 261 273 1246 262 275 1247 276 274 1248 262 275 1249 277 276 1250 277 276 1251 262 275 1252 263 277 1253 277 276 1254 263 277 1255 279 278 1256 279 278 1257 263 277 1258 264 279 1259 279 278 1260 264 279 1261 282 280 1262 282 280 1263 264 279 1264 265 281 1265 282 280 1266 265 281 1267 285 282 1268 285 282 1269 265 281 1270 266 283 1271 285 282 1272 266 283 1273 289 284 1274 289 284 1275 266 283 1276 267 285 1277 289 284 1278 267 285 1279 268 286 1280 258 268 1281 259 287 1282 294 269 1283 294 269 1284 259 288 1285 260 271 1286 289 284 1287 268 286 1288 290 289 1289 290 289 1290 268 286 1291 269 290 1292 290 289 1293 269 290 1294 291 291 1295 291 291 1296 269 290 1297 270 292 1298 291 291 1299 270 292 1300 292 293 1301 292 293 1302 270 292 1303 293 294 1304 292 293 1305 293 294 1306 288 295 1307 288 295 1308 293 294 1309 272 296 1310 288 295 1311 272 296 1312 284 297 1313 284 297 1314 272 296 1315 281 298 1316 284 297 1317 281 298 1318 280 299 1319 280 299 1320 281 298 1321 278 300 1322 280 299 1323 278 300 1324 277 276 1325 277 276 1326 278 300 1327 273 301 1328 277 276 1329 273 301 1330 276 274 1331 276 274 1332 273 301 1333 275 272 1334 270 292 1335 271 302 1336 293 294 1337 293 294 1338 271 302 1339 272 296 1340 281 298 1341 272 296 1342 278 300 1343 278 300 1344 272 296 1345 273 301 1346 275 272 1347 273 301 1348 274 270 1349 274 270 1350 273 301 1351 256 267 1352 280 299 1353 277 276 1354 279 278 1355 280 299 1356 279 278 1357 283 303 1358 283 303 1359 279 278 1360 282 280 1361 283 303 1362 282 280 1363 286 304 1364 286 304 1365 282 280 1366 285 282 1367 286 304 1368 285 282 1369 289 284 1370 280 299 1371 283 303 1372 284 297 1373 284 297 1374 283 303 1375 287 305 1376 284 297 1377 287 305 1378 288 295 1379 288 295 1380 287 305 1381 291 291 1382 288 295 1383 291 291 1384 292 293 1385 287 305 1386 283 303 1387 286 304 1388 289 284 1389 290 289 1390 286 304 1391 286 304 1392 290 289 1393 287 305 1394 290 289 1395 291 291 1396 287 305 1397 312 306 1398 295 307 1399 319 308 1400 319 308 1401 295 307 1402 296 309 1403 319 308 1404 296 309 1405 318 310 1406 318 310 1407 296 309 1408 297 311 1409 318 310 1410 297 311 1411 317 312 1412 317 312 1413 297 311 1414 316 313 1415 317 312 1416 316 313 1417 322 314 1418 322 314 1419 316 313 1420 321 315 1421 322 314 1422 321 315 1423 325 316 1424 325 316 1425 321 315 1426 324 317 1427 325 316 1428 324 317 1429 327 318 1430 327 318 1431 324 317 1432 326 319 1433 327 318 1434 326 319 1435 329 320 1436 329 320 1437 326 319 1438 303 321 1439 329 320 1440 303 321 1441 304 322 1442 297 311 1443 298 323 1444 316 313 1445 316 313 1446 298 323 1447 315 324 1448 316 313 1449 315 324 1450 321 315 1451 321 315 1452 315 324 1453 320 325 1454 321 315 1455 320 325 1456 323 326 1457 323 326 1458 320 325 1459 301 327 1460 323 326 1461 301 327 1462 302 328 1463 298 323 1464 299 329 1465 315 324 1466 315 324 1467 299 329 1468 300 330 1469 315 324 1470 300 330 1471 320 325 1472 320 325 1473 300 330 1474 301 327 1475 323 326 1476 302 328 1477 326 319 1478 326 319 1479 302 328 1480 303 321 1481 329 320 1482 304 322 1483 331 331 1484 331 331 1485 304 322 1486 305 332 1487 331 331 1488 305 332 1489 313 333 1490 313 333 1491 305 332 1492 306 334 1493 313 333 1494 306 334 1495 307 335 1496 308 336 1497 309 337 1498 307 335 1499 307 335 1500 309 337 1501 332 338 1502 307 335 1503 332 338 1504 313 333 1505 313 333 1506 332 338 1507 310 339 1508 313 333 1509 310 339 1510 311 340 1511 309 337 1512 310 341 1513 332 338 1514 312 306 1515 330 342 1516 311 340 1517 311 340 1518 330 342 1519 329 320 1520 311 340 1521 329 320 1522 331 331 1523 311 340 1524 331 331 1525 313 333 1526 312 306 1527 328 343 1528 330 342 1529 330 342 1530 328 343 1531 327 318 1532 330 342 1533 327 318 1534 329 320 1535 312 306 1536 319 308 1537 314 344 1538 314 344 1539 319 308 1540 318 310 1541 314 344 1542 318 310 1543 317 312 1544 314 344 1545 317 312 1546 322 314 1547 324 317 1548 321 315 1549 323 326 1550 314 344 1551 322 314 1552 325 316 1553 312 306 1554 314 344 1555 325 316 1556 326 319 1557 324 317 1558 323 326 1559 328 343 1560 312 306 1561 325 316 1562 328 343 1563 325 316 1564 327 318 1565 334 345 1566 335 346 1567 333 347 1568 333 348 1569 335 349 1570 371 350 1571 333 348 1572 371 350 1573 351 351 1574 351 351 1575 371 350 1576 337 352 1577 351 351 1578 337 352 1579 352 353 1580 352 353 1581 337 352 1582 338 354 1583 352 353 1584 338 354 1585 353 355 1586 353 355 1587 338 354 1588 339 356 1589 353 355 1590 339 356 1591 354 357 1592 354 357 1593 339 356 1594 340 358 1595 354 357 1596 340 358 1597 356 359 1598 356 359 1599 340 358 1600 341 360 1601 356 359 1602 341 360 1603 359 361 1604 359 361 1605 341 360 1606 342 362 1607 359 361 1608 342 362 1609 362 363 1610 362 363 1611 342 362 1612 343 364 1613 362 363 1614 343 364 1615 366 365 1616 366 365 1617 343 364 1618 344 366 1619 366 365 1620 344 366 1621 345 367 1622 335 349 1623 336 368 1624 371 350 1625 371 350 1626 336 369 1627 337 352 1628 366 365 1629 345 367 1630 367 370 1631 367 370 1632 345 367 1633 346 371 1634 367 370 1635 346 371 1636 368 372 1637 368 372 1638 346 371 1639 347 373 1640 368 372 1641 347 373 1642 369 374 1643 369 374 1644 347 373 1645 370 375 1646 369 374 1647 370 375 1648 365 376 1649 365 376 1650 370 375 1651 349 377 1652 365 376 1653 349 377 1654 361 378 1655 361 378 1656 349 377 1657 358 379 1658 361 378 1659 358 379 1660 357 380 1661 357 380 1662 358 379 1663 355 381 1664 357 380 1665 355 381 1666 354 357 1667 354 357 1668 355 381 1669 350 382 1670 354 357 1671 350 382 1672 353 355 1673 353 355 1674 350 382 1675 352 353 1676 347 373 1677 348 383 1678 370 375 1679 370 375 1680 348 383 1681 349 377 1682 358 379 1683 349 377 1684 355 381 1685 355 381 1686 349 377 1687 350 382 1688 352 353 1689 350 382 1690 351 351 1691 351 351 1692 350 382 1693 333 348 1694 357 380 1695 354 357 1696 356 359 1697 357 380 1698 356 359 1699 360 384 1700 360 384 1701 356 359 1702 359 361 1703 360 384 1704 359 361 1705 363 385 1706 363 385 1707 359 361 1708 362 363 1709 363 385 1710 362 363 1711 366 365 1712 357 380 1713 360 384 1714 361 378 1715 361 378 1716 360 384 1717 364 386 1718 361 378 1719 364 386 1720 365 376 1721 365 376 1722 364 386 1723 368 372 1724 365 376 1725 368 372 1726 369 374 1727 364 386 1728 360 384 1729 363 385 1730 366 365 1731 367 370 1732 363 385 1733 363 385 1734 367 370 1735 364 386 1736 367 370 1737 368 372 1738 364 386 1739 408 387 1740 407 387 1741 422 387 1742 422 388 1743 407 388 1744 406 389 1745 422 390 1746 406 391 1747 405 392 1748 405 393 1749 404 393 1750 422 393 1751 422 394 1752 423 395 1753 408 396 1754 408 396 1755 423 395 1756 409 397 1757 409 397 1758 423 395 1759 424 398 1760 409 397 1761 424 398 1762 425 399 1763 409 397 1764 425 399 1765 410 400 1766 410 400 1767 425 399 1768 426 401 1769 410 400 1770 426 401 1771 427 402 1772 410 400 1773 427 402 1774 411 403 1775 411 403 1776 427 402 1777 428 404 1778 411 403 1779 428 404 1780 412 405 1781 412 405 1782 428 404 1783 413 406 1784 413 406 1785 428 404 1786 429 407 1787 413 406 1788 429 407 1789 414 408 1790 414 408 1791 429 407 1792 415 409 1793 415 409 1794 429 407 1795 416 410 1796 416 410 1797 429 407 1798 430 411 1799 416 410 1800 430 411 1801 417 412 1802 417 412 1803 430 411 1804 418 413 1805 430 411 1806 431 414 1807 418 413 1808 418 413 1809 431 414 1810 419 415 1811 419 415 1812 431 414 1813 420 416 1814 420 416 1815 431 414 1816 432 417 1817 420 416 1818 432 417 1819 433 418 1820 433 418 1821 421 419 1822 420 416 1823 372 420 1824 464 421 1825 373 422 1826 373 422 1827 464 421 1828 465 423 1829 373 422 1830 465 423 1831 466 424 1832 466 425 1833 467 426 1834 373 427 1835 373 427 1836 467 426 1837 374 428 1838 374 428 1839 467 426 1840 468 429 1841 374 428 1842 468 429 1843 375 430 1844 375 430 1845 468 429 1846 469 431 1847 375 430 1848 469 431 1849 376 432 1850 376 433 1851 469 434 1852 470 435 1853 403 436 1854 471 436 1855 404 436 1856 404 436 1857 471 436 1858 421 436 1859 404 437 1860 421 437 1861 433 437 1862 471 438 1863 466 438 1864 421 438 1865 421 439 1866 466 439 1867 465 439 1868 421 440 1869 465 440 1870 464 440 1871 464 436 1872 372 436 1873 421 436 1874 433 441 1875 432 441 1876 404 441 1877 404 442 1878 432 442 1879 431 442 1880 404 436 1881 431 436 1882 422 436 1883 422 436 1884 431 436 1885 423 436 1886 423 436 1887 431 436 1888 424 436 1889 424 436 1890 431 436 1891 430 436 1892 424 436 1893 430 436 1894 425 436 1895 425 436 1896 430 436 1897 426 436 1898 426 436 1899 430 436 1900 427 436 1901 427 436 1902 430 436 1903 428 436 1904 428 443 1905 430 443 1906 429 443 1907 472 444 1908 473 445 1909 459 446 1910 459 446 1911 473 445 1912 460 447 1913 460 447 1914 473 445 1915 474 448 1916 460 447 1917 474 448 1918 461 449 1919 461 449 1920 474 448 1921 475 450 1922 461 449 1923 475 450 1924 462 451 1925 462 451 1926 475 450 1927 476 452 1928 462 451 1929 476 452 1930 477 453 1931 477 453 1932 478 454 1933 462 451 1934 462 451 1935 478 454 1936 463 455 1937 434 436 1938 463 436 1939 479 436 1940 479 456 1941 463 456 1942 478 456 1943 479 457 1944 478 457 1945 477 457 1946 477 458 1947 476 458 1948 479 458 1949 140 142 1950 493 459 1951 540 460 1952 540 460 1953 493 459 1954 492 461 1955 540 460 1956 492 461 1957 491 462 1958 540 460 1959 491 462 1960 539 463 1961 539 463 1962 491 462 1963 490 464 1964 539 463 1965 490 464 1966 541 465 1967 541 465 1968 490 464 1969 489 466 1970 541 465 1971 489 467 1972 144 164 1973 144 164 1974 143 158 1975 541 465 1976 541 465 1977 143 158 1978 142 146 1979 541 465 1980 142 146 1981 539 463 1982 539 463 1983 142 146 1984 141 144 1985 539 463 1986 141 144 1987 540 460 1988 540 460 1989 141 144 1990 140 142 1991 192 208 1992 542 468 1993 193 218 1994 193 218 1995 542 468 1996 502 469 1997 193 218 1998 502 469 1999 501 470 2000 542 468 2001 192 208 2002 543 471 2003 543 471 2004 192 208 2005 191 206 2006 543 471 2007 191 206 2008 544 472 2009 544 472 2010 191 206 2011 190 202 2012 544 472 2013 190 202 2014 189 201 2015 189 201 2016 505 473 2017 544 472 2018 544 472 2019 505 473 2020 504 474 2021 544 472 2022 504 474 2023 543 471 2024 543 471 2025 504 474 2026 503 475 2027 543 471 2028 503 475 2029 542 468 2030 542 468 2031 503 475 2032 502 469 2033 102 103 2034 512 476 2035 546 477 2036 546 477 2037 512 476 2038 511 478 2039 546 477 2040 511 478 2041 510 479 2042 546 477 2043 510 479 2044 545 480 2045 545 480 2046 510 479 2047 509 481 2048 545 480 2049 509 481 2050 547 482 2051 547 482 2052 509 481 2053 508 483 2054 547 482 2055 508 484 2056 106 125 2057 106 125 2058 105 119 2059 547 482 2060 547 482 2061 105 119 2062 104 107 2063 547 482 2064 104 107 2065 545 480 2066 545 480 2067 104 107 2068 103 105 2069 545 480 2070 103 105 2071 546 477 2072 546 477 2073 103 105 2074 102 103 2075 64 64 2076 531 485 2077 549 486 2078 549 486 2079 531 485 2080 530 487 2081 549 486 2082 530 487 2083 529 488 2084 549 486 2085 529 488 2086 548 489 2087 548 489 2088 529 488 2089 528 490 2090 548 489 2091 528 490 2092 550 491 2093 550 491 2094 528 490 2095 527 492 2096 550 491 2097 527 493 2098 68 86 2099 68 86 2100 67 80 2101 550 491 2102 550 491 2103 67 80 2104 66 68 2105 550 491 2106 66 68 2107 548 489 2108 548 489 2109 66 68 2110 65 66 2111 548 489 2112 65 66 2113 549 486 2114 549 486 2115 65 66 2116 64 64 2117 231 250 2118 551 494 2119 232 260 2120 232 260 2121 551 494 2122 521 495 2123 232 260 2124 521 495 2125 520 496 2126 551 494 2127 231 250 2128 552 497 2129 552 497 2130 231 250 2131 230 248 2132 552 497 2133 230 248 2134 553 498 2135 553 498 2136 230 248 2137 229 244 2138 553 498 2139 229 244 2140 228 243 2141 228 243 2142 524 499 2143 553 498 2144 553 498 2145 524 499 2146 523 500 2147 553 498 2148 523 500 2149 552 497 2150 552 497 2151 523 500 2152 522 501 2153 552 497 2154 522 501 2155 551 494 2156 551 494 2157 522 501 2158 521 495 2159 270 292 2160 554 502 2161 271 302 2162 271 302 2163 554 502 2164 481 503 2165 271 302 2166 481 503 2167 480 504 2168 554 502 2169 270 292 2170 555 505 2171 555 505 2172 270 292 2173 269 290 2174 555 505 2175 269 290 2176 556 506 2177 556 506 2178 269 290 2179 268 286 2180 556 506 2181 268 286 2182 267 285 2183 267 285 2184 484 507 2185 556 506 2186 556 506 2187 484 507 2188 483 508 2189 556 506 2190 483 508 2191 555 505 2192 555 505 2193 483 508 2194 482 509 2195 555 505 2196 482 509 2197 554 502 2198 554 502 2199 482 509 2200 481 503 2201 558 510 2202 562 511 2203 557 512 2204 557 513 2205 562 514 2206 563 515 2207 557 513 2208 563 515 2209 598 516 2210 598 516 2211 563 515 2212 564 517 2213 598 516 2214 564 517 2215 597 518 2216 597 518 2217 564 517 2218 565 519 2219 597 518 2220 565 519 2221 596 520 2222 596 520 2223 565 519 2224 566 521 2225 596 520 2226 566 521 2227 595 522 2228 595 522 2229 566 521 2230 567 523 2231 595 522 2232 567 523 2233 594 524 2234 594 524 2235 567 523 2236 568 525 2237 594 524 2238 568 525 2239 593 526 2240 593 526 2241 568 525 2242 569 527 2243 593 526 2244 569 527 2245 592 528 2246 592 528 2247 569 527 2248 570 529 2249 592 528 2250 570 529 2251 591 62 2252 591 62 2253 570 529 2254 590 530 2255 590 530 2256 570 529 2257 571 531 2258 590 530 2259 571 531 2260 589 532 2261 589 532 2262 571 531 2263 572 533 2264 589 532 2265 572 533 2266 588 534 2267 588 534 2268 572 533 2269 573 535 2270 588 534 2271 573 535 2272 587 536 2273 587 536 2274 573 535 2275 574 537 2276 587 536 2277 574 537 2278 586 538 2279 586 538 2280 574 537 2281 575 539 2282 586 538 2283 575 539 2284 585 540 2285 585 540 2286 575 539 2287 576 541 2288 585 540 2289 576 541 2290 584 542 2291 584 542 2292 576 541 2293 577 543 2294 584 542 2295 577 543 2296 583 544 2297 583 544 2298 577 543 2299 578 545 2300 583 544 2301 578 545 2302 582 546 2303 582 547 2304 578 548 2305 581 549 2306 581 550 2307 578 551 2308 580 552 2309 580 553 2310 578 554 2311 579 555 2312 558 556 2313 559 557 2314 562 558 2315 562 559 2316 559 560 2317 560 561 2318 562 562 2319 560 563 2320 561 564 2321 347 373 2322 599 565 2323 348 383 2324 348 383 2325 599 565 2326 558 566 2327 348 383 2328 558 566 2329 557 567 2330 599 565 2331 347 373 2332 600 568 2333 600 568 2334 347 373 2335 346 371 2336 600 568 2337 346 371 2338 601 569 2339 601 569 2340 346 371 2341 345 367 2342 601 569 2343 345 367 2344 344 366 2345 344 366 2346 562 570 2347 601 569 2348 601 569 2349 562 570 2350 561 571 2351 601 569 2352 561 571 2353 600 568 2354 600 568 2355 561 571 2356 560 572 2357 600 568 2358 560 572 2359 559 573 2360 600 568 2361 559 573 2362 599 565 2363 599 565 2364 559 573 2365 558 566 2366 295 307 2367 583 574 2368 603 575 2369 603 575 2370 583 574 2371 582 576 2372 603 575 2373 582 576 2374 581 577 2375 603 575 2376 581 577 2377 602 578 2378 602 578 2379 581 577 2380 580 579 2381 602 578 2382 580 579 2383 579 580 2384 602 578 2385 579 580 2386 604 581 2387 604 581 2388 579 580 2389 578 582 2390 604 581 2391 578 583 2392 299 329 2393 299 329 2394 298 323 2395 604 581 2396 604 581 2397 298 323 2398 297 311 2399 604 581 2400 297 311 2401 602 578 2402 602 578 2403 297 311 2404 296 309 2405 602 578 2406 296 309 2407 603 575 2408 603 575 2409 296 309 2410 295 307 2411 310 584 2412 309 584 2413 608 584 2414 608 585 2415 309 585 2416 308 585 2417 608 586 2418 308 586 2419 307 586 2420 307 587 2421 605 587 2422 608 587 2423 608 62 2424 605 62 2425 606 62 2426 608 588 2427 606 588 2428 607 588 2429 607 589 2430 606 589 2431 259 589 2432 607 590 2433 259 590 2434 258 590 2435 258 591 2436 257 591 2437 607 591 2438 607 592 2439 257 592 2440 256 592 2441 79 593 2442 78 593 2443 612 593 2444 612 594 2445 78 594 2446 77 594 2447 612 595 2448 77 595 2449 76 595 2450 76 596 2451 609 596 2452 612 596 2453 612 62 2454 609 62 2455 611 62 2456 611 62 2457 609 62 2458 610 62 2459 611 597 2460 610 597 2461 220 597 2462 220 598 2463 219 598 2464 611 598 2465 611 599 2466 219 599 2467 218 599 2468 611 600 2469 218 600 2470 217 600 2471 117 601 2472 116 601 2473 616 601 2474 616 602 2475 116 602 2476 115 602 2477 616 603 2478 115 603 2479 114 603 2480 114 604 2481 613 604 2482 616 604 2483 616 62 2484 613 62 2485 614 62 2486 616 605 2487 614 605 2488 615 605 2489 615 606 2490 614 606 2491 181 606 2492 615 607 2493 181 607 2494 180 607 2495 180 608 2496 179 608 2497 615 608 2498 615 609 2499 179 609 2500 178 609 2501 155 610 2502 154 610 2503 620 610 2504 620 611 2505 154 611 2506 153 611 2507 620 612 2508 153 612 2509 152 612 2510 152 613 2511 617 613 2512 620 613 2513 620 62 2514 617 62 2515 619 62 2516 619 62 2517 617 62 2518 618 62 2519 619 614 2520 618 614 2521 336 614 2522 336 615 2523 335 615 2524 619 615 2525 619 616 2526 335 616 2527 334 616 2528 619 617 2529 334 617 2530 333 617 2531 632 436 2532 644 618 2533 633 619 2534 633 619 2535 644 618 2536 645 620 2537 633 619 2538 645 620 2539 634 621 2540 634 621 2541 645 620 2542 646 622 2543 634 621 2544 646 622 2545 635 623 2546 635 623 2547 646 622 2548 647 624 2549 635 623 2550 647 624 2551 636 625 2552 636 625 2553 647 624 2554 648 626 2555 636 625 2556 648 626 2557 508 627 2558 508 627 2559 648 626 2560 106 628 2561 106 628 2562 648 626 2563 107 629 2564 107 629 2565 648 626 2566 108 630 2567 108 630 2568 648 626 2569 109 631 2570 109 631 2571 648 626 2572 110 632 2573 110 632 2574 648 626 2575 111 633 2576 111 633 2577 648 626 2578 112 634 2579 112 634 2580 648 626 2581 113 635 2582 113 635 2583 648 626 2584 114 636 2585 114 637 2586 648 638 2587 613 639 2588 613 639 2589 648 638 2590 614 640 2591 614 640 2592 648 638 2593 649 641 2594 614 640 2595 649 641 2596 181 642 2597 181 642 2598 649 641 2599 182 643 2600 182 643 2601 649 641 2602 183 644 2603 183 644 2604 649 641 2605 184 645 2606 184 645 2607 649 641 2608 185 646 2609 185 646 2610 649 641 2611 186 647 2612 186 647 2613 649 641 2614 187 648 2615 187 648 2616 649 641 2617 188 649 2618 188 649 2619 649 641 2620 189 650 2621 189 650 2622 649 641 2623 637 651 2624 189 650 2625 637 651 2626 505 652 2627 505 653 2628 637 654 2629 506 655 2630 506 655 2631 637 654 2632 507 656 2633 507 656 2634 637 654 2635 636 625 2636 507 656 2637 636 625 2638 508 627 2639 637 651 2640 649 641 2641 638 657 2642 638 657 2643 649 641 2644 650 658 2645 638 657 2646 650 658 2647 639 659 2648 639 659 2649 650 658 2650 651 660 2651 639 659 2652 651 660 2653 640 661 2654 640 661 2655 651 660 2656 652 662 2657 640 661 2658 652 662 2659 641 663 2660 641 663 2661 652 662 2662 653 664 2663 641 663 2664 653 664 2665 642 665 2666 642 665 2667 653 664 2668 654 666 2669 642 665 2670 654 666 2671 643 667 2672 643 667 2673 654 666 2674 655 668 2675 643 667 2676 655 668 2677 471 669 2678 471 669 2679 655 668 2680 466 670 2681 466 670 2682 655 668 2683 656 671 2684 466 670 2685 656 671 2686 467 672 2687 467 672 2688 656 671 2689 468 673 2690 468 673 2691 656 671 2692 657 674 2693 468 673 2694 657 674 2695 489 675 2696 489 675 2697 657 674 2698 144 676 2699 144 676 2700 657 674 2701 145 677 2702 145 677 2703 657 674 2704 146 678 2705 146 678 2706 657 674 2707 147 679 2708 147 679 2709 657 674 2710 148 680 2711 148 680 2712 657 674 2713 149 681 2714 149 681 2715 657 674 2716 150 682 2717 150 682 2718 657 674 2719 151 683 2720 151 683 2721 657 674 2722 152 684 2723 152 685 2724 657 686 2725 617 687 2726 617 687 2727 657 686 2728 618 688 2729 618 688 2730 657 686 2731 658 689 2732 618 688 2733 658 689 2734 336 690 2735 336 690 2736 658 689 2737 337 691 2738 337 691 2739 658 689 2740 338 692 2741 338 692 2742 658 689 2743 339 693 2744 339 693 2745 658 689 2746 340 694 2747 340 694 2748 658 689 2749 341 695 2750 341 695 2751 658 689 2752 342 696 2753 342 696 2754 658 689 2755 343 697 2756 343 697 2757 658 689 2758 344 698 2759 344 698 2760 658 689 2761 562 699 2762 562 699 2763 658 689 2764 563 700 2765 563 700 2766 658 689 2767 564 701 2768 564 701 2769 658 689 2770 659 702 2771 564 701 2772 659 702 2773 565 703 2774 565 703 2775 659 702 2776 660 704 2777 565 703 2778 660 704 2779 566 705 2780 566 705 2781 660 704 2782 567 706 2783 567 706 2784 660 704 2785 661 707 2786 567 706 2787 661 707 2788 568 708 2789 568 708 2790 661 707 2791 569 709 2792 569 709 2793 661 707 2794 662 710 2795 569 709 2796 662 710 2797 570 711 2798 468 673 2799 489 675 2800 469 712 2801 469 712 2802 489 675 2803 488 713 2804 469 712 2805 488 713 2806 487 714 2807 487 714 2808 470 715 2809 469 712 2810 233 716 2811 232 260 2812 667 717 2813 667 717 2814 232 260 2815 520 496 2816 667 717 2817 520 496 2818 519 718 2819 667 717 2820 519 718 2821 666 719 2822 666 719 2823 519 718 2824 518 720 2825 666 719 2826 518 720 2827 665 721 2828 665 721 2829 518 720 2830 517 722 2831 665 721 2832 517 722 2833 664 723 2834 664 723 2835 517 722 2836 516 724 2837 664 723 2838 516 724 2839 663 725 2840 668 726 2841 612 727 2842 667 728 2843 667 728 2844 612 727 2845 611 729 2846 667 728 2847 611 729 2848 217 730 2849 669 731 2850 532 732 2851 668 726 2852 668 726 2853 532 732 2854 531 485 2855 668 726 2856 531 485 2857 64 64 2858 532 732 2859 669 731 2860 533 733 2861 533 733 2862 669 731 2863 670 734 2864 533 733 2865 670 734 2866 534 735 2867 534 735 2868 670 734 2869 671 736 2870 534 735 2871 671 736 2872 535 737 2873 535 737 2874 671 736 2875 672 738 2876 535 737 2877 672 738 2878 673 739 2879 535 737 2880 673 739 2881 536 740 2882 536 740 2883 673 739 2884 674 741 2885 536 740 2886 674 741 2887 537 742 2888 537 742 2889 674 741 2890 675 743 2891 537 742 2892 675 743 2893 538 744 2894 538 744 2895 675 743 2896 676 745 2897 538 744 2898 676 745 2899 480 504 2900 480 504 2901 676 745 2902 271 302 2903 271 302 2904 676 745 2905 272 746 2906 272 746 2907 676 745 2908 273 747 2909 273 747 2910 676 745 2911 256 748 2912 256 749 2913 676 750 2914 607 751 2915 607 751 2916 676 750 2917 608 752 2918 608 752 2919 676 750 2920 677 753 2921 608 752 2922 677 753 2923 310 754 2924 310 754 2925 677 753 2926 311 755 2927 311 755 2928 677 753 2929 312 756 2930 312 756 2931 677 753 2932 295 307 2933 295 307 2934 677 753 2935 583 574 2936 583 574 2937 677 753 2938 584 757 2939 584 757 2940 677 753 2941 678 758 2942 584 757 2943 678 758 2944 585 759 2945 585 759 2946 678 758 2947 586 760 2948 586 760 2949 678 758 2950 679 761 2951 586 760 2952 679 761 2953 587 762 2954 587 762 2955 679 761 2956 588 763 2957 588 763 2958 679 761 2959 680 764 2960 588 763 2961 680 764 2962 589 765 2963 589 765 2964 680 764 2965 590 766 2966 590 766 2967 680 764 2968 681 767 2969 590 766 2970 681 767 2971 591 768 2972 64 64 2973 81 769 2974 668 726 2975 668 726 2976 81 769 2977 80 770 2978 668 726 2979 80 770 2980 79 771 2981 79 771 2982 612 727 2983 668 726 2984 217 772 2985 234 773 2986 667 717 2987 667 717 2988 234 773 2989 233 716 2990 591 768 2991 681 767 2992 592 774 2993 592 774 2994 681 767 2995 682 775 2996 592 774 2997 682 775 2998 593 776 2999 593 776 3000 682 775 3001 594 777 3002 594 777 3003 682 775 3004 683 778 3005 594 777 3006 683 778 3007 595 779 3008 595 779 3009 683 778 3010 596 780 3011 596 780 3012 683 778 3013 684 781 3014 596 780 3015 684 781 3016 597 782 3017 597 782 3018 684 781 3019 598 783 3020 598 783 3021 684 781 3022 685 784 3023 598 783 3024 685 784 3025 557 785 3026 557 785 3027 685 784 3028 348 786 3029 348 786 3030 685 784 3031 349 787 3032 349 787 3033 685 784 3034 350 788 3035 350 788 3036 685 784 3037 333 789 3038 333 790 3039 685 791 3040 619 792 3041 619 792 3042 685 791 3043 686 793 3044 619 792 3045 686 793 3046 620 794 3047 620 794 3048 686 793 3049 155 795 3050 155 795 3051 686 793 3052 156 796 3053 156 796 3054 686 793 3055 157 797 3056 157 797 3057 686 793 3058 140 142 3059 140 142 3060 686 793 3061 493 459 3062 493 459 3063 686 793 3064 494 798 3065 494 798 3066 686 793 3067 687 799 3068 494 798 3069 687 799 3070 495 800 3071 495 800 3072 687 799 3073 688 801 3074 495 800 3075 688 801 3076 496 802 3077 496 802 3078 688 801 3079 689 803 3080 496 802 3081 689 803 3082 497 804 3083 497 804 3084 689 803 3085 690 805 3086 497 804 3087 690 805 3088 691 806 3089 497 804 3090 691 806 3091 498 807 3092 498 807 3093 691 806 3094 692 808 3095 498 807 3096 692 808 3097 499 809 3098 499 809 3099 692 808 3100 693 810 3101 499 809 3102 693 810 3103 500 811 3104 500 811 3105 693 810 3106 694 812 3107 500 811 3108 694 812 3109 501 470 3110 501 470 3111 694 812 3112 193 218 3113 193 218 3114 694 812 3115 194 813 3116 194 813 3117 694 812 3118 195 814 3119 195 814 3120 694 812 3121 178 815 3122 178 816 3123 694 817 3124 615 818 3125 615 818 3126 694 817 3127 695 819 3128 615 818 3129 695 819 3130 616 820 3131 616 820 3132 695 819 3133 117 821 3134 117 821 3135 695 819 3136 118 822 3137 118 822 3138 695 819 3139 119 823 3140 119 823 3141 695 819 3142 102 103 3143 102 103 3144 695 819 3145 512 476 3146 512 476 3147 695 819 3148 513 824 3149 513 824 3150 695 819 3151 696 825 3152 513 824 3153 696 825 3154 514 826 3155 514 826 3156 696 825 3157 697 827 3158 514 826 3159 697 827 3160 515 828 3161 515 828 3162 697 827 3163 698 829 3164 515 828 3165 698 829 3166 516 724 3167 516 724 3168 698 829 3169 663 725 3170 570 711 3171 662 710 3172 571 830 3173 571 830 3174 662 710 3175 699 831 3176 571 830 3177 699 831 3178 572 832 3179 572 832 3180 699 831 3181 573 833 3182 573 833 3183 699 831 3184 700 834 3185 573 833 3186 700 834 3187 574 835 3188 574 835 3189 700 834 3190 575 836 3191 575 836 3192 700 834 3193 701 837 3194 575 836 3195 701 837 3196 576 838 3197 576 838 3198 701 837 3199 702 839 3200 576 838 3201 702 839 3202 577 840 3203 577 840 3204 702 839 3205 578 841 3206 578 841 3207 702 839 3208 299 842 3209 299 842 3210 702 839 3211 300 843 3212 300 843 3213 702 839 3214 301 844 3215 301 844 3216 702 839 3217 302 845 3218 302 845 3219 702 839 3220 303 846 3221 303 846 3222 702 839 3223 304 847 3224 304 847 3225 702 839 3226 305 848 3227 305 848 3228 702 839 3229 306 849 3230 306 849 3231 702 839 3232 307 850 3233 307 851 3234 702 852 3235 605 853 3236 605 853 3237 702 852 3238 703 854 3239 605 853 3240 703 854 3241 606 855 3242 606 855 3243 703 854 3244 259 856 3245 259 856 3246 703 854 3247 260 857 3248 260 857 3249 703 854 3250 261 858 3251 261 858 3252 703 854 3253 262 859 3254 262 859 3255 703 854 3256 263 860 3257 263 860 3258 703 854 3259 264 861 3260 264 861 3261 703 854 3262 265 862 3263 265 862 3264 703 854 3265 266 863 3266 266 863 3267 703 854 3268 267 864 3269 267 864 3270 703 854 3271 484 865 3272 484 865 3273 703 854 3274 474 866 3275 484 865 3276 474 866 3277 473 867 3278 703 854 3279 704 868 3280 474 866 3281 474 866 3282 704 868 3283 475 869 3284 475 869 3285 704 868 3286 476 870 3287 476 870 3288 704 868 3289 705 871 3290 476 872 3291 705 873 3292 479 874 3293 479 874 3294 705 873 3295 621 875 3296 621 875 3297 705 873 3298 706 876 3299 621 875 3300 706 876 3301 622 877 3302 622 877 3303 706 876 3304 707 878 3305 622 877 3306 707 878 3307 623 879 3308 623 879 3309 707 878 3310 708 880 3311 623 879 3312 708 880 3313 624 881 3314 624 881 3315 708 880 3316 709 882 3317 624 881 3318 709 882 3319 625 883 3320 625 883 3321 709 882 3322 710 884 3323 625 883 3324 710 884 3325 626 885 3326 626 885 3327 710 884 3328 711 886 3329 626 885 3330 711 886 3331 627 887 3332 627 887 3333 711 886 3334 527 888 3335 627 887 3336 527 888 3337 526 889 3338 712 890 3339 609 891 3340 711 892 3341 711 892 3342 609 891 3343 76 893 3344 711 886 3345 76 894 3346 75 895 3347 713 896 3348 628 897 3349 712 890 3350 712 890 3351 628 897 3352 524 898 3353 712 890 3354 524 898 3355 228 899 3356 628 897 3357 713 896 3358 629 900 3359 629 900 3360 713 896 3361 714 901 3362 629 900 3363 714 901 3364 630 902 3365 630 902 3366 714 901 3367 715 903 3368 630 902 3369 715 903 3370 631 904 3371 631 904 3372 715 903 3373 644 618 3374 631 904 3375 644 618 3376 632 436 3377 524 905 3378 628 906 3379 525 907 3380 525 907 3381 628 906 3382 627 887 3383 525 907 3384 627 887 3385 526 889 3386 472 908 3387 486 909 3388 473 910 3389 473 910 3390 486 909 3391 485 911 3392 473 910 3393 485 911 3394 484 912 3395 221 913 3396 220 914 3397 712 890 3398 712 890 3399 220 914 3400 610 915 3401 712 890 3402 610 915 3403 609 891 3404 75 895 3405 74 916 3406 711 886 3407 711 886 3408 74 916 3409 73 917 3410 711 886 3411 73 917 3412 72 918 3413 72 918 3414 71 919 3415 711 886 3416 711 886 3417 71 919 3418 70 920 3419 711 886 3420 70 920 3421 69 921 3422 69 921 3423 68 922 3424 711 886 3425 711 886 3426 68 922 3427 527 888 3428 228 899 3429 227 923 3430 712 890 3431 712 890 3432 227 923 3433 226 924 3434 712 890 3435 226 924 3436 225 925 3437 225 925 3438 224 926 3439 712 890 3440 712 890 3441 224 926 3442 223 927 3443 712 890 3444 223 927 3445 222 928 3446 222 928 3447 221 913 3448 712 890 3449 698 929 3450 645 929 3451 663 929 3452 663 0 3453 645 0 3454 644 0 3455 663 0 3456 644 0 3457 664 0 3458 664 930 3459 644 930 3460 715 930 3461 664 931 3462 715 931 3463 714 931 3464 645 931 3465 698 931 3466 646 931 3467 646 0 3468 698 0 3469 697 0 3470 646 932 3471 697 932 3472 647 932 3473 647 0 3474 697 0 3475 696 0 3476 647 0 3477 696 0 3478 648 0 3479 648 0 3480 696 0 3481 695 0 3482 648 0 3483 695 0 3484 649 0 3485 649 933 3486 695 933 3487 694 933 3488 649 0 3489 694 0 3490 650 0 3491 650 0 3492 694 0 3493 693 0 3494 650 0 3495 693 0 3496 651 0 3497 651 0 3498 693 0 3499 692 0 3500 651 0 3501 692 0 3502 652 0 3503 652 0 3504 692 0 3505 691 0 3506 652 0 3507 691 0 3508 653 0 3509 653 0 3510 691 0 3511 690 0 3512 653 0 3513 690 0 3514 689 0 3515 653 0 3516 689 0 3517 654 0 3518 654 0 3519 689 0 3520 688 0 3521 654 934 3522 688 934 3523 655 934 3524 655 0 3525 688 0 3526 687 0 3527 655 935 3528 687 935 3529 656 935 3530 656 0 3531 687 0 3532 686 0 3533 656 936 3534 686 936 3535 657 936 3536 657 937 3537 686 937 3538 685 937 3539 657 938 3540 685 938 3541 658 938 3542 658 0 3543 685 0 3544 684 0 3545 658 939 3546 684 939 3547 659 939 3548 659 0 3549 684 0 3550 683 0 3551 659 940 3552 683 940 3553 660 940 3554 660 0 3555 683 0 3556 682 0 3557 660 941 3558 682 941 3559 661 941 3560 661 942 3561 682 942 3562 681 942 3563 661 0 3564 681 0 3565 662 0 3566 662 0 3567 681 0 3568 699 0 3569 699 942 3570 681 942 3571 680 942 3572 699 943 3573 680 943 3574 700 943 3575 700 0 3576 680 0 3577 679 0 3578 700 944 3579 679 944 3580 701 944 3581 701 0 3582 679 0 3583 678 0 3584 701 0 3585 678 0 3586 702 0 3587 702 0 3588 678 0 3589 677 0 3590 702 0 3591 677 0 3592 703 0 3593 703 937 3594 677 937 3595 676 937 3596 703 0 3597 676 0 3598 704 0 3599 704 0 3600 676 0 3601 675 0 3602 704 0 3603 675 0 3604 705 0 3605 705 0 3606 675 0 3607 674 0 3608 705 0 3609 674 0 3610 706 0 3611 706 0 3612 674 0 3613 673 0 3614 706 0 3615 673 0 3616 707 0 3617 707 0 3618 673 0 3619 672 0 3620 707 0 3621 672 0 3622 671 0 3623 707 0 3624 671 0 3625 708 0 3626 708 0 3627 671 0 3628 670 0 3629 708 945 3630 670 945 3631 709 945 3632 709 0 3633 670 0 3634 669 0 3635 709 946 3636 669 946 3637 710 946 3638 710 0 3639 669 0 3640 668 0 3641 710 947 3642 668 947 3643 711 947 3644 711 933 3645 668 933 3646 667 933 3647 711 948 3648 667 948 3649 712 948 3650 712 0 3651 667 0 3652 666 0 3653 712 949 3654 666 949 3655 713 949 3656 713 0 3657 666 0 3658 665 0 3659 713 950 3660 665 950 3661 714 950 3662 714 0 3663 665 0 3664 664 0 3665 716 951 3666 717 952 3667 737 953 3668 737 953 3669 717 952 3670 718 954 3671 737 953 3672 718 954 3673 736 955 3674 736 955 3675 718 954 3676 719 956 3677 736 955 3678 719 956 3679 735 957 3680 735 957 3681 719 956 3682 720 958 3683 735 957 3684 720 958 3685 734 959 3686 734 959 3687 720 958 3688 721 960 3689 734 959 3690 721 960 3691 733 961 3692 733 961 3693 721 960 3694 722 962 3695 733 961 3696 722 962 3697 732 963 3698 732 963 3699 722 962 3700 723 964 3701 732 963 3702 723 964 3703 731 965 3704 731 965 3705 723 964 3706 724 966 3707 731 965 3708 724 966 3709 730 967 3710 730 967 3711 724 966 3712 725 968 3713 730 967 3714 725 968 3715 729 969 3716 729 969 3717 725 968 3718 726 970 3719 729 969 3720 726 970 3721 728 971 3722 728 971 3723 726 970 3724 727 972 3725 738 973 3726 739 974 3727 759 975 3728 759 975 3729 739 974 3730 758 976 3731 758 976 3732 739 974 3733 740 977 3734 758 976 3735 740 977 3736 757 978 3737 757 978 3738 740 977 3739 741 979 3740 757 978 3741 741 979 3742 756 980 3743 756 980 3744 741 979 3745 742 981 3746 756 980 3747 742 981 3748 755 982 3749 755 982 3750 742 981 3751 743 983 3752 755 982 3753 743 983 3754 754 984 3755 754 984 3756 743 983 3757 744 985 3758 754 984 3759 744 985 3760 753 986 3761 753 986 3762 744 985 3763 745 987 3764 753 986 3765 745 987 3766 752 988 3767 752 988 3768 745 987 3769 746 989 3770 752 988 3771 746 989 3772 751 990 3773 751 990 3774 746 989 3775 747 991 3776 751 990 3777 747 991 3778 750 992 3779 750 992 3780 747 991 3781 749 993 3782 749 993 3783 747 991 3784 748 994 3785 749 993 3786 748 994 3787 777 995 3788 777 995 3789 748 994 3790 760 996 3791 777 995 3792 760 996 3793 776 997 3794 776 997 3795 760 996 3796 761 998 3797 776 997 3798 761 998 3799 762 999 3800 763 1000 3801 774 1001 3802 762 999 3803 762 999 3804 774 1001 3805 775 1002 3806 762 999 3807 775 1002 3808 776 997 3809 774 1001 3810 763 1000 3811 773 1003 3812 773 1003 3813 763 1000 3814 764 1004 3815 773 1003 3816 764 1004 3817 772 1005 3818 772 1005 3819 764 1004 3820 765 1006 3821 772 1005 3822 765 1006 3823 771 1007 3824 771 1007 3825 765 1006 3826 766 1008 3827 771 1007 3828 766 1008 3829 770 1009 3830 770 1009 3831 766 1008 3832 767 1010 3833 770 1009 3834 767 1010 3835 769 1011 3836 769 1011 3837 767 1010 3838 768 1012 3839 769 1011 3840 768 1012 3841 759 975 3842 759 975 3843 768 1012 3844 738 973 3845 737 0 3846 757 0 3847 716 0 3848 716 0 3849 757 0 3850 756 0 3851 716 1013 3852 756 1013 3853 786 1013 3854 786 0 3855 756 0 3856 755 0 3857 786 0 3858 755 0 3859 785 0 3860 785 1014 3861 755 1014 3862 754 1014 3863 785 0 3864 754 0 3865 784 0 3866 784 1015 3867 754 1015 3868 753 1015 3869 784 0 3870 753 0 3871 783 0 3872 783 0 3873 753 0 3874 752 0 3875 783 1016 3876 752 1016 3877 782 1016 3878 782 0 3879 752 0 3880 751 0 3881 782 0 3882 751 0 3883 781 0 3884 781 0 3885 751 0 3886 750 0 3887 781 0 3888 750 0 3889 780 0 3890 780 0 3891 750 0 3892 749 0 3893 780 0 3894 749 0 3895 779 0 3896 779 0 3897 749 0 3898 777 0 3899 779 0 3900 777 0 3901 778 0 3902 778 0 3903 777 0 3904 776 0 3905 778 0 3906 776 0 3907 728 0 3908 728 0 3909 776 0 3910 775 0 3911 728 0 3912 775 0 3913 729 0 3914 729 0 3915 775 0 3916 774 0 3917 729 1017 3918 774 1017 3919 730 1017 3920 730 1018 3921 774 1018 3922 773 1018 3923 730 0 3924 773 0 3925 731 0 3926 731 1019 3927 773 1019 3928 772 1019 3929 731 1020 3930 772 1020 3931 732 1020 3932 732 0 3933 772 0 3934 771 0 3935 732 1021 3936 771 1021 3937 733 1021 3938 733 0 3939 771 0 3940 770 0 3941 733 1022 3942 770 1022 3943 734 1022 3944 734 0 3945 770 0 3946 769 0 3947 734 0 3948 769 0 3949 735 0 3950 735 0 3951 769 0 3952 759 0 3953 735 0 3954 759 0 3955 736 0 3956 736 0 3957 759 0 3958 758 0 3959 736 0 3960 758 0 3961 737 0 3962 737 0 3963 758 0 3964 757 0 3965 787 1023 3966 741 1023 3967 717 1023 3968 717 62 3969 741 62 3970 740 62 3971 717 1024 3972 740 1024 3973 718 1024 3974 718 62 3975 740 62 3976 739 62 3977 718 1025 3978 739 1025 3979 719 1025 3980 719 62 3981 739 62 3982 738 62 3983 719 62 3984 738 62 3985 720 62 3986 720 62 3987 738 62 3988 768 62 3989 720 1026 3990 768 1026 3991 721 1026 3992 721 62 3993 768 62 3994 767 62 3995 721 62 3996 767 62 3997 722 62 3998 722 62 3999 767 62 4000 766 62 4001 722 1027 4002 766 1027 4003 723 1027 4004 723 62 4005 766 62 4006 765 62 4007 723 1028 4008 765 1028 4009 724 1028 4010 724 1029 4011 765 1029 4012 764 1029 4013 724 62 4014 764 62 4015 725 62 4016 725 1030 4017 764 1030 4018 763 1030 4019 725 1031 4020 763 1031 4021 726 1031 4022 726 62 4023 763 62 4024 762 62 4025 726 1032 4026 762 1032 4027 727 1032 4028 727 62 4029 762 62 4030 761 62 4031 727 62 4032 761 62 4033 795 62 4034 795 62 4035 761 62 4036 760 62 4037 795 1033 4038 760 1033 4039 794 1033 4040 794 62 4041 760 62 4042 748 62 4043 794 62 4044 748 62 4045 793 62 4046 793 62 4047 748 62 4048 747 62 4049 793 1034 4050 747 1034 4051 792 1034 4052 792 62 4053 747 62 4054 746 62 4055 792 1035 4056 746 1035 4057 791 1035 4058 791 62 4059 746 62 4060 745 62 4061 791 1034 4062 745 1034 4063 790 1034 4064 790 1036 4065 745 1036 4066 744 1036 4067 790 1025 4068 744 1025 4069 789 1025 4070 789 1037 4071 744 1037 4072 743 1037 4073 789 62 4074 743 62 4075 788 62 4076 788 1038 4077 743 1038 4078 742 1038 4079 788 1039 4080 742 1039 4081 787 1039 4082 787 1040 4083 742 1040 4084 741 1040 4085 717 952 4086 716 951 4087 787 1041 4088 787 1041 4089 716 951 4090 786 1042 4091 787 1041 4092 786 1042 4093 788 1043 4094 788 1043 4095 786 1042 4096 785 1044 4097 788 1043 4098 785 1044 4099 789 1045 4100 789 1045 4101 785 1044 4102 784 1046 4103 789 1045 4104 784 1046 4105 790 1047 4106 790 1047 4107 784 1046 4108 783 1048 4109 790 1047 4110 783 1048 4111 791 1049 4112 791 1049 4113 783 1048 4114 782 1050 4115 791 1049 4116 782 1050 4117 792 1051 4118 792 1051 4119 782 1050 4120 781 1052 4121 792 1051 4122 781 1052 4123 793 1053 4124 793 1053 4125 781 1052 4126 780 1054 4127 793 1053 4128 780 1054 4129 794 1055 4130 794 1055 4131 780 1054 4132 779 1056 4133 794 1055 4134 779 1056 4135 795 1057 4136 795 1057 4137 779 1056 4138 778 1058 4139 795 1057 4140 778 1058 4141 727 972 4142 727 972 4143 778 1058 4144 728 971 4145 796 1059 4146 797 952 4147 817 1060 4148 817 1060 4149 797 952 4150 798 954 4151 817 1060 4152 798 954 4153 816 1061 4154 816 1061 4155 798 954 4156 799 956 4157 816 1061 4158 799 956 4159 815 957 4160 815 957 4161 799 956 4162 800 1062 4163 815 957 4164 800 1062 4165 814 1063 4166 814 1063 4167 800 1062 4168 801 1064 4169 814 1063 4170 801 1064 4171 813 1065 4172 813 1065 4173 801 1064 4174 802 1066 4175 813 1065 4176 802 1066 4177 812 1067 4178 812 1067 4179 802 1066 4180 803 1068 4181 812 1067 4182 803 1068 4183 804 1069 4184 812 1067 4185 804 1069 4186 811 966 4187 811 966 4188 804 1069 4189 805 1070 4190 811 966 4191 805 1070 4192 810 1071 4193 810 1071 4194 805 1070 4195 806 1072 4196 810 1071 4197 806 1072 4198 809 1073 4199 809 1073 4200 806 1072 4201 807 1074 4202 809 1073 4203 807 1074 4204 808 1075 4205 839 1003 4206 818 1004 4207 838 1076 4208 838 1076 4209 818 1004 4210 819 1077 4211 838 1076 4212 819 1077 4213 837 1078 4214 837 1078 4215 819 1077 4216 820 1079 4217 837 1078 4218 820 1079 4219 836 1010 4220 836 1010 4221 820 1079 4222 821 1080 4223 836 1010 4224 821 1080 4225 822 1081 4226 836 1010 4227 822 1081 4228 835 1012 4229 835 1012 4230 822 1081 4231 823 1082 4232 835 1012 4233 823 1082 4234 834 1083 4235 834 1083 4236 823 1082 4237 824 1084 4238 834 1083 4239 824 1084 4240 833 1085 4241 833 1085 4242 824 1084 4243 825 1086 4244 833 1085 4245 825 1086 4246 832 1087 4247 832 1087 4248 825 1086 4249 826 1088 4250 832 1087 4251 826 1088 4252 831 1089 4253 831 1089 4254 826 1088 4255 827 1090 4256 831 1089 4257 827 1090 4258 830 1091 4259 830 1091 4260 827 1090 4261 829 983 4262 829 983 4263 827 1090 4264 828 1092 4265 829 983 4266 828 1092 4267 857 985 4268 857 985 4269 828 1092 4270 840 1093 4271 857 985 4272 840 1093 4273 856 987 4274 856 987 4275 840 1093 4276 841 988 4277 856 987 4278 841 988 4279 855 1094 4280 855 1094 4281 841 988 4282 842 1095 4283 855 1094 4284 842 1095 4285 854 1096 4286 854 1096 4287 842 1095 4288 843 1097 4289 854 1096 4290 843 1097 4291 853 993 4292 853 993 4293 843 1097 4294 844 994 4295 853 993 4296 844 994 4297 852 1098 4298 852 1098 4299 844 994 4300 845 1099 4301 852 1098 4302 845 1099 4303 851 1100 4304 851 1100 4305 845 1099 4306 846 1101 4307 851 1100 4308 846 1101 4309 850 1102 4310 850 1102 4311 846 1101 4312 847 1103 4313 850 1102 4314 847 1103 4315 849 1104 4316 849 1104 4317 847 1103 4318 848 1105 4319 849 1104 4320 848 1105 4321 839 1003 4322 839 1003 4323 848 1105 4324 818 1004 4325 817 0 4326 832 0 4327 796 0 4328 796 0 4329 832 0 4330 831 0 4331 796 0 4332 831 0 4333 866 0 4334 866 0 4335 831 0 4336 830 0 4337 866 1106 4338 830 1106 4339 865 1106 4340 865 1019 4341 830 1019 4342 829 1019 4343 865 0 4344 829 0 4345 864 0 4346 864 1018 4347 829 1018 4348 857 1018 4349 864 1107 4350 857 1107 4351 863 1107 4352 863 0 4353 857 0 4354 856 0 4355 863 1108 4356 856 1108 4357 862 1108 4358 862 0 4359 856 0 4360 855 0 4361 862 1109 4362 855 1109 4363 861 1109 4364 861 0 4365 855 0 4366 854 0 4367 861 0 4368 854 0 4369 860 0 4370 860 0 4371 854 0 4372 853 0 4373 860 0 4374 853 0 4375 859 0 4376 859 0 4377 853 0 4378 852 0 4379 859 0 4380 852 0 4381 858 0 4382 858 0 4383 852 0 4384 851 0 4385 858 0 4386 851 0 4387 808 0 4388 808 0 4389 851 0 4390 850 0 4391 808 1110 4392 850 1110 4393 809 1110 4394 809 0 4395 850 0 4396 849 0 4397 809 0 4398 849 0 4399 810 0 4400 810 1015 4401 849 1015 4402 839 1015 4403 810 0 4404 839 0 4405 811 0 4406 811 1014 4407 839 1014 4408 838 1014 4409 811 0 4410 838 0 4411 812 0 4412 812 0 4413 838 0 4414 837 0 4415 812 1111 4416 837 1111 4417 813 1111 4418 813 0 4419 837 0 4420 836 0 4421 813 0 4422 836 0 4423 814 0 4424 814 0 4425 836 0 4426 835 0 4427 814 0 4428 835 0 4429 815 0 4430 815 0 4431 835 0 4432 834 0 4433 815 0 4434 834 0 4435 816 0 4436 816 0 4437 834 0 4438 833 0 4439 816 0 4440 833 0 4441 817 0 4442 817 0 4443 833 0 4444 832 0 4445 867 1023 4446 826 1023 4447 797 1023 4448 797 62 4449 826 62 4450 825 62 4451 797 62 4452 825 62 4453 798 62 4454 798 62 4455 825 62 4456 824 62 4457 798 1025 4458 824 1025 4459 799 1025 4460 799 62 4461 824 62 4462 823 62 4463 799 62 4464 823 62 4465 800 62 4466 800 62 4467 823 62 4468 822 62 4469 800 1026 4470 822 1026 4471 801 1026 4472 801 62 4473 822 62 4474 821 62 4475 801 1112 4476 821 1112 4477 802 1112 4478 802 62 4479 821 62 4480 820 62 4481 802 1024 4482 820 1024 4483 803 1024 4484 803 1040 4485 820 1040 4486 819 1040 4487 803 1028 4488 819 1028 4489 804 1028 4490 804 1038 4491 819 1038 4492 818 1038 4493 804 62 4494 818 62 4495 805 62 4496 805 1037 4497 818 1037 4498 848 1037 4499 805 1113 4500 848 1113 4501 806 1113 4502 806 1036 4503 848 1036 4504 847 1036 4505 806 1032 4506 847 1032 4507 807 1032 4508 807 62 4509 847 62 4510 846 62 4511 807 1033 4512 846 1033 4513 875 1033 4514 875 62 4515 846 62 4516 845 62 4517 875 1033 4518 845 1033 4519 874 1033 4520 874 62 4521 845 62 4522 844 62 4523 874 62 4524 844 62 4525 873 62 4526 873 62 4527 844 62 4528 843 62 4529 873 1034 4530 843 1034 4531 872 1034 4532 872 62 4533 843 62 4534 842 62 4535 872 62 4536 842 62 4537 871 62 4538 871 62 4539 842 62 4540 841 62 4541 871 1033 4542 841 1033 4543 870 1033 4544 870 62 4545 841 62 4546 840 62 4547 870 1114 4548 840 1114 4549 869 1114 4550 869 1030 4551 840 1030 4552 828 1030 4553 869 62 4554 828 62 4555 868 62 4556 868 1029 4557 828 1029 4558 827 1029 4559 868 1115 4560 827 1115 4561 867 1115 4562 867 62 4563 827 62 4564 826 62 4565 797 952 4566 796 1059 4567 867 1116 4568 867 1116 4569 796 1059 4570 866 1117 4571 867 1116 4572 866 1117 4573 868 1118 4574 868 1118 4575 866 1117 4576 865 1119 4577 868 1118 4578 865 1119 4579 869 1045 4580 869 1045 4581 865 1119 4582 864 1120 4583 869 1045 4584 864 1120 4585 870 1121 4586 870 1121 4587 864 1120 4588 863 1122 4589 870 1121 4590 863 1122 4591 871 1123 4592 871 1123 4593 863 1122 4594 862 1124 4595 871 1123 4596 862 1124 4597 872 1125 4598 872 1125 4599 862 1124 4600 861 1126 4601 872 1125 4602 861 1126 4603 873 1127 4604 873 1127 4605 861 1126 4606 860 1054 4607 873 1127 4608 860 1054 4609 874 1128 4610 874 1128 4611 860 1054 4612 859 1129 4613 874 1128 4614 859 1129 4615 858 1130 4616 808 1075 4617 807 1074 4618 858 1130 4619 858 1130 4620 807 1074 4621 875 1131 4622 858 1130 4623 875 1131 4624 874 1128 4625 876 1132 4626 877 1133 4627 897 1134 4628 897 1134 4629 877 1133 4630 878 1135 4631 897 1134 4632 878 1135 4633 896 1136 4634 896 1136 4635 878 1135 4636 879 1137 4637 896 1136 4638 879 1137 4639 895 1138 4640 895 1138 4641 879 1137 4642 880 1139 4643 895 1138 4644 880 1139 4645 894 1140 4646 894 1140 4647 880 1139 4648 881 1141 4649 894 1140 4650 881 1141 4651 893 1142 4652 893 1142 4653 881 1141 4654 882 1143 4655 893 1142 4656 882 1143 4657 892 1144 4658 892 1144 4659 882 1143 4660 883 1145 4661 892 1144 4662 883 1145 4663 891 1146 4664 891 1146 4665 883 1145 4666 884 1147 4667 891 1146 4668 884 1147 4669 890 1148 4670 890 1148 4671 884 1147 4672 885 1149 4673 890 1148 4674 885 1149 4675 886 1150 4676 887 1151 4677 888 1152 4678 886 1150 4679 886 1150 4680 888 1152 4681 889 1153 4682 886 1150 4683 889 1153 4684 890 1148 4685 919 1154 4686 898 1155 4687 918 1156 4688 918 1156 4689 898 1155 4690 899 1157 4691 918 1156 4692 899 1157 4693 917 1158 4694 917 1158 4695 899 1157 4696 900 1159 4697 917 1158 4698 900 1159 4699 916 1160 4700 916 1160 4701 900 1159 4702 901 1161 4703 916 1160 4704 901 1161 4705 915 1162 4706 915 1162 4707 901 1161 4708 902 1163 4709 915 1162 4710 902 1163 4711 914 1004 4712 914 1004 4713 902 1163 4714 903 1164 4715 914 1004 4716 903 1164 4717 913 1165 4718 913 1165 4719 903 1164 4720 904 1166 4721 913 1165 4722 904 1166 4723 912 1167 4724 912 1167 4725 904 1166 4726 905 1168 4727 912 1167 4728 905 1168 4729 911 1169 4730 911 1169 4731 905 1168 4732 906 1170 4733 911 1169 4734 906 1170 4735 910 1171 4736 910 1171 4737 906 1170 4738 907 1172 4739 910 1171 4740 907 1172 4741 909 1173 4742 909 1173 4743 907 1172 4744 908 1174 4745 909 1173 4746 908 1174 4747 937 1175 4748 937 1175 4749 908 1174 4750 920 1176 4751 937 1175 4752 920 1176 4753 936 977 4754 936 977 4755 920 1176 4756 921 1177 4757 936 977 4758 921 1177 4759 935 1178 4760 935 1178 4761 921 1177 4762 922 1179 4763 935 1178 4764 922 1179 4765 934 1180 4766 934 1180 4767 922 1179 4768 923 1181 4769 934 1180 4770 923 1181 4771 933 1182 4772 933 1182 4773 923 1181 4774 924 983 4775 933 1182 4776 924 983 4777 932 1183 4778 932 1183 4779 924 983 4780 925 1184 4781 932 1183 4782 925 1184 4783 931 1185 4784 931 1185 4785 925 1184 4786 926 1186 4787 931 1185 4788 926 1186 4789 930 1187 4790 930 1187 4791 926 1186 4792 927 990 4793 930 1187 4794 927 990 4795 929 1188 4796 929 1188 4797 927 990 4798 928 1189 4799 929 1188 4800 928 1189 4801 919 1154 4802 919 1154 4803 928 1189 4804 898 1155 4805 897 0 4806 936 0 4807 876 0 4808 876 0 4809 936 0 4810 935 0 4811 876 0 4812 935 0 4813 946 0 4814 946 0 4815 935 0 4816 934 0 4817 946 1190 4818 934 1190 4819 945 1190 4820 945 1019 4821 934 1019 4822 933 1019 4823 945 0 4824 933 0 4825 944 0 4826 944 1018 4827 933 1018 4828 932 1018 4829 944 1191 4830 932 1191 4831 943 1191 4832 943 0 4833 932 0 4834 931 0 4835 943 1108 4836 931 1108 4837 942 1108 4838 942 0 4839 931 0 4840 930 0 4841 942 1109 4842 930 1109 4843 941 1109 4844 941 0 4845 930 0 4846 929 0 4847 941 0 4848 929 0 4849 940 0 4850 940 0 4851 929 0 4852 919 0 4853 940 0 4854 919 0 4855 939 0 4856 939 0 4857 919 0 4858 918 0 4859 939 0 4860 918 0 4861 938 0 4862 938 0 4863 918 0 4864 917 0 4865 938 0 4866 917 0 4867 888 0 4868 888 0 4869 917 0 4870 916 0 4871 888 1192 4872 916 1192 4873 889 1192 4874 889 0 4875 916 0 4876 915 0 4877 889 0 4878 915 0 4879 890 0 4880 890 1015 4881 915 1015 4882 914 1015 4883 890 0 4884 914 0 4885 891 0 4886 891 1014 4887 914 1014 4888 913 1014 4889 891 0 4890 913 0 4891 892 0 4892 892 0 4893 913 0 4894 912 0 4895 892 1111 4896 912 1111 4897 893 1111 4898 893 0 4899 912 0 4900 911 0 4901 893 0 4902 911 0 4903 894 0 4904 894 0 4905 911 0 4906 910 0 4907 894 0 4908 910 0 4909 895 0 4910 895 0 4911 910 0 4912 909 0 4913 895 0 4914 909 0 4915 896 0 4916 896 0 4917 909 0 4918 937 0 4919 896 0 4920 937 0 4921 897 0 4922 897 0 4923 937 0 4924 936 0 4925 947 1023 4926 922 1023 4927 877 1023 4928 877 62 4929 922 62 4930 921 62 4931 877 62 4932 921 62 4933 878 62 4934 878 62 4935 921 62 4936 920 62 4937 878 1024 4938 920 1024 4939 879 1024 4940 879 62 4941 920 62 4942 908 62 4943 879 62 4944 908 62 4945 880 62 4946 880 62 4947 908 62 4948 907 62 4949 880 1193 4950 907 1193 4951 881 1193 4952 881 62 4953 907 62 4954 906 62 4955 881 1194 4956 906 1194 4957 882 1194 4958 882 62 4959 906 62 4960 905 62 4961 882 1193 4962 905 1193 4963 883 1193 4964 883 1040 4965 905 1040 4966 904 1040 4967 883 1028 4968 904 1028 4969 884 1028 4970 884 1038 4971 904 1038 4972 903 1038 4973 884 62 4974 903 62 4975 885 62 4976 885 1037 4977 903 1037 4978 902 1037 4979 885 1113 4980 902 1113 4981 886 1113 4982 886 1036 4983 902 1036 4984 901 1036 4985 886 1032 4986 901 1032 4987 887 1032 4988 887 62 4989 901 62 4990 900 62 4991 887 1033 4992 900 1033 4993 955 1033 4994 955 62 4995 900 62 4996 899 62 4997 955 1028 4998 899 1028 4999 954 1028 5000 954 62 5001 899 62 5002 898 62 5003 954 62 5004 898 62 5005 953 62 5006 953 62 5007 898 62 5008 928 62 5009 953 1195 5010 928 1195 5011 952 1195 5012 952 62 5013 928 62 5014 927 62 5015 952 62 5016 927 62 5017 951 62 5018 951 62 5019 927 62 5020 926 62 5021 951 1196 5022 926 1196 5023 950 1196 5024 950 62 5025 926 62 5026 925 62 5027 950 1025 5028 925 1025 5029 949 1025 5030 949 1030 5031 925 1030 5032 924 1030 5033 949 62 5034 924 62 5035 948 62 5036 948 1029 5037 924 1029 5038 923 1029 5039 948 1197 5040 923 1197 5041 947 1197 5042 947 62 5043 923 62 5044 922 62 5045 877 1133 5046 876 1132 5047 947 1198 5048 947 1198 5049 876 1132 5050 946 1199 5051 947 1198 5052 946 1199 5053 945 1200 5054 947 1198 5055 945 1200 5056 948 1201 5057 948 1201 5058 945 1200 5059 944 1202 5060 948 1201 5061 944 1202 5062 949 1203 5063 949 1203 5064 944 1202 5065 943 1204 5066 949 1203 5067 943 1204 5068 950 1205 5069 950 1205 5070 943 1204 5071 942 1206 5072 950 1205 5073 942 1206 5074 951 1207 5075 951 1207 5076 942 1206 5077 941 1208 5078 951 1207 5079 941 1208 5080 952 1209 5081 952 1209 5082 941 1208 5083 940 1210 5084 952 1209 5085 940 1210 5086 953 1211 5087 953 1211 5088 940 1210 5089 939 1212 5090 953 1211 5091 939 1212 5092 954 1213 5093 954 1213 5094 939 1212 5095 938 1214 5096 954 1213 5097 938 1214 5098 955 1215 5099 955 1215 5100 938 1214 5101 887 1151 5102 887 1151 5103 938 1214 5104 888 1152 5105 956 1216 5106 957 1217 5107 977 1218 5108 977 1218 5109 957 1217 5110 958 1219 5111 977 1218 5112 958 1219 5113 976 1220 5114 976 1220 5115 958 1219 5116 959 1137 5117 976 1220 5118 959 1137 5119 975 1138 5120 975 1138 5121 959 1137 5122 960 1221 5123 975 1138 5124 960 1221 5125 974 1222 5126 974 1222 5127 960 1221 5128 961 1223 5129 974 1222 5130 961 1223 5131 973 1224 5132 973 1224 5133 961 1223 5134 962 1225 5135 973 1224 5136 962 1225 5137 972 1226 5138 972 1226 5139 962 1225 5140 963 1227 5141 972 1226 5142 963 1227 5143 971 1228 5144 971 1228 5145 963 1227 5146 964 1147 5147 971 1228 5148 964 1147 5149 970 1229 5150 970 1229 5151 964 1147 5152 965 1230 5153 970 1229 5154 965 1230 5155 969 1231 5156 969 1231 5157 965 1230 5158 966 1232 5159 969 1231 5160 966 1232 5161 968 1233 5162 968 1233 5163 966 1232 5164 967 1151 5165 999 1182 5166 978 983 5167 998 1234 5168 998 1234 5169 978 983 5170 979 1235 5171 998 1234 5172 979 1235 5173 997 1236 5174 997 1236 5175 979 1235 5176 980 1237 5177 997 1236 5178 980 1237 5179 996 1238 5180 996 1238 5181 980 1237 5182 981 1239 5183 996 1238 5184 981 1239 5185 995 1240 5186 995 1240 5187 981 1239 5188 982 1241 5189 995 1240 5190 982 1241 5191 994 1242 5192 994 1242 5193 982 1241 5194 983 1243 5195 994 1242 5196 983 1243 5197 993 1244 5198 993 1244 5199 983 1243 5200 984 1245 5201 993 1244 5202 984 1245 5203 992 1246 5204 992 1246 5205 984 1245 5206 985 998 5207 992 1246 5208 985 998 5209 991 1247 5210 991 1247 5211 985 998 5212 986 1248 5213 991 1247 5214 986 1248 5215 990 1249 5216 990 1249 5217 986 1248 5218 987 1250 5219 990 1249 5220 987 1250 5221 989 1004 5222 989 1004 5223 987 1250 5224 988 1164 5225 989 1004 5226 988 1164 5227 1017 1251 5228 1017 1251 5229 988 1164 5230 1000 1252 5231 1017 1251 5232 1000 1252 5233 1016 1253 5234 1016 1253 5235 1000 1252 5236 1001 1254 5237 1016 1253 5238 1001 1254 5239 1015 1255 5240 1015 1255 5241 1001 1254 5242 1002 1256 5243 1015 1255 5244 1002 1256 5245 1014 1257 5246 1014 1257 5247 1002 1256 5248 1003 1258 5249 1014 1257 5250 1003 1258 5251 1013 1173 5252 1013 1173 5253 1003 1258 5254 1004 1174 5255 1013 1173 5256 1004 1174 5257 1012 1259 5258 1012 1259 5259 1004 1174 5260 1005 1260 5261 1012 1259 5262 1005 1260 5263 1011 1261 5264 1011 1261 5265 1005 1260 5266 1006 1262 5267 1011 1261 5268 1006 1262 5269 1010 1263 5270 1010 1263 5271 1006 1262 5272 1007 1264 5273 1010 1263 5274 1007 1264 5275 1009 1265 5276 1009 1265 5277 1007 1264 5278 1008 1266 5279 1009 1265 5280 1008 1266 5281 999 1182 5282 999 1182 5283 1008 1266 5284 978 983 5285 977 0 5286 1011 0 5287 956 0 5288 956 0 5289 1011 0 5290 1010 0 5291 956 1267 5292 1010 1267 5293 1026 1267 5294 1026 0 5295 1010 0 5296 1009 0 5297 1026 0 5298 1009 0 5299 1025 0 5300 1025 1014 5301 1009 1014 5302 999 1014 5303 1025 0 5304 999 0 5305 1024 0 5306 1024 1015 5307 999 1015 5308 998 1015 5309 1024 0 5310 998 0 5311 1023 0 5312 1023 0 5313 998 0 5314 997 0 5315 1023 1016 5316 997 1016 5317 1022 1016 5318 1022 0 5319 997 0 5320 996 0 5321 1022 0 5322 996 0 5323 1021 0 5324 1021 0 5325 996 0 5326 995 0 5327 1021 0 5328 995 0 5329 1020 0 5330 1020 0 5331 995 0 5332 994 0 5333 1020 0 5334 994 0 5335 1019 0 5336 1019 0 5337 994 0 5338 993 0 5339 1019 0 5340 993 0 5341 1018 0 5342 1018 0 5343 993 0 5344 992 0 5345 1018 0 5346 992 0 5347 968 0 5348 968 0 5349 992 0 5350 991 0 5351 968 0 5352 991 0 5353 969 0 5354 969 0 5355 991 0 5356 990 0 5357 969 1268 5358 990 1268 5359 970 1268 5360 970 1018 5361 990 1018 5362 989 1018 5363 970 0 5364 989 0 5365 971 0 5366 971 1019 5367 989 1019 5368 1017 1019 5369 971 1269 5370 1017 1269 5371 972 1269 5372 972 0 5373 1017 0 5374 1016 0 5375 972 1021 5376 1016 1021 5377 973 1021 5378 973 0 5379 1016 0 5380 1015 0 5381 973 1022 5382 1015 1022 5383 974 1022 5384 974 0 5385 1015 0 5386 1014 0 5387 974 0 5388 1014 0 5389 975 0 5390 975 0 5391 1014 0 5392 1013 0 5393 975 0 5394 1013 0 5395 976 0 5396 976 0 5397 1013 0 5398 1012 0 5399 976 0 5400 1012 0 5401 977 0 5402 977 0 5403 1012 0 5404 1011 0 5405 1027 1023 5406 1007 1023 5407 957 1023 5408 957 62 5409 1007 62 5410 1006 62 5411 957 1024 5412 1006 1024 5413 958 1024 5414 958 62 5415 1006 62 5416 1005 62 5417 958 1024 5418 1005 1024 5419 959 1024 5420 959 62 5421 1005 62 5422 1004 62 5423 959 62 5424 1004 62 5425 960 62 5426 960 62 5427 1004 62 5428 1003 62 5429 960 1193 5430 1003 1193 5431 961 1193 5432 961 62 5433 1003 62 5434 1002 62 5435 961 62 5436 1002 62 5437 962 62 5438 962 62 5439 1002 62 5440 1001 62 5441 962 1024 5442 1001 1024 5443 963 1024 5444 963 62 5445 1001 62 5446 1000 62 5447 963 1270 5448 1000 1270 5449 964 1270 5450 964 1029 5451 1000 1029 5452 988 1029 5453 964 62 5454 988 62 5455 965 62 5456 965 1030 5457 988 1030 5458 987 1030 5459 965 1271 5460 987 1271 5461 966 1271 5462 966 62 5463 987 62 5464 986 62 5465 966 1032 5466 986 1032 5467 967 1032 5468 967 62 5469 986 62 5470 985 62 5471 967 62 5472 985 62 5473 1035 62 5474 1035 62 5475 985 62 5476 984 62 5477 1035 1028 5478 984 1028 5479 1034 1028 5480 1034 62 5481 984 62 5482 983 62 5483 1034 62 5484 983 62 5485 1033 62 5486 1033 62 5487 983 62 5488 982 62 5489 1033 1195 5490 982 1195 5491 1032 1195 5492 1032 62 5493 982 62 5494 981 62 5495 1032 1272 5496 981 1272 5497 1031 1272 5498 1031 62 5499 981 62 5500 980 62 5501 1031 1033 5502 980 1033 5503 1030 1033 5504 1030 1036 5505 980 1036 5506 979 1036 5507 1030 1025 5508 979 1025 5509 1029 1025 5510 1029 1037 5511 979 1037 5512 978 1037 5513 1029 62 5514 978 62 5515 1028 62 5516 1028 1038 5517 978 1038 5518 1008 1038 5519 1028 1039 5520 1008 1039 5521 1027 1039 5522 1027 1040 5523 1008 1040 5524 1007 1040 5525 957 1217 5526 956 1216 5527 1027 1273 5528 1027 1273 5529 956 1216 5530 1026 1274 5531 1027 1273 5532 1026 1274 5533 1028 1275 5534 1028 1275 5535 1026 1274 5536 1025 1276 5537 1028 1275 5538 1025 1276 5539 1029 1277 5540 1029 1277 5541 1025 1276 5542 1024 1278 5543 1029 1277 5544 1024 1278 5545 1023 1279 5546 1022 1280 5547 1031 1281 5548 1023 1279 5549 1023 1279 5550 1031 1281 5551 1030 1282 5552 1023 1279 5553 1030 1282 5554 1029 1277 5555 1031 1281 5556 1022 1280 5557 1032 1283 5558 1032 1283 5559 1022 1280 5560 1021 1284 5561 1032 1283 5562 1021 1284 5563 1033 1285 5564 1033 1285 5565 1021 1284 5566 1020 1286 5567 1033 1285 5568 1020 1286 5569 1034 1287 5570 1034 1287 5571 1020 1286 5572 1019 1288 5573 1034 1287 5574 1019 1288 5575 1035 1289 5576 1035 1289 5577 1019 1288 5578 1018 1290 5579 1035 1289 5580 1018 1290 5581 967 1151 5582 967 1151 5583 1018 1290 5584 968 1233 5585 1036 1291 5586 1037 1291 5587 1041 1291 5588 1041 983 5589 1037 983 5590 1040 983 5591 1040 983 5592 1037 983 5593 1039 983 5594 1039 983 5595 1037 983 5596 1038 983 5597 1059 1292 5598 1042 1293 5599 1072 1294 5600 1072 1294 5601 1042 1293 5602 1043 1295 5603 1072 1294 5604 1043 1295 5605 1071 1296 5606 1071 1296 5607 1043 1295 5608 1070 1297 5609 1071 1296 5610 1070 1297 5611 1058 1298 5612 1058 1298 5613 1070 1297 5614 1069 1299 5615 1058 1298 5616 1069 1299 5617 1057 1300 5618 1057 1300 5619 1069 1299 5620 1068 1301 5621 1057 1300 5622 1068 1301 5623 1056 1302 5624 1056 1302 5625 1068 1301 5626 1067 1303 5627 1056 1302 5628 1067 1303 5629 1055 1304 5630 1055 1304 5631 1067 1303 5632 1066 1305 5633 1055 1304 5634 1066 1305 5635 1065 1306 5636 1065 1306 5637 1066 1305 5638 1046 1307 5639 1065 1306 5640 1046 1307 5641 1047 1308 5642 1043 1295 5643 1044 1309 5644 1070 1297 5645 1070 1297 5646 1044 1309 5647 1069 1299 5648 1069 1299 5649 1044 1309 5650 1068 1301 5651 1068 1301 5652 1044 1309 5653 1045 1310 5654 1068 1301 5655 1045 1310 5656 1067 1303 5657 1067 1303 5658 1045 1310 5659 1046 1307 5660 1067 1303 5661 1046 1307 5662 1066 1305 5663 1065 1306 5664 1047 1308 5665 1064 1311 5666 1064 1311 5667 1047 1308 5668 1048 1312 5669 1064 1311 5670 1048 1312 5671 1063 1313 5672 1063 1313 5673 1048 1312 5674 1062 1314 5675 1063 1313 5676 1062 1314 5677 1053 1315 5678 1053 1315 5679 1062 1314 5680 1052 1316 5681 1052 1316 5682 1062 1314 5683 1061 1317 5684 1052 1316 5685 1061 1317 5686 1051 1318 5687 1051 1318 5688 1061 1317 5689 1060 1319 5690 1051 1318 5691 1060 1319 5692 1050 1320 5693 1050 1320 5694 1060 1319 5695 1049 1321 5696 1049 1321 5697 1060 1319 5698 1061 1317 5699 1049 1321 5700 1061 1317 5701 1062 1314 5702 1048 1312 5703 1049 1321 5704 1062 1314 5705 1053 1315 5706 1054 1322 5707 1063 1313 5708 1063 1313 5709 1054 1322 5710 1064 1311 5711 1064 1311 5712 1054 1322 5713 1065 1306 5714 1065 1306 5715 1054 1322 5716 1055 1304 5717 1058 1298 5718 1059 1292 5719 1071 1296 5720 1071 1296 5721 1059 1292 5722 1072 1294 5723 1152 1323 5724 1073 1324 5725 1178 1325 5726 1178 1325 5727 1073 1326 5728 1074 1327 5729 1178 1325 5730 1074 1327 5731 1179 1328 5732 1179 1328 5733 1074 1327 5734 1075 1329 5735 1179 1328 5736 1075 1329 5737 1076 1330 5738 1076 1330 5739 1077 1331 5740 1179 1328 5741 1179 1328 5742 1077 1331 5743 1078 1332 5744 1179 1328 5745 1078 1332 5746 1079 1333 5747 1079 1333 5748 1080 1334 5749 1179 1328 5750 1179 1328 5751 1080 1334 5752 1180 1335 5753 1179 1328 5754 1180 1335 5755 1178 1325 5756 1178 1325 5757 1180 1335 5758 1177 1336 5759 1178 1325 5760 1177 1336 5761 1234 1337 5762 1234 1337 5763 1177 1336 5764 1233 1338 5765 1234 1337 5766 1233 1338 5767 1260 1339 5768 1260 1339 5769 1233 1338 5770 1259 1340 5771 1260 1339 5772 1259 1340 5773 1286 1341 5774 1286 1341 5775 1259 1340 5776 1285 1342 5777 1286 1341 5778 1285 1342 5779 1301 1343 5780 1301 1343 5781 1285 1342 5782 1300 1344 5783 1301 1343 5784 1300 1344 5785 1143 1345 5786 1143 1345 5787 1300 1344 5788 1142 1346 5789 1142 1346 5790 1300 1344 5791 1299 1347 5792 1142 1346 5793 1299 1347 5794 1141 1348 5795 1141 1348 5796 1299 1347 5797 1298 1349 5798 1141 1348 5799 1298 1349 5800 1140 1350 5801 1140 1350 5802 1298 1349 5803 1283 1351 5804 1140 1350 5805 1283 1351 5806 1282 1352 5807 1282 1352 5808 1283 1351 5809 1256 1353 5810 1282 1352 5811 1256 1353 5812 1255 1354 5813 1255 1354 5814 1256 1353 5815 1229 1355 5816 1255 1354 5817 1229 1355 5818 1228 1356 5819 1228 1356 5820 1229 1355 5821 1172 1357 5822 1228 1356 5823 1172 1357 5824 1171 1358 5825 1171 1358 5826 1172 1357 5827 1087 1359 5828 1171 1358 5829 1087 1359 5830 1088 1360 5831 1080 1334 5832 1081 1361 5833 1180 1335 5834 1180 1335 5835 1081 1361 5836 1181 1362 5837 1180 1335 5838 1181 1362 5839 1177 1336 5840 1177 1336 5841 1181 1362 5842 1176 1363 5843 1177 1336 5844 1176 1363 5845 1233 1338 5846 1233 1338 5847 1176 1363 5848 1232 1364 5849 1233 1338 5850 1232 1364 5851 1259 1340 5852 1259 1340 5853 1232 1364 5854 1258 1365 5855 1259 1340 5856 1258 1365 5857 1285 1342 5858 1285 1342 5859 1258 1365 5860 1284 1366 5861 1285 1342 5862 1284 1366 5863 1300 1344 5864 1300 1344 5865 1284 1366 5866 1299 1347 5867 1081 1361 5868 1082 1367 5869 1181 1362 5870 1181 1362 5871 1082 1367 5872 1182 1368 5873 1181 1362 5874 1182 1368 5875 1176 1363 5876 1176 1363 5877 1182 1368 5878 1175 1369 5879 1176 1363 5880 1175 1369 5881 1232 1364 5882 1232 1364 5883 1175 1369 5884 1231 1370 5885 1232 1364 5886 1231 1370 5887 1258 1365 5888 1258 1365 5889 1231 1370 5890 1257 1371 5891 1258 1365 5892 1257 1371 5893 1284 1366 5894 1284 1366 5895 1257 1371 5896 1283 1351 5897 1284 1366 5898 1283 1351 5899 1299 1347 5900 1299 1347 5901 1283 1351 5902 1298 1349 5903 1082 1367 5904 1083 1372 5905 1182 1368 5906 1182 1368 5907 1083 1372 5908 1175 1369 5909 1084 1373 5910 1198 1374 5911 1083 1372 5912 1083 1372 5913 1198 1374 5914 1174 1375 5915 1083 1372 5916 1174 1375 5917 1175 1369 5918 1175 1369 5919 1174 1375 5920 1231 1370 5921 1198 1374 5922 1084 1373 5923 1174 1375 5924 1174 1375 5925 1084 1373 5926 1085 1376 5927 1174 1375 5928 1085 1376 5929 1173 1377 5930 1173 1377 5931 1085 1376 5932 1086 1378 5933 1173 1377 5934 1086 1378 5935 1172 1357 5936 1172 1357 5937 1086 1378 5938 1087 1359 5939 1088 1360 5940 1089 1379 5941 1171 1358 5942 1171 1358 5943 1089 1379 5944 1170 1380 5945 1171 1358 5946 1170 1380 5947 1227 1381 5948 1227 1381 5949 1170 1380 5950 1226 1382 5951 1227 1381 5952 1226 1382 5953 1253 1383 5954 1253 1383 5955 1226 1382 5956 1252 1384 5957 1253 1383 5958 1252 1384 5959 1279 1385 5960 1279 1385 5961 1252 1384 5962 1278 1386 5963 1279 1385 5964 1278 1386 5965 1135 1387 5966 1135 1387 5967 1278 1386 5968 1051 1318 5969 1051 1318 5970 1278 1386 5971 1277 1388 5972 1051 1318 5973 1277 1388 5974 1297 1389 5975 1297 1389 5976 1277 1388 5977 1276 1390 5978 1297 1389 5979 1276 1390 5980 1296 1391 5981 1296 1391 5982 1276 1390 5983 1275 1392 5984 1296 1391 5985 1275 1392 5986 1295 1393 5987 1295 1393 5988 1275 1392 5989 1274 1394 5990 1295 1393 5991 1274 1394 5992 1294 1395 5993 1294 1395 5994 1274 1394 5995 1273 1396 5996 1294 1395 5997 1273 1396 5998 1293 1397 5999 1293 1397 6000 1273 1396 6001 1272 1398 6002 1293 1397 6003 1272 1398 6004 1292 1399 6005 1292 1399 6006 1272 1398 6007 1271 1400 6008 1292 1399 6009 1271 1400 6010 1291 1401 6011 1291 1401 6012 1271 1400 6013 1270 1402 6014 1291 1401 6015 1270 1402 6016 1290 1403 6017 1290 1403 6018 1270 1402 6019 1269 1404 6020 1290 1403 6021 1269 1404 6022 1059 1292 6023 1059 1292 6024 1269 1404 6025 1268 1405 6026 1059 1292 6027 1268 1405 6028 1134 1406 6029 1134 1406 6030 1268 1405 6031 1133 1407 6032 1133 1407 6033 1268 1405 6034 1267 1408 6035 1133 1407 6036 1267 1408 6037 1132 1409 6038 1132 1409 6039 1267 1408 6040 1266 1410 6041 1132 1409 6042 1266 1410 6043 1131 1411 6044 1131 1411 6045 1266 1410 6046 1265 1412 6047 1131 1411 6048 1265 1412 6049 1130 1413 6050 1130 1413 6051 1265 1412 6052 1129 1414 6053 1129 1414 6054 1265 1412 6055 1264 1415 6056 1129 1414 6057 1264 1415 6058 1302 1416 6059 1302 1416 6060 1264 1415 6061 1128 1417 6062 1302 1416 6063 1128 1417 6064 1129 1414 6065 1170 1380 6066 1089 1379 6067 1183 1418 6068 1183 1418 6069 1089 1379 6070 1090 1419 6071 1183 1418 6072 1090 1419 6073 1184 1420 6074 1184 1420 6075 1090 1419 6076 1091 1421 6077 1184 1420 6078 1091 1421 6079 1185 1422 6080 1185 1422 6081 1091 1421 6082 1199 1423 6083 1185 1422 6084 1199 1423 6085 1200 1424 6086 1200 1424 6087 1199 1423 6088 1205 1425 6089 1200 1424 6090 1205 1425 6091 1206 1426 6092 1206 1426 6093 1205 1425 6094 1092 1427 6095 1206 1426 6096 1092 1427 6097 1093 1428 6098 1199 1423 6099 1091 1421 6100 1205 1425 6101 1205 1425 6102 1091 1421 6103 1092 1427 6104 1206 1426 6105 1093 1428 6106 1207 1429 6107 1207 1429 6108 1093 1428 6109 1094 1430 6110 1207 1429 6111 1094 1430 6112 1208 1431 6113 1208 1431 6114 1094 1430 6115 1204 1432 6116 1208 1431 6117 1204 1432 6118 1203 1433 6119 1203 1433 6120 1204 1432 6121 1189 1434 6122 1203 1433 6123 1189 1434 6124 1188 1435 6125 1188 1435 6126 1189 1434 6127 1165 1436 6128 1188 1435 6129 1165 1436 6130 1166 1437 6131 1166 1437 6132 1165 1436 6133 1222 1438 6134 1166 1437 6135 1222 1438 6136 1223 1439 6137 1223 1439 6138 1222 1438 6139 1249 1440 6140 1223 1439 6141 1249 1440 6142 1250 1441 6143 1250 1441 6144 1249 1440 6145 1276 1390 6146 1250 1441 6147 1276 1390 6148 1277 1388 6149 1094 1430 6150 1095 1442 6151 1204 1432 6152 1204 1432 6153 1095 1442 6154 1190 1443 6155 1204 1432 6156 1190 1443 6157 1189 1434 6158 1189 1434 6159 1190 1443 6160 1164 1444 6161 1189 1434 6162 1164 1444 6163 1165 1436 6164 1165 1436 6165 1164 1444 6166 1221 1445 6167 1165 1436 6168 1221 1445 6169 1222 1438 6170 1222 1438 6171 1221 1445 6172 1248 1446 6173 1222 1438 6174 1248 1446 6175 1249 1440 6176 1249 1440 6177 1248 1446 6178 1275 1392 6179 1249 1440 6180 1275 1392 6181 1276 1390 6182 1095 1442 6183 1096 1447 6184 1190 1443 6185 1190 1443 6186 1096 1447 6187 1191 1448 6188 1190 1443 6189 1191 1448 6190 1163 1449 6191 1163 1449 6192 1191 1448 6193 1162 1450 6194 1163 1449 6195 1162 1450 6196 1219 1451 6197 1219 1451 6198 1162 1450 6199 1218 1452 6200 1219 1451 6201 1218 1452 6202 1245 1453 6203 1245 1453 6204 1218 1452 6205 1244 1454 6206 1245 1453 6207 1244 1454 6208 1271 1400 6209 1271 1400 6210 1244 1454 6211 1270 1402 6212 1096 1447 6213 1097 1455 6214 1191 1448 6215 1191 1448 6216 1097 1455 6217 1192 1456 6218 1191 1448 6219 1192 1456 6220 1162 1450 6221 1162 1450 6222 1192 1456 6223 1161 1457 6224 1162 1450 6225 1161 1457 6226 1218 1452 6227 1218 1452 6228 1161 1457 6229 1217 1458 6230 1218 1452 6231 1217 1458 6232 1244 1454 6233 1244 1454 6234 1217 1458 6235 1243 1459 6236 1244 1454 6237 1243 1459 6238 1270 1402 6239 1270 1402 6240 1243 1459 6241 1269 1404 6242 1097 1455 6243 1098 1460 6244 1192 1456 6245 1192 1456 6246 1098 1460 6247 1193 1461 6248 1192 1456 6249 1193 1461 6250 1161 1457 6251 1161 1457 6252 1193 1461 6253 1160 1462 6254 1161 1457 6255 1160 1462 6256 1217 1458 6257 1217 1458 6258 1160 1462 6259 1216 1463 6260 1217 1458 6261 1216 1463 6262 1243 1459 6263 1243 1459 6264 1216 1463 6265 1242 1464 6266 1243 1459 6267 1242 1464 6268 1269 1404 6269 1269 1404 6270 1242 1464 6271 1268 1405 6272 1098 1460 6273 1099 1465 6274 1193 1461 6275 1193 1461 6276 1099 1465 6277 1160 1462 6278 1160 1462 6279 1099 1465 6280 1159 1466 6281 1159 1466 6282 1099 1465 6283 1100 1467 6284 1159 1466 6285 1100 1467 6286 1158 1468 6287 1158 1468 6288 1100 1467 6289 1101 1469 6290 1158 1468 6291 1101 1469 6292 1157 1470 6293 1157 1470 6294 1101 1469 6295 1102 1471 6296 1157 1470 6297 1102 1471 6298 1103 1472 6299 1104 1473 6300 1194 1474 6301 1103 1472 6302 1103 1472 6303 1194 1474 6304 1156 1475 6305 1103 1472 6306 1156 1475 6307 1157 1470 6308 1157 1470 6309 1156 1475 6310 1213 1476 6311 1157 1470 6312 1213 1476 6313 1214 1477 6314 1214 1477 6315 1213 1476 6316 1240 1478 6317 1214 1477 6318 1240 1478 6319 1241 1479 6320 1241 1479 6321 1240 1478 6322 1267 1408 6323 1241 1479 6324 1267 1408 6325 1268 1405 6326 1194 1474 6327 1104 1473 6328 1195 1480 6329 1195 1480 6330 1104 1473 6331 1105 1481 6332 1195 1480 6333 1105 1481 6334 1106 1482 6335 1195 1480 6336 1106 1482 6337 1196 1483 6338 1196 1483 6339 1106 1482 6340 1107 1484 6341 1196 1483 6342 1107 1484 6343 1197 1485 6344 1197 1485 6345 1107 1484 6346 1108 1486 6347 1197 1485 6348 1108 1486 6349 1109 1487 6350 1109 1487 6351 1110 1488 6352 1197 1485 6353 1197 1485 6354 1110 1488 6355 1111 1489 6356 1197 1485 6357 1111 1489 6358 1112 1490 6359 1112 1490 6360 1113 1491 6361 1197 1485 6362 1197 1485 6363 1113 1491 6364 1153 1492 6365 1197 1485 6366 1153 1492 6367 1154 1493 6368 1154 1493 6369 1153 1492 6370 1210 1494 6371 1154 1493 6372 1210 1494 6373 1211 1495 6374 1211 1495 6375 1210 1494 6376 1237 1496 6377 1211 1495 6378 1237 1496 6379 1238 1497 6380 1238 1497 6381 1237 1496 6382 1264 1415 6383 1238 1497 6384 1264 1415 6385 1265 1412 6386 1113 1491 6387 1114 1498 6388 1153 1492 6389 1153 1492 6390 1114 1498 6391 1115 1499 6392 1153 1492 6393 1115 1499 6394 1209 1500 6395 1209 1500 6396 1115 1499 6397 1116 1501 6398 1209 1500 6399 1116 1501 6400 1235 1502 6401 1235 1502 6402 1116 1501 6403 1117 1503 6404 1235 1502 6405 1117 1503 6406 1261 1504 6407 1261 1504 6408 1117 1503 6409 1118 1505 6410 1261 1504 6411 1118 1505 6412 1119 1506 6413 1261 1504 6414 1119 1506 6415 1287 1507 6416 1287 1507 6417 1119 1506 6418 1120 1508 6419 1287 1507 6420 1120 1508 6421 1121 1509 6422 1121 1509 6423 1122 1510 6424 1287 1507 6425 1287 1507 6426 1122 1510 6427 1123 1511 6428 1287 1507 6429 1123 1511 6430 1124 1512 6431 1287 1507 6432 1124 1512 6433 1288 1513 6434 1288 1513 6435 1124 1512 6436 1125 1514 6437 1288 1513 6438 1125 1514 6439 1126 1515 6440 1288 1513 6441 1126 1515 6442 1289 1516 6443 1289 1516 6444 1126 1515 6445 1127 1517 6446 1289 1516 6447 1127 1517 6448 1128 1417 6449 1059 1292 6450 1058 1298 6451 1290 1403 6452 1290 1403 6453 1058 1298 6454 1291 1401 6455 1058 1298 6456 1057 1300 6457 1291 1401 6458 1291 1401 6459 1057 1300 6460 1292 1399 6461 1292 1399 6462 1057 1300 6463 1304 1518 6464 1304 1518 6465 1057 1300 6466 1056 1302 6467 1304 1518 6468 1056 1302 6469 1308 1519 6470 1308 1519 6471 1056 1302 6472 1055 1304 6473 1308 1519 6474 1055 1304 6475 1311 1520 6476 1311 1520 6477 1055 1304 6478 1310 1521 6479 1311 1520 6480 1310 1521 6481 1309 1522 6482 1309 1522 6483 1310 1521 6484 1305 1523 6485 1309 1522 6486 1305 1523 6487 1304 1518 6488 1304 1518 6489 1305 1523 6490 1292 1399 6491 1055 1304 6492 1054 1322 6493 1310 1521 6494 1310 1521 6495 1054 1322 6496 1306 1524 6497 1310 1521 6498 1306 1524 6499 1305 1523 6500 1305 1523 6501 1306 1524 6502 1293 1397 6503 1305 1523 6504 1293 1397 6505 1292 1399 6506 1306 1524 6507 1054 1322 6508 1307 1525 6509 1307 1525 6510 1054 1322 6511 1053 1315 6512 1307 1525 6513 1053 1315 6514 1295 1393 6515 1295 1393 6516 1053 1315 6517 1052 1316 6518 1295 1393 6519 1052 1316 6520 1296 1391 6521 1296 1391 6522 1052 1316 6523 1297 1389 6524 1052 1316 6525 1051 1318 6526 1297 1389 6527 1135 1387 6528 1136 1526 6529 1279 1385 6530 1279 1385 6531 1136 1526 6532 1137 1527 6533 1279 1385 6534 1137 1527 6535 1280 1528 6536 1280 1528 6537 1137 1527 6538 1138 1529 6539 1280 1528 6540 1138 1529 6541 1281 1530 6542 1281 1530 6543 1138 1529 6544 1139 1531 6545 1281 1530 6546 1139 1531 6547 1282 1352 6548 1282 1352 6549 1139 1531 6550 1303 1532 6551 1282 1352 6552 1303 1532 6553 1140 1350 6554 1140 1350 6555 1303 1532 6556 1139 1531 6557 1143 1345 6558 1144 1533 6559 1301 1343 6560 1301 1343 6561 1144 1533 6562 1147 1534 6563 1301 1343 6564 1147 1534 6565 1148 1535 6566 1145 1536 6567 1146 1537 6568 1144 1533 6569 1144 1533 6570 1146 1537 6571 1147 1534 6572 1301 1343 6573 1148 1535 6574 1286 1341 6575 1286 1341 6576 1148 1535 6577 1149 1538 6578 1286 1341 6579 1149 1538 6580 1150 1539 6581 1286 1341 6582 1150 1539 6583 1260 1339 6584 1260 1339 6585 1150 1539 6586 1151 1540 6587 1260 1339 6588 1151 1540 6589 1234 1337 6590 1234 1337 6591 1151 1540 6592 1152 1323 6593 1234 1337 6594 1152 1323 6595 1178 1325 6596 1196 1483 6597 1197 1485 6598 1154 1493 6599 1195 1480 6600 1196 1483 6601 1155 1541 6602 1155 1541 6603 1196 1483 6604 1154 1493 6605 1155 1541 6606 1154 1493 6607 1211 1495 6608 1194 1474 6609 1195 1480 6610 1156 1475 6611 1156 1475 6612 1195 1480 6613 1155 1541 6614 1156 1475 6615 1155 1541 6616 1212 1542 6617 1212 1542 6618 1155 1541 6619 1211 1495 6620 1212 1542 6621 1211 1495 6622 1238 1497 6623 1213 1476 6624 1156 1475 6625 1212 1542 6626 1157 1470 6627 1214 1477 6628 1158 1468 6629 1158 1468 6630 1214 1477 6631 1215 1543 6632 1158 1468 6633 1215 1543 6634 1159 1466 6635 1159 1466 6636 1215 1543 6637 1216 1463 6638 1159 1466 6639 1216 1463 6640 1160 1462 6641 1190 1443 6642 1163 1449 6643 1164 1444 6644 1164 1444 6645 1163 1449 6646 1220 1544 6647 1164 1444 6648 1220 1544 6649 1221 1445 6650 1221 1445 6651 1220 1544 6652 1247 1545 6653 1221 1445 6654 1247 1545 6655 1248 1446 6656 1248 1446 6657 1247 1545 6658 1274 1394 6659 1248 1446 6660 1274 1394 6661 1275 1392 6662 1220 1544 6663 1163 1449 6664 1219 1451 6665 1166 1437 6666 1167 1546 6667 1187 1547 6668 1187 1547 6669 1167 1546 6670 1186 1548 6671 1187 1547 6672 1186 1548 6673 1201 1549 6674 1201 1549 6675 1186 1548 6676 1200 1424 6677 1201 1549 6678 1200 1424 6679 1206 1426 6680 1167 1546 6681 1168 1550 6682 1186 1548 6683 1186 1548 6684 1168 1550 6685 1185 1422 6686 1186 1548 6687 1185 1422 6688 1200 1424 6689 1166 1437 6690 1223 1439 6691 1167 1546 6692 1167 1546 6693 1223 1439 6694 1224 1551 6695 1167 1546 6696 1224 1551 6697 1168 1550 6698 1168 1550 6699 1224 1551 6700 1225 1552 6701 1168 1550 6702 1225 1552 6703 1169 1553 6704 1169 1553 6705 1225 1552 6706 1226 1382 6707 1169 1553 6708 1226 1382 6709 1170 1380 6710 1184 1420 6711 1185 1422 6712 1169 1553 6713 1169 1553 6714 1185 1422 6715 1168 1550 6716 1183 1418 6717 1184 1420 6718 1170 1380 6719 1170 1380 6720 1184 1420 6721 1169 1553 6722 1228 1356 6723 1171 1358 6724 1227 1381 6725 1172 1357 6726 1229 1355 6727 1173 1377 6728 1173 1377 6729 1229 1355 6730 1230 1554 6731 1173 1377 6732 1230 1554 6733 1174 1375 6734 1174 1375 6735 1230 1554 6736 1231 1370 6737 1166 1437 6738 1187 1547 6739 1188 1435 6740 1188 1435 6741 1187 1547 6742 1202 1555 6743 1188 1435 6744 1202 1555 6745 1203 1433 6746 1203 1433 6747 1202 1555 6748 1208 1431 6749 1202 1555 6750 1187 1547 6751 1201 1549 6752 1206 1426 6753 1207 1429 6754 1201 1549 6755 1201 1549 6756 1207 1429 6757 1202 1555 6758 1207 1429 6759 1208 1431 6760 1202 1555 6761 1153 1492 6762 1209 1500 6763 1210 1494 6764 1210 1494 6765 1209 1500 6766 1236 1556 6767 1210 1494 6768 1236 1556 6769 1237 1496 6770 1237 1496 6771 1236 1556 6772 1263 1557 6773 1237 1496 6774 1263 1557 6775 1264 1415 6776 1264 1415 6777 1263 1557 6778 1128 1417 6779 1213 1476 6780 1212 1542 6781 1239 1558 6782 1239 1558 6783 1212 1542 6784 1238 1497 6785 1239 1558 6786 1238 1497 6787 1265 1412 6788 1242 1464 6789 1216 1463 6790 1215 1543 6791 1242 1464 6792 1215 1543 6793 1241 1479 6794 1241 1479 6795 1215 1543 6796 1214 1477 6797 1220 1544 6798 1219 1451 6799 1246 1559 6800 1246 1559 6801 1219 1451 6802 1245 1453 6803 1246 1559 6804 1245 1453 6805 1272 1398 6806 1272 1398 6807 1245 1453 6808 1271 1400 6809 1223 1439 6810 1250 1441 6811 1224 1551 6812 1224 1551 6813 1250 1441 6814 1251 1560 6815 1224 1551 6816 1251 1560 6817 1225 1552 6818 1225 1552 6819 1251 1560 6820 1252 1384 6821 1225 1552 6822 1252 1384 6823 1226 1382 6824 1228 1356 6825 1227 1381 6826 1254 1561 6827 1254 1561 6828 1227 1381 6829 1253 1383 6830 1254 1561 6831 1253 1383 6832 1280 1528 6833 1280 1528 6834 1253 1383 6835 1279 1385 6836 1257 1371 6837 1231 1370 6838 1230 1554 6839 1257 1371 6840 1230 1554 6841 1256 1353 6842 1256 1353 6843 1230 1554 6844 1229 1355 6845 1209 1500 6846 1235 1502 6847 1236 1556 6848 1236 1556 6849 1235 1502 6850 1262 1562 6851 1236 1556 6852 1262 1562 6853 1263 1557 6854 1263 1557 6855 1262 1562 6856 1289 1516 6857 1263 1557 6858 1289 1516 6859 1128 1417 6860 1213 1476 6861 1239 1558 6862 1240 1478 6863 1240 1478 6864 1239 1558 6865 1266 1410 6866 1240 1478 6867 1266 1410 6868 1267 1408 6869 1266 1410 6870 1239 1558 6871 1265 1412 6872 1268 1405 6873 1242 1464 6874 1241 1479 6875 1220 1544 6876 1246 1559 6877 1247 1545 6878 1247 1545 6879 1246 1559 6880 1273 1396 6881 1247 1545 6882 1273 1396 6883 1274 1394 6884 1273 1396 6885 1246 1559 6886 1272 1398 6887 1278 1386 6888 1252 1384 6889 1251 1560 6890 1278 1386 6891 1251 1560 6892 1277 1388 6893 1277 1388 6894 1251 1560 6895 1250 1441 6896 1228 1356 6897 1254 1561 6898 1255 1354 6899 1255 1354 6900 1254 1561 6901 1281 1530 6902 1255 1354 6903 1281 1530 6904 1282 1352 6905 1281 1530 6906 1254 1561 6907 1280 1528 6908 1283 1351 6909 1257 1371 6910 1256 1353 6911 1235 1502 6912 1261 1504 6913 1262 1562 6914 1262 1562 6915 1261 1504 6916 1288 1513 6917 1262 1562 6918 1288 1513 6919 1289 1516 6920 1287 1507 6921 1288 1513 6922 1261 1504 6923 1307 1525 6924 1295 1393 6925 1294 1395 6926 1307 1525 6927 1294 1395 6928 1306 1524 6929 1306 1524 6930 1294 1395 6931 1293 1397 6932 1311 1520 6933 1309 1522 6934 1308 1519 6935 1308 1519 6936 1309 1522 6937 1304 1518 6938 1347 1563 6939 1312 1563 6940 1326 1563 6941 1326 1564 6942 1312 1564 6943 1313 1564 6944 1326 1565 6945 1313 1565 6946 1314 1565 6947 1314 973 6948 1315 973 6949 1326 973 6950 1326 1566 6951 1315 1566 6952 1316 1566 6953 1326 1567 6954 1316 1567 6955 1325 1567 6956 1325 1568 6957 1316 1568 6958 1317 1568 6959 1325 973 6960 1317 973 6961 1324 973 6962 1324 1569 6963 1317 1569 6964 1318 1569 6965 1324 1570 6966 1318 1570 6967 1323 1570 6968 1323 1571 6969 1318 1571 6970 1319 1571 6971 1323 973 6972 1319 973 6973 1322 973 6974 1322 1572 6975 1319 1572 6976 1320 1572 6977 1322 973 6978 1320 973 6979 1321 973 6980 1327 973 6981 1334 973 6982 1326 973 6983 1326 973 6984 1334 973 6985 1335 973 6986 1326 1573 6987 1335 1573 6988 1336 1573 6989 1334 973 6990 1327 973 6991 1333 973 6992 1333 973 6993 1327 973 6994 1328 973 6995 1333 973 6996 1328 973 6997 1332 973 6998 1332 973 6999 1328 973 7000 1329 973 7001 1332 973 7002 1329 973 7003 1331 973 7004 1331 973 7005 1329 973 7006 1330 973 7007 1336 973 7008 1337 973 7009 1326 973 7010 1326 1574 7011 1337 1574 7012 1338 1574 7013 1326 1575 7014 1338 1575 7015 1339 1575 7016 1339 1576 7017 1340 1576 7018 1326 1576 7019 1326 1577 7020 1340 1577 7021 1341 1577 7022 1326 1578 7023 1341 1578 7024 1342 1578 7025 1342 973 7026 1343 973 7027 1326 973 7028 1326 1579 7029 1343 1579 7030 1344 1579 7031 1326 1580 7032 1344 1580 7033 1345 1580 7034 1345 973 7035 1346 973 7036 1326 973 7037 1326 1581 7038 1346 1581 7039 1347 1581 7040 1348 1582 7041 1349 1583 7042 1330 1584 7043 1330 1584 7044 1349 1583 7045 1331 1585 7046 1331 1585 7047 1349 1583 7048 1350 1586 7049 1331 1585 7050 1350 1586 7051 1332 1587 7052 1332 1587 7053 1350 1586 7054 1351 1588 7055 1332 1587 7056 1351 1588 7057 1333 1589 7058 1333 1589 7059 1351 1588 7060 1352 1590 7061 1333 1589 7062 1352 1590 7063 1334 1591 7064 1334 1591 7065 1352 1590 7066 1353 1592 7067 1334 1591 7068 1353 1592 7069 1335 1593 7070 1335 1593 7071 1353 1592 7072 1354 1594 7073 1335 1593 7074 1354 1594 7075 1336 1595 7076 1336 1595 7077 1354 1594 7078 1355 1596 7079 1336 1595 7080 1355 1596 7081 1337 1597 7082 1337 1597 7083 1355 1596 7084 1356 1598 7085 1337 1597 7086 1356 1598 7087 1338 1599 7088 1338 1599 7089 1356 1598 7090 1357 1600 7091 1338 1599 7092 1357 1600 7093 1339 1601 7094 1339 1601 7095 1357 1600 7096 1358 1602 7097 1339 1601 7098 1358 1602 7099 1340 1603 7100 1340 1603 7101 1358 1602 7102 1359 1604 7103 1340 1603 7104 1359 1604 7105 1341 1605 7106 1341 1605 7107 1359 1604 7108 1360 1606 7109 1341 1605 7110 1360 1606 7111 1342 1607 7112 1342 1607 7113 1360 1606 7114 1361 1608 7115 1342 1607 7116 1361 1608 7117 1343 1609 7118 1343 1609 7119 1361 1608 7120 1362 1610 7121 1343 1609 7122 1362 1610 7123 1344 1611 7124 1344 1611 7125 1362 1610 7126 1363 1612 7127 1344 1611 7128 1363 1612 7129 1345 1613 7130 1345 1613 7131 1363 1612 7132 1364 1614 7133 1345 1613 7134 1364 1614 7135 1346 1615 7136 1346 1615 7137 1364 1614 7138 1365 1616 7139 1346 1615 7140 1365 1616 7141 1347 1616 7142 1347 1616 7143 1365 1616 7144 1312 1617 7145 1312 1617 7146 1365 1616 7147 1366 1618 7148 1367 1619 7149 1368 1619 7150 1369 1619 7151 1367 1620 7152 1370 1620 7153 1368 1620 7154 1367 1621 7155 1371 1621 7156 1370 1621 7157 1367 1622 7158 1372 1622 7159 1371 1622 7160 1367 1623 7161 1373 1623 7162 1372 1623 7163 1367 1624 7164 1369 1624 7165 1373 1624 7166 1330 1584 7167 1329 1625 7168 1348 1582 7169 1348 1582 7170 1329 1625 7171 1390 1626 7172 1390 1626 7173 1329 1625 7174 1328 1627 7175 1390 1626 7176 1328 1627 7177 1389 1628 7178 1389 1628 7179 1328 1627 7180 1327 1629 7181 1389 1628 7182 1327 1629 7183 1388 1630 7184 1388 1630 7185 1327 1629 7186 1326 1631 7187 1388 1630 7188 1326 1631 7189 1387 1632 7190 1387 1632 7191 1326 1631 7192 1325 1633 7193 1387 1632 7194 1325 1633 7195 1386 1634 7196 1386 1634 7197 1325 1633 7198 1324 1635 7199 1386 1634 7200 1324 1635 7201 1385 1636 7202 1385 1636 7203 1324 1635 7204 1323 1637 7205 1385 1636 7206 1323 1637 7207 1384 1638 7208 1384 1638 7209 1323 1637 7210 1322 1639 7211 1384 1638 7212 1322 1639 7213 1383 1640 7214 1383 1640 7215 1322 1639 7216 1321 1641 7217 1383 1640 7218 1321 1641 7219 1382 1642 7220 1382 1642 7221 1321 1641 7222 1320 1643 7223 1382 1642 7224 1320 1643 7225 1381 1644 7226 1381 1644 7227 1320 1643 7228 1319 1645 7229 1381 1644 7230 1319 1645 7231 1380 1646 7232 1380 1646 7233 1319 1645 7234 1318 1647 7235 1380 1646 7236 1318 1647 7237 1379 1648 7238 1379 1648 7239 1318 1647 7240 1317 1649 7241 1379 1648 7242 1317 1649 7243 1378 1650 7244 1378 1650 7245 1317 1649 7246 1316 1651 7247 1378 1650 7248 1316 1651 7249 1377 1652 7250 1377 1652 7251 1316 1651 7252 1315 1653 7253 1377 1652 7254 1315 1653 7255 1376 1654 7256 1376 1654 7257 1315 1653 7258 1314 1655 7259 1376 1654 7260 1314 1655 7261 1375 1656 7262 1375 1656 7263 1314 1655 7264 1313 1657 7265 1375 1656 7266 1313 1657 7267 1374 1658 7268 1374 1658 7269 1313 1657 7270 1366 1618 7271 1366 1618 7272 1313 1657 7273 1312 1617 7274 1391 1659 7275 1392 1660 7276 1410 1661 7277 1410 1661 7278 1392 1660 7279 1413 1662 7280 1410 1661 7281 1413 1662 7282 1412 1663 7283 1412 1663 7284 1413 1662 7285 1399 1664 7286 1412 1663 7287 1399 1664 7288 1411 1665 7289 1411 1665 7290 1399 1664 7291 1401 1666 7292 1411 1665 7293 1401 1666 7294 1402 1667 7295 1392 1660 7296 1393 1668 7297 1413 1662 7298 1413 1662 7299 1393 1668 7300 1394 1669 7301 1413 1662 7302 1394 1669 7303 1395 1670 7304 1395 1670 7305 1396 1671 7306 1413 1662 7307 1413 1662 7308 1396 1671 7309 1397 1672 7310 1413 1662 7311 1397 1672 7312 1398 1673 7313 1398 1673 7314 1399 1664 7315 1413 1662 7316 1399 1664 7317 1400 1674 7318 1401 1666 7319 1402 1667 7320 1403 1675 7321 1411 1665 7322 1411 1665 7323 1403 1675 7324 1404 1676 7325 1411 1665 7326 1404 1676 7327 1414 1677 7328 1414 1677 7329 1404 1676 7330 1405 1678 7331 1414 1677 7332 1405 1678 7333 1406 1679 7334 1406 1679 7335 1407 1680 7336 1414 1677 7337 1414 1677 7338 1407 1680 7339 1408 1681 7340 1414 1677 7341 1408 1681 7342 1411 1665 7343 1411 1665 7344 1408 1681 7345 1409 1682 7346 1411 1665 7347 1409 1682 7348 1412 1663 7349 1412 1663 7350 1409 1682 7351 1410 1661 7352 1466 973 7353 1415 973 7354 1365 973 7355 1365 1683 7356 1415 1683 7357 1416 1683 7358 1365 973 7359 1416 973 7360 1366 973 7361 1366 1684 7362 1416 1684 7363 1417 1684 7364 1366 1685 7365 1417 1685 7366 1418 1685 7367 1418 973 7368 1419 973 7369 1366 973 7370 1366 1686 7371 1419 1686 7372 1420 1686 7373 1366 1687 7374 1420 1687 7375 1421 1687 7376 1421 973 7377 1422 973 7378 1366 973 7379 1366 973 7380 1422 973 7381 1374 973 7382 1374 1688 7383 1422 1688 7384 1423 1688 7385 1374 973 7386 1423 973 7387 1424 973 7388 1374 973 7389 1424 973 7390 1375 973 7391 1375 1689 7392 1424 1689 7393 1425 1689 7394 1375 973 7395 1425 973 7396 1376 973 7397 1376 1690 7398 1425 1690 7399 1426 1690 7400 1376 1691 7401 1426 1691 7402 1377 1691 7403 1377 973 7404 1426 973 7405 1427 973 7406 1377 973 7407 1427 973 7408 1378 973 7409 1378 973 7410 1427 973 7411 1428 973 7412 1378 973 7413 1428 973 7414 1379 973 7415 1379 1692 7416 1428 1692 7417 1429 1692 7418 1379 973 7419 1429 973 7420 1380 973 7421 1380 973 7422 1429 973 7423 1430 973 7424 1380 1693 7425 1430 1693 7426 1381 1693 7427 1381 973 7428 1430 973 7429 1431 973 7430 1381 973 7431 1431 973 7432 1382 973 7433 1382 1694 7434 1431 1694 7435 1432 1694 7436 1382 1695 7437 1432 1695 7438 1383 1695 7439 1383 1696 7440 1432 1696 7441 1433 1696 7442 1383 1697 7443 1433 1697 7444 1384 1697 7445 1384 973 7446 1433 973 7447 1434 973 7448 1384 973 7449 1434 973 7450 1385 973 7451 1385 973 7452 1434 973 7453 1435 973 7454 1385 973 7455 1435 973 7456 1386 973 7457 1386 973 7458 1435 973 7459 1436 973 7460 1386 973 7461 1436 973 7462 1387 973 7463 1387 973 7464 1436 973 7465 1437 973 7466 1387 1698 7467 1437 1698 7468 1388 1698 7469 1388 973 7470 1437 973 7471 1438 973 7472 1388 973 7473 1438 973 7474 1389 973 7475 1389 973 7476 1438 973 7477 1439 973 7478 1389 1699 7479 1439 1699 7480 1390 1699 7481 1390 973 7482 1439 973 7483 1440 973 7484 1390 973 7485 1440 973 7486 1348 973 7487 1348 1700 7488 1440 1700 7489 1441 1700 7490 1348 1701 7491 1441 1701 7492 1442 1701 7493 1348 973 7494 1442 973 7495 1349 973 7496 1349 1702 7497 1442 1702 7498 1443 1702 7499 1349 973 7500 1443 973 7501 1350 973 7502 1350 973 7503 1443 973 7504 1444 973 7505 1350 973 7506 1444 973 7507 1351 973 7508 1351 1703 7509 1444 1703 7510 1445 1703 7511 1351 1704 7512 1445 1704 7513 1352 1704 7514 1352 973 7515 1445 973 7516 1446 973 7517 1352 1705 7518 1446 1705 7519 1353 1705 7520 1353 1706 7521 1446 1706 7522 1447 1706 7523 1353 1707 7524 1447 1707 7525 1354 1707 7526 1354 973 7527 1447 973 7528 1448 973 7529 1354 1708 7530 1448 1708 7531 1355 1708 7532 1355 973 7533 1448 973 7534 1449 973 7535 1355 1709 7536 1449 1709 7537 1356 1709 7538 1356 1710 7539 1449 1710 7540 1450 1710 7541 1356 1711 7542 1450 1711 7543 1451 1711 7544 1356 1712 7545 1451 1712 7546 1357 1712 7547 1357 1713 7548 1451 1713 7549 1452 1713 7550 1357 1714 7551 1452 1714 7552 1453 1714 7553 1453 973 7554 1454 973 7555 1357 973 7556 1357 973 7557 1454 973 7558 1455 973 7559 1357 1714 7560 1455 1714 7561 1456 1714 7562 1456 973 7563 1457 973 7564 1357 973 7565 1357 1715 7566 1457 1715 7567 1358 1715 7568 1358 1711 7569 1457 1711 7570 1458 1711 7571 1358 973 7572 1458 973 7573 1459 973 7574 1358 1716 7575 1459 1716 7576 1359 1716 7577 1359 973 7578 1459 973 7579 1460 973 7580 1359 973 7581 1460 973 7582 1360 973 7583 1360 973 7584 1460 973 7585 1461 973 7586 1360 973 7587 1461 973 7588 1361 973 7589 1361 973 7590 1461 973 7591 1462 973 7592 1361 973 7593 1462 973 7594 1362 973 7595 1362 973 7596 1462 973 7597 1463 973 7598 1362 1717 7599 1463 1717 7600 1464 1717 7601 1362 1718 7602 1464 1718 7603 1363 1718 7604 1363 1719 7605 1464 1719 7606 1465 1719 7607 1363 1720 7608 1465 1720 7609 1364 1720 7610 1364 973 7611 1465 973 7612 1466 973 7613 1364 973 7614 1466 973 7615 1365 973 7616 1502 1721 7617 1467 1721 7618 1481 1721 7619 1481 1722 7620 1467 1722 7621 1468 1722 7622 1481 1723 7623 1468 1723 7624 1469 1723 7625 1469 1724 7626 1470 1724 7627 1481 1724 7628 1481 0 7629 1470 0 7630 1471 0 7631 1481 0 7632 1471 0 7633 1480 0 7634 1480 0 7635 1471 0 7636 1472 0 7637 1480 0 7638 1472 0 7639 1479 0 7640 1479 0 7641 1472 0 7642 1473 0 7643 1479 0 7644 1473 0 7645 1478 0 7646 1478 0 7647 1473 0 7648 1474 0 7649 1478 0 7650 1474 0 7651 1477 0 7652 1477 0 7653 1474 0 7654 1475 0 7655 1477 0 7656 1475 0 7657 1476 0 7658 1482 0 7659 1489 0 7660 1481 0 7661 1481 1725 7662 1489 1725 7663 1490 1725 7664 1481 1726 7665 1490 1726 7666 1491 1726 7667 1489 1727 7668 1482 1727 7669 1488 1727 7670 1488 1728 7671 1482 1728 7672 1483 1728 7673 1488 1729 7674 1483 1729 7675 1487 1729 7676 1487 1730 7677 1483 1730 7678 1484 1730 7679 1487 1731 7680 1484 1731 7681 1486 1731 7682 1486 0 7683 1484 0 7684 1485 0 7685 1491 1732 7686 1492 1732 7687 1481 1732 7688 1481 1733 7689 1492 1733 7690 1493 1733 7691 1481 1734 7692 1493 1734 7693 1494 1734 7694 1494 1735 7695 1495 1735 7696 1481 1735 7697 1481 1736 7698 1495 1736 7699 1496 1736 7700 1481 1737 7701 1496 1737 7702 1497 1737 7703 1497 1738 7704 1498 1738 7705 1481 1738 7706 1481 1739 7707 1498 1739 7708 1499 1739 7709 1481 1740 7710 1499 1740 7711 1500 1740 7712 1500 0 7713 1501 0 7714 1481 0 7715 1481 1741 7716 1501 1741 7717 1502 1741 7718 1467 1742 7719 1503 1743 7720 1468 1744 7721 1468 1744 7722 1503 1743 7723 1504 1745 7724 1468 1744 7725 1504 1745 7726 1505 1746 7727 1468 1744 7728 1505 1746 7729 1469 1747 7730 1469 1747 7731 1505 1746 7732 1506 1748 7733 1469 1747 7734 1506 1748 7735 1470 1749 7736 1470 1749 7737 1506 1748 7738 1507 1750 7739 1470 1749 7740 1507 1750 7741 1471 1751 7742 1471 1751 7743 1507 1750 7744 1508 1752 7745 1471 1751 7746 1508 1752 7747 1472 1753 7748 1472 1753 7749 1508 1752 7750 1509 1754 7751 1472 1753 7752 1509 1754 7753 1473 1755 7754 1473 1755 7755 1509 1754 7756 1510 1756 7757 1473 1755 7758 1510 1756 7759 1474 1757 7760 1474 1757 7761 1510 1756 7762 1511 1758 7763 1474 1757 7764 1511 1758 7765 1475 1759 7766 1475 1759 7767 1511 1758 7768 1512 1760 7769 1475 1759 7770 1512 1760 7771 1476 1761 7772 1476 1761 7773 1512 1760 7774 1513 1762 7775 1476 1761 7776 1513 1762 7777 1477 1763 7778 1477 1763 7779 1513 1762 7780 1514 1764 7781 1477 1763 7782 1514 1764 7783 1478 1765 7784 1478 1765 7785 1514 1764 7786 1515 1766 7787 1478 1765 7788 1515 1766 7789 1479 1767 7790 1479 1767 7791 1515 1766 7792 1516 1768 7793 1479 1767 7794 1516 1768 7795 1480 1769 7796 1480 1769 7797 1516 1768 7798 1517 1770 7799 1480 1769 7800 1517 1770 7801 1481 1771 7802 1481 1771 7803 1517 1770 7804 1518 1772 7805 1481 1771 7806 1518 1772 7807 1482 1773 7808 1482 1773 7809 1518 1772 7810 1519 1774 7811 1482 1773 7812 1519 1774 7813 1483 1775 7814 1483 1775 7815 1519 1774 7816 1520 1776 7817 1483 1775 7818 1520 1776 7819 1484 1777 7820 1484 1777 7821 1520 1776 7822 1521 1778 7823 1484 1777 7824 1521 1778 7825 1485 1779 7826 1522 1780 7827 1523 1780 7828 1524 1780 7829 1522 1781 7830 1525 1781 7831 1523 1781 7832 1522 1782 7833 1526 1782 7834 1525 1782 7835 1522 1783 7836 1527 1783 7837 1526 1783 7838 1522 1784 7839 1528 1784 7840 1527 1784 7841 1522 1785 7842 1524 1785 7843 1528 1785 7844 1530 1786 7845 1370 1786 7846 1529 1786 7847 1529 1787 7848 1370 1787 7849 1371 1787 7850 1529 1788 7851 1371 1788 7852 1531 1788 7853 1531 1788 7854 1371 1788 7855 1372 1788 7856 1531 436 7857 1372 436 7858 1532 436 7859 1532 436 7860 1372 436 7861 1373 436 7862 1532 1789 7863 1373 1789 7864 1533 1789 7865 1533 1790 7866 1373 1790 7867 1369 1790 7868 1533 1791 7869 1369 1791 7870 1534 1791 7871 1534 1792 7872 1369 1792 7873 1368 1792 7874 1534 973 7875 1368 973 7876 1530 973 7877 1530 973 7878 1368 973 7879 1370 973 7880 1535 1793 7881 1536 1793 7882 1537 1793 7883 1535 1794 7884 1538 1794 7885 1536 1794 7886 1535 1795 7887 1539 1795 7888 1538 1795 7889 1535 1796 7890 1540 1796 7891 1539 1796 7892 1535 1797 7893 1541 1797 7894 1540 1797 7895 1535 1798 7896 1537 1798 7897 1541 1798 7898 1521 1778 7899 1542 1799 7900 1485 1779 7901 1485 1779 7902 1542 1799 7903 1486 1800 7904 1486 1800 7905 1542 1799 7906 1543 1801 7907 1486 1800 7908 1543 1801 7909 1487 1802 7910 1487 1802 7911 1543 1801 7912 1544 1803 7913 1487 1802 7914 1544 1803 7915 1488 1804 7916 1488 1804 7917 1544 1803 7918 1545 1805 7919 1488 1804 7920 1545 1805 7921 1489 1806 7922 1489 1806 7923 1545 1805 7924 1546 1807 7925 1489 1806 7926 1546 1807 7927 1490 1808 7928 1490 1808 7929 1546 1807 7930 1547 1809 7931 1490 1808 7932 1547 1809 7933 1491 1810 7934 1491 1810 7935 1547 1809 7936 1548 1811 7937 1491 1810 7938 1548 1811 7939 1492 1812 7940 1492 1812 7941 1548 1811 7942 1549 1813 7943 1492 1812 7944 1549 1813 7945 1493 1814 7946 1493 1814 7947 1549 1813 7948 1550 1815 7949 1493 1814 7950 1550 1815 7951 1494 1816 7952 1494 1816 7953 1550 1815 7954 1551 1817 7955 1494 1816 7956 1551 1817 7957 1495 1818 7958 1495 1818 7959 1551 1817 7960 1552 1819 7961 1495 1818 7962 1552 1819 7963 1496 1820 7964 1496 1820 7965 1552 1819 7966 1553 1821 7967 1496 1820 7968 1553 1821 7969 1497 1822 7970 1497 1822 7971 1553 1821 7972 1554 1823 7973 1497 1822 7974 1554 1823 7975 1498 1824 7976 1498 1824 7977 1554 1823 7978 1555 1825 7979 1498 1824 7980 1555 1825 7981 1499 1826 7982 1499 1826 7983 1555 1825 7984 1556 1827 7985 1499 1826 7986 1556 1827 7987 1500 1828 7988 1500 1828 7989 1556 1827 7990 1557 1829 7991 1500 1828 7992 1557 1829 7993 1501 1830 7994 1501 1830 7995 1557 1829 7996 1558 1831 7997 1501 1830 7998 1558 1831 7999 1502 1832 8000 1502 1832 8001 1558 1831 8002 1467 1742 8003 1467 1742 8004 1558 1831 8005 1503 1743 8006 1559 1833 8007 1560 1834 8008 1415 1835 8009 1415 1835 8010 1560 1834 8011 1561 1836 8012 1415 1837 8013 1561 1838 8014 1416 1839 8015 1416 1839 8016 1561 1838 8017 1562 1840 8018 1416 1839 8019 1562 1840 8020 1417 1841 8021 1417 1841 8022 1562 1840 8023 1563 1842 8024 1417 1841 8025 1563 1842 8026 1418 1843 8027 1418 1843 8028 1563 1842 8029 1564 1844 8030 1418 1843 8031 1564 1844 8032 1419 1845 8033 1419 1845 8034 1564 1844 8035 1565 62 8036 1450 1846 8037 1449 1847 8038 1576 1848 8039 1576 1849 8040 1449 1850 8041 1575 1851 8042 1575 1851 8043 1449 1850 8044 1574 1852 8045 1574 1852 8046 1449 1850 8047 1448 1853 8048 1574 1852 8049 1448 1853 8050 1573 1854 8051 1573 1854 8052 1448 1853 8053 1447 1855 8054 1573 1854 8055 1447 1855 8056 1572 1856 8057 1572 1856 8058 1447 1855 8059 1446 1857 8060 1572 1856 8061 1446 1857 8062 1571 1858 8063 1571 1858 8064 1446 1857 8065 1445 1859 8066 1571 1858 8067 1445 1859 8068 1570 1860 8069 1570 1860 8070 1445 1859 8071 1444 1861 8072 1570 1860 8073 1444 1861 8074 1569 1862 8075 1569 1862 8076 1444 1861 8077 1443 1863 8078 1569 1862 8079 1443 1863 8080 1568 1864 8081 1568 1864 8082 1443 1863 8083 1442 1865 8084 1568 1864 8085 1442 1865 8086 1567 1866 8087 1567 1866 8088 1442 1865 8089 1441 1867 8090 1567 1866 8091 1441 1867 8092 1566 1868 8093 1407 1680 8094 1577 1869 8095 1408 1681 8096 1408 1681 8097 1577 1869 8098 1578 1870 8099 1408 1681 8100 1578 1870 8101 1593 1871 8102 1593 1871 8103 1578 1870 8104 1579 1872 8105 1593 1871 8106 1579 1872 8107 1580 1873 8108 1580 1873 8109 1581 1874 8110 1593 1871 8111 1593 1871 8112 1581 1874 8113 1582 1875 8114 1593 1871 8115 1582 1875 8116 1583 1876 8117 1593 1871 8118 1583 1876 8119 1592 1877 8120 1592 1877 8121 1583 1876 8122 1584 1878 8123 1592 1877 8124 1584 1878 8125 1585 1879 8126 1585 1879 8127 1586 1880 8128 1592 1877 8129 1592 1877 8130 1586 1880 8131 1587 1881 8132 1592 1877 8133 1587 1881 8134 1594 1882 8135 1594 1882 8136 1587 1881 8137 1588 1883 8138 1594 1882 8139 1588 1883 8140 1589 1884 8141 1589 1884 8142 1590 1885 8143 1594 1882 8144 1594 1882 8145 1590 1885 8146 1591 1886 8147 1594 1882 8148 1591 1886 8149 1410 1661 8150 1410 1661 8151 1591 1886 8152 1391 1659 8153 1410 1661 8154 1409 1682 8155 1594 1882 8156 1594 1882 8157 1409 1682 8158 1592 1877 8159 1592 1877 8160 1409 1682 8161 1593 1871 8162 1593 1871 8163 1409 1682 8164 1408 1681 8165 1407 1887 8166 1595 1888 8167 1577 1889 8168 1577 1889 8169 1595 1888 8170 1596 1890 8171 1577 1889 8172 1596 1890 8173 1578 1891 8174 1578 1891 8175 1596 1890 8176 1597 1892 8177 1578 1891 8178 1597 1892 8179 1579 1893 8180 1579 1893 8181 1597 1892 8182 1598 1894 8183 1579 1893 8184 1598 1894 8185 1580 1895 8186 1580 1895 8187 1598 1894 8188 1599 1896 8189 1580 1895 8190 1599 1896 8191 1581 1897 8192 1581 1897 8193 1599 1896 8194 1600 1898 8195 1581 1897 8196 1600 1898 8197 1582 1899 8198 1582 1899 8199 1600 1898 8200 1601 1900 8201 1582 1899 8202 1601 1900 8203 1583 1901 8204 1583 1901 8205 1601 1900 8206 1602 1902 8207 1583 1901 8208 1602 1902 8209 1584 1903 8210 1584 1903 8211 1602 1902 8212 1603 1904 8213 1584 1903 8214 1603 1904 8215 1585 1905 8216 1585 1905 8217 1603 1904 8218 1604 1906 8219 1585 1905 8220 1604 1906 8221 1586 1907 8222 1586 1907 8223 1604 1906 8224 1605 1908 8225 1586 1907 8226 1605 1908 8227 1587 1909 8228 1587 1909 8229 1605 1908 8230 1606 1910 8231 1587 1909 8232 1606 1910 8233 1588 1911 8234 1588 1911 8235 1606 1910 8236 1607 1912 8237 1588 1911 8238 1607 1912 8239 1589 1913 8240 1589 1913 8241 1607 1912 8242 1608 1914 8243 1589 1913 8244 1608 1914 8245 1590 1915 8246 1590 1915 8247 1608 1914 8248 1609 1916 8249 1590 1915 8250 1609 1916 8251 1591 1917 8252 1591 1917 8253 1609 1916 8254 1610 1918 8255 1591 1917 8256 1610 1918 8257 1391 1919 8258 1391 1919 8259 1610 1918 8260 1611 1920 8261 1391 1919 8262 1611 1920 8263 1392 1921 8264 1392 1921 8265 1611 1920 8266 1612 1922 8267 1392 1921 8268 1612 1922 8269 1393 1923 8270 1393 1923 8271 1612 1922 8272 1613 1924 8273 1393 1923 8274 1613 1924 8275 1394 1925 8276 1394 1925 8277 1613 1924 8278 1614 1926 8279 1394 1925 8280 1614 1926 8281 1395 1927 8282 1395 1927 8283 1614 1926 8284 1615 1928 8285 1395 1927 8286 1615 1928 8287 1396 1929 8288 1396 1929 8289 1615 1928 8290 1616 1930 8291 1396 1929 8292 1616 1930 8293 1397 1931 8294 1397 1931 8295 1616 1930 8296 1617 1932 8297 1397 1931 8298 1617 1932 8299 1398 1933 8300 1398 1933 8301 1617 1932 8302 1618 1934 8303 1398 1933 8304 1618 1934 8305 1399 1935 8306 1399 1935 8307 1618 1934 8308 1619 1936 8309 1399 1935 8310 1619 1936 8311 1400 1937 8312 1400 1937 8313 1619 1936 8314 1620 1938 8315 1400 1937 8316 1620 1938 8317 1401 1939 8318 1401 1939 8319 1620 1938 8320 1621 1940 8321 1401 1939 8322 1621 1940 8323 1402 1941 8324 1402 1941 8325 1621 1940 8326 1622 1942 8327 1402 1941 8328 1622 1942 8329 1403 1943 8330 1403 1943 8331 1622 1942 8332 1623 1944 8333 1403 1943 8334 1623 1944 8335 1404 1945 8336 1404 1945 8337 1623 1944 8338 1624 1946 8339 1404 1945 8340 1624 1946 8341 1405 1947 8342 1405 1947 8343 1624 1946 8344 1625 1948 8345 1405 1947 8346 1625 1948 8347 1406 1949 8348 1406 1949 8349 1625 1948 8350 1626 1950 8351 1406 1949 8352 1626 1950 8353 1407 1887 8354 1407 1887 8355 1626 1950 8356 1595 1888 8357 1660 1951 8358 1627 1952 8359 1659 1953 8360 1659 1953 8361 1627 1952 8362 1628 1954 8363 1659 1953 8364 1628 1954 8365 1658 1955 8366 1658 1955 8367 1628 1954 8368 1629 1956 8369 1658 1955 8370 1629 1956 8371 1657 1957 8372 1657 1957 8373 1629 1956 8374 1630 1958 8375 1657 1957 8376 1630 1958 8377 1656 1959 8378 1656 1959 8379 1630 1958 8380 1631 1960 8381 1656 1959 8382 1631 1960 8383 1655 1961 8384 1655 1961 8385 1631 1960 8386 1632 1962 8387 1655 1961 8388 1632 1962 8389 1654 1963 8390 1654 1963 8391 1632 1962 8392 1633 1964 8393 1654 1963 8394 1633 1964 8395 1653 1965 8396 1653 1965 8397 1633 1964 8398 1634 1966 8399 1653 1965 8400 1634 1966 8401 1652 1967 8402 1652 1967 8403 1634 1966 8404 1635 1968 8405 1652 1967 8406 1635 1968 8407 1651 1969 8408 1651 1969 8409 1635 1968 8410 1636 1970 8411 1651 1969 8412 1636 1970 8413 1650 1971 8414 1650 1971 8415 1636 1970 8416 1637 1972 8417 1650 1971 8418 1637 1972 8419 1649 1973 8420 1649 1973 8421 1637 1972 8422 1638 1974 8423 1649 1973 8424 1638 1974 8425 1648 1975 8426 1648 1975 8427 1638 1974 8428 1639 1976 8429 1648 1975 8430 1639 1976 8431 1647 1977 8432 1647 1977 8433 1639 1976 8434 1640 1978 8435 1647 1977 8436 1640 1978 8437 1646 1979 8438 1646 1979 8439 1640 1978 8440 1641 1980 8441 1646 1979 8442 1641 1980 8443 1645 1981 8444 1645 1981 8445 1641 1980 8446 1642 1982 8447 1645 1981 8448 1642 1982 8449 1644 1983 8450 1644 1983 8451 1642 1982 8452 1643 1984 8453 1661 62 8454 1612 62 8455 1644 62 8456 1644 62 8457 1612 62 8458 1611 62 8459 1644 62 8460 1611 62 8461 1645 62 8462 1645 62 8463 1611 62 8464 1610 62 8465 1645 1985 8466 1610 1985 8467 1646 1985 8468 1646 62 8469 1610 62 8470 1609 62 8471 1646 1986 8472 1609 1986 8473 1647 1986 8474 1647 1987 8475 1609 1987 8476 1608 1987 8477 1647 62 8478 1608 62 8479 1648 62 8480 1648 62 8481 1608 62 8482 1607 62 8483 1648 62 8484 1607 62 8485 1606 62 8486 1612 62 8487 1661 62 8488 1613 62 8489 1613 62 8490 1661 62 8491 1662 62 8492 1613 62 8493 1662 62 8494 1614 62 8495 1614 62 8496 1662 62 8497 1663 62 8498 1614 1988 8499 1663 1988 8500 1615 1988 8501 1615 1989 8502 1663 1989 8503 1664 1989 8504 1615 1990 8505 1664 1990 8506 1665 1990 8507 1615 1991 8508 1665 1991 8509 1616 1991 8510 1616 62 8511 1665 62 8512 1666 62 8513 1616 1992 8514 1666 1992 8515 1617 1992 8516 1617 62 8517 1666 62 8518 1667 62 8519 1617 1993 8520 1667 1993 8521 1618 1993 8522 1618 62 8523 1667 62 8524 1668 62 8525 1618 1994 8526 1668 1994 8527 1619 1994 8528 1619 62 8529 1668 62 8530 1669 62 8531 1619 1995 8532 1669 1995 8533 1620 1995 8534 1620 1996 8535 1669 1996 8536 1670 1996 8537 1620 1997 8538 1670 1997 8539 1621 1997 8540 1621 1998 8541 1670 1998 8542 1671 1998 8543 1621 1999 8544 1671 1999 8545 1622 1999 8546 1622 62 8547 1671 62 8548 1623 62 8549 1623 62 8550 1671 62 8551 1672 62 8552 1623 62 8553 1672 62 8554 1624 62 8555 1624 62 8556 1672 62 8557 1673 62 8558 1624 2000 8559 1673 2000 8560 1625 2000 8561 1625 1998 8562 1673 1998 8563 1674 1998 8564 1625 62 8565 1674 62 8566 1626 62 8567 1626 1996 8568 1674 1996 8569 1675 1996 8570 1626 62 8571 1675 62 8572 1595 62 8573 1595 62 8574 1675 62 8575 1660 62 8576 1595 62 8577 1660 62 8578 1596 62 8579 1596 62 8580 1660 62 8581 1659 62 8582 1596 62 8583 1659 62 8584 1597 62 8585 1597 62 8586 1659 62 8587 1658 62 8588 1597 62 8589 1658 62 8590 1598 62 8591 1598 62 8592 1658 62 8593 1657 62 8594 1598 2001 8595 1657 2001 8596 1599 2001 8597 1599 1990 8598 1657 1990 8599 1656 1990 8600 1599 1989 8601 1656 1989 8602 1655 1989 8603 1599 2002 8604 1655 2002 8605 1600 2002 8606 1600 62 8607 1655 62 8608 1654 62 8609 1600 2003 8610 1654 2003 8611 1601 2003 8612 1601 62 8613 1654 62 8614 1653 62 8615 1601 2004 8616 1653 2004 8617 1602 2004 8618 1602 62 8619 1653 62 8620 1652 62 8621 1602 2005 8622 1652 2005 8623 1603 2005 8624 1603 62 8625 1652 62 8626 1651 62 8627 1603 2006 8628 1651 2006 8629 1604 2006 8630 1604 1985 8631 1651 1985 8632 1650 1985 8633 1604 2007 8634 1650 2007 8635 1605 2007 8636 1605 1986 8637 1650 1986 8638 1649 1986 8639 1605 2008 8640 1649 2008 8641 1606 2008 8642 1606 62 8643 1649 62 8644 1648 62 8645 1566 1868 8646 1441 1867 8647 1694 2009 8648 1694 2009 8649 1441 1867 8650 1440 2010 8651 1694 2009 8652 1440 2010 8653 1693 2011 8654 1693 2011 8655 1440 2010 8656 1439 2012 8657 1693 2011 8658 1439 2012 8659 1692 2013 8660 1692 2013 8661 1439 2012 8662 1438 2014 8663 1692 2013 8664 1438 2014 8665 1691 2015 8666 1691 2015 8667 1438 2014 8668 1437 2016 8669 1691 2015 8670 1437 2016 8671 1690 2017 8672 1690 2017 8673 1437 2016 8674 1436 2018 8675 1690 2017 8676 1436 2018 8677 1689 2019 8678 1689 2019 8679 1436 2018 8680 1435 2020 8681 1689 2019 8682 1435 2020 8683 1688 2021 8684 1688 2021 8685 1435 2020 8686 1434 2022 8687 1688 2021 8688 1434 2022 8689 1687 2023 8690 1687 2023 8691 1434 2022 8692 1433 2024 8693 1687 2023 8694 1433 2024 8695 1686 2025 8696 1686 2025 8697 1433 2024 8698 1432 2026 8699 1686 2025 8700 1432 2026 8701 1685 2027 8702 1685 2027 8703 1432 2026 8704 1431 2028 8705 1685 2027 8706 1431 2028 8707 1684 2029 8708 1684 2029 8709 1431 2028 8710 1430 2030 8711 1684 2029 8712 1430 2030 8713 1683 2031 8714 1683 2031 8715 1430 2030 8716 1429 2032 8717 1683 2031 8718 1429 2032 8719 1682 2033 8720 1682 2033 8721 1429 2032 8722 1428 2034 8723 1682 2033 8724 1428 2034 8725 1681 2035 8726 1681 2035 8727 1428 2034 8728 1427 2036 8729 1681 2035 8730 1427 2036 8731 1680 2037 8732 1680 2037 8733 1427 2036 8734 1426 2038 8735 1680 2037 8736 1426 2038 8737 1679 2039 8738 1679 2039 8739 1426 2038 8740 1425 2040 8741 1679 2039 8742 1425 2040 8743 1678 2041 8744 1678 2041 8745 1425 2040 8746 1424 2042 8747 1678 2041 8748 1424 2042 8749 1677 2043 8750 1677 2044 8751 1424 2045 8752 1676 2046 8753 1676 2046 8754 1424 2045 8755 1423 2047 8756 1415 2048 8757 1466 2049 8758 1559 2050 8759 1559 2051 8760 1466 2052 8761 1705 2053 8762 1705 2053 8763 1466 2052 8764 1704 2054 8765 1704 2054 8766 1466 2052 8767 1465 2055 8768 1704 2054 8769 1465 2055 8770 1703 2056 8771 1703 2056 8772 1465 2055 8773 1464 2057 8774 1703 2056 8775 1464 2057 8776 1702 2058 8777 1702 2058 8778 1464 2057 8779 1463 2059 8780 1702 2058 8781 1463 2059 8782 1701 2060 8783 1701 2060 8784 1463 2059 8785 1462 2061 8786 1701 2060 8787 1462 2061 8788 1700 2062 8789 1700 2062 8790 1462 2061 8791 1699 2063 8792 1699 2063 8793 1462 2061 8794 1461 2064 8795 1699 2063 8796 1461 2064 8797 1698 2065 8798 1698 2065 8799 1461 2064 8800 1460 2066 8801 1698 2065 8802 1460 2066 8803 1697 2067 8804 1697 2067 8805 1460 2066 8806 1459 2068 8807 1697 2067 8808 1459 2068 8809 1696 2069 8810 1696 2070 8811 1459 2071 8812 1695 2072 8813 1695 2072 8814 1459 2071 8815 1458 2073 8816 1706 2074 8817 1707 2075 8818 1711 2076 8819 1711 2076 8820 1707 2075 8821 1710 2077 8822 1710 2077 8823 1707 2075 8824 1709 2078 8825 1709 2078 8826 1707 2075 8827 1708 2079 8828 1790 2080 8829 1036 2081 8830 1792 2082 8831 1792 2082 8832 1036 2081 8833 1041 2083 8834 1792 2082 8835 1041 2083 8836 1835 2084 8837 1835 2084 8838 1041 2083 8839 1040 2085 8840 1835 2084 8841 1040 2085 8842 1860 2086 8843 1860 2086 8844 1040 2085 8845 1039 2087 8846 1860 2086 8847 1039 2087 8848 1886 2088 8849 1886 2088 8850 1039 2087 8851 1038 2089 8852 1886 2088 8853 1038 2090 8854 1712 2091 8855 1886 2088 8856 1712 2091 8857 1912 2092 8858 1912 2092 8859 1712 2091 8860 1713 2093 8861 1912 2092 8862 1713 2093 8863 1714 2094 8864 1714 2094 8865 1715 2095 8866 1912 2092 8867 1912 2092 8868 1715 2095 8869 1716 2096 8870 1912 2092 8871 1716 2096 8872 1717 2097 8873 1717 2097 8874 1718 2098 8875 1912 2092 8876 1912 2092 8877 1718 2098 8878 1913 2099 8879 1912 2092 8880 1913 2099 8881 1886 2088 8882 1886 2088 8883 1913 2099 8884 1887 2100 8885 1886 2088 8886 1887 2100 8887 1860 2086 8888 1860 2086 8889 1887 2100 8890 1861 2101 8891 1860 2086 8892 1861 2101 8893 1835 2084 8894 1835 2084 8895 1861 2101 8896 1836 2102 8897 1835 2084 8898 1836 2102 8899 1792 2082 8900 1792 2082 8901 1836 2102 8902 1793 2103 8903 1792 2082 8904 1793 2103 8905 1833 2104 8906 1833 2104 8907 1793 2103 8908 1832 2105 8909 1833 2104 8910 1832 2105 8911 1785 2106 8912 1785 2106 8913 1832 2105 8914 1784 2107 8915 1784 2107 8916 1832 2105 8917 1831 2108 8918 1784 2107 8919 1831 2108 8920 1783 2109 8921 1783 2109 8922 1831 2108 8923 1830 2110 8924 1783 2109 8925 1830 2110 8926 1782 2111 8927 1782 2111 8928 1830 2110 8929 1781 2112 8930 1781 2112 8931 1830 2110 8932 1795 2113 8933 1781 2112 8934 1795 2113 8935 1796 2114 8936 1796 2114 8937 1795 2113 8938 1839 2115 8939 1796 2114 8940 1839 2115 8941 1840 2116 8942 1840 2116 8943 1839 2115 8944 1865 2117 8945 1840 2116 8946 1865 2117 8947 1866 2118 8948 1866 2118 8949 1865 2117 8950 1892 2119 8951 1866 2118 8952 1892 2119 8953 1893 2120 8954 1893 2120 8955 1892 2119 8956 1726 2121 8957 1893 2120 8958 1726 2121 8959 1727 2122 8960 1718 2098 8961 1719 2123 8962 1913 2099 8963 1913 2099 8964 1719 2123 8965 1914 2124 8966 1913 2099 8967 1914 2124 8968 1887 2100 8969 1887 2100 8970 1914 2124 8971 1888 2125 8972 1887 2100 8973 1888 2125 8974 1861 2101 8975 1861 2101 8976 1888 2125 8977 1862 2126 8978 1861 2101 8979 1862 2126 8980 1836 2102 8981 1836 2102 8982 1862 2126 8983 1837 2127 8984 1836 2102 8985 1837 2127 8986 1793 2103 8987 1793 2103 8988 1837 2127 8989 1794 2128 8990 1793 2103 8991 1794 2128 8992 1832 2105 8993 1832 2105 8994 1794 2128 8995 1831 2108 8996 1719 2123 8997 1720 2129 8998 1914 2124 8999 1914 2124 9000 1720 2129 9001 1721 2130 9002 1914 2124 9003 1721 2130 9004 1888 2125 9005 1888 2125 9006 1721 2130 9007 1931 2131 9008 1888 2125 9009 1931 2131 9010 1889 2132 9011 1889 2132 9012 1931 2131 9013 1722 2133 9014 1889 2132 9015 1722 2133 9016 1890 2134 9017 1890 2134 9018 1722 2133 9019 1723 2135 9020 1890 2134 9021 1723 2135 9022 1724 2136 9023 1721 2130 9024 1722 2133 9025 1931 2131 9026 1890 2134 9027 1724 2136 9028 1891 2137 9029 1891 2137 9030 1724 2136 9031 1725 2138 9032 1891 2137 9033 1725 2138 9034 1892 2119 9035 1892 2119 9036 1725 2138 9037 1726 2121 9038 1893 2120 9039 1727 2122 9040 1915 2139 9041 1915 2139 9042 1727 2122 9043 1728 2140 9044 1915 2139 9045 1728 2140 9046 1916 2141 9047 1916 2141 9048 1728 2140 9049 1917 2142 9050 1916 2141 9051 1917 2142 9052 1894 2143 9053 1894 2143 9054 1917 2142 9055 1895 2144 9056 1894 2143 9057 1895 2144 9058 1868 2145 9059 1868 2145 9060 1895 2144 9061 1869 2146 9062 1868 2145 9063 1869 2146 9064 1843 2147 9065 1843 2147 9066 1869 2146 9067 1844 2148 9068 1843 2147 9069 1844 2148 9070 1800 2149 9071 1800 2149 9072 1844 2148 9073 1801 2150 9074 1800 2149 9075 1801 2150 9076 1775 2151 9077 1775 2151 9078 1801 2150 9079 1829 2152 9080 1775 2151 9081 1829 2152 9082 1774 2153 9083 1774 2153 9084 1829 2152 9085 1828 2154 9086 1774 2153 9087 1828 2154 9088 1945 2155 9089 1945 2155 9090 1828 2154 9091 1827 2156 9092 1945 2155 9093 1827 2156 9094 1826 2157 9095 1826 2157 9096 1827 2156 9097 1804 2158 9098 1826 2157 9099 1804 2158 9100 1805 2159 9101 1805 2159 9102 1804 2158 9103 1848 2160 9104 1805 2159 9105 1848 2160 9106 1849 2161 9107 1849 2161 9108 1848 2160 9109 1874 2162 9110 1849 2161 9111 1874 2162 9112 1875 2163 9113 1875 2163 9114 1874 2162 9115 1901 2164 9116 1875 2163 9117 1901 2164 9118 1902 2165 9119 1902 2165 9120 1901 2164 9121 1924 2166 9122 1902 2165 9123 1924 2166 9124 1925 2167 9125 1925 2167 9126 1924 2166 9127 1734 2168 9128 1925 2167 9129 1734 2168 9130 1735 2169 9131 1728 2140 9132 1729 2170 9133 1917 2142 9134 1917 2142 9135 1729 2170 9136 1918 2171 9137 1917 2142 9138 1918 2171 9139 1895 2144 9140 1895 2144 9141 1918 2171 9142 1896 2172 9143 1895 2144 9144 1896 2172 9145 1869 2146 9146 1869 2146 9147 1896 2172 9148 1870 2173 9149 1869 2146 9150 1870 2173 9151 1844 2148 9152 1844 2148 9153 1870 2173 9154 1845 2174 9155 1844 2148 9156 1845 2174 9157 1801 2150 9158 1801 2150 9159 1845 2174 9160 1802 2175 9161 1801 2150 9162 1802 2175 9163 1829 2152 9164 1829 2152 9165 1802 2175 9166 1828 2154 9167 1918 2171 9168 1729 2170 9169 1932 2176 9170 1932 2176 9171 1729 2170 9172 1730 2177 9173 1932 2176 9174 1730 2177 9175 1933 2178 9176 1933 2178 9177 1730 2177 9178 1938 2179 9179 1933 2178 9180 1938 2179 9181 1934 2180 9182 1934 2180 9183 1938 2179 9184 1939 2181 9185 1934 2180 9186 1939 2181 9187 1940 2182 9188 1940 2182 9189 1939 2181 9190 1731 2183 9191 1940 2182 9192 1731 2183 9193 1732 2184 9194 1730 2177 9195 1731 2183 9196 1938 2179 9197 1938 2179 9198 1731 2183 9199 1939 2181 9200 1940 2182 9201 1732 2184 9202 1941 2185 9203 1941 2185 9204 1732 2184 9205 1733 2186 9206 1941 2185 9207 1733 2186 9208 1937 2187 9209 1937 2187 9210 1733 2186 9211 1923 2188 9212 1937 2187 9213 1923 2188 9214 1936 2189 9215 1936 2189 9216 1923 2188 9217 1922 2190 9218 1936 2189 9219 1922 2190 9220 1935 2191 9221 1935 2191 9222 1922 2190 9223 1921 2192 9224 1935 2191 9225 1921 2192 9226 1934 2180 9227 1934 2180 9228 1921 2192 9229 1920 2193 9230 1934 2180 9231 1920 2193 9232 1933 2178 9233 1933 2178 9234 1920 2193 9235 1919 2194 9236 1933 2178 9237 1919 2194 9238 1932 2176 9239 1932 2176 9240 1919 2194 9241 1918 2171 9242 1923 2188 9243 1733 2186 9244 1924 2166 9245 1924 2166 9246 1733 2186 9247 1734 2168 9248 1736 2195 9249 1904 2196 9250 1735 2169 9251 1735 2169 9252 1904 2196 9253 1903 2197 9254 1735 2169 9255 1903 2197 9256 1925 2167 9257 1925 2167 9258 1903 2197 9259 1902 2165 9260 1736 2195 9261 1737 2198 9262 1904 2196 9263 1904 2196 9264 1737 2198 9265 1905 2199 9266 1904 2196 9267 1905 2199 9268 1878 2200 9269 1878 2200 9270 1905 2199 9271 1879 2201 9272 1878 2200 9273 1879 2201 9274 1853 2202 9275 1853 2202 9276 1879 2201 9277 1854 2203 9278 1853 2202 9279 1854 2203 9280 1810 2204 9281 1810 2204 9282 1854 2203 9283 1811 2205 9284 1810 2204 9285 1811 2205 9286 1767 2206 9287 1767 2206 9288 1811 2205 9289 1766 2207 9290 1766 2207 9291 1811 2205 9292 1765 2208 9293 1765 2208 9294 1811 2205 9295 1812 2209 9296 1765 2208 9297 1812 2209 9298 1764 2210 9299 1764 2210 9300 1812 2209 9301 1813 2211 9302 1764 2210 9303 1813 2211 9304 1763 2212 9305 1763 2212 9306 1813 2211 9307 1834 2213 9308 1763 2212 9309 1834 2213 9310 1762 2214 9311 1762 2214 9312 1834 2213 9313 1813 2211 9314 1762 2214 9315 1813 2211 9316 1814 2215 9317 1814 2215 9318 1813 2211 9319 1857 2216 9320 1814 2215 9321 1857 2216 9322 1858 2217 9323 1858 2217 9324 1857 2216 9325 1883 2218 9326 1858 2217 9327 1883 2218 9328 1884 2219 9329 1884 2219 9330 1883 2218 9331 1910 2220 9332 1884 2219 9333 1910 2220 9334 1911 2221 9335 1911 2221 9336 1910 2220 9337 1929 2222 9338 1911 2221 9339 1929 2222 9340 1750 2223 9341 1750 2224 9342 1929 2222 9343 1749 2225 9344 1749 2225 9345 1929 2222 9346 1748 2226 9347 1748 2226 9348 1929 2222 9349 1747 2227 9350 1747 2227 9351 1929 2222 9352 1746 2228 9353 1746 2228 9354 1929 2222 9355 1745 2229 9356 1745 2229 9357 1929 2222 9358 1744 2230 9359 1744 2230 9360 1929 2222 9361 1928 2231 9362 1744 2230 9363 1928 2231 9364 1743 2232 9365 1743 2232 9366 1928 2231 9367 1927 2233 9368 1743 2232 9369 1927 2233 9370 1742 2234 9371 1742 2234 9372 1927 2233 9373 1926 2235 9374 1742 2234 9375 1926 2235 9376 1741 2236 9377 1741 2236 9378 1926 2235 9379 1908 2237 9380 1741 2236 9381 1908 2237 9382 1907 2238 9383 1907 2238 9384 1908 2237 9385 1881 2239 9386 1907 2238 9387 1881 2239 9388 1880 2240 9389 1880 2240 9390 1881 2239 9391 1855 2241 9392 1880 2240 9393 1855 2241 9394 1854 2203 9395 1854 2203 9396 1855 2241 9397 1811 2205 9398 1737 2198 9399 1738 2242 9400 1905 2199 9401 1905 2199 9402 1738 2242 9403 1906 2243 9404 1905 2199 9405 1906 2243 9406 1879 2201 9407 1879 2201 9408 1906 2243 9409 1880 2240 9410 1879 2201 9411 1880 2240 9412 1854 2203 9413 1738 2242 9414 1739 2244 9415 1906 2243 9416 1906 2243 9417 1739 2244 9418 1907 2238 9419 1906 2243 9420 1907 2238 9421 1880 2240 9422 1739 2244 9423 1740 2245 9424 1907 2238 9425 1907 2238 9426 1740 2245 9427 1930 2246 9428 1907 2238 9429 1930 2246 9430 1741 2236 9431 1741 2236 9432 1930 2246 9433 1740 2245 9434 1750 2223 9435 1751 2247 9436 1911 2221 9437 1911 2221 9438 1751 2247 9439 1752 2248 9440 1911 2221 9441 1752 2248 9442 1885 2249 9443 1885 2249 9444 1752 2248 9445 1753 2250 9446 1885 2249 9447 1753 2250 9448 1791 2251 9449 1791 2251 9450 1753 2250 9451 1707 2252 9452 1791 2251 9453 1707 2253 9454 1817 2254 9455 1817 2254 9456 1707 2253 9457 1754 2255 9458 1817 2254 9459 1754 2255 9460 1818 2256 9461 1818 2256 9462 1754 2255 9463 1755 2257 9464 1818 2256 9465 1755 2257 9466 1756 2258 9467 1756 2258 9468 1757 2259 9469 1818 2256 9470 1818 2256 9471 1757 2259 9472 1758 2260 9473 1818 2256 9474 1758 2260 9475 1759 2261 9476 1818 2256 9477 1759 2261 9478 1819 2262 9479 1819 2262 9480 1759 2261 9481 1760 2263 9482 1819 2262 9483 1760 2263 9484 1820 2264 9485 1820 2264 9486 1760 2263 9487 1761 2265 9488 1820 2264 9489 1761 2265 9490 1821 2266 9491 1821 2266 9492 1761 2265 9493 1762 2214 9494 1821 2266 9495 1762 2214 9496 1814 2215 9497 1767 2206 9498 1768 2267 9499 1810 2204 9500 1810 2204 9501 1768 2267 9502 1809 2268 9503 1810 2204 9504 1809 2268 9505 1853 2202 9506 1853 2202 9507 1809 2268 9508 1852 2269 9509 1853 2202 9510 1852 2269 9511 1878 2200 9512 1878 2200 9513 1852 2269 9514 1877 2270 9515 1878 2200 9516 1877 2270 9517 1904 2196 9518 1904 2196 9519 1877 2270 9520 1903 2197 9521 1768 2267 9522 1769 2271 9523 1809 2268 9524 1809 2268 9525 1769 2271 9526 1808 2272 9527 1809 2268 9528 1808 2272 9529 1852 2269 9530 1852 2269 9531 1808 2272 9532 1851 2273 9533 1852 2269 9534 1851 2273 9535 1877 2270 9536 1877 2270 9537 1851 2273 9538 1876 2274 9539 1877 2270 9540 1876 2274 9541 1903 2197 9542 1903 2197 9543 1876 2274 9544 1902 2165 9545 1808 2272 9546 1769 2271 9547 1822 2275 9548 1822 2275 9549 1769 2271 9550 1770 2276 9551 1822 2275 9552 1770 2276 9553 1823 2277 9554 1823 2277 9555 1770 2276 9556 1942 2278 9557 1823 2277 9558 1942 2278 9559 1824 2279 9560 1824 2279 9561 1942 2278 9562 1943 2280 9563 1824 2279 9564 1943 2280 9565 1825 2281 9566 1825 2281 9567 1943 2280 9568 1944 2282 9569 1825 2281 9570 1944 2282 9571 1826 2157 9572 1826 2157 9573 1944 2282 9574 1945 2155 9575 1770 2276 9576 1771 2283 9577 1942 2278 9578 1942 2278 9579 1771 2283 9580 1943 2280 9581 1943 2280 9582 1771 2283 9583 1946 2284 9584 1946 2284 9585 1771 2283 9586 1772 2285 9587 1946 2284 9588 1772 2285 9589 1949 2286 9590 1949 2286 9591 1772 2285 9592 1948 2287 9593 1949 2286 9594 1948 2287 9595 1947 2288 9596 1947 2288 9597 1948 2287 9598 1944 2282 9599 1947 2288 9600 1944 2282 9601 1943 2280 9602 1772 2285 9603 1773 2289 9604 1948 2287 9605 1948 2287 9606 1773 2289 9607 1945 2155 9608 1948 2287 9609 1945 2155 9610 1944 2282 9611 1773 2289 9612 1774 2153 9613 1945 2155 9614 1800 2149 9615 1775 2151 9616 1799 2290 9617 1799 2290 9618 1775 2151 9619 1776 2291 9620 1799 2290 9621 1776 2291 9622 1798 2292 9623 1798 2292 9624 1776 2291 9625 1777 2293 9626 1798 2292 9627 1777 2293 9628 1778 2294 9629 1798 2292 9630 1778 2294 9631 1797 2295 9632 1797 2295 9633 1778 2294 9634 1779 2296 9635 1797 2295 9636 1779 2296 9637 1796 2114 9638 1796 2114 9639 1779 2296 9640 1780 2297 9641 1796 2114 9642 1780 2297 9643 1781 2112 9644 1785 2106 9645 1786 2298 9646 1833 2104 9647 1833 2104 9648 1786 2298 9649 1787 2299 9650 1833 2104 9651 1787 2299 9652 1788 2300 9653 1788 2300 9654 1789 2301 9655 1833 2104 9656 1833 2104 9657 1789 2301 9658 1790 2080 9659 1833 2104 9660 1790 2080 9661 1792 2082 9662 1830 2110 9663 1831 2108 9664 1795 2113 9665 1795 2113 9666 1831 2108 9667 1794 2128 9668 1795 2113 9669 1794 2128 9670 1838 2302 9671 1838 2302 9672 1794 2128 9673 1837 2127 9674 1838 2302 9675 1837 2127 9676 1863 2303 9677 1863 2303 9678 1837 2127 9679 1862 2126 9680 1863 2303 9681 1862 2126 9682 1889 2132 9683 1889 2132 9684 1862 2126 9685 1888 2125 9686 1839 2115 9687 1795 2113 9688 1838 2302 9689 1796 2114 9690 1840 2116 9691 1797 2295 9692 1797 2295 9693 1840 2116 9694 1841 2304 9695 1797 2295 9696 1841 2304 9697 1798 2292 9698 1798 2292 9699 1841 2304 9700 1842 2305 9701 1798 2292 9702 1842 2305 9703 1799 2290 9704 1799 2290 9705 1842 2305 9706 1843 2147 9707 1799 2290 9708 1843 2147 9709 1800 2149 9710 1827 2156 9711 1828 2154 9712 1803 2306 9713 1803 2306 9714 1828 2154 9715 1802 2175 9716 1803 2306 9717 1802 2175 9718 1846 2307 9719 1846 2307 9720 1802 2175 9721 1845 2174 9722 1846 2307 9723 1845 2174 9724 1871 2308 9725 1871 2308 9726 1845 2174 9727 1870 2173 9728 1871 2308 9729 1870 2173 9730 1897 2309 9731 1897 2309 9732 1870 2173 9733 1896 2172 9734 1897 2309 9735 1896 2172 9736 1919 2194 9737 1919 2194 9738 1896 2172 9739 1918 2171 9740 1827 2156 9741 1803 2306 9742 1804 2158 9743 1804 2158 9744 1803 2306 9745 1847 2310 9746 1804 2158 9747 1847 2310 9748 1848 2160 9749 1848 2160 9750 1847 2310 9751 1873 2311 9752 1848 2160 9753 1873 2311 9754 1874 2162 9755 1874 2162 9756 1873 2311 9757 1900 2312 9758 1874 2162 9759 1900 2312 9760 1901 2164 9761 1901 2164 9762 1900 2312 9763 1923 2188 9764 1901 2164 9765 1923 2188 9766 1924 2166 9767 1847 2310 9768 1803 2306 9769 1846 2307 9770 1825 2281 9771 1826 2157 9772 1805 2159 9773 1824 2279 9774 1825 2281 9775 1806 2313 9776 1806 2313 9777 1825 2281 9778 1805 2159 9779 1806 2313 9780 1805 2159 9781 1849 2161 9782 1823 2277 9783 1824 2279 9784 1807 2314 9785 1807 2314 9786 1824 2279 9787 1806 2313 9788 1807 2314 9789 1806 2313 9790 1850 2315 9791 1850 2315 9792 1806 2313 9793 1849 2161 9794 1850 2315 9795 1849 2161 9796 1875 2163 9797 1822 2275 9798 1823 2277 9799 1808 2272 9800 1808 2272 9801 1823 2277 9802 1807 2314 9803 1808 2272 9804 1807 2314 9805 1851 2273 9806 1851 2273 9807 1807 2314 9808 1850 2315 9809 1851 2273 9810 1850 2315 9811 1876 2274 9812 1876 2274 9813 1850 2315 9814 1875 2163 9815 1876 2274 9816 1875 2163 9817 1902 2165 9818 1811 2205 9819 1855 2241 9820 1812 2209 9821 1812 2209 9822 1855 2241 9823 1856 2316 9824 1812 2209 9825 1856 2316 9826 1813 2211 9827 1813 2211 9828 1856 2316 9829 1857 2216 9830 1820 2264 9831 1821 2266 9832 1815 2317 9833 1815 2317 9834 1821 2266 9835 1814 2215 9836 1815 2317 9837 1814 2215 9838 1858 2217 9839 1819 2262 9840 1820 2264 9841 1816 2318 9842 1816 2318 9843 1820 2264 9844 1815 2317 9845 1816 2318 9846 1815 2317 9847 1859 2319 9848 1859 2319 9849 1815 2317 9850 1858 2217 9851 1859 2319 9852 1858 2217 9853 1884 2219 9854 1818 2256 9855 1819 2262 9856 1817 2254 9857 1817 2254 9858 1819 2262 9859 1816 2318 9860 1817 2254 9861 1816 2318 9862 1791 2251 9863 1791 2251 9864 1816 2318 9865 1859 2319 9866 1791 2251 9867 1859 2319 9868 1885 2249 9869 1885 2249 9870 1859 2319 9871 1884 2219 9872 1885 2249 9873 1884 2219 9874 1911 2221 9875 1839 2115 9876 1838 2302 9877 1864 2320 9878 1864 2320 9879 1838 2302 9880 1863 2303 9881 1864 2320 9882 1863 2303 9883 1890 2134 9884 1890 2134 9885 1863 2303 9886 1889 2132 9887 1840 2116 9888 1866 2118 9889 1841 2304 9890 1841 2304 9891 1866 2118 9892 1867 2321 9893 1841 2304 9894 1867 2321 9895 1842 2305 9896 1842 2305 9897 1867 2321 9898 1868 2145 9899 1842 2305 9900 1868 2145 9901 1843 2147 9902 1847 2310 9903 1846 2307 9904 1872 2322 9905 1872 2322 9906 1846 2307 9907 1871 2308 9908 1872 2322 9909 1871 2308 9910 1898 2323 9911 1898 2323 9912 1871 2308 9913 1897 2309 9914 1898 2323 9915 1897 2309 9916 1920 2193 9917 1920 2193 9918 1897 2309 9919 1919 2194 9920 1855 2241 9921 1881 2239 9922 1856 2316 9923 1856 2316 9924 1881 2239 9925 1882 2324 9926 1856 2316 9927 1882 2324 9928 1857 2216 9929 1857 2216 9930 1882 2324 9931 1883 2218 9932 1839 2115 9933 1864 2320 9934 1865 2117 9935 1865 2117 9936 1864 2320 9937 1891 2137 9938 1865 2117 9939 1891 2137 9940 1892 2119 9941 1891 2137 9942 1864 2320 9943 1890 2134 9944 1894 2143 9945 1868 2145 9946 1867 2321 9947 1894 2143 9948 1867 2321 9949 1893 2120 9950 1893 2120 9951 1867 2321 9952 1866 2118 9953 1847 2310 9954 1872 2322 9955 1873 2311 9956 1873 2311 9957 1872 2322 9958 1899 2325 9959 1873 2311 9960 1899 2325 9961 1900 2312 9962 1900 2312 9963 1899 2325 9964 1922 2190 9965 1900 2312 9966 1922 2190 9967 1923 2188 9968 1899 2325 9969 1872 2322 9970 1898 2323 9971 1881 2239 9972 1908 2237 9973 1882 2324 9974 1882 2324 9975 1908 2237 9976 1909 2326 9977 1882 2324 9978 1909 2326 9979 1883 2218 9980 1883 2218 9981 1909 2326 9982 1910 2220 9983 1916 2141 9984 1894 2143 9985 1893 2120 9986 1915 2139 9987 1916 2141 9988 1893 2120 9989 1920 2193 9990 1921 2192 9991 1898 2323 9992 1898 2323 9993 1921 2192 9994 1899 2325 9995 1921 2192 9996 1922 2190 9997 1899 2325 9998 1926 2235 9999 1927 2233 10000 1908 2237 10001 1908 2237 10002 1927 2233 10003 1909 2326 10004 1927 2233 10005 1928 2231 10006 1909 2326 10007 1909 2326 10008 1928 2231 10009 1910 2220 10010 1928 2231 10011 1929 2222 10012 1910 2220 10013 1934 2180 10014 1940 2182 10015 1935 2191 10016 1935 2191 10017 1940 2182 10018 1941 2185 10019 1935 2191 10020 1941 2185 10021 1936 2189 10022 1936 2189 10023 1941 2185 10024 1937 2187 10025 1949 2286 10026 1947 2288 10027 1946 2284 10028 1946 2284 10029 1947 2288 10030 1943 2280 10031 1707 2327 10032 1753 2327 10033 1708 2327 10034 1708 1004 10035 1753 1004 10036 1752 1004 10037 1708 2328 10038 1752 2328 10039 1751 2328 10040 1951 2329 10041 1149 2330 10042 1950 2331 10043 1950 2332 10044 1149 2333 10045 1952 2334 10046 1950 1004 10047 1952 1004 10048 1953 1004 10049 1073 2335 10050 1152 2335 10051 1951 2335 10052 1951 2336 10053 1152 2336 10054 1151 2336 10055 1951 2337 10056 1151 2337 10057 1150 2337 10058 1150 2338 10059 1149 2338 10060 1951 2338 10061 1953 1004 10062 1954 1004 10063 1950 1004 10064 2005 2339 10065 1955 2339 10066 1558 2339 10067 1558 2340 10068 1955 2340 10069 1956 2340 10070 1558 0 10071 1956 0 10072 1503 0 10073 1503 2341 10074 1956 2341 10075 1957 2341 10076 1503 0 10077 1957 0 10078 1958 0 10079 1958 0 10080 1959 0 10081 1503 0 10082 1503 0 10083 1959 0 10084 1960 0 10085 1503 0 10086 1960 0 10087 1961 0 10088 1961 0 10089 1962 0 10090 1503 0 10091 1503 0 10092 1962 0 10093 1504 0 10094 1504 2340 10095 1962 2340 10096 1963 2340 10097 1504 2339 10098 1963 2339 10099 1964 2339 10100 1504 0 10101 1964 0 10102 1505 0 10103 1505 0 10104 1964 0 10105 1965 0 10106 1505 0 10107 1965 0 10108 1506 0 10109 1506 0 10110 1965 0 10111 1966 0 10112 1506 2342 10113 1966 2342 10114 1507 2342 10115 1507 0 10116 1966 0 10117 1967 0 10118 1507 2343 10119 1967 2343 10120 1508 2343 10121 1508 0 10122 1967 0 10123 1968 0 10124 1508 2344 10125 1968 2344 10126 1509 2344 10127 1509 0 10128 1968 0 10129 1969 0 10130 1509 2345 10131 1969 2345 10132 1510 2345 10133 1510 0 10134 1969 0 10135 1970 0 10136 1510 0 10137 1970 0 10138 1511 0 10139 1511 0 10140 1970 0 10141 1971 0 10142 1511 0 10143 1971 0 10144 1512 0 10145 1512 0 10146 1971 0 10147 1972 0 10148 1512 0 10149 1972 0 10150 1973 0 10151 1512 0 10152 1973 0 10153 1513 0 10154 1513 0 10155 1973 0 10156 1974 0 10157 1513 0 10158 1974 0 10159 1514 0 10160 1514 0 10161 1974 0 10162 1975 0 10163 1514 2346 10164 1975 2346 10165 1515 2346 10166 1515 0 10167 1975 0 10168 1976 0 10169 1515 2347 10170 1976 2347 10171 1516 2347 10172 1516 0 10173 1976 0 10174 1977 0 10175 1516 2348 10176 1977 2348 10177 1517 2348 10178 1517 0 10179 1977 0 10180 1978 0 10181 1517 2349 10182 1978 2349 10183 1518 2349 10184 1518 0 10185 1978 0 10186 1979 0 10187 1518 2350 10188 1979 2350 10189 1519 2350 10190 1519 0 10191 1979 0 10192 1980 0 10193 1519 2351 10194 1980 2351 10195 1520 2351 10196 1520 2352 10197 1980 2352 10198 1981 2352 10199 1520 2353 10200 1981 2353 10201 1982 2353 10202 1520 2354 10203 1982 2354 10204 1521 2354 10205 1521 2355 10206 1982 2355 10207 1983 2355 10208 1521 0 10209 1983 0 10210 1984 0 10211 1984 0 10212 1985 0 10213 1521 0 10214 1521 0 10215 1985 0 10216 1986 0 10217 1521 2355 10218 1986 2355 10219 1987 2355 10220 1521 0 10221 1987 0 10222 1542 0 10223 1542 2353 10224 1987 2353 10225 1988 2353 10226 1542 2352 10227 1988 2352 10228 1989 2352 10229 1542 0 10230 1989 0 10231 1543 0 10232 1543 0 10233 1989 0 10234 1990 0 10235 1543 0 10236 1990 0 10237 1544 0 10238 1544 0 10239 1990 0 10240 1991 0 10241 1544 2356 10242 1991 2356 10243 1545 2356 10244 1545 0 10245 1991 0 10246 1992 0 10247 1545 2357 10248 1992 2357 10249 1546 2357 10250 1546 0 10251 1992 0 10252 1993 0 10253 1546 2358 10254 1993 2358 10255 1547 2358 10256 1547 0 10257 1993 0 10258 1994 0 10259 1547 2359 10260 1994 2359 10261 1548 2359 10262 1548 0 10263 1994 0 10264 1995 0 10265 1548 0 10266 1995 0 10267 1549 0 10268 1549 0 10269 1995 0 10270 1996 0 10271 1549 0 10272 1996 0 10273 1550 0 10274 1550 0 10275 1996 0 10276 1997 0 10277 1550 0 10278 1997 0 10279 1998 0 10280 1550 0 10281 1998 0 10282 1551 0 10283 1551 0 10284 1998 0 10285 1999 0 10286 1551 0 10287 1999 0 10288 1552 0 10289 1552 0 10290 1999 0 10291 2000 0 10292 1552 2360 10293 2000 2360 10294 1553 2360 10295 1553 0 10296 2000 0 10297 2001 0 10298 1553 2361 10299 2001 2361 10300 1554 2361 10301 1554 0 10302 2001 0 10303 2002 0 10304 1554 2362 10305 2002 2362 10306 1555 2362 10307 1555 0 10308 2002 0 10309 2003 0 10310 1555 2363 10311 2003 2363 10312 1556 2363 10313 1556 0 10314 2003 0 10315 2004 0 10316 1556 2364 10317 2004 2364 10318 1557 2364 10319 1557 0 10320 2004 0 10321 2005 0 10322 1557 2365 10323 2005 2365 10324 1558 2365 10325 1695 2366 10326 1458 2367 10327 2006 2368 10328 2006 2368 10329 1458 2367 10330 2016 2369 10331 2016 2369 10332 1458 2367 10333 1457 2370 10334 2016 2369 10335 1457 2370 10336 2015 2371 10337 2015 2371 10338 1457 2370 10339 1456 2372 10340 2015 2371 10341 1456 2372 10342 2014 2373 10343 2014 2373 10344 1456 2372 10345 1455 2374 10346 2014 2373 10347 1455 2374 10348 2013 2375 10349 2013 2375 10350 1455 2374 10351 1454 2376 10352 2013 2375 10353 1454 2376 10354 2012 983 10355 2012 983 10356 1454 2376 10357 2011 2377 10358 2011 2377 10359 1454 2376 10360 1453 2378 10361 2011 2377 10362 1453 2378 10363 2010 2379 10364 2010 2379 10365 1453 2378 10366 1452 2380 10367 2010 2379 10368 1452 2380 10369 2009 2381 10370 2009 2381 10371 1452 2380 10372 1451 2382 10373 2009 2381 10374 1451 2382 10375 2008 2383 10376 2008 2383 10377 1451 2382 10378 1450 2384 10379 2008 2385 10380 1450 2386 10381 2007 2387 10382 2007 2387 10383 1450 2386 10384 1576 2388 10385 2017 0 10386 1696 0 10387 2006 0 10388 2006 0 10389 1696 0 10390 1695 0 10391 1576 62 10392 1575 62 10393 2007 62 10394 2007 62 10395 1575 62 10396 2018 62 10397 2017 973 10398 2006 973 10399 2020 973 10400 2020 2389 10401 2006 2389 10402 2016 2389 10403 2020 2390 10404 2016 2390 10405 2015 2390 10406 2015 973 10407 2014 973 10408 2020 973 10409 2020 973 10410 2014 973 10411 2013 973 10412 2020 2391 10413 2013 2391 10414 2012 2391 10415 2020 973 10416 2012 973 10417 2019 973 10418 2019 2391 10419 2012 2391 10420 2011 2391 10421 2019 973 10422 2011 973 10423 2010 973 10424 2010 973 10425 2009 973 10426 2019 973 10427 2019 2390 10428 2009 2390 10429 2008 2390 10430 2019 2389 10431 2008 2389 10432 2007 2389 10433 2007 973 10434 2018 973 10435 2019 973 10436 1422 2392 10437 2024 2393 10438 1423 2394 10439 1423 2394 10440 2024 2393 10441 2025 2395 10442 1423 2394 10443 2025 2395 10444 1676 2396 10445 2024 2393 10446 1422 2392 10447 2023 2397 10448 2023 2397 10449 1422 2392 10450 1421 2398 10451 2023 2397 10452 1421 2398 10453 2022 2399 10454 2022 2399 10455 1421 2398 10456 1420 2400 10457 2022 2399 10458 1420 2400 10459 2021 2401 10460 2021 2401 10461 1420 2400 10462 1419 1845 10463 2021 2401 10464 1419 1845 10465 1565 62 10466 2026 983 10467 1677 983 10468 2025 983 10469 2025 2402 10470 1677 2402 10471 1676 2402 10472 1559 1004 10473 1705 1004 10474 1560 1004 10475 1560 1004 10476 1705 1004 10477 2027 1004 10478 2026 2403 10479 2025 2403 10480 2032 2403 10481 2032 2404 10482 2025 2404 10483 2024 2404 10484 2032 973 10485 2024 973 10486 2031 973 10487 2031 973 10488 2024 973 10489 2023 973 10490 2031 2405 10491 2023 2405 10492 2022 2405 10493 2022 2406 10494 2021 2406 10495 2031 2406 10496 2031 973 10497 2021 973 10498 2030 973 10499 2030 2407 10500 2021 2407 10501 1565 2407 10502 2030 2408 10503 1565 2408 10504 1564 2408 10505 2030 973 10506 1564 973 10507 2029 973 10508 2029 2409 10509 1564 2409 10510 1563 2409 10511 2029 2410 10512 1563 2410 10513 1562 2410 10514 1562 973 10515 1561 973 10516 2029 973 10517 2029 973 10518 1561 973 10519 2028 973 10520 2028 2411 10521 1561 2411 10522 1560 2411 10523 2028 2412 10524 1560 2412 10525 2027 2412 10526 2034 2413 10527 1525 2413 10528 2033 2413 10529 2033 2413 10530 1525 2413 10531 1526 2413 10532 2033 2414 10533 1526 2414 10534 2035 2414 10535 2035 2414 10536 1526 2414 10537 1527 2414 10538 2035 1004 10539 1527 1004 10540 2036 1004 10541 2036 1004 10542 1527 1004 10543 1528 1004 10544 2036 2415 10545 1528 2415 10546 2037 2415 10547 2037 2416 10548 1528 2416 10549 1524 2416 10550 2037 2417 10551 1524 2417 10552 2038 2417 10553 2038 2418 10554 1524 2418 10555 1523 2418 10556 2038 983 10557 1523 983 10558 2034 983 10559 2034 983 10560 1523 983 10561 1525 983 10562 2040 62 10563 1531 62 10564 2039 62 10565 2039 62 10566 1531 62 10567 1532 62 10568 2039 2419 10569 1532 2419 10570 2058 2419 10571 2058 62 10572 1532 62 10573 2057 62 10574 2057 62 10575 1532 62 10576 2056 62 10577 2056 62 10578 1532 62 10579 1533 62 10580 2056 62 10581 1533 62 10582 2055 62 10583 2055 62 10584 1533 62 10585 2054 62 10586 2054 62 10587 1533 62 10588 2053 62 10589 2053 62 10590 1533 62 10591 2052 62 10592 2052 62 10593 1533 62 10594 1534 62 10595 2052 62 10596 1534 62 10597 2051 62 10598 2051 2420 10599 1534 2420 10600 2050 2420 10601 2050 2421 10602 1534 2421 10603 2049 2421 10604 2049 62 10605 1534 62 10606 1530 62 10607 2049 2422 10608 1530 2422 10609 2048 2422 10610 2048 62 10611 1530 62 10612 2047 62 10613 2047 62 10614 1530 62 10615 2046 62 10616 2046 62 10617 1530 62 10618 1529 62 10619 2046 62 10620 1529 62 10621 2045 62 10622 2045 62 10623 1529 62 10624 2044 62 10625 2044 62 10626 1529 62 10627 2043 62 10628 2043 62 10629 1529 62 10630 2042 62 10631 2042 62 10632 1529 62 10633 1531 62 10634 2042 2423 10635 1531 2423 10636 2041 2423 10637 2041 2424 10638 1531 2424 10639 2040 2424 10640 2050 2425 10641 2049 2426 10642 2076 2427 10643 2076 2427 10644 2049 2426 10645 2059 2428 10646 2076 2427 10647 2059 2428 10648 2075 2429 10649 2075 2429 10650 2059 2428 10651 2060 2430 10652 2075 2429 10653 2060 2430 10654 2074 2431 10655 2074 2431 10656 2060 2430 10657 2061 2432 10658 2074 2431 10659 2061 2432 10660 2062 2433 10661 2074 2431 10662 2062 2433 10663 2077 2434 10664 2077 2434 10665 2062 2433 10666 2063 2435 10667 2077 2434 10668 2063 2435 10669 2080 2436 10670 2080 2436 10671 2063 2435 10672 2064 2437 10673 2080 2436 10674 2064 2437 10675 2083 2438 10676 2083 2438 10677 2064 2437 10678 2065 2439 10679 2083 2438 10680 2065 2439 10681 2086 2440 10682 2086 2440 10683 2065 2439 10684 2066 2441 10685 2086 2440 10686 2066 2441 10687 2089 2442 10688 2089 2442 10689 2066 2441 10690 2067 2443 10691 2089 2442 10692 2067 2443 10693 2092 2444 10694 2092 2444 10695 2067 2443 10696 2068 2445 10697 2092 2444 10698 2068 2445 10699 2095 2446 10700 2095 2446 10701 2068 2445 10702 2069 2447 10703 2095 2446 10704 2069 2447 10705 2098 2448 10706 2098 2448 10707 2069 2447 10708 2070 2449 10709 2098 2448 10710 2070 2449 10711 2071 2450 10712 2071 2450 10713 2072 2451 10714 2098 2448 10715 2098 2448 10716 2072 2451 10717 2099 2452 10718 2098 2448 10719 2099 2452 10720 2096 2453 10721 2096 2453 10722 2099 2452 10723 2097 2454 10724 2096 2453 10725 2097 2454 10726 2094 2455 10727 2094 2455 10728 2097 2454 10729 2057 2456 10730 2094 2455 10731 2057 2456 10732 2056 2457 10733 2072 2451 10734 2073 2458 10735 2099 2452 10736 2099 2452 10737 2073 2458 10738 2100 2459 10739 2099 2452 10740 2100 2459 10741 2097 2454 10742 2097 2454 10743 2100 2459 10744 2058 2460 10745 2097 2454 10746 2058 2460 10747 2057 2456 10748 2073 2458 10749 2039 2461 10750 2100 2459 10751 2100 2459 10752 2039 2461 10753 2058 2460 10754 2094 2455 10755 2056 2457 10756 2091 2462 10757 2091 2462 10758 2056 2457 10759 2055 2463 10760 2091 2462 10761 2055 2463 10762 2088 2464 10763 2088 2464 10764 2055 2463 10765 2054 2465 10766 2088 2464 10767 2054 2465 10768 2085 2466 10769 2085 2466 10770 2054 2465 10771 2053 2467 10772 2085 2466 10773 2053 2467 10774 2082 2468 10775 2082 2468 10776 2053 2467 10777 2052 2469 10778 2082 2468 10779 2052 2469 10780 2079 2470 10781 2079 2470 10782 2052 2469 10783 2051 2471 10784 2079 2470 10785 2051 2471 10786 2076 2427 10787 2076 2427 10788 2051 2471 10789 2050 2425 10790 2079 2470 10791 2076 2427 10792 2075 2429 10793 2075 2429 10794 2074 2431 10795 2078 2472 10796 2078 2472 10797 2074 2431 10798 2077 2434 10799 2078 2472 10800 2077 2434 10801 2081 2473 10802 2081 2473 10803 2077 2434 10804 2080 2436 10805 2081 2473 10806 2080 2436 10807 2084 2474 10808 2084 2474 10809 2080 2436 10810 2083 2438 10811 2084 2474 10812 2083 2438 10813 2087 2475 10814 2087 2475 10815 2083 2438 10816 2086 2440 10817 2087 2475 10818 2086 2440 10819 2089 2442 10820 2082 2468 10821 2079 2470 10822 2078 2472 10823 2078 2472 10824 2079 2470 10825 2075 2429 10826 2082 2468 10827 2078 2472 10828 2081 2473 10829 2085 2466 10830 2082 2468 10831 2081 2473 10832 2085 2466 10833 2081 2473 10834 2084 2474 10835 2088 2464 10836 2085 2466 10837 2084 2474 10838 2088 2464 10839 2084 2474 10840 2087 2475 10841 2088 2464 10842 2087 2475 10843 2090 2476 10844 2090 2476 10845 2087 2475 10846 2089 2442 10847 2090 2476 10848 2089 2442 10849 2092 2444 10850 2088 2464 10851 2090 2476 10852 2091 2462 10853 2091 2462 10854 2090 2476 10855 2093 2477 10856 2091 2462 10857 2093 2477 10858 2094 2455 10859 2094 2455 10860 2093 2477 10861 2096 2453 10862 2093 2477 10863 2090 2476 10864 2092 2444 10865 2093 2477 10866 2092 2444 10867 2095 2446 10868 2096 2453 10869 2093 2477 10870 2095 2446 10871 2098 2448 10872 2096 2453 10873 2095 2446 10874 2102 2415 10875 1538 2415 10876 2101 2415 10877 2101 2415 10878 1538 2415 10879 1539 2415 10880 2101 2418 10881 1539 2418 10882 2103 2418 10883 2103 2418 10884 1539 2418 10885 1540 2418 10886 2103 983 10887 1540 983 10888 2104 983 10889 2104 983 10890 1540 983 10891 1541 983 10892 2104 2413 10893 1541 2413 10894 2105 2413 10895 2105 2478 10896 1541 2478 10897 1537 2478 10898 2105 2479 10899 1537 2479 10900 2106 2479 10901 2106 2414 10902 1537 2414 10903 1536 2414 10904 2106 1004 10905 1536 1004 10906 2102 1004 10907 2102 1004 10908 1536 1004 10909 1538 1004 10910 2072 2451 10911 2071 2450 10912 2116 2480 10913 2116 2480 10914 2071 2450 10915 2107 2481 10916 2116 2480 10917 2107 2481 10918 2119 2482 10919 2119 2482 10920 2107 2481 10921 2108 2483 10922 2119 2482 10923 2108 2483 10924 2122 2484 10925 2122 2484 10926 2108 2483 10927 2109 2485 10928 2122 2484 10929 2109 2485 10930 2125 2486 10931 2125 2486 10932 2109 2485 10933 2110 2487 10934 2125 2486 10935 2110 2487 10936 2128 2488 10937 2128 2488 10938 2110 2487 10939 2111 2489 10940 2128 2488 10941 2111 2489 10942 2131 2490 10943 2131 2490 10944 2111 2489 10945 2112 2491 10946 2131 2490 10947 2112 2491 10948 2134 2492 10949 2134 2492 10950 2112 2491 10951 2113 2493 10952 2134 2492 10953 2113 2493 10954 2137 2494 10955 2137 2494 10956 2113 2493 10957 2114 2495 10958 2137 2494 10959 2114 2495 10960 2140 2496 10961 2140 2496 10962 2114 2495 10963 2115 2497 10964 2140 2496 10965 2115 2497 10966 2061 2432 10967 2061 2432 10968 2060 2430 10969 2140 2496 10970 2140 2496 10971 2060 2430 10972 2141 2498 10973 2140 2496 10974 2141 2498 10975 2137 2494 10976 2137 2494 10977 2141 2498 10978 2138 2499 10979 2137 2494 10980 2138 2499 10981 2134 2492 10982 2134 2492 10983 2138 2499 10984 2135 2500 10985 2134 2492 10986 2135 2500 10987 2131 2490 10988 2131 2490 10989 2135 2500 10990 2132 2501 10991 2131 2490 10992 2132 2501 10993 2128 2488 10994 2128 2488 10995 2132 2501 10996 2129 2502 10997 2128 2488 10998 2129 2502 10999 2125 2486 11000 2125 2486 11001 2129 2502 11002 2126 2503 11003 2125 2486 11004 2126 2503 11005 2122 2484 11006 2122 2484 11007 2126 2503 11008 2123 2504 11009 2122 2484 11010 2123 2504 11011 2120 2505 11012 2120 2505 11013 2123 2504 11014 2121 2506 11015 2120 2505 11016 2121 2506 11017 2118 2507 11018 2118 2507 11019 2121 2506 11020 2041 2508 11021 2118 2507 11022 2041 2508 11023 2040 2509 11024 2060 2430 11025 2059 2428 11026 2141 2498 11027 2141 2498 11028 2059 2428 11029 2142 2510 11030 2141 2498 11031 2142 2510 11032 2138 2499 11033 2138 2499 11034 2142 2510 11035 2139 2511 11036 2138 2499 11037 2139 2511 11038 2135 2500 11039 2135 2500 11040 2139 2511 11041 2136 2512 11042 2135 2500 11043 2136 2512 11044 2132 2501 11045 2132 2501 11046 2136 2512 11047 2133 2513 11048 2132 2501 11049 2133 2513 11050 2129 2502 11051 2129 2502 11052 2133 2513 11053 2130 2514 11054 2129 2502 11055 2130 2514 11056 2126 2503 11057 2126 2503 11058 2130 2514 11059 2127 2515 11060 2126 2503 11061 2127 2515 11062 2123 2504 11063 2123 2504 11064 2127 2515 11065 2124 2516 11066 2123 2504 11067 2124 2516 11068 2121 2506 11069 2121 2506 11070 2124 2516 11071 2042 2517 11072 2121 2506 11073 2042 2517 11074 2041 2508 11075 2059 2428 11076 2049 2426 11077 2142 2510 11078 2142 2510 11079 2049 2426 11080 2048 2518 11081 2142 2510 11082 2048 2518 11083 2139 2511 11084 2139 2511 11085 2048 2518 11086 2047 2519 11087 2139 2511 11088 2047 2519 11089 2136 2512 11090 2136 2512 11091 2047 2519 11092 2046 2520 11093 2136 2512 11094 2046 2520 11095 2133 2513 11096 2133 2513 11097 2046 2520 11098 2045 2521 11099 2133 2513 11100 2045 2521 11101 2130 2514 11102 2130 2514 11103 2045 2521 11104 2044 2522 11105 2130 2514 11106 2044 2522 11107 2127 2515 11108 2127 2515 11109 2044 2522 11110 2043 2523 11111 2127 2515 11112 2043 2523 11113 2124 2516 11114 2124 2516 11115 2043 2523 11116 2042 2517 11117 2040 2509 11118 2039 2461 11119 2118 2507 11120 2118 2507 11121 2039 2461 11122 2073 2458 11123 2118 2507 11124 2073 2458 11125 2117 2524 11126 2117 2524 11127 2073 2458 11128 2072 2451 11129 2117 2524 11130 2072 2451 11131 2116 2480 11132 2117 2524 11133 2116 2480 11134 2119 2482 11135 2120 2505 11136 2118 2507 11137 2117 2524 11138 2120 2505 11139 2117 2524 11140 2119 2482 11141 2122 2484 11142 2120 2505 11143 2119 2482 11144 2143 2525 11145 2144 2526 11146 2150 2527 11147 2150 2527 11148 2144 2526 11149 2145 2528 11150 2150 2527 11151 2145 2528 11152 1955 2529 11153 1955 2529 11154 2145 2528 11155 2146 2530 11156 1955 2531 11157 2146 2532 11158 1956 2533 11159 1956 2533 11160 2146 2532 11161 2147 2534 11162 1956 2533 11163 2147 2534 11164 1957 2535 11165 1957 2535 11166 2147 2534 11167 2148 2536 11168 1957 2535 11169 2148 2536 11170 1958 2537 11171 1958 2537 11172 2148 2536 11173 2149 2538 11174 1958 2537 11175 2149 2538 11176 1959 973 11177 2032 2539 11178 1093 2540 11179 2026 2541 11180 2026 2541 11181 1093 2540 11182 1092 2542 11183 2026 2541 11184 1092 2542 11185 1677 2543 11186 1677 2543 11187 1092 2542 11188 1678 2544 11189 1678 2544 11190 1092 2542 11191 1091 2545 11192 1678 2544 11193 1091 2545 11194 1679 2546 11195 1679 2546 11196 1091 2545 11197 1090 2547 11198 1679 2546 11199 1090 2547 11200 1089 2548 11201 2032 2539 11202 2031 2549 11203 1093 2540 11204 1093 2540 11205 2031 2549 11206 2030 62 11207 1679 2546 11208 1089 2548 11209 1680 2550 11210 1680 2550 11211 1089 2548 11212 1088 2551 11213 1680 2550 11214 1088 2551 11215 1087 2552 11216 1680 2550 11217 1087 2552 11218 1681 2553 11219 1681 2553 11220 1087 2552 11221 1086 2554 11222 1681 2553 11223 1086 2554 11224 1682 2555 11225 1682 2555 11226 1086 2554 11227 1085 2556 11228 1682 2555 11229 1085 2556 11230 1084 2557 11231 1682 2555 11232 1084 2557 11233 1683 2558 11234 1683 2558 11235 1084 2557 11236 1083 2559 11237 1683 2558 11238 1083 2559 11239 1082 2560 11240 1683 2558 11241 1082 2560 11242 1684 2561 11243 1684 2561 11244 1082 2560 11245 1081 2562 11246 1684 2561 11247 1081 2562 11248 1685 2563 11249 1685 2563 11250 1081 2562 11251 1080 2564 11252 1685 2563 11253 1080 2564 11254 1079 1333 11255 1079 1333 11256 1078 1332 11257 1685 2563 11258 1685 2563 11259 1078 1332 11260 1686 2565 11261 1686 2565 11262 1078 1332 11263 1077 1331 11264 1686 2565 11265 1077 1331 11266 1076 1330 11267 1076 1330 11268 1075 1329 11269 1686 2565 11270 1686 2565 11271 1075 1329 11272 1074 2566 11273 1686 2565 11274 1074 2566 11275 2157 2567 11276 2157 2567 11277 1074 2566 11278 2156 2568 11279 2156 2568 11280 1074 2566 11281 2155 2569 11282 2155 2569 11283 1074 2566 11284 1073 2570 11285 2155 2569 11286 1073 2570 11287 2154 2571 11288 2154 2572 11289 1073 2573 11290 1951 2574 11291 2154 2575 11292 1951 2576 11293 2153 2577 11294 2153 2578 11295 1951 2579 11296 2152 2580 11297 2152 2581 11298 1951 2582 11299 2151 2583 11300 2157 2567 11301 2158 2584 11302 1686 2565 11303 1686 2585 11304 2158 2586 11305 2159 2587 11306 1686 2588 11307 2159 2589 11308 1750 2590 11309 1750 2591 11310 2159 2592 11311 1751 2593 11312 1751 2594 11313 2159 2595 11314 1706 2596 11315 1751 2597 11316 1706 2598 11317 1708 2599 11318 1708 2600 11319 1706 2601 11320 1711 2602 11321 1708 2603 11322 1711 2604 11323 1710 2605 11324 1710 2606 11325 1709 2607 11326 1708 2608 11327 1750 2609 11328 1749 2610 11329 1686 2611 11330 1686 2612 11331 1749 2225 11332 1748 2226 11333 1686 2612 11334 1748 2226 11335 1747 2227 11336 1747 2227 11337 1746 2228 11338 1686 2612 11339 1686 2612 11340 1746 2228 11341 1745 2229 11342 1686 2612 11343 1745 2229 11344 1687 2613 11345 1687 2613 11346 1745 2229 11347 1744 2614 11348 1687 2613 11349 1744 2614 11350 1743 2615 11351 1687 2613 11352 1743 2615 11353 1688 2616 11354 1688 2616 11355 1743 2615 11356 1742 2617 11357 1688 2616 11358 1742 2617 11359 1741 2618 11360 1688 2616 11361 1741 2618 11362 1689 2619 11363 1689 2619 11364 1741 2618 11365 1740 2620 11366 1689 2619 11367 1740 2620 11368 1690 2621 11369 1690 2621 11370 1740 2620 11371 1739 2622 11372 1690 2621 11373 1739 2622 11374 1738 2623 11375 1690 2621 11376 1738 2623 11377 1691 2624 11378 1691 2624 11379 1738 2623 11380 1737 2625 11381 1691 2624 11382 1737 2625 11383 1736 2626 11384 1691 2624 11385 1736 2626 11386 1692 2627 11387 1692 2627 11388 1736 2626 11389 1735 2628 11390 1692 2627 11391 1735 2628 11392 1693 2629 11393 1693 2629 11394 1735 2628 11395 1734 2630 11396 1693 2629 11397 1734 2630 11398 1733 2631 11399 1693 2629 11400 1733 2631 11401 1694 2632 11402 1694 2632 11403 1733 2631 11404 1732 2633 11405 1694 2632 11406 1732 2633 11407 1566 2634 11408 1566 2634 11409 1732 2633 11410 1731 2635 11411 1627 1952 11412 1660 1951 11413 2174 2636 11414 2174 2636 11415 1660 1951 11416 1675 2637 11417 2174 2636 11418 1675 2637 11419 2173 2638 11420 2173 2638 11421 1675 2637 11422 1674 2639 11423 2173 2638 11424 1674 2639 11425 2172 2640 11426 2172 2640 11427 1674 2639 11428 1673 2641 11429 2172 2640 11430 1673 2641 11431 2171 2642 11432 2171 2642 11433 1673 2641 11434 1672 2643 11435 2171 2642 11436 1672 2643 11437 2170 2644 11438 2170 2644 11439 1672 2643 11440 1671 2645 11441 2170 2644 11442 1671 2645 11443 2169 2646 11444 2169 2646 11445 1671 2645 11446 1670 2647 11447 2169 2646 11448 1670 2647 11449 2168 2648 11450 2168 2648 11451 1670 2647 11452 1669 2649 11453 2168 2648 11454 1669 2649 11455 2167 2650 11456 2167 2650 11457 1669 2649 11458 1668 2651 11459 2167 2650 11460 1668 2651 11461 2166 2652 11462 2166 2652 11463 1668 2651 11464 1667 2653 11465 2166 2652 11466 1667 2653 11467 2165 2654 11468 2165 2654 11469 1667 2653 11470 1666 2655 11471 2165 2654 11472 1666 2655 11473 2164 2656 11474 2164 2656 11475 1666 2655 11476 1665 2657 11477 2164 2656 11478 1665 2657 11479 2163 2658 11480 2163 2658 11481 1665 2657 11482 1664 2659 11483 2163 2658 11484 1664 2659 11485 2162 2660 11486 2162 2660 11487 1664 2659 11488 1663 2661 11489 2162 2660 11490 1663 2661 11491 2161 2662 11492 2161 2662 11493 1663 2661 11494 1662 2663 11495 2161 2662 11496 1662 2663 11497 2160 2664 11498 2160 2664 11499 1662 2663 11500 1661 2665 11501 2160 2664 11502 1661 2665 11503 1643 1984 11504 1643 1984 11505 1661 2665 11506 1644 1983 11507 2175 2666 11508 2176 2667 11509 2195 2668 11510 2195 2668 11511 2176 2667 11512 2177 2669 11513 2195 2668 11514 2177 2669 11515 1642 2670 11516 1642 2670 11517 2177 2669 11518 1643 2671 11519 1642 2670 11520 1641 2672 11521 2195 2668 11522 2195 2668 11523 1641 2672 11524 2194 2673 11525 2194 2673 11526 1641 2672 11527 1640 2674 11528 2194 2673 11529 1640 2674 11530 2193 2675 11531 2193 2675 11532 1640 2674 11533 1639 2676 11534 2193 2675 11535 1639 2676 11536 2192 2677 11537 2192 2677 11538 1639 2676 11539 1638 2678 11540 2192 2677 11541 1638 2678 11542 2191 2679 11543 2191 2679 11544 1638 2678 11545 1637 2680 11546 2191 2679 11547 1637 2680 11548 2190 2681 11549 2190 2681 11550 1637 2680 11551 1636 2682 11552 2190 2681 11553 1636 2682 11554 2189 2683 11555 2189 2683 11556 1636 2682 11557 1635 2684 11558 2189 2683 11559 1635 2684 11560 2188 2685 11561 2188 2685 11562 1635 2684 11563 1634 2686 11564 2188 2685 11565 1634 2686 11566 2187 2687 11567 2187 2687 11568 1634 2686 11569 1633 2688 11570 2187 2687 11571 1633 2688 11572 2186 2689 11573 2186 2689 11574 1633 2688 11575 1632 2690 11576 2186 2689 11577 1632 2690 11578 2185 2691 11579 2185 2691 11580 1632 2690 11581 1631 2692 11582 2185 2691 11583 1631 2692 11584 2184 2693 11585 2184 2693 11586 1631 2692 11587 1630 2694 11588 2184 2693 11589 1630 2694 11590 2183 2695 11591 2183 2695 11592 1630 2694 11593 1629 2696 11594 2183 2695 11595 1629 2696 11596 2182 2697 11597 2182 2697 11598 1629 2696 11599 1628 2698 11600 2182 2697 11601 1628 2698 11602 2181 2699 11603 2181 2699 11604 1628 2698 11605 2179 2700 11606 2181 2699 11607 2179 2700 11608 2180 2701 11609 1627 2702 11610 2178 2703 11611 1628 2698 11612 1628 2698 11613 2178 2703 11614 2179 2700 11615 2175 2666 11616 2196 2704 11617 2176 2667 11618 2176 2667 11619 2196 2704 11620 2160 2705 11621 2176 2667 11622 2160 2705 11623 2177 2669 11624 2177 2669 11625 2160 2705 11626 1643 2671 11627 2196 2704 11628 2197 2706 11629 2160 2705 11630 2160 2705 11631 2197 2706 11632 2161 2707 11633 2161 2707 11634 2197 2706 11635 2198 2708 11636 2161 2707 11637 2198 2708 11638 2162 2709 11639 2162 2709 11640 2198 2708 11641 2199 2710 11642 2162 2709 11643 2199 2710 11644 2163 2711 11645 2163 2711 11646 2199 2710 11647 2200 2712 11648 2163 2711 11649 2200 2712 11650 2164 2713 11651 2164 2713 11652 2200 2712 11653 2201 2714 11654 2164 2713 11655 2201 2714 11656 2165 2715 11657 2165 2715 11658 2201 2714 11659 2202 2716 11660 2165 2715 11661 2202 2716 11662 2166 2717 11663 2166 2717 11664 2202 2716 11665 2203 2718 11666 2166 2717 11667 2203 2718 11668 2167 2719 11669 2167 2719 11670 2203 2718 11671 2204 2720 11672 2167 2719 11673 2204 2720 11674 2168 2721 11675 2168 2721 11676 2204 2720 11677 2205 2722 11678 2168 2721 11679 2205 2722 11680 2169 2723 11681 2169 2723 11682 2205 2722 11683 2206 2724 11684 2169 2723 11685 2206 2724 11686 2170 2725 11687 2170 2725 11688 2206 2724 11689 2207 2726 11690 2170 2725 11691 2207 2726 11692 2171 2727 11693 2171 2727 11694 2207 2726 11695 2208 2728 11696 2171 2727 11697 2208 2728 11698 2172 2729 11699 2172 2729 11700 2208 2728 11701 2209 2730 11702 2172 2729 11703 2209 2730 11704 2173 2731 11705 2173 2731 11706 2209 2730 11707 2210 2732 11708 2173 2731 11709 2210 2732 11710 2174 2733 11711 2174 2733 11712 2210 2732 11713 2178 2703 11714 2174 2733 11715 2178 2703 11716 1627 2702 11717 2180 2701 11718 2179 2700 11719 2210 2732 11720 2210 2732 11721 2179 2700 11722 2178 2703 11723 2212 2734 11724 2064 2734 11725 2211 2734 11726 2211 2735 11727 2064 2735 11728 2063 2735 11729 2211 62 11730 2063 62 11731 2230 62 11732 2230 62 11733 2063 62 11734 2062 62 11735 2230 2736 11736 2062 2736 11737 2229 2736 11738 2229 2737 11739 2062 2737 11740 2061 2737 11741 2229 62 11742 2061 62 11743 2228 62 11744 2228 2738 11745 2061 2738 11746 2115 2738 11747 2228 2736 11748 2115 2736 11749 2227 2736 11750 2227 62 11751 2115 62 11752 2114 62 11753 2227 2739 11754 2114 2739 11755 2226 2739 11756 2226 62 11757 2114 62 11758 2113 62 11759 2226 62 11760 2113 62 11761 2225 62 11762 2225 2740 11763 2113 2740 11764 2112 2740 11765 2225 62 11766 2112 62 11767 2224 62 11768 2224 62 11769 2112 62 11770 2111 62 11771 2224 62 11772 2111 62 11773 2223 62 11774 2223 62 11775 2111 62 11776 2110 62 11777 2223 62 11778 2110 62 11779 2222 62 11780 2222 2741 11781 2110 2741 11782 2109 2741 11783 2222 2742 11784 2109 2742 11785 2221 2742 11786 2221 62 11787 2109 62 11788 2108 62 11789 2221 2743 11790 2108 2743 11791 2220 2743 11792 2220 62 11793 2108 62 11794 2107 62 11795 2220 2744 11796 2107 2744 11797 2219 2744 11798 2219 2745 11799 2107 2745 11800 2071 2745 11801 2219 62 11802 2071 62 11803 2218 62 11804 2218 2746 11805 2071 2746 11806 2070 2746 11807 2218 2744 11808 2070 2744 11809 2217 2744 11810 2217 62 11811 2070 62 11812 2069 62 11813 2217 62 11814 2069 62 11815 2216 62 11816 2216 2741 11817 2069 2741 11818 2068 2741 11819 2216 2747 11820 2068 2747 11821 2215 2747 11822 2215 2741 11823 2068 2741 11824 2067 2741 11825 2215 62 11826 2067 62 11827 2214 62 11828 2214 2748 11829 2067 2748 11830 2066 2748 11831 2214 62 11832 2066 62 11833 2213 62 11834 2213 2749 11835 2066 2749 11836 2065 2749 11837 2213 62 11838 2065 62 11839 2212 62 11840 2212 2740 11841 2065 2740 11842 2064 2740 11843 2196 2704 11844 2175 2666 11845 2255 2750 11846 2255 2750 11847 2175 2666 11848 2231 2751 11849 2255 2750 11850 2231 2751 11851 2232 2752 11852 2232 2752 11853 2233 2753 11854 2255 2750 11855 2255 2750 11856 2233 2753 11857 2234 2754 11858 2255 2750 11859 2234 2754 11860 2254 2755 11861 2254 2755 11862 2234 2754 11863 2235 2756 11864 2254 2755 11865 2235 2756 11866 2256 2757 11867 2256 2757 11868 2235 2756 11869 2236 2758 11870 2256 2757 11871 2236 2758 11872 2257 2759 11873 2257 2759 11874 2236 2758 11875 2237 2760 11876 2257 2759 11877 2237 2760 11878 2238 2761 11879 2257 2759 11880 2238 2761 11881 2258 2762 11882 2258 2762 11883 2238 2761 11884 2239 2763 11885 2258 2762 11886 2239 2763 11887 2259 2764 11888 2259 2764 11889 2239 2763 11890 2240 2765 11891 2259 2764 11892 2240 2765 11893 2260 2766 11894 2260 2766 11895 2240 2765 11896 2241 2767 11897 2260 2766 11898 2241 2767 11899 2261 2768 11900 2261 2768 11901 2241 2767 11902 2242 2769 11903 2261 2768 11904 2242 2769 11905 2262 2770 11906 2262 2770 11907 2242 2769 11908 2243 2771 11909 2262 2770 11910 2243 2771 11911 2263 2772 11912 2263 2772 11913 2243 2771 11914 2244 2773 11915 2263 2772 11916 2244 2773 11917 2264 2774 11918 2264 2774 11919 2244 2773 11920 2245 2775 11921 2264 2774 11922 2245 2775 11923 2265 2776 11924 2265 2776 11925 2245 2775 11926 2246 2777 11927 2265 2776 11928 2246 2777 11929 2266 2778 11930 2266 2778 11931 2246 2777 11932 2247 2779 11933 2266 2778 11934 2247 2779 11935 2267 2780 11936 2267 2780 11937 2247 2779 11938 2248 2781 11939 2267 2780 11940 2248 2781 11941 2268 2782 11942 2268 2782 11943 2248 2781 11944 2249 2783 11945 2268 2782 11946 2249 2783 11947 2253 2784 11948 2253 2784 11949 2249 2783 11950 2251 2785 11951 2253 2784 11952 2251 2785 11953 2252 2786 11954 2249 2783 11955 2250 2787 11956 2251 2785 11957 2252 2786 11958 2180 2701 11959 2253 2784 11960 2253 2784 11961 2180 2701 11962 2210 2732 11963 2253 2784 11964 2210 2732 11965 2268 2782 11966 2268 2782 11967 2210 2732 11968 2209 2730 11969 2268 2782 11970 2209 2730 11971 2267 2780 11972 2267 2780 11973 2209 2730 11974 2208 2728 11975 2267 2780 11976 2208 2728 11977 2266 2778 11978 2266 2778 11979 2208 2728 11980 2207 2726 11981 2266 2778 11982 2207 2726 11983 2265 2776 11984 2265 2776 11985 2207 2726 11986 2206 2724 11987 2265 2776 11988 2206 2724 11989 2264 2774 11990 2264 2774 11991 2206 2724 11992 2205 2722 11993 2264 2774 11994 2205 2722 11995 2263 2772 11996 2263 2772 11997 2205 2722 11998 2204 2720 11999 2263 2772 12000 2204 2720 12001 2262 2770 12002 2262 2770 12003 2204 2720 12004 2203 2718 12005 2262 2770 12006 2203 2718 12007 2261 2768 12008 2261 2768 12009 2203 2718 12010 2202 2716 12011 2261 2768 12012 2202 2716 12013 2260 2766 12014 2260 2766 12015 2202 2716 12016 2201 2714 12017 2260 2766 12018 2201 2714 12019 2259 2764 12020 2259 2764 12021 2201 2714 12022 2200 2712 12023 2259 2764 12024 2200 2712 12025 2258 2762 12026 2258 2762 12027 2200 2712 12028 2199 2710 12029 2258 2762 12030 2199 2710 12031 2257 2759 12032 2257 2759 12033 2199 2710 12034 2198 2708 12035 2257 2759 12036 2198 2708 12037 2256 2757 12038 2256 2757 12039 2198 2708 12040 2197 2706 12041 2256 2757 12042 2197 2706 12043 2254 2755 12044 2254 2755 12045 2197 2706 12046 2196 2704 12047 2254 2755 12048 2196 2704 12049 2255 2750 12050 2285 2788 12051 2211 2789 12052 2284 2790 12053 2284 2790 12054 2211 2789 12055 2230 2791 12056 2284 2790 12057 2230 2791 12058 2283 2792 12059 2283 2792 12060 2230 2791 12061 2229 2793 12062 2283 2792 12063 2229 2793 12064 2282 2794 12065 2282 2794 12066 2229 2793 12067 2281 2795 12068 2281 2795 12069 2229 2793 12070 2228 2796 12071 2281 2795 12072 2228 2796 12073 2280 2797 12074 2280 2797 12075 2228 2796 12076 2279 2798 12077 2279 2798 12078 2228 2796 12079 2227 2799 12080 2279 2798 12081 2227 2799 12082 2278 2800 12083 2278 2800 12084 2227 2799 12085 2226 2801 12086 2278 2800 12087 2226 2801 12088 2277 2802 12089 2277 2802 12090 2226 2801 12091 2276 2803 12092 2276 2803 12093 2226 2801 12094 2225 2804 12095 2276 2803 12096 2225 2804 12097 2275 2805 12098 2275 2805 12099 2225 2804 12100 2224 2806 12101 2275 2805 12102 2224 2806 12103 2274 2807 12104 2274 2807 12105 2224 2806 12106 2273 2808 12107 2273 2808 12108 2224 2806 12109 2223 2809 12110 2273 2808 12111 2223 2809 12112 2272 2810 12113 2272 2811 12114 2223 2812 12115 2271 2813 12116 2271 2813 12117 2223 2812 12118 2222 2814 12119 2271 2813 12120 2222 2814 12121 2270 2815 12122 2270 2815 12123 2222 2814 12124 2221 2816 12125 2270 2815 12126 2221 2816 12127 2269 2817 12128 1963 2818 12129 2286 2819 12130 1964 2820 12131 1964 2820 12132 2286 2819 12133 2289 2821 12134 1964 2820 12135 2289 2821 12136 2290 2822 12137 2286 2819 12138 2287 2823 12139 2289 2821 12140 2289 2821 12141 2287 2823 12142 2288 2824 12143 1964 2820 12144 2290 2822 12145 1965 2825 12146 1965 2825 12147 2290 2822 12148 2291 2826 12149 1965 2825 12150 2291 2826 12151 1966 2827 12152 1966 2827 12153 2291 2826 12154 2292 2828 12155 1966 2827 12156 2292 2828 12157 1967 2829 12158 1967 2829 12159 2292 2828 12160 2293 2830 12161 1967 2829 12162 2293 2830 12163 1968 2831 12164 1968 2831 12165 2293 2830 12166 2294 2832 12167 1968 2831 12168 2294 2832 12169 1969 2833 12170 1969 2833 12171 2294 2832 12172 2295 2834 12173 1969 2833 12174 2295 2834 12175 1970 2835 12176 1970 2835 12177 2295 2834 12178 2296 2836 12179 1970 2835 12180 2296 2836 12181 1971 2837 12182 1971 2837 12183 2296 2836 12184 2297 2838 12185 1971 2837 12186 2297 2838 12187 1972 2839 12188 1972 2839 12189 2297 2838 12190 2298 2840 12191 1972 2839 12192 2298 2840 12193 1973 2841 12194 1973 2841 12195 2298 2840 12196 2299 2842 12197 1973 2841 12198 2299 2842 12199 1974 2843 12200 1974 2843 12201 2299 2842 12202 2300 2844 12203 1974 2843 12204 2300 2844 12205 1975 2845 12206 1975 2845 12207 2300 2844 12208 2301 2846 12209 1975 2845 12210 2301 2846 12211 1976 2847 12212 1976 2847 12213 2301 2846 12214 2302 2848 12215 1976 2847 12216 2302 2848 12217 1977 2849 12218 1977 2849 12219 2302 2848 12220 2303 2850 12221 1977 2849 12222 2303 2850 12223 1978 2851 12224 1978 2851 12225 2303 2850 12226 2304 2852 12227 1978 2851 12228 2304 2852 12229 1979 2853 12230 1979 2853 12231 2304 2852 12232 2305 2854 12233 1979 2853 12234 2305 2854 12235 1980 2855 12236 1980 2855 12237 2305 2854 12238 2306 2856 12239 1980 2855 12240 2306 2856 12241 1981 2857 12242 1981 2857 12243 2306 2856 12244 2309 2858 12245 2309 2858 12246 2306 2856 12247 2308 2859 12248 2308 2860 12249 2306 2861 12250 2307 2862 12251 2331 2863 12252 2143 2864 12253 2330 2865 12254 2330 2866 12255 2143 2867 12256 2150 2868 12257 2330 2866 12258 2150 2868 12259 1955 2869 12260 1955 2869 12261 2005 2870 12262 2330 2866 12263 2330 2866 12264 2005 2870 12265 2329 2871 12266 2329 2871 12267 2005 2870 12268 2004 2872 12269 2329 2871 12270 2004 2872 12271 2328 2873 12272 2328 2873 12273 2004 2872 12274 2003 2874 12275 2328 2873 12276 2003 2874 12277 2327 2875 12278 2327 2875 12279 2003 2874 12280 2002 2876 12281 2327 2875 12282 2002 2876 12283 2326 2877 12284 2326 2877 12285 2002 2876 12286 2001 2878 12287 2326 2877 12288 2001 2878 12289 2325 2879 12290 2325 2879 12291 2001 2878 12292 2000 2880 12293 2325 2879 12294 2000 2880 12295 2324 2881 12296 2324 2881 12297 2000 2880 12298 1999 2882 12299 2324 2881 12300 1999 2882 12301 2323 2883 12302 2323 2883 12303 1999 2882 12304 1998 2884 12305 2323 2883 12306 1998 2884 12307 2322 2885 12308 2322 2885 12309 1998 2884 12310 1997 2886 12311 2322 2885 12312 1997 2886 12313 2321 2887 12314 2321 2887 12315 1997 2886 12316 1996 2888 12317 2321 2887 12318 1996 2888 12319 2320 2889 12320 2320 2889 12321 1996 2888 12322 1995 2890 12323 2320 2889 12324 1995 2890 12325 2319 2891 12326 2319 2891 12327 1995 2890 12328 1994 2892 12329 2319 2891 12330 1994 2892 12331 2318 2893 12332 2318 2893 12333 1994 2892 12334 1993 2894 12335 2318 2893 12336 1993 2894 12337 2317 2895 12338 2317 2895 12339 1993 2894 12340 1992 2896 12341 2317 2895 12342 1992 2896 12343 2316 2897 12344 2316 2897 12345 1992 2896 12346 1991 2898 12347 2316 2897 12348 1991 2898 12349 2315 2899 12350 2315 2899 12351 1991 2898 12352 1990 2900 12353 2315 2899 12354 1990 2900 12355 2314 2901 12356 2314 2901 12357 1990 2900 12358 1989 2902 12359 2314 2901 12360 1989 2902 12361 2313 2903 12362 2313 2903 12363 1989 2902 12364 2310 2904 12365 2313 2903 12366 2310 2904 12367 2311 2905 12368 1989 2902 12369 1988 2906 12370 2310 2904 12371 2311 2905 12372 2312 2907 12373 2313 2903 12374 2030 62 12375 2029 2908 12376 1093 2540 12377 1093 2540 12378 2029 2908 12379 2028 2909 12380 1093 2540 12381 2028 2909 12382 2027 2910 12383 1093 2540 12384 2027 2910 12385 1094 2911 12386 1094 2911 12387 2027 2910 12388 1705 2912 12389 1094 2913 12390 1705 2914 12391 1704 2915 12392 1703 2916 12393 1096 2917 12394 1704 2915 12395 1704 2915 12396 1096 2917 12397 1095 2918 12398 1704 2915 12399 1095 2918 12400 1094 2913 12401 1702 2919 12402 1098 2920 12403 1703 2916 12404 1703 2916 12405 1098 2920 12406 1097 2921 12407 1703 2916 12408 1097 2921 12409 1096 2917 12410 1701 2922 12411 1100 2923 12412 1702 2919 12413 1702 2919 12414 1100 2923 12415 1099 2924 12416 1702 2919 12417 1099 2924 12418 1098 2920 12419 1100 2923 12420 1701 2922 12421 1101 2925 12422 1101 2925 12423 1701 2922 12424 1700 2926 12425 1101 2925 12426 1700 2926 12427 1102 2927 12428 1102 2927 12429 1700 2926 12430 1103 2928 12431 1103 2928 12432 1700 2926 12433 1699 2929 12434 1103 2928 12435 1699 2929 12436 1104 2930 12437 1104 2930 12438 1699 2929 12439 1698 2931 12440 1104 2930 12441 1698 2931 12442 1105 2932 12443 1105 2932 12444 1698 2931 12445 1106 2933 12446 1106 2933 12447 1698 2931 12448 1697 2934 12449 1106 2933 12450 1697 2934 12451 1107 2935 12452 1107 2935 12453 1697 2934 12454 1108 1486 12455 1108 1486 12456 1697 2934 12457 1696 2936 12458 1108 1486 12459 1696 2936 12460 1109 1487 12461 1109 1487 12462 1696 2936 12463 1110 1488 12464 1110 1488 12465 1696 2936 12466 1111 1489 12467 1111 2937 12468 1696 2938 12469 2017 2939 12470 1111 1489 12471 2017 2940 12472 1112 1490 12473 1112 1490 12474 2017 2940 12475 1113 2941 12476 1113 2941 12477 2017 2940 12478 2020 2942 12479 1113 2941 12480 2020 2942 12481 2339 2943 12482 2339 2943 12483 2020 2942 12484 2338 2944 12485 2338 2944 12486 2020 2942 12487 2019 2945 12488 2338 2944 12489 2019 2945 12490 2337 2946 12491 2337 2946 12492 2019 2945 12493 1712 2947 12494 2337 2946 12495 1712 2947 12496 2336 2948 12497 2336 2948 12498 1712 2947 12499 1038 2949 12500 2336 2948 12501 1038 2949 12502 2335 2950 12503 2335 2951 12504 1038 2952 12505 1037 2953 12506 2335 2954 12507 1037 2955 12508 2334 2956 12509 2334 2957 12510 1037 2958 12511 2333 2959 12512 2333 2960 12513 1037 2961 12514 2332 2962 12515 1712 2947 12516 2019 2945 12517 1713 2093 12518 1713 2093 12519 2019 2945 12520 2018 2963 12521 1713 2093 12522 2018 2963 12523 1714 2094 12524 1714 2964 12525 2018 2965 12526 1575 2966 12527 1714 2094 12528 1575 2967 12529 1715 2095 12530 1715 2095 12531 1575 2968 12532 1716 2096 12533 1716 2096 12534 1575 2968 12535 1717 2097 12536 1717 2097 12537 1575 2968 12538 1574 2969 12539 1717 2097 12540 1574 2969 12541 1718 2970 12542 1718 2970 12543 1574 2969 12544 1719 2971 12545 1719 2971 12546 1574 2969 12547 1573 2972 12548 1719 2971 12549 1573 2972 12550 1720 2973 12551 1720 2973 12552 1573 2972 12553 1721 2974 12554 1721 2974 12555 1573 2972 12556 1572 2975 12557 1721 2974 12558 1572 2975 12559 1722 2976 12560 1722 2976 12561 1572 2975 12562 1723 2977 12563 1723 2977 12564 1572 2975 12565 1571 2978 12566 1723 2977 12567 1571 2978 12568 1724 2979 12569 1724 2979 12570 1571 2978 12571 1570 2980 12572 1724 2979 12573 1570 2980 12574 1725 2981 12575 1725 2981 12576 1570 2980 12577 1726 2982 12578 1726 2982 12579 1570 2980 12580 1569 2983 12581 1726 2982 12582 1569 2983 12583 1727 2984 12584 1727 2984 12585 1569 2983 12586 1568 2985 12587 1727 2984 12588 1568 2985 12589 1728 2986 12590 1728 2986 12591 1568 2985 12592 1729 2987 12593 1729 2987 12594 1568 2985 12595 1567 2988 12596 1729 2987 12597 1567 2988 12598 1730 2989 12599 1730 2989 12600 1567 2988 12601 1566 2634 12602 1730 2989 12603 1566 2634 12604 1731 2635 12605 2339 2943 12606 2340 2990 12607 1113 2941 12608 1113 2941 12609 2340 2990 12610 1114 2991 12611 1114 2992 12612 2340 2993 12613 2341 2994 12614 1114 2995 12615 2341 2996 12616 2345 2997 12617 2345 2998 12618 2341 2999 12619 2342 3000 12620 2345 3001 12621 2342 3002 12622 2343 3003 12623 2343 3004 12624 2344 3005 12625 2345 3006 12626 1037 3007 12627 1036 2081 12628 2332 3008 12629 2332 3008 12630 1036 2081 12631 2346 3009 12632 2332 3008 12633 2346 3009 12634 2333 3010 12635 2333 3010 12636 2346 3009 12637 2334 3011 12638 2334 3012 12639 2346 3013 12640 2335 3014 12641 2348 3015 12642 2418 3016 12643 2347 3017 12644 2347 3017 12645 2418 3016 12646 2419 3018 12647 2347 3017 12648 2419 3018 12649 2384 3019 12650 2384 3019 12651 2419 3018 12652 2383 3020 12653 2383 3020 12654 2419 3018 12655 2420 3021 12656 2383 3020 12657 2420 3021 12658 2421 3022 12659 2421 3022 12660 2420 3021 12661 1767 2206 12662 2421 3022 12663 1767 2206 12664 1766 2207 12665 2349 3023 12666 2416 3024 12667 2348 3015 12668 2348 3015 12669 2416 3024 12670 2417 3025 12671 2348 3015 12672 2417 3025 12673 2418 3016 12674 2418 3016 12675 2417 3025 12676 1769 2271 12677 2418 3016 12678 1769 2271 12679 1768 2267 12680 2350 3026 12681 2414 3027 12682 2349 3023 12683 2349 3023 12684 2414 3027 12685 2415 3028 12686 2349 3023 12687 2415 3028 12688 2416 3024 12689 2416 3024 12690 2415 3028 12691 1770 2276 12692 2416 3024 12693 1770 2276 12694 2417 3025 12695 2417 3025 12696 1770 2276 12697 1769 2271 12698 2414 3027 12699 2350 3026 12700 2413 3029 12701 2413 3029 12702 2350 3026 12703 2351 3030 12704 2413 3029 12705 2351 3030 12706 2412 3031 12707 2412 3031 12708 2351 3030 12709 2352 3032 12710 2412 3031 12711 2352 3032 12712 2411 3033 12713 2411 3033 12714 2352 3032 12715 2353 3034 12716 2411 3033 12717 2353 3034 12718 2410 3035 12719 2410 3035 12720 2353 3034 12721 2409 3036 12722 2410 3035 12723 2409 3036 12724 1774 2153 12725 1774 2153 12726 2409 3036 12727 2408 3037 12728 1774 2153 12729 2408 3037 12730 1775 2151 12731 1775 2151 12732 2408 3037 12733 2407 3038 12734 1775 2151 12735 2407 3038 12736 2406 3039 12737 2406 3039 12738 2407 3038 12739 2355 3040 12740 2406 3039 12741 2355 3040 12742 2356 3041 12743 2353 3034 12744 2354 3042 12745 2409 3036 12746 2409 3036 12747 2354 3042 12748 2408 3037 12749 2408 3037 12750 2354 3042 12751 2407 3038 12752 2407 3038 12753 2354 3042 12754 2355 3040 12755 2406 3039 12756 2356 3041 12757 2405 3043 12758 2405 3043 12759 2356 3041 12760 2357 3044 12761 2405 3043 12762 2357 3044 12763 2404 3045 12764 2404 3045 12765 2357 3044 12766 2358 3046 12767 2404 3045 12768 2358 3046 12769 2403 3047 12770 2403 3047 12771 2358 3046 12772 2402 3048 12773 2403 3047 12774 2402 3048 12775 1778 2294 12776 1778 2294 12777 2402 3048 12778 1779 2296 12779 1779 2296 12780 2402 3048 12781 2401 3049 12782 1779 2296 12783 2401 3049 12784 1780 2297 12785 1780 2297 12786 2401 3049 12787 2400 3050 12788 1780 2297 12789 2400 3050 12790 2399 3051 12791 2399 3051 12792 2400 3050 12793 2361 3052 12794 2399 3051 12795 2361 3052 12796 2362 3053 12797 2358 3046 12798 2359 3054 12799 2402 3048 12800 2402 3048 12801 2359 3054 12802 2401 3049 12803 2359 3054 12804 2360 3055 12805 2401 3049 12806 2401 3049 12807 2360 3055 12808 2400 3050 12809 2360 3055 12810 2361 3052 12811 2400 3050 12812 2399 3051 12813 2362 3053 12814 2398 3056 12815 2398 3056 12816 2362 3053 12817 2363 3057 12818 2398 3056 12819 2363 3057 12820 2397 3058 12821 2397 3058 12822 2363 3057 12823 2396 3059 12824 2397 3058 12825 2396 3059 12826 1783 2109 12827 1783 2109 12828 2396 3059 12829 1784 2107 12830 1784 2107 12831 2396 3059 12832 2395 3060 12833 1784 2107 12834 2395 3060 12835 1785 2106 12836 1785 2106 12837 2395 3060 12838 2394 3061 12839 1785 2106 12840 2394 3061 12841 2393 3062 12842 2393 3062 12843 2394 3061 12844 2365 3063 12845 2393 3062 12846 2365 3063 12847 2392 3064 12848 2392 3064 12849 2365 3063 12850 2366 3065 12851 2392 3064 12852 2366 3065 12853 2391 3066 12854 2391 3066 12855 2366 3065 12856 2367 3067 12857 2391 3066 12858 2367 3067 12859 2390 3068 12860 2390 3068 12861 2367 3067 12862 2368 3069 12863 2390 3068 12864 2368 3069 12865 2389 3070 12866 2389 3070 12867 2368 3069 12868 2388 3071 12869 2389 3070 12870 2388 3071 12871 1788 2300 12872 1788 2300 12873 2388 3071 12874 1789 2301 12875 1789 2301 12876 2388 3071 12877 2387 3072 12878 1789 2301 12879 2387 3072 12880 1790 2080 12881 1790 2080 12882 2387 3072 12883 2386 3073 12884 1790 2080 12885 2386 3073 12886 2385 3074 12887 2385 3074 12888 2386 3073 12889 2370 3075 12890 2385 3074 12891 2370 3075 12892 2346 3009 12893 2363 3057 12894 2364 3076 12895 2396 3059 12896 2396 3059 12897 2364 3076 12898 2395 3060 12899 2395 3060 12900 2364 3076 12901 2394 3061 12902 2394 3061 12903 2364 3076 12904 2365 3063 12905 2368 3069 12906 2369 3077 12907 2388 3071 12908 2388 3071 12909 2369 3077 12910 2387 3072 12911 2369 3077 12912 2370 3075 12913 2387 3072 12914 2387 3072 12915 2370 3075 12916 2386 3073 12917 2346 3009 12918 1036 2081 12919 2385 3074 12920 2385 3074 12921 1036 2081 12922 1790 2080 12923 1788 2300 12924 1787 2299 12925 2389 3070 12926 2389 3070 12927 1787 2299 12928 2390 3068 12929 2390 3068 12930 1787 2299 12931 2391 3066 12932 2391 3066 12933 1787 2299 12934 1786 2298 12935 2391 3066 12936 1786 2298 12937 2392 3064 12938 2392 3064 12939 1786 2298 12940 2393 3062 12941 1786 2298 12942 1785 2106 12943 2393 3062 12944 1783 2109 12945 1782 2111 12946 2397 3058 12947 2397 3058 12948 1782 2111 12949 2398 3056 12950 1782 2111 12951 1781 2112 12952 2398 3056 12953 2398 3056 12954 1781 2112 12955 2399 3051 12956 1781 2112 12957 1780 2297 12958 2399 3051 12959 1778 2294 12960 1777 2293 12961 2403 3047 12962 2403 3047 12963 1777 2293 12964 2404 3045 12965 2404 3045 12966 1777 2293 12967 2405 3043 12968 2405 3043 12969 1777 2293 12970 1776 2291 12971 2405 3043 12972 1776 2291 12973 2406 3039 12974 2406 3039 12975 1776 2291 12976 1775 2151 12977 1774 2153 12978 1773 2289 12979 2410 3035 12980 2410 3035 12981 1773 2289 12982 2411 3033 12983 2411 3033 12984 1773 2289 12985 2412 3031 12986 2412 3031 12987 1773 2289 12988 1772 2285 12989 2412 3031 12990 1772 2285 12991 2413 3029 12992 2413 3029 12993 1772 2285 12994 1771 2283 12995 2413 3029 12996 1771 2283 12997 2414 3027 12998 2414 3027 12999 1771 2283 13000 2415 3028 13001 1771 2283 13002 1770 2276 13003 2415 3028 13004 2418 3016 13005 1768 2267 13006 2419 3018 13007 2419 3018 13008 1768 2267 13009 1767 2206 13010 2419 3018 13011 1767 2206 13012 2420 3021 13013 2421 3022 13014 1766 2207 13015 2422 3078 13016 2422 3078 13017 1766 2207 13018 1765 2208 13019 2422 3078 13020 1765 2208 13021 2423 3079 13022 2423 3079 13023 1765 2208 13024 1764 2210 13025 2423 3079 13026 1764 2210 13027 2424 3080 13028 2424 3080 13029 1764 2210 13030 1763 2212 13031 2424 3080 13032 1763 2212 13033 2425 3081 13034 2425 3081 13035 1763 2212 13036 2426 3082 13037 2425 3081 13038 2426 3082 13039 2379 3083 13040 2379 3083 13041 2426 3082 13042 2427 3084 13043 2379 3083 13044 2427 3084 13045 2378 3085 13046 2378 3085 13047 2427 3084 13048 2428 3086 13049 2378 3085 13050 2428 3086 13051 2429 3087 13052 2429 3087 13053 2428 3086 13054 1760 2263 13055 2429 3087 13056 1760 2263 13057 2430 3088 13058 2430 3088 13059 1760 2263 13060 1759 2261 13061 2430 3088 13062 1759 2261 13063 2431 3089 13064 2431 3089 13065 1759 2261 13066 2432 3090 13067 2431 3089 13068 2432 3090 13069 2376 3091 13070 2376 3091 13071 2432 3090 13072 2433 3092 13073 2376 3091 13074 2433 3092 13075 2375 3093 13076 2375 3093 13077 2433 3092 13078 2434 3094 13079 2375 3093 13080 2434 3094 13081 2435 3095 13082 2435 3095 13083 2434 3094 13084 1757 2259 13085 2435 3095 13086 1757 2259 13087 2436 3096 13088 2436 3096 13089 1757 2259 13090 1756 2258 13091 2436 3096 13092 1756 2258 13093 2437 3097 13094 2437 3097 13095 1756 2258 13096 1755 2257 13097 2437 3097 13098 1755 2257 13099 2438 3098 13100 2438 3098 13101 1755 2257 13102 2439 3099 13103 2438 3098 13104 2439 3099 13105 2372 3100 13106 2372 3100 13107 2439 3099 13108 2371 3101 13109 2371 3101 13110 2439 3099 13111 2440 3102 13112 2371 3101 13113 2440 3102 13114 1707 3103 13115 1707 3103 13116 2440 3102 13117 1754 2255 13118 1754 2255 13119 2440 3102 13120 2439 3099 13121 1754 2255 13122 2439 3099 13123 1755 2257 13124 1763 2212 13125 1762 2214 13126 2426 3082 13127 2426 3082 13128 1762 2214 13129 2427 3084 13130 1762 2214 13131 1761 2265 13132 2427 3084 13133 2427 3084 13134 1761 2265 13135 2428 3086 13136 1761 2265 13137 1760 2263 13138 2428 3086 13139 1759 2261 13140 1758 2260 13141 2432 3090 13142 2432 3090 13143 1758 2260 13144 2433 3092 13145 2433 3092 13146 1758 2260 13147 2434 3094 13148 2434 3094 13149 1758 2260 13150 1757 2259 13151 2438 3098 13152 2372 3100 13153 2437 3097 13154 2437 3097 13155 2372 3100 13156 2373 3104 13157 2437 3097 13158 2373 3104 13159 2436 3096 13160 2436 3096 13161 2373 3104 13162 2374 3105 13163 2436 3096 13164 2374 3105 13165 2435 3095 13166 2435 3095 13167 2374 3105 13168 2375 3093 13169 2376 3091 13170 2377 3106 13171 2431 3089 13172 2431 3089 13173 2377 3106 13174 2430 3088 13175 2430 3088 13176 2377 3106 13177 2429 3087 13178 2429 3087 13179 2377 3106 13180 2378 3085 13181 2379 3083 13182 2380 3107 13183 2425 3081 13184 2425 3081 13185 2380 3107 13186 2424 3080 13187 2424 3080 13188 2380 3107 13189 2423 3079 13190 2423 3079 13191 2380 3107 13192 2381 3108 13193 2423 3079 13194 2381 3108 13195 2422 3078 13196 2422 3078 13197 2381 3108 13198 2382 3109 13199 2422 3078 13200 2382 3109 13201 2421 3022 13202 2421 3022 13203 2382 3109 13204 2383 3020 13205 2466 3110 13206 2441 3111 13207 2467 3112 13208 2467 3112 13209 2441 3111 13210 2442 3113 13211 2467 3112 13212 2442 3113 13213 1042 1293 13214 1042 1293 13215 1059 1292 13216 2467 3112 13217 2467 3112 13218 1059 1292 13219 1134 1406 13220 2467 3112 13221 1134 1406 13222 1133 1407 13223 1132 1409 13224 2469 3114 13225 1133 1407 13226 1133 1407 13227 2469 3114 13228 2468 3115 13229 1133 1407 13230 2468 3115 13231 2467 3112 13232 2467 3112 13233 2468 3115 13234 2466 3110 13235 2469 3114 13236 1132 1409 13237 2470 3116 13238 2470 3116 13239 1132 1409 13240 1131 1411 13241 2470 3116 13242 1131 1411 13243 2471 3117 13244 2471 3117 13245 1131 1411 13246 2472 3118 13247 2471 3117 13248 2472 3118 13249 2463 3119 13250 2463 3119 13251 2472 3118 13252 2462 3120 13253 2462 3120 13254 2472 3118 13255 2473 3121 13256 2462 3120 13257 2473 3121 13258 2461 3122 13259 2461 3122 13260 2473 3121 13261 2474 3123 13262 2461 3122 13263 2474 3123 13264 2460 3124 13265 2460 3124 13266 2474 3123 13267 2475 3125 13268 2460 3124 13269 2475 3125 13270 2476 3126 13271 2476 3126 13272 2475 3125 13273 1127 1517 13274 2476 3126 13275 1127 1517 13276 1126 1515 13277 1131 1411 13278 1130 1413 13279 2472 3118 13280 2472 3118 13281 1130 1413 13282 2473 3121 13283 1130 1413 13284 1129 1414 13285 2473 3121 13286 2473 3121 13287 1129 1414 13288 2474 3123 13289 1129 1414 13290 1128 1417 13291 2474 3123 13292 2474 3123 13293 1128 1417 13294 2475 3125 13295 1128 1417 13296 1127 1517 13297 2475 3125 13298 1125 1514 13299 2478 3127 13300 1126 1515 13301 1126 1515 13302 2478 3127 13303 2477 3128 13304 1126 1515 13305 2477 3128 13306 2476 3126 13307 2476 3126 13308 2477 3128 13309 2459 3129 13310 2476 3126 13311 2459 3129 13312 2460 3124 13313 2478 3127 13314 1125 1514 13315 2479 3130 13316 2479 3130 13317 1125 1514 13318 1124 1512 13319 2479 3130 13320 1124 1512 13321 2480 3131 13322 2480 3131 13323 1124 1512 13324 1123 1511 13325 2480 3131 13326 1123 1511 13327 2481 3132 13328 2481 3132 13329 1123 1511 13330 2482 3133 13331 2481 3132 13332 2482 3133 13333 2456 3134 13334 2456 3134 13335 2482 3133 13336 2483 3135 13337 2456 3134 13338 2483 3135 13339 2455 3136 13340 2455 3136 13341 2483 3135 13342 2484 3137 13343 2455 3136 13344 2484 3137 13345 2454 3138 13346 2454 3138 13347 2484 3137 13348 2485 3139 13349 2454 3138 13350 2485 3139 13351 2453 3140 13352 2453 3140 13353 2485 3139 13354 2486 3141 13355 2453 3140 13356 2486 3141 13357 2452 3142 13358 2452 3142 13359 2486 3141 13360 2487 3143 13361 2452 3142 13362 2487 3143 13363 2488 3144 13364 2488 3144 13365 2487 3143 13366 1119 1506 13367 2488 3144 13368 1119 1506 13369 1118 1505 13370 1123 1511 13371 1122 1510 13372 2482 3133 13373 2482 3133 13374 1122 1510 13375 2483 3135 13376 1122 1510 13377 1121 1509 13378 2483 3135 13379 2483 3135 13380 1121 1509 13381 2484 3137 13382 1121 1509 13383 1120 1508 13384 2484 3137 13385 2484 3137 13386 1120 1508 13387 2485 3139 13388 2485 3139 13389 1120 1508 13390 2486 3141 13391 2486 3141 13392 1120 1508 13393 1119 1506 13394 2486 3141 13395 1119 1506 13396 2487 3143 13397 1118 1505 13398 2443 3145 13399 2488 3144 13400 2488 3144 13401 2443 3145 13402 2444 3146 13403 2488 3144 13404 2444 3146 13405 2445 3147 13406 2445 3147 13407 2446 3148 13408 2488 3144 13409 2488 3144 13410 2446 3148 13411 2447 3149 13412 2488 3144 13413 2447 3149 13414 2448 3150 13415 2448 3150 13416 2449 3151 13417 2488 3144 13418 2488 3144 13419 2449 3151 13420 2450 3152 13421 2488 3144 13422 2450 3152 13423 2452 3142 13424 2452 3142 13425 2450 3152 13426 2451 3153 13427 2456 3134 13428 2457 3154 13429 2481 3132 13430 2481 3132 13431 2457 3154 13432 2480 3131 13433 2480 3131 13434 2457 3154 13435 2479 3130 13436 2479 3130 13437 2457 3154 13438 2458 3155 13439 2479 3130 13440 2458 3155 13441 2478 3127 13442 2478 3127 13443 2458 3155 13444 2477 3128 13445 2458 3155 13446 2459 3129 13447 2477 3128 13448 2463 3119 13449 2464 3156 13450 2471 3117 13451 2471 3117 13452 2464 3156 13453 2470 3116 13454 2464 3156 13455 2465 3157 13456 2470 3116 13457 2470 3116 13458 2465 3157 13459 2469 3114 13460 2469 3114 13461 2465 3157 13462 2468 3115 13463 2468 3115 13464 2465 3157 13465 2466 3110 13466 2505 3158 13467 1950 3159 13468 2527 3160 13469 2527 3160 13470 1950 3159 13471 1954 3161 13472 2527 3160 13473 1954 3161 13474 1953 3162 13475 2527 3160 13476 1953 3162 13477 1148 1535 13478 1148 3163 13479 1953 3164 13480 1952 3165 13481 1148 1535 13482 1952 3166 13483 1149 1538 13484 2527 3160 13485 1148 1535 13486 2526 3167 13487 2526 3167 13488 1148 1535 13489 1147 1534 13490 2526 3167 13491 1147 1534 13492 2525 3168 13493 2525 3168 13494 1147 1534 13495 1146 1537 13496 2525 3168 13497 1146 1537 13498 2524 3169 13499 2524 3169 13500 1146 1537 13501 1145 1536 13502 2524 3169 13503 1145 1536 13504 2523 3170 13505 2523 3170 13506 1145 1536 13507 2522 3171 13508 2523 3170 13509 2522 3171 13510 2499 3172 13511 2499 3172 13512 2522 3171 13513 2498 3173 13514 2498 3173 13515 2522 3171 13516 2521 3174 13517 2498 3173 13518 2521 3174 13519 2520 3175 13520 2520 3175 13521 2521 3174 13522 1144 1533 13523 2520 3175 13524 1144 1533 13525 1143 1345 13526 1145 1536 13527 1144 1533 13528 2522 3171 13529 2522 3171 13530 1144 1533 13531 2521 3174 13532 1142 1346 13533 2518 3176 13534 1143 1345 13535 1143 1345 13536 2518 3176 13537 2519 3177 13538 1143 1345 13539 2519 3177 13540 2520 3175 13541 2520 3175 13542 2519 3177 13543 2497 3178 13544 2520 3175 13545 2497 3178 13546 2498 3173 13547 1141 1348 13548 2516 3179 13549 1142 1346 13550 1142 1346 13551 2516 3179 13552 2517 3180 13553 1142 1346 13554 2517 3180 13555 2518 3176 13556 2518 3176 13557 2517 3180 13558 2496 3181 13559 2518 3176 13560 2496 3181 13561 2497 3178 13562 1140 1350 13563 2514 3182 13564 1141 1348 13565 1141 1348 13566 2514 3182 13567 2515 3183 13568 1141 1348 13569 2515 3183 13570 2516 3179 13571 2516 3179 13572 2515 3183 13573 2495 3184 13574 2516 3179 13575 2495 3184 13576 2496 3181 13577 1139 1531 13578 2512 3185 13579 1140 1350 13580 1140 1350 13581 2512 3185 13582 2513 3186 13583 1140 1350 13584 2513 3186 13585 2514 3182 13586 2514 3182 13587 2513 3186 13588 2494 3187 13589 2514 3182 13590 2494 3187 13591 2495 3184 13592 2512 3185 13593 1139 1531 13594 2511 3188 13595 2511 3188 13596 1139 1531 13597 1138 1529 13598 2511 3188 13599 1138 1529 13600 2510 3189 13601 2510 3189 13602 1138 1529 13603 1137 1527 13604 2510 3189 13605 1137 1527 13606 2509 3190 13607 2509 3190 13608 1137 1527 13609 2508 3191 13610 2509 3190 13611 2508 3191 13612 2491 3192 13613 2491 3192 13614 2508 3191 13615 2490 3193 13616 2490 3193 13617 2508 3191 13618 2507 3194 13619 2490 3193 13620 2507 3194 13621 2506 3195 13622 2506 3195 13623 2507 3194 13624 1135 1387 13625 2506 3195 13626 1135 1387 13627 1051 1318 13628 1137 1527 13629 1136 1526 13630 2508 3191 13631 2508 3191 13632 1136 1526 13633 2507 3194 13634 1136 1526 13635 1135 1387 13636 2507 3194 13637 1051 1318 13638 1050 1320 13639 2506 3195 13640 2506 3195 13641 1050 1320 13642 2489 3196 13643 2506 3195 13644 2489 3196 13645 2490 3193 13646 2491 3192 13647 2492 3197 13648 2509 3190 13649 2509 3190 13650 2492 3197 13651 2510 3189 13652 2492 3197 13653 2493 3198 13654 2510 3189 13655 2510 3189 13656 2493 3198 13657 2511 3188 13658 2511 3188 13659 2493 3198 13660 2512 3185 13661 2512 3185 13662 2493 3198 13663 2494 3187 13664 2512 3185 13665 2494 3187 13666 2513 3186 13667 2499 3172 13668 2500 3199 13669 2523 3170 13670 2523 3170 13671 2500 3199 13672 2524 3169 13673 2500 3199 13674 2501 3200 13675 2524 3169 13676 2524 3169 13677 2501 3200 13678 2525 3168 13679 2525 3168 13680 2501 3200 13681 2526 3167 13682 2526 3167 13683 2501 3200 13684 2502 3201 13685 2526 3167 13686 2502 3201 13687 2527 3160 13688 2527 3160 13689 2502 3201 13690 2504 3202 13691 2527 3160 13692 2504 3202 13693 2505 3158 13694 2502 3203 13695 2503 3204 13696 2504 3205 13697 2495 3184 13698 2515 3183 13699 2514 3182 13700 2496 3181 13701 2517 3180 13702 2516 3179 13703 2497 3178 13704 2519 3177 13705 2518 3176 13706 2152 3206 13707 2504 3202 13708 2153 3207 13709 2153 3207 13710 2504 3202 13711 2503 3208 13712 2153 3209 13713 2503 3210 13714 2154 3211 13715 2504 3202 13716 2152 3206 13717 2505 3158 13718 2505 3212 13719 2152 3213 13720 2151 3214 13721 2505 3158 13722 2151 3215 13723 1950 3159 13724 1950 3159 13725 2151 3215 13726 1951 3216 13727 2447 983 13728 2446 983 13729 2448 983 13730 2448 3217 13731 2446 3218 13732 2445 3219 13733 2448 3220 13734 2445 3221 13735 2444 3222 13736 2444 3223 13737 2443 3223 13738 2448 3223 13739 2448 3224 13740 2443 3225 13741 1118 3226 13742 2448 3227 13743 1118 3227 13744 2345 3227 13745 2345 3228 13746 1118 3228 13747 1117 3228 13748 2345 3229 13749 1117 3229 13750 1116 3229 13751 1116 3230 13752 1115 3230 13753 2345 3230 13754 2345 3231 13755 1115 3231 13756 1114 3231 13757 2448 3150 13758 2345 3232 13759 2449 3151 13760 2449 3151 13761 2345 3232 13762 2344 3233 13763 2449 3234 13764 2344 3235 13765 2343 3236 13766 2449 3151 13767 2343 3237 13768 2450 3152 13769 2450 3152 13770 2343 3237 13771 2342 3238 13772 2450 3152 13773 2342 3238 13774 2451 3153 13775 2451 3239 13776 2342 3240 13777 2341 3241 13778 1987 3242 13779 2536 3243 13780 1988 3244 13781 1988 3244 13782 2536 3243 13783 2537 3245 13784 1988 3244 13785 2537 3245 13786 2310 3246 13787 2310 3246 13788 2537 3245 13789 2538 3247 13790 2310 3246 13791 2538 3247 13792 2311 3248 13793 2536 3243 13794 1987 3242 13795 2535 3249 13796 2535 3249 13797 1987 3242 13798 1986 3250 13799 2535 3249 13800 1986 3250 13801 2534 3251 13802 2534 3251 13803 1986 3250 13804 1985 3252 13805 2534 3251 13806 1985 3252 13807 2533 3253 13808 2533 3253 13809 1985 3252 13810 1984 3254 13811 2533 3253 13812 1984 3254 13813 2532 3255 13814 2532 3255 13815 1984 3254 13816 1983 3256 13817 2532 3255 13818 1983 3256 13819 2531 3257 13820 2531 3257 13821 1983 3256 13822 1982 3258 13823 2531 3257 13824 1982 3258 13825 2530 3259 13826 2530 3259 13827 1982 3258 13828 1981 3260 13829 2530 3261 13830 1981 3262 13831 2529 3263 13832 2529 3263 13833 1981 3262 13834 2309 3264 13835 2529 3263 13836 2309 3264 13837 2528 3265 13838 2528 3265 13839 2309 3264 13840 2308 3266 13841 2539 1004 13842 2312 1004 13843 2538 1004 13844 2538 1004 13845 2312 1004 13846 2311 1004 13847 2308 983 13848 2307 983 13849 2528 983 13850 2528 983 13851 2307 983 13852 2540 983 13853 2539 0 13854 2538 0 13855 2542 0 13856 2542 3267 13857 2538 3267 13858 2537 3267 13859 2542 3268 13860 2537 3268 13861 2536 3268 13862 2536 0 13863 2535 0 13864 2542 0 13865 2542 0 13866 2535 0 13867 2534 0 13868 2542 0 13869 2534 0 13870 2533 0 13871 2542 0 13872 2533 0 13873 2541 0 13874 2541 0 13875 2533 0 13876 2532 0 13877 2541 0 13878 2532 0 13879 2531 0 13880 2531 0 13881 2530 0 13882 2541 0 13883 2541 3268 13884 2530 3268 13885 2529 3268 13886 2541 3267 13887 2529 3267 13888 2528 3267 13889 2528 0 13890 2540 0 13891 2541 0 13892 1962 3269 13893 2545 3270 13894 1963 3271 13895 1963 3271 13896 2545 3270 13897 2546 3272 13898 1963 3271 13899 2546 3272 13900 2286 3273 13901 2286 3273 13902 2546 3272 13903 2547 3274 13904 2286 3273 13905 2547 3274 13906 2287 3275 13907 2545 3270 13908 1962 3269 13909 2544 3276 13910 2544 3276 13911 1962 3269 13912 1961 3277 13913 2544 3276 13914 1961 3277 13915 2543 3278 13916 2543 3278 13917 1961 3277 13918 1960 3279 13919 2543 3278 13920 1960 3279 13921 2149 2538 13922 2149 2538 13923 1960 3279 13924 1959 973 13925 2548 983 13926 2288 983 13927 2547 983 13928 2547 983 13929 2288 983 13930 2287 983 13931 2143 1004 13932 2331 1004 13933 2144 1004 13934 2144 1004 13935 2331 1004 13936 2549 1004 13937 2548 0 13938 2547 0 13939 2551 0 13940 2551 3280 13941 2547 3280 13942 2546 3280 13943 2551 3281 13944 2546 3281 13945 2545 3281 13946 2545 0 13947 2544 0 13948 2551 0 13949 2551 0 13950 2544 0 13951 2543 0 13952 2551 0 13953 2543 0 13954 2149 0 13955 2551 0 13956 2149 0 13957 2550 0 13958 2550 0 13959 2149 0 13960 2148 0 13961 2550 0 13962 2148 0 13963 2147 0 13964 2147 0 13965 2146 0 13966 2550 0 13967 2550 3281 13968 2146 3281 13969 2145 3281 13970 2550 3280 13971 2145 3280 13972 2144 3280 13973 2144 0 13974 2549 0 13975 2550 0 13976 2553 62 13977 2035 62 13978 2552 62 13979 2552 62 13980 2035 62 13981 2036 62 13982 2552 3282 13983 2036 3282 13984 2571 3282 13985 2571 62 13986 2036 62 13987 2570 62 13988 2570 3283 13989 2036 3283 13990 2569 3283 13991 2569 62 13992 2036 62 13993 2568 62 13994 2568 62 13995 2036 62 13996 2037 62 13997 2568 62 13998 2037 62 13999 2567 62 14000 2567 62 14001 2037 62 14002 2566 62 14003 2566 62 14004 2037 62 14005 2038 62 14006 2566 3284 14007 2038 3284 14008 2565 3284 14009 2565 62 14010 2038 62 14011 2564 62 14012 2564 3285 14013 2038 3285 14014 2563 3285 14015 2563 62 14016 2038 62 14017 2562 62 14018 2562 62 14019 2038 62 14020 2034 62 14021 2562 62 14022 2034 62 14023 2561 62 14024 2561 62 14025 2034 62 14026 2560 62 14027 2560 3286 14028 2034 3286 14029 2559 3286 14030 2559 3287 14031 2034 3287 14032 2558 3287 14033 2558 62 14034 2034 62 14035 2033 62 14036 2558 62 14037 2033 62 14038 2557 62 14039 2557 62 14040 2033 62 14041 2556 62 14042 2556 62 14043 2033 62 14044 2035 62 14045 2556 3288 14046 2035 3288 14047 2555 3288 14048 2555 3289 14049 2035 3289 14050 2554 3289 14051 2554 62 14052 2035 62 14053 2553 62 14054 2563 3290 14055 2562 3291 14056 2589 3292 14057 2589 3292 14058 2562 3291 14059 2572 3293 14060 2589 3292 14061 2572 3293 14062 2588 3294 14063 2588 3294 14064 2572 3293 14065 2573 3295 14066 2588 3294 14067 2573 3295 14068 2587 3296 14069 2587 3296 14070 2573 3295 14071 2574 3297 14072 2587 3296 14073 2574 3297 14074 2575 3298 14075 2587 3296 14076 2575 3298 14077 2590 3299 14078 2590 3299 14079 2575 3298 14080 2576 3300 14081 2590 3299 14082 2576 3300 14083 2593 3301 14084 2593 3301 14085 2576 3300 14086 2577 3302 14087 2593 3301 14088 2577 3302 14089 2596 3303 14090 2596 3303 14091 2577 3302 14092 2578 3304 14093 2596 3303 14094 2578 3304 14095 2599 3305 14096 2599 3305 14097 2578 3304 14098 2579 3306 14099 2599 3305 14100 2579 3306 14101 2602 3307 14102 2602 3307 14103 2579 3306 14104 2580 3308 14105 2602 3307 14106 2580 3308 14107 2605 3309 14108 2605 3309 14109 2580 3308 14110 2581 3310 14111 2605 3309 14112 2581 3310 14113 2608 3311 14114 2608 3311 14115 2581 3310 14116 2582 3312 14117 2608 3311 14118 2582 3312 14119 2611 3313 14120 2611 3313 14121 2582 3312 14122 2583 3314 14123 2611 3313 14124 2583 3314 14125 2584 3315 14126 2584 3315 14127 2585 3316 14128 2611 3313 14129 2611 3313 14130 2585 3316 14131 2612 3317 14132 2611 3313 14133 2612 3317 14134 2608 3311 14135 2608 3311 14136 2612 3317 14137 2609 3318 14138 2608 3311 14139 2609 3318 14140 2605 3309 14141 2605 3309 14142 2609 3318 14143 2606 3319 14144 2605 3309 14145 2606 3319 14146 2602 3307 14147 2602 3307 14148 2606 3319 14149 2603 3320 14150 2602 3307 14151 2603 3320 14152 2599 3305 14153 2599 3305 14154 2603 3320 14155 2600 3321 14156 2599 3305 14157 2600 3321 14158 2596 3303 14159 2596 3303 14160 2600 3321 14161 2597 3322 14162 2596 3303 14163 2597 3322 14164 2593 3301 14165 2593 3301 14166 2597 3322 14167 2594 3323 14168 2593 3301 14169 2594 3323 14170 2590 3299 14171 2590 3299 14172 2594 3323 14173 2591 3324 14174 2590 3299 14175 2591 3324 14176 2587 3296 14177 2587 3296 14178 2591 3324 14179 2588 3294 14180 2585 3316 14181 2586 3325 14182 2612 3317 14183 2612 3317 14184 2586 3325 14185 2613 3326 14186 2612 3317 14187 2613 3326 14188 2609 3318 14189 2609 3318 14190 2613 3326 14191 2610 3327 14192 2609 3318 14193 2610 3327 14194 2606 3319 14195 2606 3319 14196 2610 3327 14197 2607 3328 14198 2606 3319 14199 2607 3328 14200 2603 3320 14201 2603 3320 14202 2607 3328 14203 2604 3329 14204 2603 3320 14205 2604 3329 14206 2600 3321 14207 2600 3321 14208 2604 3329 14209 2601 3330 14210 2600 3321 14211 2601 3330 14212 2597 3322 14213 2597 3322 14214 2601 3330 14215 2598 3331 14216 2597 3322 14217 2598 3331 14218 2594 3323 14219 2594 3323 14220 2598 3331 14221 2595 3332 14222 2594 3323 14223 2595 3332 14224 2591 3324 14225 2591 3324 14226 2595 3332 14227 2592 3333 14228 2591 3324 14229 2592 3333 14230 2588 3294 14231 2588 3294 14232 2592 3333 14233 2589 3292 14234 2586 3325 14235 2552 3334 14236 2613 3326 14237 2613 3326 14238 2552 3334 14239 2571 3335 14240 2613 3326 14241 2571 3335 14242 2610 3327 14243 2610 3327 14244 2571 3335 14245 2570 3336 14246 2610 3327 14247 2570 3336 14248 2607 3328 14249 2607 3328 14250 2570 3336 14251 2569 3337 14252 2607 3328 14253 2569 3337 14254 2604 3329 14255 2604 3329 14256 2569 3337 14257 2568 3338 14258 2604 3329 14259 2568 3338 14260 2601 3330 14261 2601 3330 14262 2568 3338 14263 2567 3339 14264 2601 3330 14265 2567 3339 14266 2598 3331 14267 2598 3331 14268 2567 3339 14269 2566 3340 14270 2598 3331 14271 2566 3340 14272 2595 3332 14273 2595 3332 14274 2566 3340 14275 2565 3341 14276 2595 3332 14277 2565 3341 14278 2592 3333 14279 2592 3333 14280 2565 3341 14281 2564 3342 14282 2592 3333 14283 2564 3342 14284 2589 3292 14285 2589 3292 14286 2564 3342 14287 2563 3290 14288 2615 62 14289 2103 62 14290 2614 62 14291 2614 62 14292 2103 62 14293 2104 62 14294 2614 3343 14295 2104 3343 14296 2633 3343 14297 2633 62 14298 2104 62 14299 2632 62 14300 2632 3344 14301 2104 3344 14302 2631 3344 14303 2631 62 14304 2104 62 14305 2105 62 14306 2631 62 14307 2105 62 14308 2630 62 14309 2630 62 14310 2105 62 14311 2629 62 14312 2629 62 14313 2105 62 14314 2628 62 14315 2628 62 14316 2105 62 14317 2627 62 14318 2627 62 14319 2105 62 14320 2106 62 14321 2627 62 14322 2106 62 14323 2626 62 14324 2626 3345 14325 2106 3345 14326 2625 3345 14327 2625 62 14328 2106 62 14329 2624 62 14330 2624 62 14331 2106 62 14332 2102 62 14333 2624 62 14334 2102 62 14335 2623 62 14336 2623 62 14337 2102 62 14338 2622 62 14339 2622 3346 14340 2102 3346 14341 2621 3346 14342 2621 62 14343 2102 62 14344 2101 62 14345 2621 3347 14346 2101 3347 14347 2620 3347 14348 2620 62 14349 2101 62 14350 2619 62 14351 2619 62 14352 2101 62 14353 2618 62 14354 2618 62 14355 2101 62 14356 2617 62 14357 2617 62 14358 2101 62 14359 2103 62 14360 2617 3348 14361 2103 3348 14362 2616 3348 14363 2616 62 14364 2103 62 14365 2615 62 14366 2625 3349 14367 2624 3350 14368 2654 3351 14369 2654 3351 14370 2624 3350 14371 2634 3352 14372 2654 3351 14373 2634 3352 14374 2653 3353 14375 2653 3353 14376 2634 3352 14377 2635 3354 14378 2653 3353 14379 2635 3354 14380 2652 3355 14381 2652 3355 14382 2635 3354 14383 2636 3356 14384 2652 3355 14385 2636 3356 14386 2637 3357 14387 2652 3355 14388 2637 3357 14389 2655 3358 14390 2655 3358 14391 2637 3357 14392 2638 3359 14393 2655 3358 14394 2638 3359 14395 2658 3360 14396 2658 3360 14397 2638 3359 14398 2639 3361 14399 2658 3360 14400 2639 3361 14401 2661 3362 14402 2661 3362 14403 2639 3361 14404 2640 3363 14405 2661 3362 14406 2640 3363 14407 2649 3364 14408 2649 3364 14409 2640 3363 14410 2641 3365 14411 2649 3364 14412 2641 3365 14413 2664 3366 14414 2664 3366 14415 2641 3365 14416 2642 3367 14417 2664 3366 14418 2642 3367 14419 2667 3368 14420 2667 3368 14421 2642 3367 14422 2643 3369 14423 2667 3368 14424 2643 3369 14425 2670 3370 14426 2670 3370 14427 2643 3369 14428 2644 3371 14429 2670 3370 14430 2644 3371 14431 2673 3372 14432 2673 3372 14433 2644 3371 14434 2645 3373 14435 2673 3372 14436 2645 3373 14437 2646 3374 14438 2646 3374 14439 2647 3375 14440 2673 3372 14441 2673 3372 14442 2647 3375 14443 2674 3376 14444 2673 3372 14445 2674 3376 14446 2671 3377 14447 2671 3377 14448 2674 3376 14449 2672 3378 14450 2671 3377 14451 2672 3378 14452 2668 3379 14453 2668 3379 14454 2672 3378 14455 2669 3380 14456 2668 3379 14457 2669 3380 14458 2665 3381 14459 2665 3381 14460 2669 3380 14461 2666 3382 14462 2665 3381 14463 2666 3382 14464 2650 3383 14465 2650 3383 14466 2666 3382 14467 2651 3384 14468 2650 3383 14469 2651 3384 14470 2662 3385 14471 2662 3385 14472 2651 3384 14473 2663 3386 14474 2662 3385 14475 2663 3386 14476 2659 3387 14477 2659 3387 14478 2663 3386 14479 2660 3388 14480 2659 3387 14481 2660 3388 14482 2656 3389 14483 2656 3389 14484 2660 3388 14485 2657 3390 14486 2656 3389 14487 2657 3390 14488 2653 3353 14489 2653 3353 14490 2657 3390 14491 2654 3351 14492 2647 3375 14493 2648 3391 14494 2674 3376 14495 2674 3376 14496 2648 3391 14497 2675 3392 14498 2674 3376 14499 2675 3392 14500 2672 3378 14501 2672 3378 14502 2675 3392 14503 2633 3393 14504 2672 3378 14505 2633 3393 14506 2632 3394 14507 2648 3391 14508 2614 3395 14509 2675 3392 14510 2675 3392 14511 2614 3395 14512 2633 3393 14513 2672 3378 14514 2632 3394 14515 2669 3380 14516 2669 3380 14517 2632 3394 14518 2631 3396 14519 2669 3380 14520 2631 3396 14521 2666 3382 14522 2666 3382 14523 2631 3396 14524 2630 3397 14525 2666 3382 14526 2630 3397 14527 2651 3384 14528 2651 3384 14529 2630 3397 14530 2629 3398 14531 2651 3384 14532 2629 3398 14533 2663 3386 14534 2663 3386 14535 2629 3398 14536 2628 3399 14537 2663 3386 14538 2628 3399 14539 2660 3388 14540 2660 3388 14541 2628 3399 14542 2627 3400 14543 2660 3388 14544 2627 3400 14545 2657 3390 14546 2657 3390 14547 2627 3400 14548 2626 3401 14549 2657 3390 14550 2626 3401 14551 2654 3351 14552 2654 3351 14553 2626 3401 14554 2625 3349 14555 2649 3364 14556 2650 3383 14557 2661 3362 14558 2661 3362 14559 2650 3383 14560 2662 3385 14561 2661 3362 14562 2662 3385 14563 2658 3360 14564 2658 3360 14565 2662 3385 14566 2659 3387 14567 2658 3360 14568 2659 3387 14569 2655 3358 14570 2655 3358 14571 2659 3387 14572 2656 3389 14573 2655 3358 14574 2656 3389 14575 2652 3355 14576 2652 3355 14577 2656 3389 14578 2653 3353 14579 2650 3383 14580 2649 3364 14581 2665 3381 14582 2665 3381 14583 2649 3364 14584 2664 3366 14585 2665 3381 14586 2664 3366 14587 2668 3379 14588 2668 3379 14589 2664 3366 14590 2667 3368 14591 2668 3379 14592 2667 3368 14593 2671 3377 14594 2671 3377 14595 2667 3368 14596 2670 3370 14597 2671 3377 14598 2670 3370 14599 2673 3372 14600 2647 3375 14601 2646 3374 14602 2685 3402 14603 2685 3402 14604 2646 3374 14605 2676 3403 14606 2685 3402 14607 2676 3403 14608 2688 3404 14609 2688 3404 14610 2676 3403 14611 2677 3405 14612 2688 3404 14613 2677 3405 14614 2691 3406 14615 2691 3406 14616 2677 3405 14617 2678 3407 14618 2691 3406 14619 2678 3407 14620 2694 3408 14621 2694 3408 14622 2678 3407 14623 2679 3409 14624 2694 3408 14625 2679 3409 14626 2697 3410 14627 2697 3410 14628 2679 3409 14629 2680 3411 14630 2697 3410 14631 2680 3411 14632 2700 3412 14633 2700 3412 14634 2680 3411 14635 2681 3413 14636 2700 3412 14637 2681 3413 14638 2703 3414 14639 2703 3414 14640 2681 3413 14641 2682 3415 14642 2703 3414 14643 2682 3415 14644 2706 3416 14645 2706 3416 14646 2682 3415 14647 2683 3417 14648 2706 3416 14649 2683 3417 14650 2709 3418 14651 2709 3418 14652 2683 3417 14653 2684 3419 14654 2709 3418 14655 2684 3419 14656 2636 3356 14657 2636 3356 14658 2635 3354 14659 2709 3418 14660 2709 3418 14661 2635 3354 14662 2710 3420 14663 2709 3418 14664 2710 3420 14665 2706 3416 14666 2706 3416 14667 2710 3420 14668 2707 3421 14669 2706 3416 14670 2707 3421 14671 2703 3414 14672 2703 3414 14673 2707 3421 14674 2704 3422 14675 2703 3414 14676 2704 3422 14677 2700 3412 14678 2700 3412 14679 2704 3422 14680 2701 3423 14681 2700 3412 14682 2701 3423 14683 2697 3410 14684 2697 3410 14685 2701 3423 14686 2698 3424 14687 2697 3410 14688 2698 3424 14689 2695 3425 14690 2695 3425 14691 2698 3424 14692 2696 3426 14693 2695 3425 14694 2696 3426 14695 2693 3427 14696 2693 3427 14697 2696 3426 14698 2618 3428 14699 2693 3427 14700 2618 3428 14701 2617 3429 14702 2635 3354 14703 2634 3352 14704 2710 3420 14705 2710 3420 14706 2634 3352 14707 2711 3430 14708 2710 3420 14709 2711 3430 14710 2707 3421 14711 2707 3421 14712 2711 3430 14713 2708 3431 14714 2707 3421 14715 2708 3431 14716 2704 3422 14717 2704 3422 14718 2708 3431 14719 2705 3432 14720 2704 3422 14721 2705 3432 14722 2701 3423 14723 2701 3423 14724 2705 3432 14725 2702 3433 14726 2701 3423 14727 2702 3433 14728 2698 3424 14729 2698 3424 14730 2702 3433 14731 2699 3434 14732 2698 3424 14733 2699 3434 14734 2696 3426 14735 2696 3426 14736 2699 3434 14737 2619 3435 14738 2696 3426 14739 2619 3435 14740 2618 3428 14741 2634 3352 14742 2624 3350 14743 2711 3430 14744 2711 3430 14745 2624 3350 14746 2623 3436 14747 2711 3430 14748 2623 3436 14749 2708 3431 14750 2708 3431 14751 2623 3436 14752 2622 3437 14753 2708 3431 14754 2622 3437 14755 2705 3432 14756 2705 3432 14757 2622 3437 14758 2621 3438 14759 2705 3432 14760 2621 3438 14761 2702 3433 14762 2702 3433 14763 2621 3438 14764 2620 3439 14765 2702 3433 14766 2620 3439 14767 2699 3434 14768 2699 3434 14769 2620 3439 14770 2619 3435 14771 2617 3429 14772 2616 3440 14773 2693 3427 14774 2693 3427 14775 2616 3440 14776 2690 3441 14777 2693 3427 14778 2690 3441 14779 2692 3442 14780 2692 3442 14781 2690 3441 14782 2689 3443 14783 2692 3442 14784 2689 3443 14785 2691 3406 14786 2691 3406 14787 2689 3443 14788 2688 3404 14789 2690 3441 14790 2616 3440 14791 2687 3444 14792 2687 3444 14793 2616 3440 14794 2615 3445 14795 2687 3444 14796 2615 3445 14797 2614 3395 14798 2614 3395 14799 2648 3391 14800 2687 3444 14801 2687 3444 14802 2648 3391 14803 2686 3446 14804 2687 3444 14805 2686 3446 14806 2689 3443 14807 2689 3443 14808 2686 3446 14809 2688 3404 14810 2648 3391 14811 2647 3375 14812 2686 3446 14813 2686 3446 14814 2647 3375 14815 2685 3402 14816 2686 3446 14817 2685 3402 14818 2688 3404 14819 2690 3441 14820 2687 3444 14821 2689 3443 14822 2692 3442 14823 2691 3406 14824 2694 3408 14825 2695 3425 14826 2693 3427 14827 2692 3442 14828 2695 3425 14829 2692 3442 14830 2694 3408 14831 2697 3410 14832 2695 3425 14833 2694 3408 14834 2585 3316 14835 2584 3315 14836 2724 3447 14837 2724 3447 14838 2584 3315 14839 2712 3448 14840 2724 3447 14841 2712 3448 14842 2727 3449 14843 2727 3449 14844 2712 3448 14845 2713 2493 14846 2727 3449 14847 2713 2493 14848 2730 3450 14849 2730 3450 14850 2713 2493 14851 2714 3451 14852 2730 3450 14853 2714 3451 14854 2733 3452 14855 2733 3452 14856 2714 3451 14857 2715 3453 14858 2733 3452 14859 2715 3453 14860 2721 3454 14861 2721 3454 14862 2715 3453 14863 2716 3455 14864 2721 3454 14865 2716 3455 14866 2736 3456 14867 2736 3456 14868 2716 3455 14869 2717 3457 14870 2736 3456 14871 2717 3457 14872 2739 3458 14873 2739 3458 14874 2717 3457 14875 2718 3459 14876 2739 3458 14877 2718 3459 14878 2742 3460 14879 2742 3460 14880 2718 3459 14881 2719 3461 14882 2742 3460 14883 2719 3461 14884 2745 3462 14885 2745 3462 14886 2719 3461 14887 2720 3463 14888 2745 3462 14889 2720 3463 14890 2574 3297 14891 2574 3297 14892 2573 3295 14893 2745 3462 14894 2745 3462 14895 2573 3295 14896 2746 3464 14897 2745 3462 14898 2746 3464 14899 2742 3460 14900 2742 3460 14901 2746 3464 14902 2743 3465 14903 2742 3460 14904 2743 3465 14905 2739 3458 14906 2739 3458 14907 2743 3465 14908 2740 3466 14909 2739 3458 14910 2740 3466 14911 2736 3456 14912 2736 3456 14913 2740 3466 14914 2737 3467 14915 2736 3456 14916 2737 3467 14917 2721 3454 14918 2721 3454 14919 2737 3467 14920 2722 3468 14921 2721 3454 14922 2722 3468 14923 2733 3452 14924 2733 3452 14925 2722 3468 14926 2734 3469 14927 2733 3452 14928 2734 3469 14929 2730 3450 14930 2730 3450 14931 2734 3469 14932 2731 3470 14933 2730 3450 14934 2731 3470 14935 2727 3449 14936 2727 3449 14937 2731 3470 14938 2728 3471 14939 2727 3449 14940 2728 3471 14941 2724 3447 14942 2724 3447 14943 2728 3471 14944 2725 3472 14945 2724 3447 14946 2725 3472 14947 2585 3316 14948 2585 3316 14949 2725 3472 14950 2586 3325 14951 2586 3325 14952 2725 3472 14953 2726 3473 14954 2586 3325 14955 2726 3473 14956 2552 3334 14957 2552 3334 14958 2726 3473 14959 2553 3474 14960 2553 3474 14961 2726 3473 14962 2554 3475 14963 2554 3475 14964 2726 3473 14965 2729 3476 14966 2554 3475 14967 2729 3476 14968 2555 3477 14969 2555 3477 14970 2729 3476 14971 2732 3478 14972 2555 3477 14973 2732 3478 14974 2556 3479 14975 2556 3479 14976 2732 3478 14977 2735 3480 14978 2556 3479 14979 2735 3480 14980 2557 3481 14981 2557 3481 14982 2735 3480 14983 2723 3482 14984 2557 3481 14985 2723 3482 14986 2558 3483 14987 2558 3483 14988 2723 3482 14989 2738 3484 14990 2558 3483 14991 2738 3484 14992 2559 3485 14993 2559 3485 14994 2738 3484 14995 2741 3486 14996 2559 3485 14997 2741 3486 14998 2560 3487 14999 2560 3487 15000 2741 3486 15001 2744 3488 15002 2560 3487 15003 2744 3488 15004 2561 3489 15005 2561 3489 15006 2744 3488 15007 2747 3490 15008 2561 3489 15009 2747 3490 15010 2562 3291 15011 2562 3291 15012 2747 3490 15013 2572 3293 15014 2572 3293 15015 2747 3490 15016 2746 3464 15017 2572 3293 15018 2746 3464 15019 2573 3295 15020 2722 3468 15021 2723 3482 15022 2734 3469 15023 2734 3469 15024 2723 3482 15025 2735 3480 15026 2734 3469 15027 2735 3480 15028 2731 3470 15029 2731 3470 15030 2735 3480 15031 2732 3478 15032 2731 3470 15033 2732 3478 15034 2728 3471 15035 2728 3471 15036 2732 3478 15037 2729 3476 15038 2728 3471 15039 2729 3476 15040 2725 3472 15041 2725 3472 15042 2729 3476 15043 2726 3473 15044 2723 3482 15045 2722 3468 15046 2738 3484 15047 2738 3484 15048 2722 3468 15049 2737 3467 15050 2738 3484 15051 2737 3467 15052 2741 3486 15053 2741 3486 15054 2737 3467 15055 2740 3466 15056 2741 3486 15057 2740 3466 15058 2744 3488 15059 2744 3488 15060 2740 3466 15061 2743 3465 15062 2744 3488 15063 2743 3465 15064 2747 3490 15065 2747 3490 15066 2743 3465 15067 2746 3464 15068 2749 3491 15069 2750 3492 15070 2748 3493 15071 2748 3494 15072 2750 3495 15073 2775 3496 15074 2775 3496 15075 2750 3495 15076 2751 3497 15077 2775 3496 15078 2751 3497 15079 2774 3498 15080 2774 3498 15081 2751 3497 15082 2752 3499 15083 2774 3498 15084 2752 3499 15085 2753 3500 15086 2774 3498 15087 2753 3500 15088 2773 3501 15089 2773 3501 15090 2753 3500 15091 2754 3502 15092 2773 3501 15093 2754 3502 15094 2755 3503 15095 2773 3501 15096 2755 3503 15097 2772 3504 15098 2772 3504 15099 2755 3503 15100 2756 3505 15101 2772 3504 15102 2756 3505 15103 2771 3506 15104 2771 3506 15105 2756 3505 15106 2757 3507 15107 2771 3506 15108 2757 3507 15109 2758 3508 15110 2771 3506 15111 2758 3508 15112 2770 3509 15113 2770 3509 15114 2758 3508 15115 2759 3510 15116 2770 3509 15117 2759 3510 15118 2769 3511 15119 2769 3511 15120 2759 3510 15121 2760 3512 15122 2769 3511 15123 2760 3512 15124 2761 3513 15125 2769 3511 15126 2761 3513 15127 2768 3514 15128 2768 3514 15129 2761 3513 15130 2762 3515 15131 2768 3514 15132 2762 3515 15133 2763 3516 15134 2768 3514 15135 2763 3516 15136 2767 3517 15137 2767 3517 15138 2763 3516 15139 2764 3518 15140 2767 3517 15141 2764 3518 15142 2766 3519 15143 2766 3519 15144 2764 3518 15145 2765 3520 15146 2777 3521 15147 2778 3522 15148 2776 3523 15149 2776 3523 15150 2778 3522 15151 2803 3524 15152 2803 3524 15153 2778 3522 15154 2779 3525 15155 2803 3526 15156 2779 3527 15157 2802 3528 15158 2802 3528 15159 2779 3527 15160 2780 3529 15161 2802 3528 15162 2780 3529 15163 2781 3530 15164 2802 3528 15165 2781 3530 15166 2801 3531 15167 2801 3531 15168 2781 3530 15169 2782 3532 15170 2801 3531 15171 2782 3532 15172 2783 3533 15173 2801 3531 15174 2783 3533 15175 2800 3534 15176 2800 3534 15177 2783 3533 15178 2784 3535 15179 2800 3534 15180 2784 3535 15181 2799 3536 15182 2799 3536 15183 2784 3535 15184 2785 3537 15185 2799 3536 15186 2785 3537 15187 2786 3538 15188 2799 3536 15189 2786 3538 15190 2798 3539 15191 2798 3539 15192 2786 3538 15193 2787 3540 15194 2798 3539 15195 2787 3540 15196 2797 3541 15197 2797 3541 15198 2787 3540 15199 2788 3542 15200 2797 3541 15201 2788 3542 15202 2789 3543 15203 2797 3541 15204 2789 3543 15205 2796 3544 15206 2796 3544 15207 2789 3543 15208 2790 3545 15209 2796 3544 15210 2790 3545 15211 2791 3546 15212 2796 3544 15213 2791 3546 15214 2795 3547 15215 2795 3547 15216 2791 3546 15217 2792 3548 15218 2795 3547 15219 2792 3548 15220 2794 3549 15221 2794 3549 15222 2792 3548 15223 2793 3550 15224 2285 3551 15225 2804 3552 15226 2211 3553 15227 2211 3553 15228 2804 3552 15229 2212 3554 15230 2212 3554 15231 2804 3552 15232 2805 3555 15233 2212 3554 15234 2805 3555 15235 2213 3556 15236 2213 3556 15237 2805 3555 15238 2806 3557 15239 2213 3556 15240 2806 3557 15241 2807 3558 15242 2213 3556 15243 2807 3558 15244 2214 3559 15245 2214 3559 15246 2807 3558 15247 2808 3560 15248 2214 3559 15249 2808 3560 15250 2809 3561 15251 2214 3559 15252 2809 3561 15253 2215 3562 15254 2215 3562 15255 2809 3561 15256 2810 3563 15257 2215 3562 15258 2810 3563 15259 2216 3564 15260 2216 3564 15261 2810 3563 15262 2811 3565 15263 2216 3564 15264 2811 3565 15265 2812 3566 15266 2216 3567 15267 2812 3568 15268 2217 3569 15269 2217 3569 15270 2812 3568 15271 2813 3570 15272 2217 3569 15273 2813 3570 15274 2218 3571 15275 2218 3571 15276 2813 3570 15277 2814 3572 15278 2218 3571 15279 2814 3572 15280 2815 3573 15281 2218 3571 15282 2815 3573 15283 2219 3574 15284 2219 3574 15285 2815 3573 15286 2816 3575 15287 2219 3574 15288 2816 3575 15289 2817 3576 15290 2219 3574 15291 2817 3576 15292 2220 3577 15293 2220 3577 15294 2817 3576 15295 2818 3578 15296 2220 3577 15297 2818 3578 15298 2221 2816 15299 2221 2816 15300 2818 3578 15301 2269 2817 15302 2251 2785 15303 2250 2787 15304 2838 3579 15305 2838 3579 15306 2250 2787 15307 2819 3580 15308 2838 3579 15309 2819 3580 15310 2837 3581 15311 2837 3581 15312 2819 3580 15313 2820 3582 15314 2837 3581 15315 2820 3582 15316 2839 3583 15317 2839 3583 15318 2820 3582 15319 2821 3584 15320 2839 3583 15321 2821 3584 15322 2840 3585 15323 2840 3585 15324 2821 3584 15325 2822 3586 15326 2840 3585 15327 2822 3586 15328 2841 3587 15329 2841 3587 15330 2822 3586 15331 2823 3588 15332 2841 3587 15333 2823 3588 15334 2842 3589 15335 2842 3589 15336 2823 3588 15337 2824 3590 15338 2842 3589 15339 2824 3590 15340 2843 3591 15341 2843 3591 15342 2824 3590 15343 2825 3592 15344 2843 3591 15345 2825 3592 15346 2844 3593 15347 2844 3593 15348 2825 3592 15349 2826 3594 15350 2844 3593 15351 2826 3594 15352 2845 3595 15353 2845 3595 15354 2826 3594 15355 2827 3596 15356 2845 3595 15357 2827 3596 15358 2846 3597 15359 2846 3597 15360 2827 3596 15361 2828 3598 15362 2846 3597 15363 2828 3598 15364 2847 3599 15365 2847 3599 15366 2828 3598 15367 2829 3600 15368 2847 3599 15369 2829 3600 15370 2848 3601 15371 2848 3601 15372 2829 3600 15373 2830 3602 15374 2848 3601 15375 2830 3602 15376 2835 3603 15377 2835 3603 15378 2830 3602 15379 2831 3604 15380 2835 3603 15381 2831 3604 15382 2849 3605 15383 2849 3605 15384 2831 3604 15385 2832 3606 15386 2849 3605 15387 2832 3606 15388 2850 3607 15389 2850 3607 15390 2832 3606 15391 2833 3608 15392 2850 3607 15393 2833 3608 15394 2851 3609 15395 2851 3609 15396 2833 3608 15397 2834 3610 15398 2851 3609 15399 2834 3610 15400 2836 3611 15401 2836 3611 15402 2834 3610 15403 2232 2752 15404 2836 3611 15405 2232 2752 15406 2231 2751 15407 2834 3610 15408 2233 2753 15409 2232 2752 15410 2231 2751 15411 2175 2666 15412 2836 3611 15413 2836 3611 15414 2175 2666 15415 2195 2668 15416 2836 3611 15417 2195 2668 15418 2851 3609 15419 2851 3609 15420 2195 2668 15421 2194 2673 15422 2851 3609 15423 2194 2673 15424 2850 3607 15425 2850 3607 15426 2194 2673 15427 2193 2675 15428 2850 3607 15429 2193 2675 15430 2849 3605 15431 2849 3605 15432 2193 2675 15433 2192 2677 15434 2849 3605 15435 2192 2677 15436 2835 3603 15437 2835 3603 15438 2192 2677 15439 2848 3601 15440 2192 2677 15441 2191 2679 15442 2848 3601 15443 2848 3601 15444 2191 2679 15445 2847 3599 15446 2191 2679 15447 2190 2681 15448 2847 3599 15449 2847 3599 15450 2190 2681 15451 2846 3597 15452 2190 2681 15453 2189 2683 15454 2846 3597 15455 2846 3597 15456 2189 2683 15457 2845 3595 15458 2189 2683 15459 2188 2685 15460 2845 3595 15461 2845 3595 15462 2188 2685 15463 2844 3593 15464 2188 2685 15465 2187 2687 15466 2844 3593 15467 2844 3593 15468 2187 2687 15469 2843 3591 15470 2187 2687 15471 2186 2689 15472 2843 3591 15473 2843 3591 15474 2186 2689 15475 2842 3589 15476 2186 2689 15477 2185 2691 15478 2842 3589 15479 2842 3589 15480 2185 2691 15481 2841 3587 15482 2185 2691 15483 2184 2693 15484 2841 3587 15485 2841 3587 15486 2184 2693 15487 2840 3585 15488 2184 2693 15489 2183 2695 15490 2840 3585 15491 2840 3585 15492 2183 2695 15493 2839 3583 15494 2183 2695 15495 2182 2697 15496 2839 3583 15497 2839 3583 15498 2182 2697 15499 2837 3581 15500 2182 2697 15501 2181 2699 15502 2837 3581 15503 2837 3581 15504 2181 2699 15505 2838 3579 15506 2181 2699 15507 2180 2701 15508 2838 3579 15509 2838 3579 15510 2180 2701 15511 2252 2786 15512 2838 3579 15513 2252 2786 15514 2251 2785 15515 2302 3612 15516 2852 3613 15517 2303 3614 15518 2303 3614 15519 2852 3613 15520 2853 3615 15521 2303 3614 15522 2853 3615 15523 2304 3616 15524 2304 3616 15525 2853 3615 15526 2854 3617 15527 2304 3616 15528 2854 3617 15529 2305 3618 15530 2305 3618 15531 2854 3617 15532 2855 3619 15533 2305 3618 15534 2855 3619 15535 2306 3620 15536 2306 3620 15537 2855 3619 15538 2856 3621 15539 2306 3620 15540 2856 3621 15541 2307 3622 15542 2307 3623 15543 2856 3621 15544 2540 3624 15545 2540 3624 15546 2856 3621 15547 2541 3625 15548 2541 3625 15549 2856 3621 15550 2542 3626 15551 2542 3626 15552 2856 3621 15553 2857 3627 15554 2542 3626 15555 2857 3627 15556 2539 3628 15557 2539 3628 15558 2857 3627 15559 2313 3629 15560 2539 3628 15561 2313 3629 15562 2312 3630 15563 2857 3627 15564 2858 3631 15565 2313 3629 15566 2313 3629 15567 2858 3631 15568 2314 3632 15569 2314 3632 15570 2858 3631 15571 2859 3633 15572 2314 3632 15573 2859 3633 15574 2315 3634 15575 2315 3634 15576 2859 3633 15577 2860 3635 15578 2315 3634 15579 2860 3635 15580 2316 3636 15581 2316 3636 15582 2860 3635 15583 2861 3637 15584 2316 3636 15585 2861 3637 15586 2317 3638 15587 2317 3638 15588 2861 3637 15589 2862 3639 15590 2317 3638 15591 2862 3639 15592 2318 3640 15593 2318 3640 15594 2862 3639 15595 2863 3641 15596 2318 3640 15597 2863 3641 15598 2319 3642 15599 2319 3642 15600 2863 3641 15601 2864 3643 15602 2319 3642 15603 2864 3643 15604 2320 3644 15605 2320 3644 15606 2864 3643 15607 2865 3645 15608 2320 3644 15609 2865 3645 15610 2321 3646 15611 2321 3646 15612 2865 3645 15613 2338 2944 15614 2321 3646 15615 2338 2944 15616 2370 3075 15617 2370 3075 15618 2338 2944 15619 2337 2946 15620 2370 3075 15621 2337 2946 15622 2336 3647 15623 2866 3648 15624 2453 3140 15625 2865 3645 15626 2865 3645 15627 2453 3140 15628 2452 3142 15629 2865 3645 15630 2452 3142 15631 2338 2944 15632 2338 2944 15633 2452 3142 15634 2339 2943 15635 2339 2943 15636 2452 3142 15637 2340 3649 15638 2340 3649 15639 2452 3142 15640 2341 3650 15641 2341 3651 15642 2452 3142 15643 2451 3153 15644 2867 3652 15645 2457 3154 15646 2866 3648 15647 2866 3648 15648 2457 3154 15649 2456 3134 15650 2866 3648 15651 2456 3134 15652 2455 3136 15653 2868 3653 15654 2459 3129 15655 2867 3652 15656 2867 3652 15657 2459 3129 15658 2458 3155 15659 2867 3652 15660 2458 3155 15661 2457 3154 15662 2459 3129 15663 2868 3653 15664 2460 3124 15665 2460 3124 15666 2868 3653 15667 2869 3654 15668 2460 3124 15669 2869 3654 15670 2461 3122 15671 2461 3122 15672 2869 3654 15673 2462 3120 15674 2462 3120 15675 2869 3654 15676 2870 3655 15677 2462 3120 15678 2870 3655 15679 2463 3119 15680 2455 3136 15681 2454 3138 15682 2866 3648 15683 2866 3648 15684 2454 3138 15685 2453 3140 15686 2336 3647 15687 2335 3656 15688 2370 3075 15689 2370 3075 15690 2335 3656 15691 2346 3009 15692 2370 3075 15693 2369 3077 15694 2321 3646 15695 2321 3646 15696 2369 3077 15697 2368 3069 15698 2321 3646 15699 2368 3069 15700 2367 3067 15701 2321 3646 15702 2367 3067 15703 2322 3657 15704 2322 3657 15705 2367 3067 15706 2366 3065 15707 2322 3657 15708 2366 3065 15709 2365 3063 15710 2365 3063 15711 2364 3076 15712 2322 3657 15713 2322 3657 15714 2364 3076 15715 2323 3658 15716 2323 3658 15717 2364 3076 15718 2363 3057 15719 2323 3658 15720 2363 3057 15721 2324 3659 15722 2324 3659 15723 2363 3057 15724 2362 3053 15725 2324 3659 15726 2362 3053 15727 2361 3052 15728 2324 3659 15729 2361 3052 15730 2325 3660 15731 2325 3660 15732 2361 3052 15733 2360 3055 15734 2325 3660 15735 2360 3055 15736 2326 3661 15737 2326 3661 15738 2360 3055 15739 2359 3054 15740 2777 3662 15741 2250 3663 15742 2778 3664 15743 2778 3665 15744 2250 3666 15745 2779 3667 15746 2779 3668 15747 2250 2787 15748 2249 2783 15749 2779 3668 15750 2249 2783 15751 2780 3669 15752 2780 3669 15753 2249 2783 15754 2781 3670 15755 2781 3670 15756 2249 2783 15757 2782 3671 15758 2782 3671 15759 2249 2783 15760 2783 3672 15761 2783 3672 15762 2249 2783 15763 2784 3673 15764 2784 3673 15765 2249 2783 15766 2888 3674 15767 2784 3673 15768 2888 3674 15769 2785 3675 15770 2785 3675 15771 2888 3674 15772 2786 3676 15773 2786 3676 15774 2888 3674 15775 2787 3677 15776 2787 3677 15777 2888 3674 15778 2788 3678 15779 2788 3678 15780 2888 3674 15781 2789 3679 15782 2789 3679 15783 2888 3674 15784 2790 3680 15785 2790 3680 15786 2888 3674 15787 2791 3681 15788 2791 3681 15789 2888 3674 15790 2792 3682 15791 2792 3683 15792 2888 3674 15793 2889 3684 15794 2792 3685 15795 2889 3686 15796 2793 3687 15797 2888 3674 15798 2249 2783 15799 2887 3688 15800 2887 3688 15801 2249 2783 15802 2248 2781 15803 2887 3688 15804 2248 2781 15805 2886 3689 15806 2886 3689 15807 2248 2781 15808 2247 2779 15809 2886 3689 15810 2247 2779 15811 2885 3690 15812 2885 3690 15813 2247 2779 15814 2246 2777 15815 2885 3690 15816 2246 2777 15817 2884 3691 15818 2884 3691 15819 2246 2777 15820 2245 2775 15821 2884 3691 15822 2245 2775 15823 2883 3692 15824 2883 3692 15825 2245 2775 15826 2244 2773 15827 2883 3692 15828 2244 2773 15829 2882 3693 15830 2882 3693 15831 2244 2773 15832 2243 2771 15833 2882 3693 15834 2243 2771 15835 2881 3694 15836 2881 3694 15837 2243 2771 15838 2242 2769 15839 2881 3694 15840 2242 2769 15841 2269 3695 15842 2269 3696 15843 2242 3697 15844 2270 3698 15845 2270 3699 15846 2242 3700 15847 2271 3701 15848 2271 3702 15849 2242 3703 15850 2272 3704 15851 2272 3705 15852 2242 2769 15853 2273 3706 15854 2273 3706 15855 2242 2769 15856 2274 3707 15857 2274 3707 15858 2242 2769 15859 2275 3708 15860 2275 3708 15861 2242 2769 15862 2276 3709 15863 2276 3709 15864 2242 2769 15865 2277 3710 15866 2277 3710 15867 2242 2769 15868 2241 2767 15869 2277 3710 15870 2241 2767 15871 2278 3711 15872 2278 3711 15873 2241 2767 15874 2279 3712 15875 2279 3712 15876 2241 2767 15877 2280 3713 15878 2280 3713 15879 2241 2767 15880 2281 3714 15881 2281 3714 15882 2241 2767 15883 2282 3715 15884 2282 3715 15885 2241 2767 15886 2283 3716 15887 2283 3717 15888 2241 3718 15889 2284 3719 15890 2284 3720 15891 2241 3721 15892 2285 3722 15893 2285 3723 15894 2241 2767 15895 2879 3724 15896 2285 3723 15897 2879 3724 15898 2804 3725 15899 2804 3725 15900 2879 3724 15901 2805 3726 15902 2805 3726 15903 2879 3724 15904 2806 3727 15905 2806 3727 15906 2879 3724 15907 2807 3728 15908 2807 3728 15909 2879 3724 15910 2808 3729 15911 2808 3729 15912 2879 3724 15913 2809 3730 15914 2809 3730 15915 2879 3724 15916 2810 3731 15917 2810 3732 15918 2879 3724 15919 2880 3733 15920 2810 3734 15921 2880 3735 15922 2811 3736 15923 2811 3737 15924 2880 3738 15925 2812 3739 15926 2812 3740 15927 2880 3733 15928 2881 3694 15929 2812 3740 15930 2881 3694 15931 2813 3741 15932 2813 3741 15933 2881 3694 15934 2814 3742 15935 2814 3742 15936 2881 3694 15937 2815 3743 15938 2815 3743 15939 2881 3694 15940 2816 3744 15941 2816 3744 15942 2881 3694 15943 2817 3745 15944 2817 3745 15945 2881 3694 15946 2818 3746 15947 2818 3746 15948 2881 3694 15949 2269 3747 15950 2241 2767 15951 2240 2765 15952 2879 3724 15953 2879 3724 15954 2240 2765 15955 2878 3748 15956 2878 3748 15957 2240 2765 15958 2239 2763 15959 2878 3748 15960 2239 2763 15961 2877 3749 15962 2877 3749 15963 2239 2763 15964 2238 2761 15965 2877 3749 15966 2238 2761 15967 2876 3750 15968 2876 3750 15969 2238 2761 15970 2237 2760 15971 2876 3750 15972 2237 2760 15973 2875 3751 15974 2875 3751 15975 2237 2760 15976 2236 2758 15977 2875 3751 15978 2236 2758 15979 2874 3752 15980 2874 3752 15981 2236 2758 15982 2235 2756 15983 2874 3752 15984 2235 2756 15985 2873 3753 15986 2873 3753 15987 2235 2756 15988 2234 2754 15989 2873 3753 15990 2234 2754 15991 2872 3754 15992 2872 3754 15993 2234 2754 15994 2759 3755 15995 2872 3754 15996 2759 3755 15997 2758 3756 15998 2233 2753 15999 2762 3757 16000 2234 2754 16001 2234 2754 16002 2762 3757 16003 2761 3758 16004 2234 2754 16005 2761 3758 16006 2760 3759 16007 2765 3760 16008 2764 3761 16009 2233 3762 16010 2233 2753 16011 2764 3763 16012 2763 3764 16013 2233 2753 16014 2763 3764 16015 2762 3757 16016 2760 3759 16017 2759 3755 16018 2234 2754 16019 2758 3756 16020 2757 3765 16021 2872 3754 16022 2872 3754 16023 2757 3765 16024 2756 3766 16025 2872 3754 16026 2756 3766 16027 2755 3767 16028 2755 3767 16029 2754 3768 16030 2872 3754 16031 2872 3754 16032 2754 3768 16033 2753 3769 16034 2872 3754 16035 2753 3769 16036 2752 3770 16037 2752 3770 16038 2751 3771 16039 2872 3754 16040 2872 3754 16041 2751 3771 16042 2750 3772 16043 2872 3754 16044 2750 3772 16045 2871 3773 16046 2871 3774 16047 2750 3775 16048 2749 3776 16049 2463 3119 16050 2870 3655 16051 2464 3156 16052 2464 3156 16053 2870 3655 16054 2890 3777 16055 2464 3156 16056 2890 3777 16057 2465 3157 16058 2465 3157 16059 2890 3777 16060 2891 3778 16061 2465 3157 16062 2891 3778 16063 2466 3110 16064 2466 3110 16065 2891 3778 16066 2441 3111 16067 2441 3111 16068 2891 3778 16069 2442 3113 16070 2442 3113 16071 2891 3778 16072 1042 1293 16073 1042 1293 16074 2891 3778 16075 1043 1295 16076 1043 1295 16077 2891 3778 16078 2892 3779 16079 1043 1295 16080 2892 3779 16081 1044 1309 16082 1044 1309 16083 2892 3779 16084 2893 3780 16085 1044 1309 16086 2893 3780 16087 1045 1310 16088 1045 1310 16089 2893 3780 16090 1046 1307 16091 1046 1307 16092 2893 3780 16093 2894 3781 16094 1046 1307 16095 2894 3781 16096 1047 1308 16097 1047 1308 16098 2894 3781 16099 1048 1312 16100 1048 1312 16101 2894 3781 16102 2895 3782 16103 1048 1312 16104 2895 3782 16105 1049 1321 16106 1049 1321 16107 2895 3782 16108 1050 1320 16109 1050 1320 16110 2895 3782 16111 2896 3783 16112 1050 1320 16113 2896 3783 16114 2489 3196 16115 2489 3196 16116 2896 3783 16117 2490 3193 16118 2490 3193 16119 2896 3783 16120 2897 3784 16121 2490 3193 16122 2897 3784 16123 2491 3192 16124 2491 3192 16125 2897 3784 16126 2898 3785 16127 2491 3192 16128 2898 3785 16129 2492 3197 16130 2492 3197 16131 2898 3785 16132 2493 3198 16133 2493 3198 16134 2898 3785 16135 2899 3786 16136 2493 3198 16137 2899 3786 16138 2494 3187 16139 2494 3187 16140 2899 3786 16141 2900 3787 16142 2494 3187 16143 2900 3787 16144 2495 3184 16145 2495 3184 16146 2900 3787 16147 2901 3788 16148 2495 3184 16149 2901 3788 16150 2496 3181 16151 2496 3181 16152 2901 3788 16153 2497 3178 16154 2497 3178 16155 2901 3788 16156 2902 3789 16157 2497 3178 16158 2902 3789 16159 2498 3173 16160 2498 3173 16161 2902 3789 16162 2499 3172 16163 2499 3172 16164 2902 3789 16165 2500 3199 16166 2500 3199 16167 2902 3789 16168 2501 3200 16169 2501 3200 16170 2902 3789 16171 2903 3790 16172 2501 3200 16173 2903 3790 16174 2157 2567 16175 2157 2567 16176 2903 3790 16177 2298 3791 16178 2157 2567 16179 2298 3791 16180 2297 3792 16181 2903 3790 16182 2904 3793 16183 2298 3791 16184 2298 3791 16185 2904 3793 16186 2299 3794 16187 2299 3794 16188 2904 3793 16189 2905 3795 16190 2299 3794 16191 2905 3795 16192 2300 3796 16193 2300 3796 16194 2905 3795 16195 2906 3797 16196 2300 3796 16197 2906 3797 16198 2301 3798 16199 2301 3798 16200 2906 3797 16201 2852 3613 16202 2301 3798 16203 2852 3613 16204 2302 3612 16205 2296 3799 16206 2376 3091 16207 2297 3792 16208 2297 3792 16209 2376 3091 16210 2375 3093 16211 2297 3792 16212 2375 3093 16213 2374 3105 16214 2376 3091 16215 2296 3799 16216 2377 3106 16217 2377 3106 16218 2296 3799 16219 2295 3800 16220 2377 3106 16221 2295 3800 16222 2378 3085 16223 2378 3085 16224 2295 3800 16225 2379 3083 16226 2379 3083 16227 2295 3800 16228 2294 3801 16229 2379 3083 16230 2294 3801 16231 2380 3107 16232 2380 3107 16233 2294 3801 16234 2293 3802 16235 2380 3107 16236 2293 3802 16237 2381 3108 16238 2381 3108 16239 2293 3802 16240 2292 3803 16241 2381 3108 16242 2292 3803 16243 2382 3109 16244 2382 3109 16245 2292 3803 16246 2383 3020 16247 2383 3020 16248 2292 3803 16249 2291 3804 16250 2383 3020 16251 2291 3804 16252 2384 3019 16253 2384 3019 16254 2291 3804 16255 2290 3805 16256 2384 3019 16257 2290 3805 16258 2347 3017 16259 2347 3017 16260 2290 3805 16261 2348 3015 16262 2348 3015 16263 2290 3805 16264 2289 3806 16265 2348 3015 16266 2289 3806 16267 2349 3023 16268 2349 3023 16269 2289 3806 16270 2350 3026 16271 2350 3026 16272 2289 3806 16273 2288 3807 16274 2350 3026 16275 2288 3807 16276 2548 3808 16277 2350 3026 16278 2548 3808 16279 2351 3030 16280 2351 3030 16281 2548 3808 16282 2551 3809 16283 2351 3030 16284 2551 3809 16285 2550 3810 16286 2550 3810 16287 2549 3811 16288 2351 3030 16289 2351 3030 16290 2549 3811 16291 2352 3032 16292 2352 3032 16293 2549 3811 16294 2331 3812 16295 2352 3032 16296 2331 3813 16297 2330 3814 16298 2329 3815 16299 2354 3042 16300 2330 3814 16301 2330 3814 16302 2354 3042 16303 2353 3034 16304 2330 3814 16305 2353 3034 16306 2352 3032 16307 2354 3042 16308 2329 3815 16309 2355 3040 16310 2355 3040 16311 2329 3815 16312 2328 3816 16313 2355 3040 16314 2328 3816 16315 2356 3041 16316 2356 3041 16317 2328 3816 16318 2357 3044 16319 2357 3044 16320 2328 3816 16321 2327 3817 16322 2357 3044 16323 2327 3817 16324 2358 3046 16325 2358 3046 16326 2327 3817 16327 2326 3661 16328 2358 3046 16329 2326 3661 16330 2359 3054 16331 2374 3105 16332 2373 3104 16333 2297 3792 16334 2297 3792 16335 2373 3104 16336 2372 3100 16337 2297 3792 16338 2372 3100 16339 2157 2567 16340 2157 2567 16341 2372 3100 16342 2371 3101 16343 2157 2567 16344 2371 3101 16345 2158 2584 16346 2158 2584 16347 2371 3101 16348 2159 3818 16349 2159 3818 16350 2371 3101 16351 1706 3819 16352 1706 3819 16353 2371 3101 16354 1707 3820 16355 2157 2567 16356 2156 2568 16357 2501 3200 16358 2501 3200 16359 2156 2568 16360 2502 3201 16361 2502 3201 16362 2156 2568 16363 2155 3821 16364 2502 3201 16365 2155 3821 16366 2154 3822 16367 2154 3822 16368 2503 3823 16369 2502 3201 16370 2803 3824 16371 2719 3824 16372 2776 3824 16373 2776 62 16374 2719 62 16375 2718 62 16376 2776 3825 16377 2718 3825 16378 2915 3825 16379 2915 62 16380 2718 62 16381 2717 62 16382 2915 2736 16383 2717 2736 16384 2914 2736 16385 2914 2738 16386 2717 2738 16387 2716 2738 16388 2914 62 16389 2716 62 16390 2913 62 16391 2913 2737 16392 2716 2737 16393 2715 2737 16394 2913 2736 16395 2715 2736 16396 2912 2736 16397 2912 62 16398 2715 62 16399 2714 62 16400 2912 62 16401 2714 62 16402 2911 62 16403 2911 2735 16404 2714 2735 16405 2713 2735 16406 2911 3826 16407 2713 3826 16408 2910 3826 16409 2910 2740 16410 2713 2740 16411 2712 2740 16412 2910 62 16413 2712 62 16414 2909 62 16415 2909 2749 16416 2712 2749 16417 2584 2749 16418 2909 62 16419 2584 62 16420 2908 62 16421 2908 2748 16422 2584 2748 16423 2583 2748 16424 2908 62 16425 2583 62 16426 2907 62 16427 2907 2741 16428 2583 2741 16429 2582 2741 16430 2907 3827 16431 2582 3827 16432 2794 3827 16433 2794 2741 16434 2582 2741 16435 2581 2741 16436 2794 62 16437 2581 62 16438 2795 62 16439 2795 62 16440 2581 62 16441 2580 62 16442 2795 2744 16443 2580 2744 16444 2796 2744 16445 2796 2746 16446 2580 2746 16447 2579 2746 16448 2796 62 16449 2579 62 16450 2797 62 16451 2797 2745 16452 2579 2745 16453 2578 2745 16454 2797 2744 16455 2578 2744 16456 2798 2744 16457 2798 62 16458 2578 62 16459 2577 62 16460 2798 3828 16461 2577 3828 16462 2799 3828 16463 2799 62 16464 2577 62 16465 2576 62 16466 2799 62 16467 2576 62 16468 2800 62 16469 2800 2741 16470 2576 2741 16471 2575 2741 16472 2800 62 16473 2575 62 16474 2801 62 16475 2801 62 16476 2575 62 16477 2574 62 16478 2801 62 16479 2574 62 16480 2802 62 16481 2802 62 16482 2574 62 16483 2720 62 16484 2802 62 16485 2720 62 16486 2803 62 16487 2803 2740 16488 2720 2740 16489 2719 2740 16490 2775 3829 16491 2644 3829 16492 2748 3829 16493 2748 2740 16494 2644 2740 16495 2643 2740 16496 2748 62 16497 2643 62 16498 2924 62 16499 2924 62 16500 2643 62 16501 2642 62 16502 2924 3830 16503 2642 3830 16504 2923 3830 16505 2923 3831 16506 2642 3831 16507 2641 3831 16508 2923 62 16509 2641 62 16510 2922 62 16511 2922 3832 16512 2641 3832 16513 2640 3832 16514 2922 3830 16515 2640 3830 16516 2921 3830 16517 2921 62 16518 2640 62 16519 2639 62 16520 2921 3833 16521 2639 3833 16522 2920 3833 16523 2920 62 16524 2639 62 16525 2638 62 16526 2920 62 16527 2638 62 16528 2919 62 16529 2919 2740 16530 2638 2740 16531 2637 2740 16532 2919 62 16533 2637 62 16534 2918 62 16535 2918 62 16536 2637 62 16537 2636 62 16538 2918 62 16539 2636 62 16540 2917 62 16541 2917 62 16542 2636 62 16543 2684 62 16544 2917 62 16545 2684 62 16546 2916 62 16547 2916 2741 16548 2684 2741 16549 2683 2741 16550 2916 3834 16551 2683 3834 16552 2766 3834 16553 2766 62 16554 2683 62 16555 2682 62 16556 2766 3835 16557 2682 3835 16558 2767 3835 16559 2767 62 16560 2682 62 16561 2681 62 16562 2767 3836 16563 2681 3836 16564 2768 3836 16565 2768 2737 16566 2681 2737 16567 2680 2737 16568 2768 62 16569 2680 62 16570 2769 62 16571 2769 2738 16572 2680 2738 16573 2679 2738 16574 2769 3836 16575 2679 3836 16576 2770 3836 16577 2770 62 16578 2679 62 16579 2678 62 16580 2770 62 16581 2678 62 16582 2771 62 16583 2771 3837 16584 2678 3837 16585 2677 3837 16586 2771 3838 16587 2677 3838 16588 2772 3838 16589 2772 2741 16590 2677 2741 16591 2676 2741 16592 2772 62 16593 2676 62 16594 2773 62 16595 2773 2748 16596 2676 2748 16597 2646 2748 16598 2773 62 16599 2646 62 16600 2774 62 16601 2774 2749 16602 2646 2749 16603 2645 2749 16604 2774 62 16605 2645 62 16606 2775 62 16607 2775 2740 16608 2645 2740 16609 2644 2740 16610 2872 3754 16611 2871 3773 16612 2937 3839 16613 2937 3839 16614 2871 3773 16615 2925 3840 16616 2937 3839 16617 2925 3840 16618 2936 3841 16619 2936 3841 16620 2925 3840 16621 2926 3842 16622 2936 3841 16623 2926 3842 16624 2935 3843 16625 2935 3843 16626 2926 3842 16627 2927 3844 16628 2935 3843 16629 2927 3844 16630 2934 3845 16631 2934 3845 16632 2927 3844 16633 2928 3846 16634 2934 3845 16635 2928 3846 16636 2852 3613 16637 2852 3613 16638 2906 3797 16639 2934 3845 16640 2934 3845 16641 2906 3797 16642 2938 3847 16643 2934 3845 16644 2938 3847 16645 2939 3848 16646 2939 3848 16647 2938 3847 16648 2943 3849 16649 2939 3848 16650 2943 3849 16651 2944 3850 16652 2944 3850 16653 2943 3849 16654 2948 3851 16655 2944 3850 16656 2948 3851 16657 2949 3852 16658 2949 3852 16659 2948 3851 16660 2953 3853 16661 2949 3852 16662 2953 3853 16663 2875 3751 16664 2875 3751 16665 2953 3853 16666 2876 3750 16667 2876 3750 16668 2953 3853 16669 2957 3854 16670 2876 3750 16671 2957 3854 16672 2877 3749 16673 2877 3749 16674 2957 3854 16675 2961 3855 16676 2877 3749 16677 2961 3855 16678 2878 3748 16679 2878 3748 16680 2961 3855 16681 2965 3856 16682 2878 3748 16683 2965 3856 16684 2879 3724 16685 2879 3724 16686 2965 3856 16687 2969 3857 16688 2879 3724 16689 2969 3857 16690 2880 3733 16691 2880 3733 16692 2969 3857 16693 2973 3858 16694 2880 3733 16695 2973 3858 16696 2881 3694 16697 2881 3694 16698 2973 3858 16699 2977 3859 16700 2881 3694 16701 2977 3859 16702 2882 3693 16703 2882 3693 16704 2977 3859 16705 2981 3860 16706 2882 3693 16707 2981 3860 16708 2883 3692 16709 2883 3692 16710 2981 3860 16711 2985 3861 16712 2883 3692 16713 2985 3861 16714 2884 3691 16715 2884 3691 16716 2985 3861 16717 2989 3862 16718 2884 3691 16719 2989 3862 16720 2885 3690 16721 2885 3690 16722 2989 3862 16723 2993 3863 16724 2885 3690 16725 2993 3863 16726 2886 3689 16727 2886 3689 16728 2993 3863 16729 2997 3864 16730 2886 3689 16731 2997 3864 16732 2887 3688 16733 2887 3688 16734 2997 3864 16735 3001 3865 16736 2887 3688 16737 3001 3865 16738 2888 3674 16739 2888 3674 16740 3001 3865 16741 3004 3866 16742 2888 3674 16743 3004 3866 16744 2889 3684 16745 2889 3684 16746 3004 3866 16747 2932 3867 16748 2932 3867 16749 3004 3866 16750 3003 3868 16751 2932 3867 16752 3003 3868 16753 2931 3869 16754 2931 3869 16755 3003 3868 16756 3002 3870 16757 2931 3869 16758 3002 3870 16759 2930 3871 16760 2930 3871 16761 3002 3870 16762 2933 3872 16763 2930 3871 16764 2933 3872 16765 2929 3873 16766 2929 3873 16767 2933 3872 16768 2870 3655 16769 2870 3655 16770 2933 3872 16771 2890 3777 16772 2890 3777 16773 2933 3872 16774 2998 3874 16775 2890 3777 16776 2998 3874 16777 2891 3778 16778 2891 3778 16779 2998 3874 16780 2994 3875 16781 2891 3778 16782 2994 3875 16783 2892 3779 16784 2892 3779 16785 2994 3875 16786 2990 3876 16787 2892 3779 16788 2990 3876 16789 2893 3780 16790 2893 3780 16791 2990 3876 16792 2986 3877 16793 2893 3780 16794 2986 3877 16795 2894 3781 16796 2894 3781 16797 2986 3877 16798 2982 3878 16799 2894 3781 16800 2982 3878 16801 2895 3782 16802 2895 3782 16803 2982 3878 16804 2978 3879 16805 2895 3782 16806 2978 3879 16807 2896 3783 16808 2896 3783 16809 2978 3879 16810 2974 3880 16811 2896 3783 16812 2974 3880 16813 2897 3784 16814 2897 3784 16815 2974 3880 16816 2970 3881 16817 2897 3784 16818 2970 3881 16819 2898 3785 16820 2898 3785 16821 2970 3881 16822 2966 3882 16823 2898 3785 16824 2966 3882 16825 2899 3786 16826 2899 3786 16827 2966 3882 16828 2962 3883 16829 2899 3786 16830 2962 3883 16831 2900 3787 16832 2900 3787 16833 2962 3883 16834 2958 3884 16835 2900 3787 16836 2958 3884 16837 2901 3788 16838 2901 3788 16839 2958 3884 16840 2954 3885 16841 2901 3788 16842 2954 3885 16843 2902 3789 16844 2902 3789 16845 2954 3885 16846 2950 3886 16847 2902 3789 16848 2950 3886 16849 2903 3790 16850 2903 3790 16851 2950 3886 16852 2946 3887 16853 2903 3790 16854 2946 3887 16855 2904 3793 16856 2904 3793 16857 2946 3887 16858 2942 3888 16859 2904 3793 16860 2942 3888 16861 2905 3795 16862 2905 3795 16863 2942 3888 16864 2938 3847 16865 2905 3795 16866 2938 3847 16867 2906 3797 16868 2875 3751 16869 2874 3752 16870 2949 3852 16871 2949 3852 16872 2874 3752 16873 2945 3889 16874 2949 3852 16875 2945 3889 16876 2944 3850 16877 2944 3850 16878 2945 3889 16879 2940 3890 16880 2944 3850 16881 2940 3890 16882 2939 3848 16883 2939 3848 16884 2940 3890 16885 2935 3843 16886 2939 3848 16887 2935 3843 16888 2934 3845 16889 2874 3752 16890 2873 3753 16891 2945 3889 16892 2945 3889 16893 2873 3753 16894 2941 3891 16895 2945 3889 16896 2941 3891 16897 2940 3890 16898 2940 3890 16899 2941 3891 16900 2936 3841 16901 2940 3890 16902 2936 3841 16903 2935 3843 16904 2873 3753 16905 2872 3754 16906 2941 3891 16907 2941 3891 16908 2872 3754 16909 2937 3839 16910 2941 3891 16911 2937 3839 16912 2936 3841 16913 2938 3847 16914 2942 3888 16915 2943 3849 16916 2943 3849 16917 2942 3888 16918 2947 3892 16919 2943 3849 16920 2947 3892 16921 2948 3851 16922 2948 3851 16923 2947 3892 16924 2952 3893 16925 2948 3851 16926 2952 3893 16927 2953 3853 16928 2953 3853 16929 2952 3893 16930 2957 3854 16931 2942 3888 16932 2946 3887 16933 2947 3892 16934 2947 3892 16935 2946 3887 16936 2951 3894 16937 2947 3892 16938 2951 3894 16939 2952 3893 16940 2952 3893 16941 2951 3894 16942 2956 3895 16943 2952 3893 16944 2956 3895 16945 2957 3854 16946 2957 3854 16947 2956 3895 16948 2961 3855 16949 2946 3887 16950 2950 3886 16951 2951 3894 16952 2951 3894 16953 2950 3886 16954 2955 3896 16955 2951 3894 16956 2955 3896 16957 2956 3895 16958 2956 3895 16959 2955 3896 16960 2960 3897 16961 2956 3895 16962 2960 3897 16963 2961 3855 16964 2961 3855 16965 2960 3897 16966 2965 3856 16967 2950 3886 16968 2954 3885 16969 2955 3896 16970 2955 3896 16971 2954 3885 16972 2959 3898 16973 2955 3896 16974 2959 3898 16975 2960 3897 16976 2960 3897 16977 2959 3898 16978 2964 3899 16979 2960 3897 16980 2964 3899 16981 2965 3856 16982 2965 3856 16983 2964 3899 16984 2969 3857 16985 2954 3885 16986 2958 3884 16987 2959 3898 16988 2959 3898 16989 2958 3884 16990 2963 3900 16991 2959 3898 16992 2963 3900 16993 2964 3899 16994 2964 3899 16995 2963 3900 16996 2968 3901 16997 2964 3899 16998 2968 3901 16999 2969 3857 17000 2969 3857 17001 2968 3901 17002 2973 3858 17003 2958 3884 17004 2962 3883 17005 2963 3900 17006 2963 3900 17007 2962 3883 17008 2967 3902 17009 2963 3900 17010 2967 3902 17011 2968 3901 17012 2968 3901 17013 2967 3902 17014 2972 3903 17015 2968 3901 17016 2972 3903 17017 2973 3858 17018 2973 3858 17019 2972 3903 17020 2977 3859 17021 2962 3883 17022 2966 3882 17023 2967 3902 17024 2967 3902 17025 2966 3882 17026 2971 3904 17027 2967 3902 17028 2971 3904 17029 2972 3903 17030 2972 3903 17031 2971 3904 17032 2976 3905 17033 2972 3903 17034 2976 3905 17035 2977 3859 17036 2977 3859 17037 2976 3905 17038 2981 3860 17039 2966 3882 17040 2970 3881 17041 2971 3904 17042 2971 3904 17043 2970 3881 17044 2975 3906 17045 2971 3904 17046 2975 3906 17047 2976 3905 17048 2976 3905 17049 2975 3906 17050 2980 3907 17051 2976 3905 17052 2980 3907 17053 2981 3860 17054 2981 3860 17055 2980 3907 17056 2985 3861 17057 2970 3881 17058 2974 3880 17059 2975 3906 17060 2975 3906 17061 2974 3880 17062 2979 3908 17063 2975 3906 17064 2979 3908 17065 2980 3907 17066 2980 3907 17067 2979 3908 17068 2984 3909 17069 2980 3907 17070 2984 3909 17071 2985 3861 17072 2985 3861 17073 2984 3909 17074 2989 3862 17075 2974 3880 17076 2978 3879 17077 2979 3908 17078 2979 3908 17079 2978 3879 17080 2983 3910 17081 2979 3908 17082 2983 3910 17083 2984 3909 17084 2984 3909 17085 2983 3910 17086 2988 3911 17087 2984 3909 17088 2988 3911 17089 2989 3862 17090 2989 3862 17091 2988 3911 17092 2993 3863 17093 2978 3879 17094 2982 3878 17095 2983 3910 17096 2983 3910 17097 2982 3878 17098 2987 3912 17099 2983 3910 17100 2987 3912 17101 2988 3911 17102 2988 3911 17103 2987 3912 17104 2992 3913 17105 2988 3911 17106 2992 3913 17107 2993 3863 17108 2993 3863 17109 2992 3913 17110 2997 3864 17111 2982 3878 17112 2986 3877 17113 2987 3912 17114 2987 3912 17115 2986 3877 17116 2991 3914 17117 2987 3912 17118 2991 3914 17119 2992 3913 17120 2992 3913 17121 2991 3914 17122 2996 3915 17123 2992 3913 17124 2996 3915 17125 2997 3864 17126 2997 3864 17127 2996 3915 17128 3001 3865 17129 2986 3877 17130 2990 3876 17131 2991 3914 17132 2991 3914 17133 2990 3876 17134 2995 3916 17135 2991 3914 17136 2995 3916 17137 2996 3915 17138 2996 3915 17139 2995 3916 17140 3000 3917 17141 2996 3915 17142 3000 3917 17143 3001 3865 17144 3001 3865 17145 3000 3917 17146 3004 3866 17147 2990 3876 17148 2994 3875 17149 2995 3916 17150 2995 3916 17151 2994 3875 17152 2999 3918 17153 2995 3916 17154 2999 3918 17155 3000 3917 17156 3000 3917 17157 2999 3918 17158 3003 3868 17159 3000 3917 17160 3003 3868 17161 3004 3866 17162 2994 3875 17163 2998 3874 17164 2999 3918 17165 2999 3918 17166 2998 3874 17167 3002 3870 17168 2999 3918 17169 3002 3870 17170 3003 3868 17171 2933 3872 17172 3002 3870 17173 2998 3874 17174 2777 3521 17175 2776 3523 17176 3019 3919 17177 3019 3919 17178 2776 3523 17179 2915 3920 17180 3019 3919 17181 2915 3920 17182 3018 3921 17183 3018 3921 17184 2915 3920 17185 2914 3922 17186 3018 3921 17187 2914 3922 17188 3017 3923 17189 3017 3923 17190 2914 3922 17191 3016 3924 17192 3016 3924 17193 2914 3922 17194 2913 3925 17195 3016 3924 17196 2913 3925 17197 3015 3926 17198 3015 3926 17199 2913 3925 17200 3014 3927 17201 3014 3927 17202 2913 3925 17203 2912 3928 17204 3014 3927 17205 2912 3928 17206 3013 3929 17207 3013 3929 17208 2912 3928 17209 2911 3930 17210 3013 3929 17211 2911 3930 17212 3012 3931 17213 3012 3931 17214 2911 3930 17215 3011 3932 17216 3011 3932 17217 2911 3930 17218 2910 3933 17219 3011 3932 17220 2910 3933 17221 3010 3934 17222 3010 3934 17223 2910 3933 17224 2909 3935 17225 3010 3934 17226 2909 3935 17227 3009 3936 17228 3009 3936 17229 2909 3935 17230 3008 3937 17231 3008 3937 17232 2909 3935 17233 2908 3938 17234 3008 3937 17235 2908 3938 17236 3007 3939 17237 3007 3939 17238 2908 3938 17239 3006 3940 17240 3006 3940 17241 2908 3938 17242 2907 3941 17243 3006 3940 17244 2907 3941 17245 3005 3942 17246 3005 3942 17247 2907 3941 17248 2794 3943 17249 3005 3944 17250 2794 3549 17251 2793 3550 17252 2749 3491 17253 2748 3493 17254 3034 3945 17255 3034 3945 17256 2748 3493 17257 2924 3946 17258 3034 3945 17259 2924 3946 17260 3033 3947 17261 3033 3947 17262 2924 3946 17263 2923 3948 17264 3033 3947 17265 2923 3948 17266 3032 3949 17267 3032 3949 17268 2923 3948 17269 3031 3950 17270 3031 3950 17271 2923 3948 17272 2922 3951 17273 3031 3950 17274 2922 3951 17275 3030 3952 17276 3030 3952 17277 2922 3951 17278 3029 3953 17279 3029 3953 17280 2922 3951 17281 2921 3954 17282 3029 3953 17283 2921 3954 17284 3028 3955 17285 3028 3955 17286 2921 3954 17287 2920 3956 17288 3028 3955 17289 2920 3956 17290 3027 3957 17291 3027 3957 17292 2920 3956 17293 3026 3958 17294 3026 3958 17295 2920 3956 17296 2919 3959 17297 3026 3958 17298 2919 3959 17299 3025 3960 17300 3025 3960 17301 2919 3959 17302 2918 3961 17303 3025 3960 17304 2918 3961 17305 3024 3962 17306 3024 3962 17307 2918 3961 17308 3023 3963 17309 3023 3963 17310 2918 3961 17311 2917 3964 17312 3023 3963 17313 2917 3964 17314 3022 3965 17315 3022 3965 17316 2917 3964 17317 3021 3966 17318 3021 3966 17319 2917 3964 17320 2916 3967 17321 3021 3966 17322 2916 3967 17323 3020 3968 17324 3020 3968 17325 2916 3967 17326 2766 3969 17327 3020 3970 17328 2766 3519 17329 2765 3520 17330 2929 3873 17331 2870 3655 17332 3057 3971 17333 3057 3971 17334 2870 3655 17335 2869 3654 17336 3057 3971 17337 2869 3654 17338 3061 3972 17339 3061 3972 17340 2869 3654 17341 2868 3653 17342 3061 3972 17343 2868 3653 17344 3065 3973 17345 3065 3973 17346 2868 3653 17347 2867 3652 17348 3065 3973 17349 2867 3652 17350 3069 3974 17351 3069 3974 17352 2867 3652 17353 2866 3648 17354 3069 3974 17355 2866 3648 17356 3073 3975 17357 3073 3975 17358 2866 3648 17359 2865 3645 17360 3073 3975 17361 2865 3645 17362 3077 3976 17363 3077 3976 17364 2865 3645 17365 2864 3643 17366 3077 3976 17367 2864 3643 17368 3081 3977 17369 3081 3977 17370 2864 3643 17371 2863 3641 17372 3081 3977 17373 2863 3641 17374 3085 3978 17375 3085 3978 17376 2863 3641 17377 2862 3639 17378 3085 3978 17379 2862 3639 17380 3089 3979 17381 3089 3979 17382 2862 3639 17383 2861 3637 17384 3089 3979 17385 2861 3637 17386 3093 3980 17387 3093 3980 17388 2861 3637 17389 2860 3635 17390 3093 3980 17391 2860 3635 17392 3097 3981 17393 3097 3981 17394 2860 3635 17395 2859 3633 17396 3097 3981 17397 2859 3633 17398 3101 3982 17399 3101 3982 17400 2859 3633 17401 2858 3631 17402 3101 3982 17403 2858 3631 17404 3105 3983 17405 3105 3983 17406 2858 3631 17407 2857 3627 17408 3105 3983 17409 2857 3627 17410 3052 3984 17411 3052 3984 17412 2857 3627 17413 2856 3621 17414 3052 3984 17415 2856 3621 17416 3109 3985 17417 3109 3985 17418 2856 3621 17419 2855 3619 17420 3109 3985 17421 2855 3619 17422 3113 3986 17423 3113 3986 17424 2855 3619 17425 2854 3617 17426 3113 3986 17427 2854 3617 17428 3117 3987 17429 3117 3987 17430 2854 3617 17431 2853 3615 17432 3117 3987 17433 2853 3615 17434 3056 3988 17435 3056 3988 17436 2853 3615 17437 2852 3613 17438 3056 3988 17439 2852 3613 17440 2928 3846 17441 2928 3846 17442 2927 3844 17443 3056 3988 17444 3056 3988 17445 2927 3844 17446 3121 3989 17447 3056 3988 17448 3121 3989 17449 3117 3987 17450 3117 3987 17451 3121 3989 17452 3118 3990 17453 3117 3987 17454 3118 3990 17455 3113 3986 17456 3113 3986 17457 3118 3990 17458 3114 3991 17459 3113 3986 17460 3114 3991 17461 3109 3985 17462 3109 3985 17463 3114 3991 17464 3110 3992 17465 3109 3985 17466 3110 3992 17467 3052 3984 17468 3052 3984 17469 3110 3992 17470 3053 3993 17471 3052 3984 17472 3053 3993 17473 3105 3983 17474 3105 3983 17475 3053 3993 17476 3106 3994 17477 3105 3983 17478 3106 3994 17479 3101 3982 17480 3101 3982 17481 3106 3994 17482 3102 3995 17483 3101 3982 17484 3102 3995 17485 3097 3981 17486 3097 3981 17487 3102 3995 17488 3098 3996 17489 3097 3981 17490 3098 3996 17491 3093 3980 17492 3093 3980 17493 3098 3996 17494 3094 3997 17495 3093 3980 17496 3094 3997 17497 3089 3979 17498 3089 3979 17499 3094 3997 17500 3090 3998 17501 3089 3979 17502 3090 3998 17503 3085 3978 17504 3085 3978 17505 3090 3998 17506 3086 3999 17507 3085 3978 17508 3086 3999 17509 3081 3977 17510 3081 3977 17511 3086 3999 17512 3082 4000 17513 3081 3977 17514 3082 4000 17515 3077 3976 17516 3077 3976 17517 3082 4000 17518 3078 4001 17519 3077 3976 17520 3078 4001 17521 3073 3975 17522 3073 3975 17523 3078 4001 17524 3074 4002 17525 3073 3975 17526 3074 4002 17527 3069 3974 17528 3069 3974 17529 3074 4002 17530 3070 4003 17531 3069 3974 17532 3070 4003 17533 3065 3973 17534 3065 3973 17535 3070 4003 17536 3066 4004 17537 3065 3973 17538 3066 4004 17539 3061 3972 17540 3061 3972 17541 3066 4004 17542 3062 4005 17543 3061 3972 17544 3062 4005 17545 3057 3971 17546 3057 3971 17547 3062 4005 17548 3058 4006 17549 3057 3971 17550 3058 4006 17551 2930 3871 17552 2930 3871 17553 3058 4006 17554 2931 3869 17555 2931 3869 17556 3058 4006 17557 3059 4007 17558 2931 3869 17559 3059 4007 17560 2932 3867 17561 2932 3867 17562 3059 4007 17563 3060 4008 17564 2932 3867 17565 3060 4008 17566 2889 3684 17567 2889 3684 17568 3060 4008 17569 3051 4009 17570 3051 4009 17571 3060 4008 17572 3064 4010 17573 3051 4009 17574 3064 4010 17575 3050 4011 17576 3050 4011 17577 3064 4010 17578 3068 4012 17579 3050 4011 17580 3068 4012 17581 3049 4013 17582 3049 4013 17583 3068 4012 17584 3072 4014 17585 3049 4013 17586 3072 4014 17587 3048 4015 17588 3048 4015 17589 3072 4014 17590 3076 4016 17591 3048 4015 17592 3076 4016 17593 3047 4017 17594 3047 4017 17595 3076 4016 17596 3080 4018 17597 3047 4017 17598 3080 4018 17599 3046 4019 17600 3046 4019 17601 3080 4018 17602 3084 4020 17603 3046 4019 17604 3084 4020 17605 3045 4021 17606 3045 4021 17607 3084 4020 17608 3088 4022 17609 3045 4021 17610 3088 4022 17611 3044 4023 17612 3044 4023 17613 3088 4022 17614 3092 4024 17615 3044 4023 17616 3092 4024 17617 3043 4025 17618 3043 4025 17619 3092 4024 17620 3096 4026 17621 3043 4025 17622 3096 4026 17623 3042 4027 17624 3042 4027 17625 3096 4026 17626 3100 4028 17627 3042 4027 17628 3100 4028 17629 3041 4029 17630 3041 4029 17631 3100 4028 17632 3104 4030 17633 3041 4029 17634 3104 4030 17635 3040 4031 17636 3040 4031 17637 3104 4030 17638 3108 4032 17639 3040 4031 17640 3108 4032 17641 3039 4033 17642 3039 4033 17643 3108 4032 17644 3055 4034 17645 3039 4033 17646 3055 4034 17647 3038 4035 17648 3038 4035 17649 3055 4034 17650 3112 4036 17651 3038 4035 17652 3112 4036 17653 3037 4037 17654 3037 4037 17655 3112 4036 17656 3116 4038 17657 3037 4037 17658 3116 4038 17659 3036 4039 17660 3036 4039 17661 3116 4038 17662 3120 4040 17663 3036 4039 17664 3120 4040 17665 3035 4041 17666 3035 4041 17667 3120 4040 17668 3123 4042 17669 3035 4041 17670 3123 4042 17671 2871 3773 17672 2871 3773 17673 3123 4042 17674 2925 3840 17675 2925 3840 17676 3123 4042 17677 3122 4043 17678 2925 3840 17679 3122 4043 17680 2926 3842 17681 2926 3842 17682 3122 4043 17683 3121 3989 17684 2926 3842 17685 3121 3989 17686 2927 3844 17687 2930 3871 17688 2929 3873 17689 3057 3971 17690 3053 3993 17691 3054 4044 17692 3106 3994 17693 3106 3994 17694 3054 4044 17695 3107 4045 17696 3106 3994 17697 3107 4045 17698 3102 3995 17699 3102 3995 17700 3107 4045 17701 3103 4046 17702 3102 3995 17703 3103 4046 17704 3098 3996 17705 3098 3996 17706 3103 4046 17707 3099 4047 17708 3098 3996 17709 3099 4047 17710 3094 3997 17711 3094 3997 17712 3099 4047 17713 3095 4048 17714 3094 3997 17715 3095 4048 17716 3090 3998 17717 3090 3998 17718 3095 4048 17719 3091 4049 17720 3090 3998 17721 3091 4049 17722 3086 3999 17723 3086 3999 17724 3091 4049 17725 3087 4050 17726 3086 3999 17727 3087 4050 17728 3082 4000 17729 3082 4000 17730 3087 4050 17731 3083 4051 17732 3082 4000 17733 3083 4051 17734 3078 4001 17735 3078 4001 17736 3083 4051 17737 3079 4052 17738 3078 4001 17739 3079 4052 17740 3074 4002 17741 3074 4002 17742 3079 4052 17743 3075 4053 17744 3074 4002 17745 3075 4053 17746 3070 4003 17747 3070 4003 17748 3075 4053 17749 3071 4054 17750 3070 4003 17751 3071 4054 17752 3066 4004 17753 3066 4004 17754 3071 4054 17755 3067 4055 17756 3066 4004 17757 3067 4055 17758 3062 4005 17759 3062 4005 17760 3067 4055 17761 3063 4056 17762 3062 4005 17763 3063 4056 17764 3058 4006 17765 3058 4006 17766 3063 4056 17767 3059 4007 17768 3054 4044 17769 3055 4034 17770 3107 4045 17771 3107 4045 17772 3055 4034 17773 3108 4032 17774 3107 4045 17775 3108 4032 17776 3103 4046 17777 3103 4046 17778 3108 4032 17779 3104 4030 17780 3103 4046 17781 3104 4030 17782 3099 4047 17783 3099 4047 17784 3104 4030 17785 3100 4028 17786 3099 4047 17787 3100 4028 17788 3095 4048 17789 3095 4048 17790 3100 4028 17791 3096 4026 17792 3095 4048 17793 3096 4026 17794 3091 4049 17795 3091 4049 17796 3096 4026 17797 3092 4024 17798 3091 4049 17799 3092 4024 17800 3087 4050 17801 3087 4050 17802 3092 4024 17803 3088 4022 17804 3087 4050 17805 3088 4022 17806 3083 4051 17807 3083 4051 17808 3088 4022 17809 3084 4020 17810 3083 4051 17811 3084 4020 17812 3079 4052 17813 3079 4052 17814 3084 4020 17815 3080 4018 17816 3079 4052 17817 3080 4018 17818 3075 4053 17819 3075 4053 17820 3080 4018 17821 3076 4016 17822 3075 4053 17823 3076 4016 17824 3071 4054 17825 3071 4054 17826 3076 4016 17827 3072 4014 17828 3071 4054 17829 3072 4014 17830 3067 4055 17831 3067 4055 17832 3072 4014 17833 3068 4012 17834 3067 4055 17835 3068 4012 17836 3063 4056 17837 3063 4056 17838 3068 4012 17839 3064 4010 17840 3063 4056 17841 3064 4010 17842 3059 4007 17843 3059 4007 17844 3064 4010 17845 3060 4008 17846 3054 4044 17847 3053 3993 17848 3111 4057 17849 3111 4057 17850 3053 3993 17851 3110 3992 17852 3111 4057 17853 3110 3992 17854 3115 4058 17855 3115 4058 17856 3110 3992 17857 3114 3991 17858 3115 4058 17859 3114 3991 17860 3119 4059 17861 3119 4059 17862 3114 3991 17863 3118 3990 17864 3119 4059 17865 3118 3990 17866 3122 4043 17867 3122 4043 17868 3118 3990 17869 3121 3989 17870 3055 4034 17871 3054 4044 17872 3112 4036 17873 3112 4036 17874 3054 4044 17875 3111 4057 17876 3112 4036 17877 3111 4057 17878 3116 4038 17879 3116 4038 17880 3111 4057 17881 3115 4058 17882 3116 4038 17883 3115 4058 17884 3120 4040 17885 3120 4040 17886 3115 4058 17887 3119 4059 17888 3120 4040 17889 3119 4059 17890 3123 4042 17891 3123 4042 17892 3119 4059 17893 3122 4043 17894 2834 3610 17895 3021 4060 17896 2233 2753 17897 2233 2753 17898 3021 4060 17899 3020 4061 17900 2233 4062 17901 3020 4063 17902 2765 4064 17903 2833 3608 17904 3036 4039 17905 2834 3610 17906 2834 3610 17907 3036 4039 17908 3035 4041 17909 2834 3610 17910 3035 4041 17911 3026 4065 17912 3026 4065 17913 3035 4041 17914 3027 4066 17915 3027 4066 17916 3035 4041 17917 3028 4067 17918 3028 4067 17919 3035 4041 17920 3029 4068 17921 3029 4068 17922 3035 4041 17923 3030 4069 17924 3030 4069 17925 3035 4041 17926 3031 4070 17927 3031 4070 17928 3035 4041 17929 3032 4071 17930 3032 4071 17931 3035 4041 17932 3033 4072 17933 3033 4072 17934 3035 4041 17935 3034 4073 17936 3034 4074 17937 3035 4041 17938 2871 3773 17939 3034 4075 17940 2871 4076 17941 2749 4077 17942 3036 4039 17943 2833 3608 17944 3037 4037 17945 3037 4037 17946 2833 3608 17947 2832 3606 17948 3037 4037 17949 2832 3606 17950 3038 4035 17951 3038 4035 17952 2832 3606 17953 2831 3604 17954 3038 4035 17955 2831 3604 17956 3039 4033 17957 3039 4033 17958 2831 3604 17959 2830 3602 17960 3039 4033 17961 2830 3602 17962 3040 4031 17963 3040 4031 17964 2830 3602 17965 2829 3600 17966 3040 4031 17967 2829 3600 17968 3041 4029 17969 3041 4029 17970 2829 3600 17971 2828 3598 17972 3041 4029 17973 2828 3598 17974 3042 4027 17975 3042 4027 17976 2828 3598 17977 2827 3596 17978 3042 4027 17979 2827 3596 17980 3124 4078 17981 3124 4079 17982 2827 4080 17983 3155 4081 17984 3155 4082 17985 2827 4083 17986 3154 4084 17987 3154 4085 17988 2827 4086 17989 3153 4087 17990 3153 4088 17991 2827 3596 17992 3152 4089 17993 3152 4089 17994 2827 3596 17995 3151 4090 17996 3151 4090 17997 2827 3596 17998 3150 4091 17999 3150 4091 18000 2827 3596 18001 3149 4092 18002 3149 4092 18003 2827 3596 18004 3148 4093 18005 3148 4093 18006 2827 3596 18007 2826 3594 18008 3148 4093 18009 2826 3594 18010 3147 4094 18011 3147 4094 18012 2826 3594 18013 3146 4095 18014 3146 4095 18015 2826 3594 18016 3145 4096 18017 3145 4096 18018 2826 3594 18019 3144 4097 18020 3144 4097 18021 2826 3594 18022 3143 4098 18023 3143 4098 18024 2826 3594 18025 3142 4099 18026 3142 4100 18027 2826 4101 18028 3141 4102 18029 3141 4103 18030 2826 4104 18031 3140 4105 18032 3140 4106 18033 2826 3594 18034 3044 4023 18035 3140 4106 18036 3044 4023 18037 3139 4107 18038 3139 4107 18039 3044 4023 18040 3138 4108 18041 3138 4108 18042 3044 4023 18043 3137 4109 18044 3137 4109 18045 3044 4023 18046 3136 4110 18047 3136 4110 18048 3044 4023 18049 3135 4111 18050 3135 4111 18051 3044 4023 18052 3134 4112 18053 3134 4112 18054 3044 4023 18055 3133 4113 18056 3133 4114 18057 3044 4023 18058 3043 4025 18059 3133 4115 18060 3043 4116 18061 3132 4117 18062 3132 4118 18063 3043 4119 18064 3131 4120 18065 3131 4121 18066 3043 4025 18067 3042 4027 18068 3131 4121 18069 3042 4027 18070 3130 4122 18071 3130 4122 18072 3042 4027 18073 3129 4123 18074 3129 4123 18075 3042 4027 18076 3128 4124 18077 3128 4124 18078 3042 4027 18079 3127 4125 18080 3127 4125 18081 3042 4027 18082 3126 4126 18083 3126 4126 18084 3042 4027 18085 3125 4127 18086 3125 4127 18087 3042 4027 18088 3124 4128 18089 2826 3594 18090 2825 3592 18091 3044 4023 18092 3044 4023 18093 2825 3592 18094 3045 4021 18095 3045 4021 18096 2825 3592 18097 2824 3590 18098 3045 4021 18099 2824 3590 18100 3046 4019 18101 3046 4019 18102 2824 3590 18103 2823 3588 18104 3046 4019 18105 2823 3588 18106 3047 4017 18107 3047 4017 18108 2823 3588 18109 2822 3586 18110 3047 4017 18111 2822 3586 18112 3048 4015 18113 3048 4015 18114 2822 3586 18115 2821 3584 18116 3048 4015 18117 2821 3584 18118 3049 4013 18119 3049 4013 18120 2821 3584 18121 2820 3582 18122 3049 4013 18123 2820 3582 18124 3050 4011 18125 3050 4011 18126 2820 3582 18127 2819 3580 18128 3050 4011 18129 2819 3580 18130 3051 4009 18131 3051 4009 18132 2819 3580 18133 3013 4129 18134 3051 4009 18135 3013 4129 18136 3012 4130 18137 2250 2787 18138 3017 4131 18139 2819 3580 18140 2819 3580 18141 3017 4131 18142 3016 4132 18143 2819 3580 18144 3016 4132 18145 3015 4133 18146 2777 4134 18147 3019 4135 18148 2250 4136 18149 2250 2787 18150 3019 4137 18151 3018 4138 18152 2250 2787 18153 3018 4138 18154 3017 4131 18155 3015 4133 18156 3014 4139 18157 2819 3580 18158 2819 3580 18159 3014 4139 18160 3013 4129 18161 3012 4130 18162 3011 4140 18163 3051 4009 18164 3051 4009 18165 3011 4140 18166 3010 4141 18167 3051 4009 18168 3010 4141 18169 3009 4142 18170 3009 4142 18171 3008 4143 18172 3051 4009 18173 3051 4009 18174 3008 4143 18175 3007 4144 18176 3051 4009 18177 3007 4144 18178 3006 4145 18179 3006 4145 18180 3005 4146 18181 3051 4009 18182 3051 4009 18183 3005 4146 18184 2889 3684 18185 2889 4147 18186 3005 4148 18187 2793 4149 18188 3026 4065 18189 3025 4150 18190 2834 3610 18191 2834 3610 18192 3025 4150 18193 3024 4151 18194 2834 3610 18195 3024 4151 18196 3023 4152 18197 3023 4152 18198 3022 4153 18199 2834 3610 18200 2834 3610 18201 3022 4153 18202 3021 4060 18203 3124 4154 18204 3156 4155 18205 3125 4156 18206 3125 4156 18207 3156 4155 18208 3157 4157 18209 3125 4156 18210 3157 4157 18211 3126 4158 18212 3126 4158 18213 3157 4157 18214 3158 4159 18215 3126 4158 18216 3158 4159 18217 3127 4160 18218 3127 4160 18219 3158 4159 18220 3128 4161 18221 3128 4161 18222 3158 4159 18223 3159 4162 18224 3128 4161 18225 3159 4162 18226 3129 4163 18227 3129 4163 18228 3159 4162 18229 3130 4164 18230 3130 4164 18231 3159 4162 18232 3160 4165 18233 3130 4164 18234 3160 4165 18235 3131 4166 18236 3131 4166 18237 3160 4165 18238 3161 4167 18239 3131 4168 18240 3161 4169 18241 3132 4170 18242 3132 4170 18243 3161 4169 18244 3133 4171 18245 3133 4171 18246 3161 4169 18247 3162 4172 18248 3133 4171 18249 3162 4172 18250 3134 4173 18251 3134 4173 18252 3162 4172 18253 3163 4174 18254 3134 4173 18255 3163 4174 18256 3135 4175 18257 3135 4175 18258 3163 4174 18259 3136 4176 18260 3136 4176 18261 3163 4174 18262 3164 4177 18263 3136 4176 18264 3164 4177 18265 3137 4178 18266 3137 4178 18267 3164 4177 18268 3138 4179 18269 3138 4179 18270 3164 4177 18271 3165 4180 18272 3138 4179 18273 3165 4180 18274 3139 4181 18275 3139 4181 18276 3165 4180 18277 3166 4182 18278 3139 4181 18279 3166 4182 18280 3140 4183 18281 3124 4154 18282 3155 4184 18283 3156 4155 18284 3156 4155 18285 3155 4184 18286 3175 4185 18287 3175 4185 18288 3155 4184 18289 3154 4186 18290 3175 4185 18291 3154 4186 18292 3174 4187 18293 3174 4187 18294 3154 4186 18295 3153 4188 18296 3174 4189 18297 3153 4190 18298 3152 4191 18299 3174 4189 18300 3152 4191 18301 3173 4192 18302 3173 4192 18303 3152 4191 18304 3151 4193 18305 3173 4192 18306 3151 4193 18307 3150 4194 18308 3173 4192 18309 3150 4194 18310 3172 4195 18311 3172 4195 18312 3150 4194 18313 3149 4196 18314 3172 4195 18315 3149 4196 18316 3171 4197 18317 3171 4197 18318 3149 4196 18319 3148 4198 18320 3171 4197 18321 3148 4198 18322 3147 4199 18323 3171 4197 18324 3147 4199 18325 3170 4200 18326 3170 4200 18327 3147 4199 18328 3146 4201 18329 3170 4200 18330 3146 4201 18331 3169 4202 18332 3169 4202 18333 3146 4201 18334 3145 4203 18335 3169 4202 18336 3145 4203 18337 3144 4204 18338 3169 4202 18339 3144 4204 18340 3168 4205 18341 3168 4205 18342 3144 4204 18343 3143 4206 18344 3168 4205 18345 3143 4206 18346 3142 4207 18347 3168 4205 18348 3142 4207 18349 3167 4208 18350 3167 4208 18351 3142 4207 18352 3141 4209 18353 3167 4208 18354 3141 4209 18355 3166 4210 18356 3166 4210 18357 3141 4209 18358 3140 4211 18359 3175 4212 18360 3183 4212 18361 3156 4212 18362 3156 62 18363 3183 62 18364 3184 62 18365 3156 4213 18366 3184 4213 18367 3157 4213 18368 3157 62 18369 3184 62 18370 3185 62 18371 3157 3830 18372 3185 3830 18373 3158 3830 18374 3158 3832 18375 3185 3832 18376 3186 3832 18377 3158 62 18378 3186 62 18379 3159 62 18380 3159 3831 18381 3186 3831 18382 3187 3831 18383 3159 3830 18384 3187 3830 18385 3160 3830 18386 3160 62 18387 3187 62 18388 3188 62 18389 3160 62 18390 3188 62 18391 3161 62 18392 3161 2740 18393 3188 2740 18394 3189 2740 18395 3161 4214 18396 3189 4214 18397 3162 4214 18398 3162 2740 18399 3189 2740 18400 3190 2740 18401 3162 62 18402 3190 62 18403 3163 62 18404 3163 2749 18405 3190 2749 18406 3191 2749 18407 3163 62 18408 3191 62 18409 3164 62 18410 3164 2748 18411 3191 2748 18412 3192 2748 18413 3164 62 18414 3192 62 18415 3165 62 18416 3165 2741 18417 3192 2741 18418 3193 2741 18419 3165 4215 18420 3193 4215 18421 3166 4215 18422 3166 3837 18423 3193 3837 18424 3194 3837 18425 3166 62 18426 3194 62 18427 3167 62 18428 3167 62 18429 3194 62 18430 3195 62 18431 3167 3836 18432 3195 3836 18433 3168 3836 18434 3168 2738 18435 3195 2738 18436 3176 2738 18437 3168 62 18438 3176 62 18439 3169 62 18440 3169 2737 18441 3176 2737 18442 3177 2737 18443 3169 3836 18444 3177 3836 18445 3170 3836 18446 3170 62 18447 3177 62 18448 3178 62 18449 3170 4216 18450 3178 4216 18451 3171 4216 18452 3171 62 18453 3178 62 18454 3179 62 18455 3171 62 18456 3179 62 18457 3172 62 18458 3172 2741 18459 3179 2741 18460 3180 2741 18461 3172 62 18462 3180 62 18463 3173 62 18464 3173 62 18465 3180 62 18466 3181 62 18467 3173 62 18468 3181 62 18469 3174 62 18470 3174 62 18471 3181 62 18472 3182 62 18473 3174 62 18474 3182 62 18475 3175 62 18476 3175 2740 18477 3182 2740 18478 3183 2740 18479 3210 4217 18480 3196 4218 18481 3213 4219 18482 3213 4219 18483 3196 4218 18484 3197 4220 18485 3213 4219 18486 3197 4220 18487 3212 4221 18488 3212 4221 18489 3197 4220 18490 3198 4222 18491 3212 4221 18492 3198 4222 18493 3211 4223 18494 3211 4223 18495 3198 4222 18496 3176 4224 18497 3211 4223 18498 3176 4224 18499 3195 4225 18500 3211 4223 18501 3195 4225 18502 3214 4226 18503 3214 4226 18504 3195 4225 18505 3194 4227 18506 3214 4226 18507 3194 4227 18508 3217 4228 18509 3217 4228 18510 3194 4227 18511 3193 4229 18512 3217 4228 18513 3193 4229 18514 3220 4230 18515 3220 4230 18516 3193 4229 18517 3192 4231 18518 3220 4230 18519 3192 4231 18520 3223 4232 18521 3223 4232 18522 3192 4231 18523 3191 4233 18524 3223 4232 18525 3191 4233 18526 3226 4234 18527 3226 4234 18528 3191 4233 18529 3190 4235 18530 3226 4234 18531 3190 4235 18532 3229 4236 18533 3229 4236 18534 3190 4235 18535 3189 4237 18536 3229 4236 18537 3189 4237 18538 3232 4238 18539 3232 4238 18540 3189 4237 18541 3188 4239 18542 3232 4238 18543 3188 4239 18544 3235 4240 18545 3235 4240 18546 3188 4239 18547 3187 4241 18548 3235 4240 18549 3187 4241 18550 3186 4242 18551 3186 4242 18552 3199 4243 18553 3235 4240 18554 3235 4240 18555 3199 4243 18556 3236 4244 18557 3235 4240 18558 3236 4244 18559 3232 4238 18560 3232 4238 18561 3236 4244 18562 3233 4245 18563 3232 4238 18564 3233 4245 18565 3229 4236 18566 3229 4236 18567 3233 4245 18568 3230 4246 18569 3229 4236 18570 3230 4246 18571 3226 4234 18572 3226 4234 18573 3230 4246 18574 3227 4247 18575 3226 4234 18576 3227 4247 18577 3223 4232 18578 3223 4232 18579 3227 4247 18580 3224 4248 18581 3223 4232 18582 3224 4248 18583 3220 4230 18584 3220 4230 18585 3224 4248 18586 3221 4249 18587 3220 4230 18588 3221 4249 18589 3217 4228 18590 3217 4228 18591 3221 4249 18592 3218 4250 18593 3217 4228 18594 3218 4250 18595 3214 4226 18596 3214 4226 18597 3218 4250 18598 3215 4251 18599 3214 4226 18600 3215 4251 18601 3211 4223 18602 3211 4223 18603 3215 4251 18604 3212 4221 18605 3199 4243 18606 3200 4252 18607 3236 4244 18608 3236 4244 18609 3200 4252 18610 3237 4253 18611 3236 4244 18612 3237 4253 18613 3233 4245 18614 3233 4245 18615 3237 4253 18616 3234 4254 18617 3233 4245 18618 3234 4254 18619 3230 4246 18620 3230 4246 18621 3234 4254 18622 3231 4255 18623 3230 4246 18624 3231 4255 18625 3227 4247 18626 3227 4247 18627 3231 4255 18628 3228 4256 18629 3227 4247 18630 3228 4256 18631 3224 4248 18632 3224 4248 18633 3228 4256 18634 3225 4257 18635 3224 4248 18636 3225 4257 18637 3221 4249 18638 3221 4249 18639 3225 4257 18640 3222 4258 18641 3221 4249 18642 3222 4258 18643 3218 4250 18644 3218 4250 18645 3222 4258 18646 3219 4259 18647 3218 4250 18648 3219 4259 18649 3215 4251 18650 3215 4251 18651 3219 4259 18652 3216 4260 18653 3215 4251 18654 3216 4260 18655 3212 4221 18656 3212 4221 18657 3216 4260 18658 3213 4219 18659 3200 4252 18660 3201 4261 18661 3237 4253 18662 3237 4253 18663 3201 4261 18664 3202 4262 18665 3237 4253 18666 3202 4262 18667 3234 4254 18668 3234 4254 18669 3202 4262 18670 3203 4263 18671 3234 4254 18672 3203 4263 18673 3231 4255 18674 3231 4255 18675 3203 4263 18676 3204 4264 18677 3231 4255 18678 3204 4264 18679 3228 4256 18680 3228 4256 18681 3204 4264 18682 3205 4265 18683 3228 4256 18684 3205 4265 18685 3225 4257 18686 3225 4257 18687 3205 4265 18688 3206 4266 18689 3225 4257 18690 3206 4266 18691 3222 4258 18692 3222 4258 18693 3206 4266 18694 3207 4267 18695 3222 4258 18696 3207 4267 18697 3219 4259 18698 3219 4259 18699 3207 4267 18700 3208 4268 18701 3219 4259 18702 3208 4268 18703 3216 4260 18704 3216 4260 18705 3208 4268 18706 3209 4269 18707 3216 4260 18708 3209 4269 18709 3213 4219 18710 3213 4219 18711 3209 4269 18712 3210 4217 18713 3199 4243 18714 3186 4242 18715 3247 4270 18716 3247 4270 18717 3186 4242 18718 3185 4271 18719 3247 4270 18720 3185 4271 18721 3250 4272 18722 3250 4272 18723 3185 4271 18724 3184 4273 18725 3250 4272 18726 3184 4273 18727 3253 4274 18728 3253 4274 18729 3184 4273 18730 3183 4275 18731 3253 4274 18732 3183 4275 18733 3256 4276 18734 3256 4276 18735 3183 4275 18736 3182 4277 18737 3256 4276 18738 3182 4277 18739 3259 4278 18740 3259 4278 18741 3182 4277 18742 3181 4279 18743 3259 4278 18744 3181 4279 18745 3262 4280 18746 3262 4280 18747 3181 4279 18748 3180 4281 18749 3262 4280 18750 3180 4281 18751 3265 4282 18752 3265 4282 18753 3180 4281 18754 3179 3405 18755 3265 4282 18756 3179 3405 18757 3268 4283 18758 3268 4283 18759 3179 3405 18760 3178 4284 18761 3268 4283 18762 3178 4284 18763 3271 4285 18764 3271 4285 18765 3178 4284 18766 3177 4286 18767 3271 4285 18768 3177 4286 18769 3176 4224 18770 3176 4224 18771 3198 4222 18772 3271 4285 18773 3271 4285 18774 3198 4222 18775 3272 4287 18776 3271 4285 18777 3272 4287 18778 3268 4283 18779 3268 4283 18780 3272 4287 18781 3269 4288 18782 3268 4283 18783 3269 4288 18784 3265 4282 18785 3265 4282 18786 3269 4288 18787 3266 4289 18788 3265 4282 18789 3266 4289 18790 3262 4280 18791 3262 4280 18792 3266 4289 18793 3263 4290 18794 3262 4280 18795 3263 4290 18796 3259 4278 18797 3259 4278 18798 3263 4290 18799 3260 4291 18800 3259 4278 18801 3260 4291 18802 3256 4276 18803 3256 4276 18804 3260 4291 18805 3257 4292 18806 3256 4276 18807 3257 4292 18808 3254 4293 18809 3254 4293 18810 3257 4292 18811 3258 4294 18812 3254 4293 18813 3258 4294 18814 3255 4295 18815 3255 4295 18816 3258 4294 18817 3243 4296 18818 3255 4295 18819 3243 4296 18820 3244 4297 18821 3198 4222 18822 3197 4220 18823 3272 4287 18824 3272 4287 18825 3197 4220 18826 3273 4298 18827 3272 4287 18828 3273 4298 18829 3269 4288 18830 3269 4288 18831 3273 4298 18832 3270 4299 18833 3269 4288 18834 3270 4299 18835 3266 4289 18836 3266 4289 18837 3270 4299 18838 3267 4300 18839 3266 4289 18840 3267 4300 18841 3263 4290 18842 3263 4290 18843 3267 4300 18844 3264 4301 18845 3263 4290 18846 3264 4301 18847 3260 4291 18848 3260 4291 18849 3264 4301 18850 3261 4302 18851 3260 4291 18852 3261 4302 18853 3257 4292 18854 3257 4292 18855 3261 4302 18856 3258 4294 18857 3197 4220 18858 3196 4218 18859 3273 4298 18860 3273 4298 18861 3196 4218 18862 3238 4303 18863 3273 4298 18864 3238 4303 18865 3270 4299 18866 3270 4299 18867 3238 4303 18868 3239 4304 18869 3270 4299 18870 3239 4304 18871 3267 4300 18872 3267 4300 18873 3239 4304 18874 3240 4305 18875 3267 4300 18876 3240 4305 18877 3264 4301 18878 3264 4301 18879 3240 4305 18880 3241 4306 18881 3264 4301 18882 3241 4306 18883 3261 4302 18884 3261 4302 18885 3241 4306 18886 3242 4307 18887 3261 4302 18888 3242 4307 18889 3258 4294 18890 3258 4294 18891 3242 4307 18892 3243 4296 18893 3255 4295 18894 3244 4297 18895 3252 4308 18896 3252 4308 18897 3244 4297 18898 3245 4309 18899 3252 4308 18900 3245 4309 18901 3249 4310 18902 3249 4310 18903 3245 4309 18904 3246 4311 18905 3249 4310 18906 3246 4311 18907 3201 4261 18908 3201 4261 18909 3200 4252 18910 3249 4310 18911 3249 4310 18912 3200 4252 18913 3248 4312 18914 3249 4310 18915 3248 4312 18916 3252 4308 18917 3252 4308 18918 3248 4312 18919 3251 4313 18920 3252 4308 18921 3251 4313 18922 3255 4295 18923 3255 4295 18924 3251 4313 18925 3254 4293 18926 3200 4252 18927 3199 4243 18928 3248 4312 18929 3248 4312 18930 3199 4243 18931 3247 4270 18932 3248 4312 18933 3247 4270 18934 3251 4313 18935 3251 4313 18936 3247 4270 18937 3250 4272 18938 3251 4313 18939 3250 4272 18940 3254 4293 18941 3254 4293 18942 3250 4272 18943 3253 4274 18944 3254 4293 18945 3253 4274 18946 3256 4276 18947 3246 62 18948 3277 62 18949 3201 62 18950 3201 62 18951 3277 62 18952 3278 62 18953 3201 4314 18954 3278 4314 18955 3202 4314 18956 3202 62 18957 3278 62 18958 3203 62 18959 3203 62 18960 3278 62 18961 3204 62 18962 3204 62 18963 3278 62 18964 3205 62 18965 3205 4315 18966 3278 4315 18967 3279 4315 18968 3205 62 18969 3279 62 18970 3206 62 18971 3206 62 18972 3279 62 18973 3207 62 18974 3207 4316 18975 3279 4316 18976 3274 4316 18977 3207 62 18978 3274 62 18979 3208 62 18980 3208 62 18981 3274 62 18982 3209 62 18983 3209 4317 18984 3274 4317 18985 3210 4317 18986 3210 4318 18987 3274 4318 18988 3196 4318 18989 3196 62 18990 3274 62 18991 3275 62 18992 3196 4319 18993 3275 4319 18994 3238 4319 18995 3238 62 18996 3275 62 18997 3239 62 18998 3239 62 18999 3275 62 19000 3240 62 19001 3240 62 19002 3275 62 19003 3241 62 19004 3241 4320 19005 3275 4320 19006 3276 4320 19007 3241 62 19008 3276 62 19009 3242 62 19010 3242 62 19011 3276 62 19012 3243 62 19013 3243 4321 19014 3276 4321 19015 3277 4321 19016 3243 62 19017 3277 62 19018 3244 62 19019 3244 4322 19020 3277 4322 19021 3245 4322 19022 3245 4323 19023 3277 4323 19024 3246 4323 19025 3275 4324 19026 3280 4324 19027 3276 4324 19028 3276 1789 19029 3280 1789 19030 3281 1789 19031 3276 1791 19032 3281 1791 19033 3277 1791 19034 3277 1791 19035 3281 1791 19036 3282 1791 19037 3274 436 19038 3283 436 19039 3275 436 19040 3275 436 19041 3283 436 19042 3280 436 19043 3277 973 19044 3282 973 19045 3278 973 19046 3278 973 19047 3282 973 19048 3284 973 19049 3278 1787 19050 3284 1787 19051 3279 1787 19052 3279 4325 19053 3284 4325 19054 3285 4325 19055 3279 1788 19056 3285 1788 19057 3274 1788 19058 3274 4326 19059 3285 4326 19060 3283 4326 19061 3286 4327 19062 3283 4327 19063 3285 4327 19064 3286 1623 19065 3280 1623 19066 3283 1623 19067 3286 4328 19068 3281 4328 19069 3280 4328 19070 3286 4329 19071 3282 4329 19072 3281 4329 19073 3286 1620 19074 3284 1620 19075 3282 1620 19076 3286 4330 19077 3285 4330 19078 3284 4330 19079</p>
        </triangles>
        <triangles material="MaterialFBXASC032FBXASC03528-material" count="214">
          <input semantic="VERTEX" source="#stitch_result_stitchFBXASC032allMesh-mesh-vertices" offset="0"/>
          <input semantic="NORMAL" source="#stitch_result_stitchFBXASC032allMesh-mesh-normals" offset="1"/>
          <input semantic="TEXCOORD" source="#stitch_result_stitchFBXASC032allMesh-mesh-map-0" offset="2" set="0"/>
          <p>373 4331 19080 378 4332 19081 372 4333 19082 372 4333 19083 378 4332 19084 379 4334 19085 372 4333 19086 379 4334 19087 420 4335 19088 420 4335 19089 379 4334 19090 419 4336 19091 419 4336 19092 379 4334 19093 418 4337 19094 418 4337 19095 379 4334 19096 417 4338 19097 417 4338 19098 379 4334 19099 416 4339 19100 416 4339 19101 379 4334 19102 402 4340 19103 416 4339 19104 402 4340 19105 415 4341 19106 415 4341 19107 402 4340 19108 414 4342 19109 414 4342 19110 402 4340 19111 413 4343 19112 413 4343 19113 402 4340 19114 403 4344 19115 413 4343 19116 403 4344 19117 412 4345 19118 412 4345 19119 403 4344 19120 411 4346 19121 411 4346 19122 403 4344 19123 410 4347 19124 410 4347 19125 403 4344 19126 409 4348 19127 409 4348 19128 403 4344 19129 408 4349 19130 408 4350 19131 403 4351 19132 407 4352 19133 407 4352 19134 403 4351 19135 406 4353 19136 406 4353 19137 403 4351 19138 405 4354 19139 405 4355 19140 403 4356 19141 404 4357 19142 373 4331 19143 374 4358 19144 378 4332 19145 378 4332 19146 374 4358 19147 377 4359 19148 377 4359 19149 374 4358 19150 375 4360 19151 377 4359 19152 375 4360 19153 376 4361 19154 379 4334 19155 380 4362 19156 402 4340 19157 402 4340 19158 380 4362 19159 401 4363 19160 401 4363 19161 380 4362 19162 381 4364 19163 401 4363 19164 381 4364 19165 400 4365 19166 400 4365 19167 381 4364 19168 382 4366 19169 400 4365 19170 382 4366 19171 399 4367 19172 399 4367 19173 382 4366 19174 383 4368 19175 399 4367 19176 383 4368 19177 398 4369 19178 398 4369 19179 383 4368 19180 384 4370 19181 398 4369 19182 384 4370 19183 397 4371 19184 397 4371 19185 384 4370 19186 385 4372 19187 397 4371 19188 385 4372 19189 396 4373 19190 396 4373 19191 385 4372 19192 386 4374 19193 396 4373 19194 386 4374 19195 395 4375 19196 395 4375 19197 386 4374 19198 387 4376 19199 395 4375 19200 387 4376 19201 394 4377 19202 394 4377 19203 387 4376 19204 388 4378 19205 394 4377 19206 388 4378 19207 393 4379 19208 393 4379 19209 388 4378 19210 389 4380 19211 393 4379 19212 389 4380 19213 392 4381 19214 392 4381 19215 389 4380 19216 390 4382 19217 392 4381 19218 390 4382 19219 391 973 19220 420 4383 19221 421 4384 19222 372 4385 19223 463 4386 19224 434 4387 19225 456 4388 19226 456 4388 19227 434 4387 19228 435 4389 19229 456 4388 19230 435 4389 19231 455 4390 19232 455 4390 19233 435 4389 19234 436 4391 19235 455 4390 19236 436 4391 19237 454 4392 19238 454 4392 19239 436 4391 19240 437 4393 19241 454 4392 19242 437 4393 19243 453 4394 19244 453 4394 19245 437 4393 19246 438 4395 19247 453 4394 19248 438 4395 19249 452 4396 19250 452 4396 19251 438 4395 19252 439 4397 19253 452 4396 19254 439 4397 19255 451 4398 19256 451 4398 19257 439 4397 19258 440 4399 19259 451 4398 19260 440 4399 19261 450 4400 19262 450 4400 19263 440 4399 19264 441 4401 19265 450 4400 19266 441 4401 19267 449 4402 19268 449 4402 19269 441 4401 19270 442 4403 19271 449 4402 19272 442 4403 19273 448 4404 19274 448 4404 19275 442 4403 19276 443 4405 19277 448 4404 19278 443 4405 19279 447 4406 19280 447 4406 19281 443 4405 19282 444 4407 19283 447 4406 19284 444 4407 19285 446 4408 19286 446 4408 19287 444 4407 19288 445 4409 19289 446 4408 19290 445 4409 19291 390 4382 19292 390 4382 19293 445 4409 19294 391 973 19295 456 4388 19296 457 4410 19297 463 4386 19298 463 4386 19299 457 4410 19300 462 4411 19301 462 4411 19302 457 4410 19303 461 4412 19304 461 4412 19305 457 4410 19306 458 4413 19307 461 4412 19308 458 4413 19309 460 4414 19310 460 4414 19311 458 4413 19312 459 4415 19313 481 4416 19314 458 4416 19315 480 4416 19316 480 0 19317 458 0 19318 457 0 19319 480 4417 19320 457 4417 19321 538 4417 19322 538 0 19323 457 0 19324 456 0 19325 538 4418 19326 456 4418 19327 537 4418 19328 537 0 19329 456 0 19330 455 0 19331 537 4419 19332 455 4419 19333 536 4419 19334 536 4420 19335 455 4420 19336 454 4420 19337 536 4421 19338 454 4421 19339 535 4421 19340 535 4422 19341 454 4422 19342 534 4422 19343 534 4423 19344 454 4423 19345 453 4423 19346 534 0 19347 453 0 19348 533 0 19349 533 0 19350 453 0 19351 452 0 19352 533 0 19353 452 0 19354 532 0 19355 532 0 19356 452 0 19357 451 0 19358 532 0 19359 451 0 19360 531 0 19361 531 0 19362 451 0 19363 450 0 19364 531 0 19365 450 0 19366 530 0 19367 530 4424 19368 450 4425 19369 529 4426 19370 529 0 19371 450 0 19372 528 0 19373 528 0 19374 450 0 19375 526 0 19376 528 0 19377 526 0 19378 527 0 19379 481 4427 19380 482 4428 19381 458 4429 19382 458 4430 19383 482 4431 19384 483 4432 19385 458 0 19386 483 0 19387 485 0 19388 485 4433 19389 483 4433 19390 484 4433 19391 458 0 19392 485 0 19393 459 0 19394 459 4434 19395 485 4434 19396 486 4434 19397 459 0 19398 486 0 19399 472 0 19400 526 0 19401 450 0 19402 525 0 19403 525 4435 19404 450 4435 19405 449 4435 19406 525 4436 19407 449 4436 19408 523 4436 19409 523 4437 19410 449 4437 19411 522 4437 19412 522 4438 19413 449 4438 19414 521 4438 19415 521 0 19416 449 0 19417 520 0 19418 520 4439 19419 449 4439 19420 519 4439 19421 519 0 19422 449 0 19423 448 0 19424 519 0 19425 448 0 19426 518 0 19427 518 0 19428 448 0 19429 447 0 19430 518 0 19431 447 0 19432 517 0 19433 517 4440 19434 447 4440 19435 446 4440 19436 517 4441 19437 446 4441 19438 516 4441 19439 516 0 19440 446 0 19441 390 0 19442 516 0 19443 390 0 19444 389 0 19445 516 4442 19446 389 4442 19447 515 4442 19448 515 4440 19449 389 4440 19450 388 4440 19451 515 4443 19452 388 4443 19453 514 4443 19454 514 0 19455 388 0 19456 387 0 19457 514 4444 19458 387 4444 19459 513 4444 19460 513 0 19461 387 0 19462 386 0 19463 513 4445 19464 386 4445 19465 512 4445 19466 512 4446 19467 386 4446 19468 511 4446 19469 511 4447 19470 386 4447 19471 510 4447 19472 510 0 19473 386 0 19474 509 0 19475 509 0 19476 386 0 19477 507 0 19478 509 4448 19479 507 4448 19480 508 4448 19481 386 0 19482 385 0 19483 507 0 19484 507 4449 19485 385 4449 19486 506 4449 19487 506 4450 19488 385 4450 19489 504 4450 19490 506 4451 19491 504 4451 19492 505 4451 19493 384 4452 19494 501 4452 19495 385 4452 19496 385 4453 19497 501 4453 19498 502 4453 19499 385 4454 19500 502 4454 19501 503 4454 19502 501 4455 19503 384 4455 19504 500 4455 19505 500 0 19506 384 0 19507 383 0 19508 500 4456 19509 383 4456 19510 499 4456 19511 499 0 19512 383 0 19513 382 0 19514 499 4457 19515 382 4457 19516 498 4457 19517 498 4423 19518 382 4423 19519 381 4423 19520 498 4458 19521 381 4458 19522 497 4458 19523 497 4459 19524 381 4459 19525 496 4459 19526 496 4420 19527 381 4420 19528 380 4420 19529 496 0 19530 380 0 19531 495 0 19532 495 0 19533 380 0 19534 379 0 19535 495 0 19536 379 0 19537 494 0 19538 494 0 19539 379 0 19540 378 0 19541 494 0 19542 378 0 19543 493 0 19544 493 0 19545 378 0 19546 377 0 19547 493 0 19548 377 0 19549 492 0 19550 492 4460 19551 377 4461 19552 491 4462 19553 491 0 19554 377 0 19555 490 0 19556 490 0 19557 377 0 19558 488 0 19559 490 0 19560 488 0 19561 489 0 19562 377 0 19563 376 0 19564 488 0 19565 488 4434 19566 376 4434 19567 487 4434 19568 487 0 19569 376 0 19570 470 0 19571 503 0 19572 504 0 19573 385 0 19574 523 4448 19575 524 4448 19576 525 4448 19577 479 4463 19578 621 4463 19579 434 4463 19580 434 4464 19581 621 4464 19582 435 4464 19583 435 62 19584 621 62 19585 622 62 19586 435 62 19587 622 62 19588 436 62 19589 436 62 19590 622 62 19591 623 62 19592 436 62 19593 623 62 19594 437 62 19595 437 62 19596 623 62 19597 624 62 19598 437 4465 19599 624 4465 19600 438 4465 19601 438 62 19602 624 62 19603 625 62 19604 438 62 19605 625 62 19606 439 62 19607 439 62 19608 625 62 19609 626 62 19610 439 4466 19611 626 4466 19612 440 4466 19613 440 62 19614 626 62 19615 627 62 19616 440 4467 19617 627 4467 19618 441 4467 19619 441 62 19620 627 62 19621 628 62 19622 441 4468 19623 628 4468 19624 442 4468 19625 442 4469 19626 628 4469 19627 629 4469 19628 442 4470 19629 629 4470 19630 443 4470 19631 443 62 19632 629 62 19633 630 62 19634 443 4471 19635 630 4471 19636 444 4471 19637 444 62 19638 630 62 19639 631 62 19640 444 4472 19641 631 4472 19642 445 4472 19643 445 4473 19644 631 4473 19645 632 4473 19646 445 62 19647 632 62 19648 391 62 19649 391 62 19650 632 62 19651 392 62 19652 392 4473 19653 632 4473 19654 633 4473 19655 392 62 19656 633 62 19657 393 62 19658 393 62 19659 633 62 19660 634 62 19661 393 62 19662 634 62 19663 394 62 19664 394 62 19665 634 62 19666 635 62 19667 394 62 19668 635 62 19669 395 62 19670 395 4469 19671 635 4469 19672 636 4469 19673 395 62 19674 636 62 19675 396 62 19676 396 62 19677 636 62 19678 637 62 19679 396 62 19680 637 62 19681 397 62 19682 397 62 19683 637 62 19684 638 62 19685 397 62 19686 638 62 19687 398 62 19688 398 62 19689 638 62 19690 639 62 19691 398 62 19692 639 62 19693 399 62 19694 399 62 19695 639 62 19696 640 62 19697 399 62 19698 640 62 19699 400 62 19700 400 62 19701 640 62 19702 641 62 19703 400 4474 19704 641 4474 19705 401 4474 19706 401 62 19707 641 62 19708 642 62 19709 401 62 19710 642 62 19711 402 62 19712 402 62 19713 642 62 19714 643 62 19715 402 4475 19716 643 4475 19717 403 4475 19718 403 4463 19719 643 4463 19720 471 4463 19721</p>
        </triangles>
      </mesh>
    </geometry>
  </library_geometries>
  <library_visual_scenes>
    <visual_scene id="Scene" name="Scene">
      <node id="RD37_3-FR3WML-2" name="RD37.3-FR3WML-2" type="NODE">
        <matrix sid="transform">-4.37114e-11 0.001 -4.37114e-11 0 -0.001 -4.37114e-11 0 0 0 4.37114e-11 0.001 0.14 0 0 0 1</matrix>
        <node id="stitch_result_stitchFBXASC032all" name="stitch_result_stitchFBXASC032all" type="NODE">
          <matrix sid="transform">1 0 0 0 0 1 0 0 0 0 1 0 0 0 0 1</matrix>
          <instance_geometry url="#stitch_result_stitchFBXASC032allMesh-mesh" name="stitch_result_stitchFBXASC032all">
            <bind_material>
              <technique_common>
                <instance_material symbol="MaterialFBXASC032FBXASC03527-material" target="#MaterialFBXASC032FBXASC03527-material">
                  <bind_vertex_input semantic="stitch_result_stitchFBXASC032all-UV0" input_semantic="TEXCOORD" input_set="0"/>
                </instance_material>
                <instance_material symbol="MaterialFBXASC032FBXASC03528-material" target="#MaterialFBXASC032FBXASC03528-material">
                  <bind_vertex_input semantic="stitch_result_stitchFBXASC032all-UV0" input_semantic="TEXCOORD" input_set="0"/>
                </instance_material>
              </technique_common>
            </bind_material>
          </instance_geometry>
        </node>
      </node>
    </visual_scene>
  </library_visual_scenes>
  <scene>
    <instance_visual_scene url="#Scene"/>
  </scene>
</COLLADA>