<?xml version="1.0" encoding="utf-8"?>
<COLLADA xmlns="http://www.collada.org/2005/11/COLLADASchema" version="1.4.1" xmlns:xsi="http://www.w3.org/2001/XMLSchema-instance">
  <asset>
    <contributor>
      <author>Blender User</author>
      <authoring_tool>Blender 3.4.1 commit date:2022-12-19, commit time:17:00, hash:55485cb379f7</authoring_tool>
    </contributor>
    <created>2024-11-11T09:46:37</created>
    <modified>2024-11-11T09:46:37</modified>
    <unit name="meter" meter="1"/>
    <up_axis>Z_UP</up_axis>
  </asset>
  <library_effects>
    <effect id="MaterialFBXASC032FBXASC03526-effect">
      <profile_COMMON>
        <technique sid="common">
          <lambert>
            <emission>
              <color sid="emission">0 0 0 1</color>
            </emission>
            <diffuse>
              <color sid="diffuse">1 1 1 1</color>
            </diffuse>
            <reflectivity>
              <float sid="specular">1</float>
            </reflectivity>
            <index_of_refraction>
              <float sid="ior">1.45</float>
            </index_of_refraction>
          </lambert>
        </technique>
      </profile_COMMON>
    </effect>
  </library_effects>
  <library_images/>
  <library_materials>
    <material id="MaterialFBXASC032FBXASC03526-material" name="MaterialFBXASC032FBXASC03526">
      <instance_effect url="#MaterialFBXASC032FBXASC03526-effect"/>
    </material>
  </library_materials>
  <library_geometries>
    <geometry id="stitch_result_stitchFBXASC032allMesh-mesh" name="stitch_result_stitchFBXASC032allMesh">
      <mesh>
        <source id="stitch_result_stitchFBXASC032allMesh-mesh-positions">
          <float_array id="stitch_result_stitchFBXASC032allMesh-mesh-positions-array" count="5010">-46.66901 9.999999 24.20584 -46.31685 9.999999 24.25647 -45.99322 9.999999 24.40427 -45.72433 9.999999 24.63726 -45.53197 9.999999 24.93657 -45.43174 9.999999 25.27795 -45.43174 9.999999 25.63373 -45.53197 9.999999 25.97511 -45.72433 9.999999 26.27442 -45.99322 9.999999 26.50741 -46.31685 9.999999 26.65521 -46.66901 9.999999 26.70584 -46.66901 10.75107 25.45584 -25.45582 9.999999 45.41904 -25.10365 9.999999 45.46967 -24.78001 9.999999 45.61747 -24.51113 9.999999 45.85046 -24.31878 9.999999 46.14977 -24.21854 9.999999 46.49114 -24.21854 9.999999 46.84693 -24.31878 9.999999 47.18831 -24.51113 9.999999 47.48762 -24.78001 9.999999 47.72061 -25.10365 9.999999 47.86841 -25.45582 9.999999 47.91904 -25.45582 10.75107 46.66904 31.81982 0 48.46193 31.1155 0 48.36067 30.46822 0 48.06506 29.93045 0 47.59908 29.54574 0 47.00047 29.34527 0 46.31772 29.34527 0 45.60614 29.54574 0 44.9234 29.93045 0 44.32478 30.46822 0 43.8588 31.1155 0 43.5632 31.81982 0 43.46193 31.81982 9.999999 43.46193 31.1155 9.999999 43.5632 30.46822 9.999999 43.8588 29.93045 9.999999 44.32478 29.54574 9.999999 44.9234 29.34527 9.999999 45.60614 29.34527 9.999999 46.31772 29.54574 9.999999 47.00047 29.93045 9.999999 47.59908 30.46822 9.999999 48.06506 31.1155 9.999999 48.36067 31.81982 9.999999 48.46193 32.52415 9.999999 43.5632 33.17142 9.999999 43.8588 33.7092 9.999999 44.32478 34.0939 9.999999 44.9234 34.29438 9.999999 45.60614 34.29438 9.999999 46.31772 34.0939 9.999999 47.00047 33.7092 9.999999 47.59908 33.17142 9.999999 48.06506 32.52415 9.999999 48.36067 -48.79034 9.999999 -31.11269 -48.79034 0 -31.11269 -49.21676 0 -31.68234 -49.46543 0 -32.34905 -49.5162 0 -33.05881 -49.36494 0 -33.75412 -49.02392 0 -34.37865 -48.52076 0 -34.88181 -47.89623 0 -35.22283 -47.20092 0 -35.37409 -46.49116 0 -35.32332 -45.82444 0 -35.07466 -45.2548 0 -34.64823 -45.2548 9.999999 -34.64823 -45.82444 9.999999 -35.07466 -46.49116 9.999999 -35.32332 -47.20092 9.999999 -35.37409 -47.89623 9.999999 -35.22283 -48.52076 9.999999 -34.88181 -49.02392 9.999999 -34.37865 -49.36494 9.999999 -33.75412 -49.5162 9.999999 -33.05881 -49.46543 9.999999 -32.34905 -49.21676 9.999999 -31.68234 -46.66901 9.999999 -28.99137 -46.66901 0 -28.99137 -43.13348 0 -32.5269 -42.73618 0 -32.00914 -42.48643 0 -31.40619 -42.40125 0 -30.75914 -42.48643 0 -30.11209 -42.73618 0 -29.50914 -43.13348 0 -28.99137 -43.65125 0 -28.59408 -44.2542 0 -28.34433 -44.90125 0 -28.25914 -44.90125 9.999999 -28.25914 -44.2542 9.999999 -28.34433 -43.65125 9.999999 -28.59408 -43.13348 9.999999 -28.99137 -42.73618 9.999999 -29.50914 -42.48643 9.999999 -30.11209 -42.40125 9.999999 -30.75914 -42.48643 9.999999 -31.40619 -42.73618 9.999999 -32.00914 -43.13348 9.999999 -32.5269 -45.54829 9.999999 -28.34433 -46.15125 9.999999 -28.59408 -44.54769 2.5 36.06244 -44.54769 0 36.06244 -50.91165 0 29.69848 -50.91165 2.5 29.69848 -29.69846 0 50.91168 -29.69846 2.5 50.91168 -28.66292 2.5 51.70627 -27.45702 2.5 52.20578 -26.16292 2.5 52.37614 -24.86883 2.5 52.20578 -23.66292 2.5 51.70627 -22.62739 2.5 50.91168 -22.62739 0 50.91168 -23.66292 0 51.70627 -24.86883 0 52.20578 -26.16292 0 52.37614 -27.45702 0 52.20578 -28.66292 0 51.70627 -50.91165 0 22.62742 -50.91165 2.5 22.62742 -51.70625 2.5 23.66295 -52.20575 2.5 24.86885 -52.37612 2.5 26.16295 -52.20575 2.5 27.45704 -51.70625 2.5 28.66295 -51.70625 0 28.66295 -52.20575 0 27.45704 -52.37612 0 26.16295 -52.20575 0 24.86885 -51.70625 0 23.66295 -25.80798 9.999999 47.86841 -26.13162 9.999999 47.72061 -26.4005 9.999999 47.48762 -26.59286 9.999999 47.18831 -26.69309 9.999999 46.84693 -26.69309 9.999999 46.49114 -26.59286 9.999999 46.14977 -26.4005 9.999999 45.85046 -26.13162 9.999999 45.61747 -25.80798 9.999999 45.46967 -25.45582 2.5 47.91904 -25.80798 2.5 47.86841 -26.13162 2.5 47.72061 -26.4005 2.5 47.48762 -26.59286 2.5 47.18831 -26.69309 2.5 46.84693 -26.69309 2.5 46.49114 -26.59286 2.5 46.14977 -26.4005 2.5 45.85046 -26.13162 2.5 45.61747 -25.80798 2.5 45.46967 -25.45582 2.5 45.41904 -47.02118 9.999999 26.65521 -47.34481 9.999999 26.50741 -47.6137 9.999999 26.27442 -47.80606 9.999999 25.97511 -47.90629 9.999999 25.63373 -47.90629 9.999999 25.27795 -47.80606 9.999999 24.93657 -47.6137 9.999999 24.63726 -47.34481 9.999999 24.40427 -47.02118 9.999999 24.25647 -46.66901 2.5 26.70584 -47.02118 2.5 26.65521 -47.34481 2.5 26.50741 -47.6137 2.5 26.27442 -47.80606 2.5 25.97511 -47.90629 2.5 25.63373 -47.90629 2.5 25.27795 -47.80606 2.5 24.93657 -47.6137 2.5 24.63726 -47.34481 2.5 24.40427 -47.02118 2.5 24.25647 -46.66901 2.5 24.20584 -46.31685 2.5 24.25647 -45.99322 2.5 24.40427 -45.72433 2.5 24.63726 -45.53197 2.5 24.93657 -45.43174 2.5 25.27795 -45.43174 2.5 25.63373 -45.53197 2.5 25.97511 -45.72433 2.5 26.27442 -45.99322 2.5 26.50741 -46.31685 2.5 26.65521 -25.10365 2.5 45.46967 -24.78001 2.5 45.61747 -24.51113 2.5 45.85046 -24.31878 2.5 46.14977 -24.21854 2.5 46.49114 -24.21854 2.5 46.84693 -24.31878 2.5 47.18831 -24.51113 2.5 47.48762 -24.78001 2.5 47.72061 -25.10365 2.5 47.86841 -45.54829 0 -28.34433 -46.15125 0 -28.59408 32.52415 0 43.5632 33.17142 0 43.8588 33.7092 0 44.32478 34.0939 0 44.9234 34.29438 0 45.60614 34.29438 0 46.31772 34.0939 0 47.00047 33.7092 0 47.59908 33.17142 0 48.06506 32.52415 0 48.36067 -40.81285 0 49.29816 -33.62683 0 54.45396 -25.79863 0 58.56985 -17.47776 0 61.56725 -8.823116 0 63.38888 2.5e-5 0 63.99999 2.5e-5 10.39552 63.99999 -9.032472 10.39552 63.35939 -17.88415 10.39552 61.45042 -26.37781 10.39552 58.3113 -34.34342 10.39552 54.00487 -41.62153 10.39552 48.61733 -41.27338 9.609967 48.91323 -41.01735 8.759838 49.12821 -40.8639 7.877195 49.25597 -40.81285 6.999999 49.29816 10.01183 0 63.21204 19.77711 0 60.8676 29.05541 0 57.02441 37.61827 0 51.77708 45.25485 0 45.25483 51.7771 0 37.61825 57.02444 0 29.05539 60.86764 0 19.77709 63.21207 0 10.0118 64.00002 0 0 63.21207 0 -10.0118 60.86764 0 -19.77709 57.02444 0 -29.05539 51.7771 0 -37.61825 45.25485 0 -45.25483 37.61827 0 -51.77708 29.05541 0 -57.02441 19.77711 0 -60.8676 10.01183 0 -63.21204 2.5e-5 0 -63.99999 2.5e-5 10.39552 -63.99999 10.01183 10.39552 -63.21204 19.77711 10.39552 -60.8676 29.05541 10.39552 -57.02441 37.61827 10.39552 -51.77708 45.25485 10.39552 -45.25483 51.7771 10.39552 -37.61825 57.02444 10.39552 -29.05539 60.86764 10.39552 -19.77709 63.21207 10.39552 -10.0118 64.00002 10.39552 0 63.21207 10.39552 10.0118 60.86764 10.39552 19.77709 57.02444 10.39552 29.05539 51.7771 10.39552 37.61825 45.25485 10.39552 45.25483 37.61827 10.39552 51.77708 29.05541 10.39552 57.02441 19.77711 10.39552 60.8676 10.01183 10.39552 63.21204 -9.615929 0 -63.27347 -19.01356 0 -61.11041 -27.97952 0 -57.55991 -36.31024 0 -52.70259 -43.81658 0 -46.64873 -50.32812 0 -39.53576 -55.69702 0 -31.52519 -59.80139 0 -22.79888 -62.54806 0 -13.55495 -63.87464 0 -4.003267 -63.75102 0 5.639302 -62.18003 0 15.15384 -59.19732 0 24.32432 -54.87061 0 32.94255 -49.29813 0 40.81287 -49.29813 6.999999 40.81287 -49.25594 7.877195 40.86393 -49.12818 8.759838 41.01737 -48.9132 9.609967 41.2734 -48.61731 10.39552 41.62155 -54.35625 10.39552 33.78451 -58.84306 10.39552 25.16922 -61.97437 10.39552 15.97414 -63.67805 10.39552 6.411077 -63.91484 10.39552 -3.29967 -62.67932 10.39552 -12.93441 -59.99991 10.39552 -22.27119 -55.93836 10.39552 -31.09494 -50.58823 10.39552 -39.20238 -44.07275 10.39552 -46.40678 -36.54202 10.39552 -52.54214 -28.16952 10.39552 -57.46717 -19.14811 10.39552 -61.06838 -9.685599 10.39552 -63.26284 -15.14947 0 43.43377 -10.2061 0 44.85348 -5.135135 0 45.71246 2.5e-5 0 45.99999 8.452503 0 45.21675 16.61714 0 42.89371 24.2159 0 39.10998 30.99002 0 33.9944 36.70881 0 27.72119 41.17753 0 20.50396 44.244 0 12.5885 45.80379 0 4.244344 45.80379 0 -4.244344 44.244 0 -12.5885 41.17753 0 -20.50396 36.70881 0 -27.72119 30.99002 0 -33.9944 24.2159 0 -39.10998 16.61714 0 -42.89371 8.452503 0 -45.21675 2.5e-5 0 -45.99999 -7.932333 0 -45.31089 -15.62703 0 -43.26424 -22.85353 0 -39.92135 -29.39532 0 -35.38239 -35.05639 0 -29.78334 -39.66714 0 -23.29195 -43.08944 0 -16.10272 -45.22073 0 -8.431032 -45.99718 0 -0.506746 -45.3955 0 7.432722 -43.43374 0 15.1495 -36.06241 0 44.54772 55.00001 0 3.299999 55.92974 0 3.166326 56.78413 0 2.776136 57.49399 0 2.16104 58.0018 0 1.370869 58.26642 0 0.469639 58.26642 0 -0.469639 58.0018 0 -1.370869 57.49399 0 -2.16104 56.78413 0 -2.776136 55.92974 0 -3.166326 55.00001 0 -3.299999 54.0703 0 -3.166326 53.2159 0 -2.776136 52.50604 0 -2.16104 51.99822 0 -1.370869 51.73361 0 -0.469639 51.73361 0 0.469639 51.99822 0 1.370869 52.50604 0 2.16104 53.2159 0 2.776136 54.0703 0 3.166326 2.5e-5 0 -51.69999 0.929742 0 -51.83367 1.784139 0 -52.22385 2.493998 0 -52.83895 3.00181 0 -53.62912 3.266435 0 -54.53035 3.266435 0 -55.46963 3.00181 0 -56.37086 2.493998 0 -57.16103 1.784139 0 -57.77613 0.929742 0 -58.16632 2.5e-5 0 -58.29999 -0.929692 0 -58.16632 -1.784089 0 -57.77613 -2.493948 0 -57.16103 -3.00176 0 -56.37086 -3.266385 0 -55.46963 -3.266385 0 -54.53035 -3.00176 0 -53.62912 -2.493948 0 -52.83895 -1.784089 0 -52.22385 -0.929692 0 -51.83367 2.5e-5 0 58.29999 0.929742 0 58.16632 1.784139 0 57.77613 2.493998 0 57.16103 3.00181 0 56.37086 3.266435 0 55.46963 3.266435 0 54.53035 3.00181 0 53.62912 2.493998 0 52.83895 1.784139 0 52.22385 0.929742 0 51.83367 2.5e-5 0 51.69999 -0.929692 0 51.83367 -1.784089 0 52.22385 -2.493948 0 52.83895 -3.00176 0 53.62912 -3.266385 0 54.53035 -3.266385 0 55.46963 -3.00176 0 56.37086 -2.493948 0 57.16103 -1.784089 0 57.77613 -0.929692 0 58.16632 -54.99996 0 3.299999 -54.07025 0 3.166326 -53.21585 0 2.776136 -52.50599 0 2.16104 -51.99818 0 1.370869 -51.73356 0 0.469639 -51.73356 0 -0.469639 -51.99818 0 -1.370869 -52.50599 0 -2.16104 -53.21585 0 -2.776136 -54.07025 0 -3.166326 -54.99996 0 -3.299999 -55.92969 0 -3.166326 -56.78408 0 -2.776136 -57.49393 0 -2.16104 -58.00175 0 -1.370869 -58.26638 0 -0.469639 -58.26638 0 0.469639 -58.00175 0 1.370869 -57.49393 0 2.16104 -56.78408 0 2.776136 -55.92969 0 3.166326 -28.00636 6.999999 36.49166 -28.00636 2.5 36.49166 -36.06241 2.5 44.54772 -36.49164 2.5 28.00639 -36.49164 6.999999 28.00639 -42.32532 11.48205 47.96649 -43.16804 12.30748 47.12548 -44.11874 12.82405 46.15857 -45.13438 13 45.1344 -32.52688 13 32.5269 -31.70012 12.88625 33.33268 -30.86185 12.54278 34.11075 -30.07348 11.97742 34.80762 -29.38823 11.24262 35.38827 -28.81626 10.34749 35.85546 -28.37055 9.297282 36.20925 -28.09738 8.154375 36.42182 -46.15834 12.82412 44.11895 -47.12504 12.30777 43.16841 -47.96689 11.4815 42.32491 -36.42179 8.154375 28.0974 -36.20923 9.297282 28.37057 -35.85543 10.34749 28.81629 -35.38825 11.24262 29.38825 -34.80759 11.97742 30.0735 -34.11073 12.54278 30.86188 -33.33266 12.88625 31.70014 -43.43374 2.5 15.1495 -41.58063 2.5 19.67354 -39.25785 2.5 23.97537 -15.14947 2.5 43.43377 -23.97534 2.5 39.25788 -19.67352 2.5 41.58065 2.5e-5 17.37769 62.74163 -9.814929 17.37769 61.96918 -19.38821 17.37769 59.67084 -28.48408 17.37769 55.9032 -36.87858 17.37769 50.75904 -44.36501 17.37769 44.36503 -50.75902 17.37769 36.8786 -55.90318 17.37769 28.48411 -59.67081 17.37769 19.38823 -61.96915 17.37769 9.814954 -62.74161 17.37769 0 -61.96915 17.37769 -9.814954 -59.67081 17.37769 -19.38823 -55.90318 17.37769 -28.48411 -50.75902 17.37769 -36.8786 -44.36501 17.37769 -44.36503 -36.87858 17.37769 -50.75904 -28.48408 17.37769 -55.9032 -19.38821 17.37769 -59.67084 -9.814929 17.37769 -61.96918 2.5e-5 17.37769 -62.74163 2.5e-5 15.10578 -63.43741 2.5e-5 12.76739 -63.85885 2.5e-5 12.76739 63.85885 2.5e-5 15.10578 63.43741 -51.62635 13.11885 37.50875 -9.982639 13.11885 63.02806 -19.7195 13.11885 60.69044 -28.97079 13.11885 56.85843 -37.50873 13.11885 51.62638 -45.12308 13.11885 45.12311 -56.8584 13.11885 28.97082 -60.69041 13.11885 19.71952 -63.02803 13.11885 9.982664 -63.81368 13.11885 0 -63.02803 13.11885 -9.982664 -60.69041 13.11885 -19.71952 -56.8584 13.11885 -28.97082 -51.62635 13.11885 -37.50875 -45.12308 13.11885 -45.12311 -37.50873 13.11885 -51.62638 -28.97079 13.11885 -56.85843 -19.7195 13.11885 -60.69044 -9.982639 13.11885 -63.02806 -4.301798 20 -48.85635 -4.301798 54.14133 -48.85635 -2.6745 56.76382 -47.99399 -2.123959 57.33797 -47.80734 -1.515827 57.80909 -47.65484 -0.787022 58.16068 -47.54145 -0.392228 58.25677 -47.51051 2.5e-5 58.28946 -47.49999 2.5e-5 20 -47.49999 -1.516607 20 -47.65494 -2.970573 20 -48.11337 55.00001 20 3.299999 55.92974 20 3.166326 56.78413 20 2.776136 57.49399 20 2.16104 58.0018 20 1.370869 58.26642 20 0.469639 58.26642 20 -0.469639 58.0018 20 -1.370869 57.49399 20 -2.16104 56.78413 20 -2.776136 55.92974 20 -3.166326 55.00001 20 -3.299999 2.5e-5 20 -51.69999 0.929742 20 -51.83367 1.784139 20 -52.22385 2.493998 20 -52.83895 3.00181 20 -53.62912 3.266435 20 -54.53035 3.266435 20 -55.46963 3.00181 20 -56.37086 2.493998 20 -57.16103 1.784139 20 -57.77613 0.929742 20 -58.16632 2.5e-5 20 -58.29999 2.5e-5 20 58.29999 0.929742 20 58.16632 1.784139 20 57.77613 2.493998 20 57.16103 3.00181 20 56.37086 3.266435 20 55.46963 3.266435 20 54.53035 3.00181 20 53.62912 2.493998 20 52.83895 1.784139 20 52.22385 0.929742 20 51.83367 2.5e-5 20 51.69999 -54.99996 20 3.299999 -54.07025 20 3.166326 -53.21585 20 2.776136 -52.50599 20 2.16104 -51.99818 20 1.370869 -51.73356 20 0.469639 -51.73356 20 -0.469639 -51.99818 20 -1.370869 -52.50599 20 -2.16104 -53.21585 20 -2.776136 -54.07025 20 -3.166326 -54.99996 20 -3.299999 -18.49997 65.19999 33.29293 -18.14781 65.19999 33.2423 -17.82417 65.19999 33.0945 -17.55529 65.19999 32.86151 -17.36293 65.19999 32.5622 -17.2627 65.19999 32.22083 -17.2627 65.19999 31.86504 -17.36293 65.19999 31.52367 -17.55529 65.19999 31.22436 -17.82417 65.19999 30.99137 -18.14781 65.19999 30.84357 -18.49997 65.19999 30.79294 -18.49997 64.44892 32.04293 -32.04291 65.19999 19.75 -31.69075 65.19999 19.69936 -31.36711 65.19999 19.55156 -31.09823 65.19999 19.31857 -30.90587 65.19999 19.01926 -30.80563 65.19999 18.67789 -30.80563 65.19999 18.3221 -30.90587 65.19999 17.98073 -31.09823 65.19999 17.68142 -31.36711 65.19999 17.44843 -31.69075 65.19999 17.30063 -32.04291 65.19999 17.25 -32.04291 64.44892 18.5 -36.99997 65.19999 1.25 -36.6478 65.19999 1.199366 -36.32417 65.19999 1.051567 -36.05528 65.19999 0.818576 -35.86293 65.19999 0.519269 -35.76269 65.19999 0.1778939 -35.76269 65.19999 -0.1778939 -35.86293 65.19999 -0.519269 -36.05528 65.19999 -0.818576 -36.32417 65.19999 -1.051567 -36.6478 65.19999 -1.199366 -36.99997 65.19999 -1.25 -36.99997 64.44892 0 -32.04291 65.19999 -17.25 -31.69075 65.19999 -17.30063 -31.36711 65.19999 -17.44843 -31.09823 65.19999 -17.68142 -30.90587 65.19999 -17.98073 -30.80563 65.19999 -18.3221 -30.80563 65.19999 -18.67789 -30.90587 65.19999 -19.01926 -31.09823 65.19999 -19.31857 -31.36711 65.19999 -19.55156 -31.69075 65.19999 -19.69936 -32.04291 65.19999 -19.75 -32.04291 64.44892 -18.5 -18.49997 65.19999 -30.79294 -18.14781 65.19999 -30.84357 -17.82417 65.19999 -30.99137 -17.55529 65.19999 -31.22436 -17.36293 65.19999 -31.52367 -17.2627 65.19999 -31.86504 -17.2627 65.19999 -32.22083 -17.36293 65.19999 -32.5622 -17.55529 65.19999 -32.86151 -17.82417 65.19999 -33.0945 -18.14781 65.19999 -33.2423 -18.49997 65.19999 -33.29293 -18.49997 64.44892 -32.04293 2.5e-5 65.19999 -35.75 0.352191 65.19999 -35.80063 0.675826 65.19999 -35.94843 0.944712 65.19999 -36.18142 1.137065 65.19999 -36.48072 1.237302 65.19999 -36.8221 1.237302 65.19999 -37.17789 1.137065 65.19999 -37.51926 0.944712 65.19999 -37.81857 0.675826 65.19999 -38.05156 0.352191 65.19999 -38.19936 2.5e-5 65.19999 -38.24999 2.5e-5 64.44892 -36.99999 18.50002 65.19999 -30.79294 18.85219 65.19999 -30.84357 19.17582 65.19999 -30.99137 19.44471 65.19999 -31.22436 19.63706 65.19999 -31.52367 19.7373 65.19999 -31.86504 19.7373 65.19999 -32.22083 19.63706 65.19999 -32.5622 19.44471 65.19999 -32.86151 19.17582 65.19999 -33.0945 18.85219 65.19999 -33.2423 18.50002 65.19999 -33.29293 18.50002 64.44892 -32.04293 32.04296 65.19999 -17.25 32.39512 65.19999 -17.30063 32.71876 65.19999 -17.44843 32.98764 65.19999 -17.68142 33.18 65.19999 -17.98073 33.28023 65.19999 -18.3221 33.28023 65.19999 -18.67789 33.18 65.19999 -19.01926 32.98764 65.19999 -19.31857 32.71876 65.19999 -19.55156 32.39512 65.19999 -19.69936 32.04296 65.19999 -19.75 32.04296 64.44892 -18.5 37.00002 65.19999 1.25 37.35218 65.19999 1.199366 37.67582 65.19999 1.051567 37.94471 65.19999 0.818576 38.13705 65.19999 0.519269 38.2373 65.19999 0.1778939 38.2373 65.19999 -0.1778939 38.13705 65.19999 -0.519269 37.94471 65.19999 -0.818576 37.67582 65.19999 -1.051567 37.35218 65.19999 -1.199366 37.00002 65.19999 -1.25 37.00002 64.44892 0 32.04296 65.19999 19.75 32.39512 65.19999 19.69936 32.71876 65.19999 19.55156 32.98764 65.19999 19.31857 33.18 65.19999 19.01926 33.28023 65.19999 18.67789 33.28023 65.19999 18.3221 33.18 65.19999 17.98073 32.98764 65.19999 17.68142 32.71876 65.19999 17.44843 32.39512 65.19999 17.30063 32.04296 65.19999 17.25 32.04296 64.44892 18.5 18.50002 65.19999 33.29293 18.85219 65.19999 33.2423 19.17582 65.19999 33.0945 19.44471 65.19999 32.86151 19.63706 65.19999 32.5622 19.7373 65.19999 32.22083 19.7373 65.19999 31.86504 19.63706 65.19999 31.52367 19.44471 65.19999 31.22436 19.17582 65.19999 30.99137 18.85219 65.19999 30.84357 18.50002 65.19999 30.79294 18.50002 64.44892 32.04293 2.5e-5 65.19999 38.24999 0.352191 65.19999 38.19936 0.675826 65.19999 38.05156 0.944712 65.19999 37.81857 1.137065 65.19999 37.51926 1.237302 65.19999 37.17789 1.237302 65.19999 36.8221 1.137065 65.19999 36.48072 0.944712 65.19999 36.18142 0.675826 65.19999 35.94843 0.352191 65.19999 35.80063 2.5e-5 65.19999 35.75 2.5e-5 64.44892 36.99999 2.5e-5 44.99999 -45.99999 2.5e-5 44.99999 45.99999 8.452503 44.99999 45.21675 16.61714 44.99999 42.89371 24.2159 44.99999 39.10998 30.99002 44.99999 33.9944 36.70881 44.99999 27.72119 41.17753 44.99999 20.50396 44.244 44.99999 12.5885 45.80379 44.99999 4.244344 45.80379 44.99999 -4.244344 44.244 44.99999 -12.5885 41.17753 44.99999 -20.50396 36.70881 44.99999 -27.72119 30.99002 44.99999 -33.9944 24.2159 44.99999 -39.10998 16.61714 44.99999 -42.89371 8.452503 44.99999 -45.21675 -8.452452 44.99999 -45.21675 -16.61709 44.99999 -42.89371 -24.21585 44.99999 -39.10998 -30.98997 44.99999 -33.9944 -36.70876 44.99999 -27.72119 -41.17748 44.99999 -20.50396 -44.24394 44.99999 -12.5885 -45.80374 44.99999 -4.244344 -45.80374 44.99999 4.244344 -44.24394 44.99999 12.5885 -41.17748 44.99999 20.50396 -36.70876 44.99999 27.72119 -30.98997 44.99999 33.9944 -24.21585 44.99999 39.10998 -16.61709 44.99999 42.89371 -8.452452 44.99999 45.21675 2.5e-5 44.99999 35 7.276933 44.99999 34.23516 14.2358 44.99999 31.97409 20.5725 44.99999 28.31559 26.01009 44.99999 23.41957 30.31091 44.99999 17.5 33.287 44.99999 10.81559 34.80829 44.99999 3.658496 34.80829 44.99999 -3.658496 33.287 44.99999 -10.81559 30.31091 44.99999 -17.5 26.01009 44.99999 -23.41957 20.5725 44.99999 -28.31559 14.2358 44.99999 -31.97409 7.276933 44.99999 -34.23516 2.5e-5 44.99999 -35 -7.276883 44.99999 -34.23516 -14.23575 44.99999 -31.97409 -20.57246 44.99999 -28.31559 -26.01004 44.99999 -23.41957 -30.31086 44.99999 -17.5 -33.28694 44.99999 -10.81559 -34.80823 44.99999 -3.658496 -34.80823 44.99999 3.658496 -33.28694 44.99999 10.81559 -30.31086 44.99999 17.5 -26.01004 44.99999 23.41957 -20.57246 44.99999 28.31559 -14.23575 44.99999 31.97409 -7.276883 44.99999 34.23516 -0.352141 65.19999 35.80063 -0.675776 65.19999 35.94843 -0.944662 65.19999 36.18142 -1.137015 65.19999 36.48072 -1.237252 65.19999 36.8221 -1.237252 65.19999 37.17789 -1.137015 65.19999 37.51926 -0.944662 65.19999 37.81857 -0.675776 65.19999 38.05156 -0.352141 65.19999 38.19936 2.5e-5 75.99999 35.75 -0.352141 75.99999 35.80063 -0.675776 75.99999 35.94843 -0.944662 75.99999 36.18142 -1.137015 75.99999 36.48072 -1.237252 75.99999 36.8221 -1.237252 75.99999 37.17789 -1.137015 75.99999 37.51926 -0.944662 75.99999 37.81857 -0.675776 75.99999 38.05156 -0.352141 75.99999 38.19936 2.5e-5 75.99999 38.24999 18.14786 65.19999 30.84357 17.82422 65.19999 30.99137 17.55534 65.19999 31.22436 17.36298 65.19999 31.52367 17.26275 65.19999 31.86504 17.26275 65.19999 32.22083 17.36298 65.19999 32.5622 17.55534 65.19999 32.86151 17.82422 65.19999 33.0945 18.14786 65.19999 33.2423 18.50002 75.99999 30.79294 18.14786 75.99999 30.84357 17.82422 75.99999 30.99137 17.55534 75.99999 31.22436 17.36298 75.99999 31.52367 17.26275 75.99999 31.86504 17.26275 75.99999 32.22083 17.36298 75.99999 32.5622 17.55534 75.99999 32.86151 17.82422 75.99999 33.0945 18.14786 75.99999 33.2423 18.50002 75.99999 33.29293 31.69079 65.19999 17.30063 31.36716 65.19999 17.44843 31.09827 65.19999 17.68142 30.90592 65.19999 17.98073 30.80568 65.19999 18.3221 30.80568 65.19999 18.67789 30.90592 65.19999 19.01926 31.09827 65.19999 19.31857 31.36716 65.19999 19.55156 31.69079 65.19999 19.69936 32.04296 75.99999 17.25 31.69079 75.99999 17.30063 31.36716 75.99999 17.44843 31.09827 75.99999 17.68142 30.90592 75.99999 17.98073 30.80568 75.99999 18.3221 30.80568 75.99999 18.67789 30.90592 75.99999 19.01926 31.09827 75.99999 19.31857 31.36716 75.99999 19.55156 31.69079 75.99999 19.69936 32.04296 75.99999 19.75 36.64786 65.19999 -1.199366 36.32421 65.19999 -1.051567 36.05533 65.19999 -0.818576 35.86298 65.19999 -0.519269 35.76274 65.19999 -0.1778939 35.76274 65.19999 0.1778939 35.86298 65.19999 0.519269 36.05533 65.19999 0.818576 36.32421 65.19999 1.051567 36.64786 65.19999 1.199366 37.00002 75.99999 -1.25 36.64786 75.99999 -1.199366 36.32421 75.99999 -1.051567 36.05533 75.99999 -0.818576 35.86298 75.99999 -0.519269 35.76274 75.99999 -0.1778939 35.76274 75.99999 0.1778939 35.86298 75.99999 0.519269 36.05533 75.99999 0.818576 36.32421 75.99999 1.051567 36.64786 75.99999 1.199366 37.00002 75.99999 1.25 31.69079 65.19999 -19.69936 31.36716 65.19999 -19.55156 31.09827 65.19999 -19.31857 30.90592 65.19999 -19.01926 30.80568 65.19999 -18.67789 30.80568 65.19999 -18.3221 30.90592 65.19999 -17.98073 31.09827 65.19999 -17.68142 31.36716 65.19999 -17.44843 31.69079 65.19999 -17.30063 32.04296 75.99999 -19.75 31.69079 75.99999 -19.69936 31.36716 75.99999 -19.55156 31.09827 75.99999 -19.31857 30.90592 75.99999 -19.01926 30.80568 75.99999 -18.67789 30.80568 75.99999 -18.3221 30.90592 75.99999 -17.98073 31.09827 75.99999 -17.68142 31.36716 75.99999 -17.44843 31.69079 75.99999 -17.30063 32.04296 75.99999 -17.25 18.14786 65.19999 -33.2423 17.82422 65.19999 -33.0945 17.55534 65.19999 -32.86151 17.36298 65.19999 -32.5622 17.26275 65.19999 -32.22083 17.26275 65.19999 -31.86504 17.36298 65.19999 -31.52367 17.55534 65.19999 -31.22436 17.82422 65.19999 -30.99137 18.14786 65.19999 -30.84357 18.50002 75.99999 -33.29293 18.14786 75.99999 -33.2423 17.82422 75.99999 -33.0945 17.55534 75.99999 -32.86151 17.36298 75.99999 -32.5622 17.26275 75.99999 -32.22083 17.26275 75.99999 -31.86504 17.36298 75.99999 -31.52367 17.55534 75.99999 -31.22436 17.82422 75.99999 -30.99137 18.14786 75.99999 -30.84357 18.50002 75.99999 -30.79294 -0.352141 65.19999 -38.19936 -0.675776 65.19999 -38.05156 -0.944662 65.19999 -37.81857 -1.137015 65.19999 -37.51926 -1.237252 65.19999 -37.17789 -1.237252 65.19999 -36.8221 -1.137015 65.19999 -36.48072 -0.944662 65.19999 -36.18142 -0.675776 65.19999 -35.94843 -0.352141 65.19999 -35.80063 2.5e-5 75.99999 -38.24999 -0.352141 75.99999 -38.19936 -0.675776 75.99999 -38.05156 -0.944662 75.99999 -37.81857 -1.137015 75.99999 -37.51926 -1.237252 75.99999 -37.17789 -1.237252 75.99999 -36.8221 -1.137015 75.99999 -36.48072 -0.944662 75.99999 -36.18142 -0.675776 75.99999 -35.94843 -0.352141 75.99999 -35.80063 2.5e-5 75.99999 -35.75 -18.85214 65.19999 -33.2423 -19.17577 65.19999 -33.0945 -19.44466 65.19999 -32.86151 -19.63701 65.19999 -32.5622 -19.73725 65.19999 -32.22083 -19.73725 65.19999 -31.86504 -19.63701 65.19999 -31.52367 -19.44466 65.19999 -31.22436 -19.17577 65.19999 -30.99137 -18.85214 65.19999 -30.84357 -18.49997 75.99999 -33.29293 -18.85214 75.99999 -33.2423 -19.17577 75.99999 -33.0945 -19.44466 75.99999 -32.86151 -19.63701 75.99999 -32.5622 -19.73725 75.99999 -32.22083 -19.73725 75.99999 -31.86504 -19.63701 75.99999 -31.52367 -19.44466 75.99999 -31.22436 -19.17577 75.99999 -30.99137 -18.85214 75.99999 -30.84357 -18.49997 75.99999 -30.79294 -32.39507 65.19999 -19.69936 -32.71871 65.19999 -19.55156 -32.9876 65.19999 -19.31857 -33.17995 65.19999 -19.01926 -33.28018 65.19999 -18.67789 -33.28018 65.19999 -18.3221 -33.17995 65.19999 -17.98073 -32.9876 65.19999 -17.68142 -32.71871 65.19999 -17.44843 -32.39507 65.19999 -17.30063 -32.04291 75.99999 -19.75 -32.39507 75.99999 -19.69936 -32.71871 75.99999 -19.55156 -32.9876 75.99999 -19.31857 -33.17995 75.99999 -19.01926 -33.28018 75.99999 -18.67789 -33.28018 75.99999 -18.3221 -33.17995 75.99999 -17.98073 -32.9876 75.99999 -17.68142 -32.71871 75.99999 -17.44843 -32.39507 75.99999 -17.30063 -32.04291 75.99999 -17.25 -37.35213 65.19999 -1.199366 -37.67577 65.19999 -1.051567 -37.94466 65.19999 -0.818576 -38.13701 65.19999 -0.519269 -38.23725 65.19999 -0.1778939 -38.23725 65.19999 0.1778939 -38.13701 65.19999 0.519269 -37.94466 65.19999 0.818576 -37.67577 65.19999 1.051567 -37.35213 65.19999 1.199366 -36.99997 75.99999 -1.25 -37.35213 75.99999 -1.199366 -37.67577 75.99999 -1.051567 -37.94466 75.99999 -0.818576 -38.13701 75.99999 -0.519269 -38.23725 75.99999 -0.1778939 -38.23725 75.99999 0.1778939 -38.13701 75.99999 0.519269 -37.94466 75.99999 0.818576 -37.67577 75.99999 1.051567 -37.35213 75.99999 1.199366 -36.99997 75.99999 1.25 -32.39507 65.19999 17.30063 -32.71871 65.19999 17.44843 -32.9876 65.19999 17.68142 -33.17995 65.19999 17.98073 -33.28018 65.19999 18.3221 -33.28018 65.19999 18.67789 -33.17995 65.19999 19.01926 -32.9876 65.19999 19.31857 -32.71871 65.19999 19.55156 -32.39507 65.19999 19.69936 -32.04291 75.99999 17.25 -32.39507 75.99999 17.30063 -32.71871 75.99999 17.44843 -32.9876 75.99999 17.68142 -33.17995 75.99999 17.98073 -33.28018 75.99999 18.3221 -33.28018 75.99999 18.67789 -33.17995 75.99999 19.01926 -32.9876 75.99999 19.31857 -32.71871 75.99999 19.55156 -32.39507 75.99999 19.69936 -32.04291 75.99999 19.75 -18.85214 65.19999 30.84357 -19.17577 65.19999 30.99137 -19.44466 65.19999 31.22436 -19.63701 65.19999 31.52367 -19.73725 65.19999 31.86504 -19.73725 65.19999 32.22083 -19.63701 65.19999 32.5622 -19.44466 65.19999 32.86151 -19.17577 65.19999 33.0945 -18.85214 65.19999 33.2423 -18.49997 75.99999 30.79294 -18.85214 75.99999 30.84357 -19.17577 75.99999 30.99137 -19.44466 75.99999 31.22436 -19.63701 75.99999 31.52367 -19.73725 75.99999 31.86504 -19.73725 75.99999 32.22083 -19.63701 75.99999 32.5622 -19.44466 75.99999 32.86151 -19.17577 75.99999 33.0945 -18.85214 75.99999 33.2423 -18.49997 75.99999 33.29293 -55.92969 20 -3.166326 -56.78408 20 -2.776136 -57.49393 20 -2.16104 -58.00175 20 -1.370869 -58.26638 20 -0.469639 -58.26638 20 0.469639 -58.00175 20 1.370869 -57.49393 20 2.16104 -56.78408 20 2.776136 -55.92969 20 3.166326 -48.85633 20 -4.301823 -58.88833 20 -18.629 -61.04134 20 -9.424876 -61.76467 20 0 -61.04134 20 9.424876 -58.88833 20 18.629 -48.85633 20 4.301823 -47.99811 20 2.687759 -47.55587 20 0.91402 -47.55587 20 -0.91402 -47.99811 20 -2.687759 -48.85633 54.14133 4.301823 -47.99397 56.76382 2.674525 -47.80731 57.33797 2.123984 -47.65481 57.80909 1.515852 -47.54142 58.16068 0.787047 -47.51049 58.25677 0.392253 -47.49997 58.28946 0 -47.51049 58.25677 -0.392253 -47.54142 58.16068 -0.787047 -47.65481 57.80909 -1.515852 -47.80731 57.33797 -2.123984 -47.99397 56.76382 -2.674525 -48.85633 54.14133 -4.301823 -51.15283 46.9845 -7.581563 -53.5745 38.96256 -11.04007 -56.14434 29.99929 -14.71019 -56.14434 29.99929 14.71019 -53.5745 38.96256 11.04007 -51.15283 46.9845 7.581563 -0.929692 20 51.83367 -1.784089 20 52.22385 -2.493948 20 52.83895 -3.00176 20 53.62912 -3.266385 20 54.53035 -3.266385 20 55.46963 -3.00176 20 56.37086 -2.493948 20 57.16103 -1.784089 20 57.77613 -0.929692 20 58.16632 -0.929692 20 -58.16632 -1.784089 20 -57.77613 -2.493948 20 -57.16103 -3.00176 20 -56.37086 -3.266385 20 -55.46963 -3.266385 20 -54.53035 -3.00176 20 -53.62912 -2.493948 20 -52.83895 -1.784089 20 -52.22385 -0.929692 20 -51.83367 54.0703 20 -3.166326 53.2159 20 -2.776136 52.50604 20 -2.16104 51.99822 20 -1.370869 51.73361 20 -0.469639 51.73361 20 0.469639 51.99822 20 1.370869 52.50604 20 2.16104 53.2159 20 2.776136 54.0703 20 3.166326 -4.301798 20 48.85635 -18.62898 20 58.88835 -12.52822 20 60.48074 -6.296909 20 61.44287 2.5e-5 20 61.76469 6.296959 20 61.44287 12.52827 20 60.48074 18.62903 20 58.88835 4.301848 20 48.85635 2.687784 20 47.99814 0.914045 20 47.5559 -0.913995 20 47.5559 -2.687734 20 47.99814 4.301848 54.14133 48.85635 2.674551 56.76382 47.99399 2.124009 57.33797 47.80734 1.515877 57.80909 47.65484 0.787072 58.16068 47.54145 0.392278 58.25677 47.51051 2.5e-5 58.28946 47.49999 -0.392228 58.25677 47.51051 -0.787022 58.16068 47.54145 -1.515827 57.80909 47.65484 -2.123959 57.33797 47.80734 -2.6745 56.76382 47.99399 -4.301798 54.14133 48.85635 -7.581538 46.9845 51.15285 -11.04005 38.96256 53.57452 -14.71016 29.99929 56.14437 14.71021 29.99929 56.14437 11.0401 38.96256 53.57452 7.581588 46.9845 51.15285 48.85638 20 4.301823 58.88837 20 18.629 61.0414 20 9.424876 61.76472 20 0 61.0414 20 -9.424876 58.88837 20 -18.629 48.85638 20 -4.301823 47.99816 20 -2.687759 47.55592 20 -0.91402 47.55592 20 0.91402 47.99816 20 2.687759 48.85638 54.14133 -4.301823 47.99401 56.76382 -2.674525 47.80736 57.33797 -2.123984 47.65487 57.80909 -1.515852 47.54147 58.16068 -0.787047 47.51054 58.25677 -0.392253 47.50001 58.28946 0 47.51054 58.25677 0.392253 47.54147 58.16068 0.787047 47.65487 57.80909 1.515852 47.80736 57.33797 2.123984 47.99401 56.76382 2.674525 48.85638 54.14133 4.301823 51.15287 46.9845 7.581563 53.57455 38.96256 11.04007 56.1444 29.99929 14.71019 56.1444 29.99929 -14.71019 53.57455 38.96256 -11.04007 51.15287 46.9845 -7.581563 4.301848 20 -48.85635 18.62903 20 -58.88835 12.52827 20 -60.48074 6.296959 20 -61.44287 2.5e-5 20 -61.76469 -6.296909 20 -61.44287 -12.52822 20 -60.48074 -18.62898 20 -58.88835 1.516657 20 -47.65494 2.970623 20 -48.11337 0.392278 58.25677 -47.51051 0.787072 58.16068 -47.54145 1.515877 57.80909 -47.65484 2.124009 57.33797 -47.80734 2.674551 56.76382 -47.99399 4.301848 54.14133 -48.85635 7.581588 46.9845 -51.15285 11.0401 38.96256 -53.57452 14.71021 29.99929 -56.14437 -14.71016 29.99929 -56.14437 -11.04005 38.96256 -53.57452 -7.581538 46.9845 -51.15285 9.814979 17.37769 -61.96918 19.38826 17.37769 -59.67084 28.48413 17.37769 -55.9032 36.87863 17.37769 -50.75904 44.36506 17.37769 -44.36503 50.75907 17.37769 -36.8786 55.90323 17.37769 -28.48411 59.67086 17.37769 -19.38823 61.9692 17.37769 -9.814954 62.74166 17.37769 0 61.9692 17.37769 9.814954 59.67086 17.37769 19.38823 55.90323 17.37769 28.48411 50.75907 17.37769 36.8786 44.36506 17.37769 44.36503 36.87863 17.37769 50.75904 28.48413 17.37769 55.9032 19.38826 17.37769 59.67084 9.814979 17.37769 61.96918 9.982688 13.11885 -63.02806 19.71954 13.11885 -60.69044 28.97084 13.11885 -56.85843 37.50878 13.11885 -51.62638 45.12313 13.11885 -45.12311 51.6264 13.11885 -37.50875 56.85845 13.11885 -28.97082 60.69046 13.11885 -19.71952 63.02808 13.11885 -9.982664 63.81373 13.11885 0 63.02808 13.11885 9.982664 60.69046 13.11885 19.71952 56.85845 13.11885 28.97082 51.6264 13.11885 37.50875 45.12313 13.11885 45.12311 37.50878 13.11885 51.62638 28.97084 13.11885 56.85843 19.71954 13.11885 60.69044 9.982688 13.11885 63.02806 -18.14781 75.99999 33.2423 -17.82417 75.99999 33.0945 -17.55529 75.99999 32.86151 -17.36293 75.99999 32.5622 -17.2627 75.99999 32.22083 -17.2627 75.99999 31.86504 -17.36293 75.99999 31.52367 -17.55529 75.99999 31.22436 -17.82417 75.99999 30.99137 -18.14781 75.99999 30.84357 -31.69075 75.99999 19.69936 -31.36711 75.99999 19.55156 -31.09823 75.99999 19.31857 -30.90587 75.99999 19.01926 -30.80563 75.99999 18.67789 -30.80563 75.99999 18.3221 -30.90587 75.99999 17.98073 -31.09823 75.99999 17.68142 -31.36711 75.99999 17.44843 -31.69075 75.99999 17.30063 -36.6478 75.99999 1.199366 -36.32417 75.99999 1.051567 -36.05528 75.99999 0.818576 -35.86293 75.99999 0.519269 -35.76269 75.99999 0.1778939 -35.76269 75.99999 -0.1778939 -35.86293 75.99999 -0.519269 -36.05528 75.99999 -0.818576 -36.32417 75.99999 -1.051567 -36.6478 75.99999 -1.199366 -31.69075 75.99999 -17.30063 -31.36711 75.99999 -17.44843 -31.09823 75.99999 -17.68142 -30.90587 75.99999 -17.98073 -30.80563 75.99999 -18.3221 -30.80563 75.99999 -18.67789 -30.90587 75.99999 -19.01926 -31.09823 75.99999 -19.31857 -31.36711 75.99999 -19.55156 -31.69075 75.99999 -19.69936 -18.14781 75.99999 -30.84357 -17.82417 75.99999 -30.99137 -17.55529 75.99999 -31.22436 -17.36293 75.99999 -31.52367 -17.2627 75.99999 -31.86504 -17.2627 75.99999 -32.22083 -17.36293 75.99999 -32.5622 -17.55529 75.99999 -32.86151 -17.82417 75.99999 -33.0945 -18.14781 75.99999 -33.2423 0.352191 75.99999 -35.80063 0.675826 75.99999 -35.94843 0.944712 75.99999 -36.18142 1.137065 75.99999 -36.48072 1.237302 75.99999 -36.8221 1.237302 75.99999 -37.17789 1.137065 75.99999 -37.51926 0.944712 75.99999 -37.81857 0.675826 75.99999 -38.05156 0.352191 75.99999 -38.19936 18.85219 75.99999 -30.84357 19.17582 75.99999 -30.99137 19.44471 75.99999 -31.22436 19.63706 75.99999 -31.52367 19.7373 75.99999 -31.86504 19.7373 75.99999 -32.22083 19.63706 75.99999 -32.5622 19.44471 75.99999 -32.86151 19.17582 75.99999 -33.0945 18.85219 75.99999 -33.2423 32.39512 75.99999 -17.30063 32.71876 75.99999 -17.44843 32.98764 75.99999 -17.68142 33.18 75.99999 -17.98073 33.28023 75.99999 -18.3221 33.28023 75.99999 -18.67789 33.18 75.99999 -19.01926 32.98764 75.99999 -19.31857 32.71876 75.99999 -19.55156 32.39512 75.99999 -19.69936 37.35218 75.99999 1.199366 37.67582 75.99999 1.051567 37.94471 75.99999 0.818576 38.13705 75.99999 0.519269 38.2373 75.99999 0.1778939 38.2373 75.99999 -0.1778939 38.13705 75.99999 -0.519269 37.94471 75.99999 -0.818576 37.67582 75.99999 -1.051567 37.35218 75.99999 -1.199366 32.39512 75.99999 19.69936 32.71876 75.99999 19.55156 32.98764 75.99999 19.31857 33.18 75.99999 19.01926 33.28023 75.99999 18.67789 33.28023 75.99999 18.3221 33.18 75.99999 17.98073 32.98764 75.99999 17.68142 32.71876 75.99999 17.44843 32.39512 75.99999 17.30063 18.85219 75.99999 33.2423 19.17582 75.99999 33.0945 19.44471 75.99999 32.86151 19.63706 75.99999 32.5622 19.7373 75.99999 32.22083 19.7373 75.99999 31.86504 19.63706 75.99999 31.52367 19.44471 75.99999 31.22436 19.17582 75.99999 30.99137 18.85219 75.99999 30.84357 0.352191 75.99999 38.19936 0.675826 75.99999 38.05156 0.944712 75.99999 37.81857 1.137065 75.99999 37.51926 1.237302 75.99999 37.17789 1.237302 75.99999 36.8221 1.137065 75.99999 36.48072 0.944712 75.99999 36.18142 0.675826 75.99999 35.94843 0.352191 75.99999 35.80063 2.5e-5 75.99999 -35 2.5e-5 75.99999 35 7.276933 75.99999 34.23516 14.2358 75.99999 31.97409 20.5725 75.99999 28.31559 26.01009 75.99999 23.41957 30.31091 75.99999 17.5 33.287 75.99999 10.81559 34.80829 75.99999 3.658496 34.80829 75.99999 -3.658496 33.287 75.99999 -10.81559 30.31091 75.99999 -17.5 26.01009 75.99999 -23.41957 20.5725 75.99999 -28.31559 14.2358 75.99999 -31.97409 7.276933 75.99999 -34.23516 2.5e-5 61.62229 46.25835 -8.499924 61.62229 45.47071 -16.71042 61.62229 43.13463 -24.35186 61.62229 39.32964 -31.16403 61.62229 34.18533 -36.91493 61.62229 27.87689 -41.40875 61.62229 20.61912 -44.49244 61.62229 12.6592 -46.061 61.62229 4.268182 -46.061 61.62229 -4.268182 -44.49244 61.62229 -12.6592 -41.40875 61.62229 -20.61912 -36.91493 61.62229 -27.87689 -31.16403 61.62229 -34.18533 -24.35186 61.62229 -39.32964 -16.71042 61.62229 -43.13463 -8.499924 61.62229 -45.47071 2.5e-5 61.62229 -46.25835 8.499976 61.62229 -45.47071 16.71047 61.62229 -43.13463 24.35191 61.62229 -39.32964 31.16408 61.62229 -34.18533 36.91498 61.62229 -27.87689 41.4088 61.62229 -20.61912 44.49249 61.62229 -12.6592 46.06105 61.62229 -4.268182 46.06105 61.62229 4.268182 44.49249 61.62229 12.6592 41.4088 61.62229 20.61912 36.91498 61.62229 27.87689 31.16408 61.62229 34.18533 24.35191 61.62229 39.32964 16.71047 61.62229 43.13463 8.499976 61.62229 45.47071 -7.276883 75.99999 -34.23516 -14.23575 75.99999 -31.97409 -20.57246 75.99999 -28.31559 -26.01004 75.99999 -23.41957 -30.31086 75.99999 -17.5 -33.28694 75.99999 -10.81559 -34.80823 75.99999 -3.658496 -34.80823 75.99999 3.658496 -33.28694 75.99999 10.81559 -30.31086 75.99999 17.5 -26.01004 75.99999 23.41957 -20.57246 75.99999 28.31559 -14.23575 75.99999 31.97409 -7.276883 75.99999 34.23516 2.5e-5 75.99999 41.99999 7.717503 75.99999 41.28486 15.17217 75.99999 39.16383 22.11017 75.99999 35.70911 28.29524 75.99999 31.03837 33.51674 75.99999 25.31065 37.59688 75.99999 18.72101 40.39669 75.99999 11.49384 41.82085 75.99999 3.87527 41.82085 75.99999 -3.87527 40.39669 75.99999 -11.49384 37.59688 75.99999 -18.72101 33.51674 75.99999 -25.31065 28.29524 75.99999 -31.03837 22.11017 75.99999 -35.70911 15.17217 75.99999 -39.16383 7.717503 75.99999 -41.28486 2.5e-5 75.99999 -41.99999 -7.717453 75.99999 -41.28486 -15.17212 75.99999 -39.16383 -22.11012 75.99999 -35.70911 -28.29519 75.99999 -31.03837 -33.51669 75.99999 -25.31065 -37.59683 75.99999 -18.72101 -40.39665 75.99999 -11.49384 -41.8208 75.99999 -3.87527 -41.8208 75.99999 3.87527 -40.39665 75.99999 11.49384 -37.59683 75.99999 18.72101 -33.51669 75.99999 25.31065 -28.29519 75.99999 31.03837 -22.11012 75.99999 35.70911 -15.17212 75.99999 39.16383 -7.717453 75.99999 41.28486 2.5e-5 79.79998 -41.99999 2.5e-5 79.79998 41.99999 7.717503 79.79998 41.28486 15.17217 79.79998 39.16383 22.11017 79.79998 35.70911 28.29524 79.79998 31.03837 33.51674 79.79998 25.31065 37.59688 79.79998 18.72101 40.39669 79.79998 11.49384 41.82085 79.79998 3.87527 41.82085 79.79998 -3.87527 40.39669 79.79998 -11.49384 37.59688 79.79998 -18.72101 33.51674 79.79998 -25.31065 28.29524 79.79998 -31.03837 22.11017 79.79998 -35.70911 15.17217 79.79998 -39.16383 7.717503 79.79998 -41.28486 2.5e-5 63.89421 -45.56257 2.5e-5 66.2326 -45.14113 2.5e-5 68.60447 -44.99999 8.268753 68.60447 -44.23378 16.2559 68.60447 -41.96124 23.68947 68.60447 -38.25976 30.31632 68.60447 -33.2554 35.9108 68.60447 -27.11855 40.28237 68.60447 -20.05822 43.28217 68.60447 -12.31483 44.80805 68.60447 -4.152076 44.80805 68.60447 4.152076 43.28217 68.60447 12.31483 40.28237 68.60447 20.05822 35.9108 68.60447 27.11855 30.31632 68.60447 33.2554 23.68947 68.60447 38.25976 16.2559 68.60447 41.96124 8.268753 68.60447 44.23378 2.5e-5 68.60447 44.99999 2.5e-5 66.2326 45.14113 2.5e-5 63.89421 45.56257 6.228512 63.20854 45.31561 23.76665 63.20854 39.08255 18.22355 63.20854 41.95475 40.61336 63.20854 21.04413 37.36957 63.20854 26.37831 45.63504 63.20854 -3.12152 45.63504 63.20854 3.12152 37.36957 63.20854 -26.37831 18.22355 63.20854 -41.95475 6.228512 63.20854 -45.31561 12.34097 63.20854 -44.04542 23.76665 63.20854 -39.08255 28.86703 63.20854 -35.48231 33.42966 63.20854 -31.22111 40.61336 63.20854 -21.04413 43.10059 63.20854 -15.31794 44.78494 63.20854 -9.306413 44.78494 63.20854 9.306413 43.10059 63.20854 15.31794 33.42966 63.20854 31.22111 28.86703 63.20854 35.48231 12.34097 63.20854 44.04542 -7.717453 79.79998 -41.28486 -15.17212 79.79998 -39.16383 -22.11012 79.79998 -35.70911 -28.29519 79.79998 -31.03837 -33.51669 79.79998 -25.31065 -37.59683 79.79998 -18.72101 -40.39665 79.79998 -11.49384 -41.8208 79.79998 -3.87527 -41.8208 79.79998 3.87527 -40.39665 79.79998 11.49384 -37.59683 79.79998 18.72101 -33.51669 79.79998 25.31065 -28.29519 79.79998 31.03837 -22.11012 79.79998 35.70911 -15.17212 79.79998 39.16383 -7.717453 79.79998 41.28486 -0.955907 79.79998 44.48972 -0.833317 79.79998 44.2382 -0.646133 79.79998 44.03023 -0.408864 79.79998 43.88192 -0.1399019 79.79998 43.80477 0.139904 79.79998 43.80477 0.408865 79.79998 43.88192 0.646133 79.79998 44.03023 0.833317 79.79998 44.2382 0.955907 79.79998 44.48972 9.059549 79.79998 43.56804 16.85887 79.79998 41.18287 24.09189 79.79998 37.41432 30.51564 79.79998 32.38899 35.91434 79.79998 26.27569 40.10664 79.79998 19.27975 42.95172 79.79998 11.63619 44.35401 79.79998 3.601763 44.26642 79.79998 -4.553653 42.69187 79.79998 -12.55611 39.68325 79.79998 -20.13679 35.34165 79.79998 -27.04106 29.81288 79.79998 -33.03699 23.28267 79.79998 -37.92318 15.97037 79.79998 -41.53549 8.12162 79.79998 -43.75259 5e-5 79.79998 -44.49999 -8.12152 79.79998 -43.75259 -15.97028 79.79998 -41.53551 -23.28258 79.79998 -37.92321 -29.8128 79.79998 -33.03702 -35.34157 79.79998 -27.0411 -39.68318 79.79998 -20.13684 -42.6918 79.79998 -12.55616 -44.26636 79.79998 -4.553703 -44.35397 79.79998 3.601713 -42.95169 79.79998 11.63614 -40.10661 79.79998 19.27971 -35.91431 79.79998 26.27565 -30.51562 79.79998 32.38896 -24.09188 79.79998 37.41429 -16.85887 79.79998 41.18285 -9.059548 79.79998 43.56803 -8.268702 68.60447 44.23378 -16.25585 68.60447 41.96124 -23.68942 68.60447 38.25976 -30.31628 68.60447 33.2554 -35.91074 68.60447 27.11855 -40.28231 68.60447 20.05822 -43.28212 68.60447 12.31483 -44.808 68.60447 4.152076 -44.808 68.60447 -4.152076 -43.28212 68.60447 -12.31483 -40.28231 68.60447 -20.05822 -35.91074 68.60447 -27.11855 -30.31628 68.60447 -33.2554 -23.68942 68.60447 -38.25976 -16.25585 68.60447 -41.96124 -8.268702 68.60447 -44.23378 -6.228462 63.20854 -45.31561 -23.7666 63.20854 -39.08255 -18.2235 63.20854 -41.95475 -40.6133 63.20854 -21.04413 -37.36952 63.20854 -26.37831 -45.63499 63.20854 3.12152 -45.63499 63.20854 -3.12152 -37.36952 63.20854 26.37831 -18.2235 63.20854 41.95475 -12.34092 63.20854 -44.04542 -28.86698 63.20854 -35.48231 -33.42961 63.20854 -31.22111 -43.10054 63.20854 -15.31794 -44.78489 63.20854 -9.306413 -44.78489 63.20854 9.306413 -43.10054 63.20854 15.31794 -40.6133 63.20854 21.04413 -33.42961 63.20854 31.22111 -28.86698 63.20854 35.48231 -23.7666 63.20854 39.08255 -12.34092 63.20854 44.04542 -6.228462 63.20854 45.31561 1.005 79.48871 44.79999 1.005 79.29998 44.98877 9.196688 79.29998 44.05021 17.07962 79.29998 41.63276 24.38914 79.29998 37.81759 30.87986 79.29998 32.73278 36.33385 79.29998 26.54905 40.56802 79.29998 19.474 43.44022 79.29998 11.74514 44.85401 79.29998 3.621978 44.76194 79.29998 -4.622789 43.16709 79.29998 -12.71235 40.123 79.29998 -20.37513 35.73188 79.29998 -27.35387 30.14114 79.29998 -33.41426 23.53849 79.29998 -38.35284 16.14558 79.29998 -42.00381 8.210631 79.29998 -44.2446 2.5e-5 79.29998 -44.99999 -8.210577 79.29998 -44.2446 -16.14553 79.29998 -42.00381 -23.53843 79.29998 -38.35284 -30.14109 79.29998 -33.41426 -35.73182 79.29998 -27.35388 -40.12294 79.29998 -20.37515 -43.16703 79.29998 -12.71237 -44.76189 79.29998 -4.622812 -44.85397 79.29998 3.621951 -43.44018 79.29998 11.74512 -40.56799 79.29998 19.47397 -36.33382 79.29998 26.54903 -30.87984 79.29998 32.73276 -24.38913 79.29998 37.81757 -17.07961 79.29998 41.63274 -9.196684 79.29998 44.0502 -1.005 79.29998 44.98877 -1.005 79.48871 44.79999 2.5e-5 75.79998 44.99999 -0.335008 75.79998 44.99874 -0.670023 75.79998 44.995 -1.005 75.79998 44.98877 1.005 75.79998 44.98877 0.670039 75.79998 44.995 0.335041 75.79998 44.99874 1.005 75.79998 44.79999 -1.005 75.79998 44.79999 -0.96429 75.79998 44.51685 -0.84546 75.79998 44.25665 -0.658135 75.79998 44.04046 -0.417492 75.79998 43.88581 -0.1430259 75.79998 43.80522 0.1430259 75.79998 43.80522 0.417492 75.79998 43.88581 0.658135 75.79998 44.04046 0.84546 75.79998 44.25665 0.96429 75.79998 44.51685</float_array>
          <technique_common>
            <accessor source="#stitch_result_stitchFBXASC032allMesh-mesh-positions-array" count="1670" stride="3">
              <param name="X" type="float"/>
              <param name="Y" type="float"/>
              <param name="Z" type="float"/>
            </accessor>
          </technique_common>
        </source>
        <source id="stitch_result_stitchFBXASC032allMesh-mesh-normals">
          <float_array id="stitch_result_stitchFBXASC032allMesh-mesh-normals-array" count="8811">-0.2784548 -0.8571675 0.4332746 -0.1730595 -0.8571696 0.4850885 -0.1450997 -0.8571672 0.4941768 -0.4684942 -0.85717 0.2139459 -0.4078513 -0.8571669 0.3145192 -0.3892433 -0.8571649 0.3372807 -0.509794 -0.857168 -0.07330185 -0.5131494 -0.8571659 0.04409432 -0.509794 -0.857168 0.07330185 -0.389242 -0.8571649 -0.3372817 -0.4555067 -0.8571667 -0.240373 -0.4685029 -0.8571647 -0.213948 -0.1450995 -0.857167 -0.4941773 -0.2532768 -0.857169 -0.4484553 -0.2784547 -0.857167 -0.4332756 -0.3892388 -0.85717 0.3372727 -0.3027137 -0.857168 0.4166865 -0.2784475 -0.8571646 0.4332852 5.75185e-6 -0.8571652 -0.5150416 -0.116671 -0.8571674 -0.5016492 -0.1451056 -0.8571653 -0.4941782 -0.2784471 -0.8571669 -0.4332807 -0.3693615 -0.8571689 -0.3589341 -0.3892431 -0.8571666 -0.3372762 -0.4684982 -0.8571658 -0.2139539 -0.5047845 -0.8571676 -0.1022572 -0.5098003 -0.8571653 -0.07328861 -0.5097948 -0.8571687 0.07328897 -0.4799405 -0.8571667 0.1868752 -0.4684926 -0.8571687 0.2139546 -0.02938157 -0.8571685 0.5141974 6.0997e-6 -0.8571665 0.5150396 -0.1451053 -0.8571665 0.4941763 -0.2784517 -0.8571692 0.4332732 -0.1730582 -0.8571669 0.4850938 -0.1450963 -0.8571689 0.4941748 -0.4685029 -0.8571654 0.2139452 -0.4078519 -0.8571682 0.3145148 -0.3892439 -0.8571662 0.3372765 -0.5097907 -0.85717 -0.07330191 -0.5131461 -0.857168 0.04409426 -0.5097907 -0.85717 0.07330191 -0.3892506 -0.8571659 -0.3372696 -0.4555094 -0.8571677 -0.2403638 -0.4684988 -0.8571698 -0.2139369 -0.1450964 -0.8571693 -0.4941741 -0.2532775 -0.8571674 -0.448458 -0.2784518 -0.8571696 -0.4332725 -0.3892382 -0.8571678 0.3372792 -0.3027461 -0.8571688 0.416661 -0.2784398 -0.8571667 0.4332858 3.12924e-7 -0.8571686 -0.5150358 -0.1166306 -0.8571687 -0.5016565 -0.1451112 -0.8571678 -0.4941722 -0.2784396 -0.857166 -0.4332873 -0.3693595 -0.8571663 -0.3589422 -0.3892379 -0.8571672 -0.3372808 -0.4684924 -0.857167 -0.2139618 -0.5047848 -0.8571667 -0.1022634 -0.5097963 -0.8571674 -0.07329356 -0.5097929 -0.8571696 0.07329154 -0.4799409 -0.8571664 0.186876 -0.4684906 -0.85717 0.2139539 -0.02938747 -0.8571668 0.5141999 4.62518e-7 -0.8571692 0.515035 -0.1451111 -0.8571683 0.4941713 1.82094e-7 0 -1 0.2817339 0 -0.9594926 1.91678e-7 0 -1 0.2817339 0 -0.9594926 0.5406432 0 -0.8412521 0.5406432 0 -0.8412521 0.7557495 0 -0.6548609 0.7557466 0 -0.6548643 0.9096325 0 -0.415414 0.9096316 0 -0.415416 0.9898216 0 -0.1423145 0.9898219 0 -0.1423122 0.9898216 0 0.1423146 0.9898216 0 0.1423146 0.9096306 0 0.415418 0.9096325 0 0.415414 0.7557488 0 0.6548618 0.7557495 0 0.6548607 0.5406458 0 0.8412504 0.54064 0 0.8412541 0.2817338 0 0.9594926 0.2817302 0 0.9594937 1.91678e-7 0 1 1.82094e-7 0 1 0 -1 0 0 -1 2.29028e-6 0 -1 -1.51419e-6 0 -1 6.32408e-7 0 -1 3.07118e-7 0 -1 -2.70802e-7 0 -1 -6.14231e-7 0 -1 3.50279e-7 0 -1 -1.62481e-6 0 -1 7.57099e-7 0 -1 -3.34242e-6 0.707106 0 -0.7071077 0.8776795 0 -0.4792482 0.7071027 0 -0.707111 0.8776789 0 -0.4792491 0.9771458 0 -0.2125702 0.9771462 0 -0.2125683 0.9974521 0 0.07133978 0.9974521 0 0.07134038 0.9369473 0 0.3494708 0.9369487 0 0.3494671 0.8005418 0 0.5992771 0.8005406 0 0.5992786 0.5992833 0 0.8005371 0.5992815 0 0.8005384 0.3494633 0 0.9369501 0.3494666 0 0.9369488 0.07133966 0 0.9974521 0.0713315 0 0.9974527 -0.2125603 0 0.9771481 -0.2125645 0 0.9771471 -0.4792495 0 0.8776787 -0.4792433 0 0.8776822 -0.7071154 0 0.7070981 -0.707111 0 0.7071026 0.7071064 0 -0.7071073 0.7071074 0 -0.7071062 -0.7070926 0 0.707121 -0.7071228 0 0.7070908 -0.8660258 0 0.4999994 -0.8660261 0 0.4999989 -0.9659258 0 0.2588194 -0.965927 0 0.2588149 -1 0 5.35821e-7 -1 0 0 -0.9659259 0 -0.2588189 -0.9659266 0 -0.2588167 -0.8660258 0 -0.4999994 -0.8660267 0 -0.4999977 -0.707106 0 -0.7071076 -0.7071061 0 -0.7071076 -0.4999986 0 -0.8660262 -0.4999986 0 -0.8660262 -0.2588194 0 -0.9659258 -0.2588195 0 -0.9659258 4.0665e-7 0 -1 3.54025e-7 0 -1 -0.707107 0 0.7071066 -0.707108 0 0.7071056 0 -1 4.42168e-7 0 -1 3.05175e-7 0 -1 0 0 -1 1.75141e-7 0 -1 1.08321e-6 0 -1 -3.02839e-6 0 -1 -2.38697e-6 0 -1 4.58061e-6 0 -1 -1.36977e-7 0 -1 -4.25368e-7 0 -1 2.71576e-6 0 -1 1.92033e-6 0.7071067 0 -0.7071069 0.7071174 0 -0.7070962 0.7071227 0 -0.707091 0.4999985 0 -0.8660262 0.5000019 0 -0.8660244 0.2588192 0 -0.9659259 -1.86581e-7 0 -1 -2.00933e-7 0 -1 -0.2588191 0 -0.9659259 -0.2588192 0 -0.9659259 -0.5000021 0 -0.8660242 -0.4999987 0 -0.8660262 -0.7071233 0 -0.7070903 -0.707118 0 -0.7070955 0.7070926 0 0.707121 0.7070927 0 0.7071209 0.8660249 0 0.500001 0.8660251 0 0.5000007 0.9659259 0 0.258819 0.9659259 0 0.2588188 1 0 1.96149e-7 1 0 0 0.9659261 0 -0.2588182 0.965926 0 -0.2588184 0.8660246 0 -0.5000015 0.8660251 0 -0.5000007 0.7070912 0 -0.7071224 0.7070926 0 -0.707121 0.2784502 -0.8571701 -0.4332724 0.1730566 -0.8571678 -0.4850928 0.1450945 -0.8571697 -0.4941738 0.468503 -0.8571654 -0.213945 0.4078549 -0.8571673 -0.3145136 0.3892449 -0.8571669 -0.3372733 0.5097907 -0.85717 0.07330191 0.5131462 -0.8571679 -0.04409426 0.5097907 -0.85717 -0.07330191 0.3892397 -0.8571663 0.3372811 0.4555254 -0.8571681 0.2403323 0.4684998 -0.8571657 0.2139505 0.1450945 -0.8571697 0.4941738 0.2532758 -0.8571678 0.4484581 0.2784501 -0.8571701 0.4332724 1.51247e-6 -0.8571664 0.5150396 0.1166324 -0.8571663 0.5016602 0.1451128 -0.8571655 0.4941756 0.2784451 -0.8571648 0.4332864 0.3693594 -0.8571688 0.3589364 0.3892428 -0.8571655 0.3372793 0.4684967 -0.8571659 0.2139571 0.5047836 -0.8571677 0.1022606 0.5097997 -0.8571654 0.07329207 0.5097939 -0.8571688 -0.07329279 0.4799363 -0.8571679 -0.1868808 0.46849 -0.8571685 -0.2139611 0.3892429 -0.8571655 -0.3372793 0.3027511 -0.857167 -0.4166613 0.2784451 -0.8571648 -0.4332864 0.0293892 -0.8571689 -0.5141962 1.33424e-6 -0.8571671 -0.5150386 0.1451126 -0.8571662 -0.4941747 1.21907e-5 0 -1 0.2817274 0 -0.9594946 -9.87143e-6 0 -1 0.2817265 0 -0.9594948 0.5406456 0 -0.8412505 0.5406399 0 -0.8412541 0.7557556 0 -0.6548539 0.7557444 0 -0.6548668 0.909632 0 -0.4154152 0.9096306 0 -0.4154181 0.9898218 0 -0.1423123 0.9898214 0 -0.1423155 0.9898214 0 0.1423155 0.9898214 0 0.1423155 0.9096306 0 0.4154182 0.7557444 0 0.6548667 0.7557555 0 0.654854 0.5406398 0 0.8412541 0.5406456 0 0.8412505 0.2817264 0 0.9594948 0.2817274 0 0.9594945 -9.86185e-6 0 1 1.21907e-5 0 1 0.2784518 -0.857169 -0.4332734 0.1730582 -0.857167 -0.4850937 0.1450961 -0.857169 -0.4941746 0.4684969 -0.8571667 -0.2139531 0.4078449 -0.8571688 -0.3145224 0.3892364 -0.8571668 -0.3372836 0.5097924 -0.857169 0.07330185 0.5131478 -0.857167 -0.04409432 0.5097924 -0.857169 -0.07330185 0.3892391 -0.8571649 0.3372852 0.455525 -0.8571671 0.2403367 0.4684997 -0.8571646 0.2139551 0.1450991 -0.8571645 0.4941814 0.2532764 -0.857167 0.4484596 0.2784542 -0.857165 0.4332799 -6.86944e-6 -0.8571692 0.5150351 0.1166719 -0.8571672 0.5016494 0.1451048 -0.8571692 0.4941716 0.2784484 -0.8571664 0.433281 0.3693628 -0.8571698 0.3589306 0.3892462 -0.8571662 0.3372737 0.4684979 -0.857165 0.2139576 0.5047827 -0.8571684 0.1022579 0.5098008 -0.857165 0.07328927 0.5097971 -0.8571673 -0.0732876 0.4799365 -0.8571699 -0.1868708 0.468495 -0.8571677 -0.213953 0.3892434 -0.857168 -0.3372727 0.3027186 -0.857166 -0.4166868 0.2784478 -0.8571681 -0.433278 0.02938097 -0.8571668 -0.5142003 -6.81228e-6 -0.8571689 -0.5150355 0.1451048 -0.8571689 -0.4941721 5.53472e-6 0 -1 -5.53951e-6 0 -1 0.2817383 0 -0.9594913 0.2817232 0 -0.9594957 0.5406482 0 -0.8412489 0.5406325 0 -0.8412589 0.7557505 0 -0.6548597 0.755747 0 -0.6548638 0.9096311 0 -0.4154171 0.9096336 0 -0.4154116 0.9898215 0 -0.1423144 0.989822 0 -0.1423114 0.989822 0 0.1423114 0.989822 0 0.1423113 0.909631 0 0.4154171 0.9096323 0 0.4154143 0.7557487 0 0.6548618 0.7557453 0 0.6548658 0.5406481 0 0.8412489 0.5406369 0 0.8412561 0.2817382 0 0.9594914 0.2817281 0 0.9594943 5.43888e-6 0 1 -5.44367e-6 0 1 -0.2817404 0 -0.9594907 -0.2817254 0 -0.9594951 -0.540647 0 -0.8412495 -0.5406316 0 -0.8412595 -0.7557512 0 -0.654859 -0.7557476 0 -0.6548631 -0.909633 0 -0.415413 -0.9096354 0 -0.4154076 -0.9898215 0 -0.1423144 -0.989822 0 -0.1423114 -0.989822 0 0.1423114 -0.989822 0 0.1423113 -0.909633 0 0.4154131 -0.9096342 0 0.4154103 -0.7557494 0 0.654861 -0.7557459 0 0.6548651 -0.5406471 0 0.8412495 -0.5406358 0 0.8412567 -0.2817403 0 0.9594907 -0.2817304 0 0.9594937 -0.2817274 0 -0.9594946 -0.2817264 0 -0.9594948 -0.5406451 0 -0.8412509 -0.5406394 0 -0.8412545 -0.7557573 0 -0.6548519 -0.7557463 0 -0.6548646 -0.9096338 0 -0.4154111 -0.9096326 0 -0.415414 -0.9898218 0 -0.1423123 -0.9898214 0 -0.1423155 -0.9898214 0 0.1423155 -0.9898214 0 0.1423155 -0.9096325 0 0.415414 -0.9096326 0 0.415414 -0.7557463 0 0.6548646 -0.7557573 0 0.6548519 -0.5406394 0 0.8412545 -0.5406451 0 0.8412509 -0.2817264 0 0.9594948 -0.2817274 0 0.9594946 0.7071219 0 -0.7070918 0.4999992 0 -0.8660259 0.7071219 0 -0.7070918 0.2588187 0 -0.965926 0.2588187 0 -0.9659259 -0.2817343 0 -0.9594926 -0.2817343 0 -0.9594926 -0.5406414 0 -0.8412531 -0.5406414 0 -0.8412532 -0.7557507 0 -0.6548595 -0.7557479 0 -0.6548628 -0.9096328 0 -0.4154135 -0.9096319 0 -0.4154154 -0.989821 0 -0.1423183 -0.9898214 0 -0.1423161 -0.989821 0 0.1423184 -0.9096308 0 0.4154175 -0.9096328 0 0.4154135 -0.75575 0 0.6548603 -0.7557508 0 0.6548594 -0.5406441 0 0.8412516 -0.5406383 0 0.8412551 -0.2817341 0 0.9594926 -0.2817305 0 0.9594936 -0.6376831 -7.39583e-7 0.7702988 -0.637715 -4.79631e-7 0.7702725 -0.5366184 1.02073e-6 0.8438251 -0.5254145 -1.65629e-5 0.8508465 -0.41216 -1.82986e-5 0.9111115 -0.4030963 -1.91344e-5 0.9151576 -0.2794412 -1.22823e-5 0.9601629 -0.2730465 -7.61737e-5 0.9620009 -0.1411324 -8.18074e-6 0.9899908 -0.1379972 9.44826e-5 0.9904327 3.17773e-6 1.07344e-5 1 -4.2473e-6 -1.78817e-7 1 -0.6503322 4.4927e-6 0.7596501 -0.644909 -1.12765e-5 0.7642594 -0.6408942 1.82819e-6 0.7676293 -0.6385126 -3.97861e-6 0.7696115 0.1564342 1.8362e-5 0.9876884 0.1564342 0 0.9876884 0.3090186 -3.68431e-6 0.9510561 0.3090165 0 0.9510568 0.4539918 -4.01214e-6 0.8910059 0.4539901 0 0.8910067 0.5877868 -4.1537e-6 0.809016 0.5877854 0 0.809017 0.7071079 -2.61888e-6 0.7071056 0.7071067 0 0.7071069 0.8090181 -3.98234e-6 0.5877839 0.8090171 0 0.5877853 0.8910073 -2.97278e-6 0.453989 0.8910064 0 0.4539909 0.951057 -2.61515e-6 0.3090155 0.9510566 0 0.309017 0.9876887 -3.5204e-6 0.1564325 0.9876884 0 0.1564342 1 -3.51667e-6 -1.72623e-6 1 0 0 0.9876881 -3.33414e-6 -0.1564361 0.9876885 0 -0.1564342 0.9510561 -2.42516e-6 -0.3090183 0.9510566 0 -0.3090169 0.8910056 -3.79607e-6 -0.4539923 0.8910064 0 -0.4539908 0.8090161 -2.41399e-6 -0.5877867 0.809017 0 -0.5877853 0.7071057 -3.54275e-6 -0.7071079 0.7071068 0 -0.7071067 0.5877837 -4.37349e-6 -0.8090181 0.5877855 0 -0.8090168 0.4539886 -3.47197e-6 -0.8910076 0.4539904 0 -0.8910067 0.3090152 -4.01214e-6 -0.9510572 0.3090171 0 -0.9510566 0.1564348 -2.12155e-5 -0.9876883 0.1564348 0 -0.9876884 -4.02528e-7 1.4361e-6 -1 -6.83469e-5 0 -1 -0.1500586 -1.30067e-4 -0.9886771 -0.1513389 -1.96435e-5 -0.988482 -0.2970268 -9.79771e-5 -0.9548692 -0.299189 -7.40215e-6 -0.9541939 -0.4372112 7.15852e-5 -0.8993589 -0.4401486 7.16746e-6 -0.8979251 -0.5673109 -1.10288e-4 -0.8235038 -0.5709705 1.03824e-5 -0.8209707 -0.6846303 -1.60912e-5 -0.7288905 -0.6886349 3.63216e-6 -0.7251082 -0.7863659 -5.45274e-5 -0.6177611 -0.7904397 2.46651e-5 -0.61254 -0.8702524 -8.95311e-5 -0.4926061 -0.8740378 -1.94088e-5 -0.485858 -0.9343947 -2.41082e-5 -0.3562396 -0.9374988 1.25468e-5 -0.3479887 -0.9773108 -4.87114e-5 -0.2118102 -0.9793639 2.02023e-5 -0.2021049 -0.9980406 -6.59719e-5 -0.06257003 -0.9986703 -2.22251e-5 -0.05155223 -0.9961101 1.57189e-5 0.08811837 -0.9949704 7.89017e-6 0.1001698 -0.9715663 -4.11768e-5 0.236768 -0.9683496 -5.74067e-6 0.2495982 -0.9249583 3.0254e-6 0.3800685 -0.9194237 -1.97627e-5 0.3932684 -0.8573531 5.56256e-6 0.5147287 -0.8493174 -2.31676e-5 0.5278824 -0.7702715 4.38793e-6 0.6377162 -0.7702923 -8.95932e-7 0.6376911 -0.7702869 -2.16812e-6 0.6376975 -0.7696081 -2.63844e-6 0.6385167 -0.7676327 3.30433e-6 0.6408901 -0.7642573 -1.0442e-5 0.6449117 -0.759653 1.093e-5 0.6503287 -0.7071067 0 -0.707107 -0.7071068 1.12335e-6 -0.7071068 -0.7071072 0 -0.7071064 -0.7071074 0 -0.7071062 0.7071066 -1.12335e-6 0.707107 0.7071072 0 0.7071064 0.7071065 0 0.7071071 0.7071068 0 0.7071068 -0.7074849 -2.80887e-6 -0.7067285 -0.6995078 -0.1462244 -0.699505 -0.7071056 4.09782e-7 -0.7071079 -0.6939374 -0.1924369 -0.6938437 -0.675894 -0.2934694 -0.6760496 -0.6532307 -0.3828704 -0.6532226 -0.6366949 -0.4350191 -0.636693 -0.5867428 -0.558085 -0.5867488 -0.5827627 -0.5659186 -0.5832014 -0.5000064 -0.7070993 -0.5000044 -0.470052 -0.7470212 -0.4701175 -0.3946217 -0.82979 -0.3946166 -0.3298137 -0.8845832 -0.3297508 -0.2707341 -0.9237986 -0.2707384 -0.1699727 -0.9706754 -0.1699963 -0.1360777 -0.9813079 -0.1360794 -2.1199e-5 -1 2.15762e-5 -2.24564e-7 -1 -2.29291e-7 0.1361031 -0.9812992 0.1361176 0.1699623 -0.9706869 0.1699411 0.2707387 -0.9237981 0.2707354 0.329693 -0.8846306 0.3297445 0.3946163 -0.8297902 0.3946214 0.4701845 -0.7469294 0.470131 0.5000029 -0.7071023 0.5000035 0.5829737 -0.565937 0.5829727 0.5867596 -0.5580518 0.5867635 0.6366932 -0.435015 0.6366975 0.653223 -0.3828732 0.6532288 0.6760052 -0.2933638 0.6759843 0.6939378 -0.1924599 0.6938369 0.6995047 -0.1462374 0.6995054 0.7071059 -1.39428e-5 0.7071077 0.7071118 5.43892e-7 0.7071018 0.6998694 -0.1462109 0.6991461 0.7071065 5.51343e-7 0.7071071 0.7071068 0 0.7071068 0.7071067 0 0.7071069 0.7071071 0 -0.7071065 0 -1 -6.92612e-7 0 -1 0 0 -1 -1.21391e-6 0 -1 2.10294e-6 0 -1 0 -0.7071064 0 -0.7071073 -0.7071067 0 -0.7071069 -1.06648e-6 0.3491054 0.9370836 -0.1465865 0.3491215 0.9255412 0 0.235433 0.9718907 -0.1549802 0.1361835 0.9784862 8.11421e-5 0.1186071 0.9929413 -0.3061439 0.1361932 0.9421929 -0.2895714 0.3491045 0.8912208 -0.4497647 0.1361813 0.882704 -0.425419 0.3491027 0.8349526 -0.582309 0.1361843 0.8014801 -0.5508064 0.3491036 0.7581154 -0.7005271 0.1361446 0.7005188 -0.6626136 0.3491101 0.6626201 -0.7175449 0.1214289 0.6858457 -0.7581189 0.3490968 0.5508059 -0.8014805 0.1361556 0.5823149 -0.8827084 0.1361629 0.4497618 -0.9421951 0.1361803 0.3061429 -0.9784934 0.1361435 0.1549696 -0.9906839 0.1361821 6.3004e-6 -0.9784901 0.1361548 -0.1549814 -0.9421982 0.1361489 -0.3061473 -0.8827077 0.1361597 -0.4497643 -0.8014827 0.1361783 -0.5823067 -0.700524 0.1361863 -0.7005137 -0.5823101 0.1361597 -0.8014833 -0.4497597 0.1361576 -0.8827103 -0.3061398 0.1361897 -0.9421948 -0.1549776 0.136173 -0.9784881 1.20552e-5 0.1185824 -0.9929443 -0.8349459 0.3491031 0.425432 -0.8912214 0.3490965 0.2895792 -0.925553 0.3490886 0.146591 -0.9370784 0.3491193 -1.61298e-5 -0.9255383 0.3491289 -0.1465882 -0.8912109 0.3491269 -0.2895747 -0.8349465 0.3491014 -0.4254323 -0.7581124 0.3491253 -0.5507969 -0.662619 0.3491119 -0.6626138 -0.5508064 0.3491041 -0.7581154 -0.4254287 0.3491023 -0.834948 -0.2895727 0.3490976 -0.8912231 -0.14659 0.349108 -0.9255458 -1.40993e-7 0.235433 -0.9718907 -1.08703e-5 0.3491054 -0.9370836 -0.7487182 0.0542888 0.6606617 -0.7340127 0.09563308 0.6723688 -0.7010841 0.1302397 0.701084 -0.6858366 0.1214303 0.7175534 -0.6723766 0.09558886 0.7340112 -0.660655 0.05433964 0.7487205 0.5735863 0 -0.8191452 0.5735864 7.08271e-7 -0.8191452 0.396072 0 -0.9182195 0.3960983 1.46264e-6 -0.9182082 0.573563 -2.2538e-6 -0.8191615 0.3566334 3.56929e-7 -0.9342445 0.283201 -7.20844e-7 -0.9590606 0.2022176 -2.60661e-5 -0.9793406 0.2021316 -5.03846e-7 -0.9793584 0.1050003 9.95945e-6 -0.9944723 0 2.34578e-5 -1 0.05224728 5.27804e-6 -0.9986342 -1.20241e-7 0 -1 9.58392e-7 0 -1 7.95465e-7 0 -1 -0.2817334 0 -0.9594928 -0.2817336 0 -0.9594927 -0.5406402 0 -0.8412539 -0.5406403 0 -0.8412539 -0.7557479 0 -0.6548628 -0.7557478 0 -0.6548629 -0.9096335 0 -0.4154118 -0.9096335 0 -0.4154118 -0.989822 0 -0.1423113 -0.989822 0 -0.1423113 -0.989822 0 0.1423113 -0.989822 0 0.1423113 -0.9096335 0 0.4154118 -0.9096335 0 0.4154118 -0.7557478 0 0.6548629 -0.7557479 0 0.6548628 -0.5406403 0 0.8412539 -0.5406402 0 0.8412539 -0.2817336 0 0.9594927 -0.2817334 0 0.9594928 7.95465e-7 0 1 9.58392e-7 0 1 0 0 -1 0 0 -1 -0.2817335 0 -0.9594928 -0.2817335 0 -0.9594927 -0.5406363 0 -0.8412565 -0.5406403 0 -0.8412539 -0.7557479 0 -0.6548627 -0.7557511 0 -0.6548591 -0.9096326 0 -0.4154137 -0.9898215 0 -0.1423144 -0.9898213 0 -0.1423162 -0.9898213 0 0.1423162 -0.9898215 0 0.1423144 -0.9096319 0 0.4154154 -0.9096326 0 0.4154137 -0.7557511 0 0.6548591 -0.755748 0 0.6548626 -0.5406402 0 0.8412541 -0.5406411 0 0.8412534 -0.2817275 0 0.9594945 -0.2817389 0 0.9594911 6.16246e-6 0 1 -6.14329e-6 0 1 -6.14329e-6 0 -1 6.16246e-6 0 -1 -0.2817389 0 -0.9594911 -0.2817275 0 -0.9594945 -0.5406411 0 -0.8412534 -0.5406402 0 -0.8412541 -0.755748 0 -0.6548626 -0.7557479 0 0.6548627 -0.5406403 0 0.8412539 -0.5406363 0 0.8412565 -0.2817335 0 0.9594927 -0.2817335 0 0.9594928 0 0 1 0 0 1 -2.01262e-7 0 -1 -3.68981e-7 0 -1 -0.2817316 0 -0.9594933 -0.2817319 0 -0.9594932 -0.5406413 0 -0.8412532 -0.5406416 0 -0.8412532 -0.7557504 0 -0.6548597 -0.7557504 0 -0.6548599 -0.9096327 0 -0.4154135 -0.9096327 0 -0.4154136 -0.9898217 0 -0.1423133 -0.9898217 0 -0.1423133 -0.9898217 0 0.1423133 -0.9898217 0 0.1423133 -0.9096327 0 0.4154136 -0.9096327 0 0.4154135 -0.7557504 0 0.6548599 -0.7557504 0 0.6548597 -0.5406416 0 0.8412532 -0.5406413 0 0.8412532 -0.2817319 0 0.9594932 -0.2817316 0 0.9594933 -3.68981e-7 0 1 -2.01262e-7 0 1 -0.2784487 0.8571659 -0.4332817 -0.1730954 0.8571672 -0.4850797 -0.1450899 0.8571653 -0.4941829 -0.4684971 0.8571666 -0.2139534 -0.4078418 0.8571698 -0.3145235 -0.3892351 0.8571662 -0.3372867 -0.5097983 0.8571655 0.07330173 -0.5131466 0.8571677 -0.04409331 -0.5097983 0.8571655 -0.07330173 -0.3892365 0.8571695 0.3372765 -0.4555079 0.8571656 0.2403737 -0.4684956 0.8571694 0.2139449 -0.1450936 0.8571669 0.494179 -0.2532712 0.8571693 0.448458 -0.2784497 0.8571671 0.4332789 -0.3892478 0.8571666 -0.3372709 -0.3027232 0.857168 -0.4166795 -0.2784554 0.8571674 -0.4332747 -2.10851e-6 0.857168 0.5150368 -0.1166768 0.8571686 0.501646 -0.1451104 0.857168 0.4941721 -0.2784491 0.8571652 0.4332829 -0.3693323 0.8571669 0.3589689 -0.3892472 0.8571648 0.3372761 -0.4684934 0.8571664 0.213962 -0.5047805 0.8571689 0.1022657 -0.5097969 0.8571667 0.07329696 -0.5097934 0.8571689 -0.07329583 -0.4799382 0.8571667 -0.186882 -0.4684899 0.8571686 -0.213961 -0.02938157 0.8571676 -0.5141989 5.79667e-6 0.8571651 -0.5150418 -0.1451053 0.8571658 -0.4941772 -0.2784548 0.8571672 -0.4332751 -0.1730595 0.8571694 -0.4850887 -0.1450995 0.8571673 -0.4941766 -0.4684935 0.8571667 -0.2139605 -0.4078721 0.8571665 -0.3144932 -0.3892323 0.857166 -0.3372905 -0.5097936 0.8571682 0.07330185 -0.5131491 0.8571662 -0.04409432 -0.5097936 0.8571682 -0.07330185 -0.3892416 0.8571653 0.3372815 -0.4555067 0.8571665 0.240373 -0.4685033 0.8571645 0.2139483 -0.145092 0.8571668 0.4941794 -0.2532682 0.8571684 0.4484614 -0.278445 0.8571678 0.4332803 -0.3892423 0.857166 -0.3372788 -0.3027138 0.8571677 -0.4166871 -0.2784472 0.8571652 -0.4332842 -4.69387e-7 0.8571684 0.5150364 -0.1166312 0.8571686 0.5016564 -0.1451118 0.8571682 0.4941713 -0.278443 0.8571679 0.4332813 -0.3693568 0.8571692 0.3589381 -0.3892365 0.8571686 0.3372786 -0.4684916 0.8571676 0.2139614 -0.5047856 0.8571659 0.102266 -0.5097948 0.8571681 0.07329624 -0.509795 0.857168 -0.0732963 -0.4799334 0.8571698 -0.1868795 -0.4684915 0.8571676 -0.2139614 -0.02938127 0.8571694 -0.514196 6.46478e-6 0.8571673 -0.5150383 -0.145105 0.8571674 -0.4941748 -0.2784591 0.8571656 -0.4332756 -0.173064 0.8571681 -0.4850896 -0.1451041 0.8571659 -0.4941775 -0.4684974 0.8571677 -0.2139483 -0.4078459 0.8571701 -0.3145177 -0.3892377 0.8571679 -0.3372793 -0.5097917 0.8571693 0.07330191 -0.5131472 0.8571673 -0.04409426 -0.5097918 0.8571694 -0.07330191 -0.3892377 0.8571679 0.3372793 -0.455523 0.8571699 0.2403303 -0.4684973 0.8571677 0.2139483 -0.1451047 0.8571691 0.494172 -0.2532455 0.8571648 0.4484812 -0.2784599 0.8571684 0.4332697 -0.3892344 0.8571661 -0.3372876 -0.3027451 0.8571654 -0.416669 -0.2784376 0.8571648 -0.433291 5.8189e-6 0.8571661 0.5150402 -0.1166709 0.8571683 0.5016477 -0.1451055 0.8571662 0.4941765 -0.2784376 0.8571648 0.433291 -0.3693523 0.8571681 0.3589454 -0.3892343 0.8571661 0.3372876 -0.468501 0.8571687 0.2139363 -0.504778 0.8571683 0.1022832 -0.5097959 0.8571658 0.07331496 -0.5097967 0.8571653 -0.0733152 -0.4799476 0.8571671 -0.1868554 -0.4685018 0.8571682 -0.2139365 -0.02938205 0.8571667 -0.5142004 5.39457e-6 0.8571646 -0.5150427 -0.1451058 0.8571648 -0.494179 -0.2784482 0.8571688 -0.4332762 -0.1731003 0.8571647 -0.4850826 -0.1450923 0.8571683 -0.4941769 -0.4684935 0.8571674 -0.2139582 -0.4078724 0.8571671 -0.314491 -0.3892327 0.8571666 -0.3372884 -0.5131492 0.8571662 -0.04409432 -0.3892412 0.8571646 0.3372836 -0.4555265 0.8571677 0.2403316 -0.4684948 0.8571695 0.2139467 -0.1450963 0.8571698 0.4941732 -0.2532763 0.8571665 0.4484605 -0.278449 0.8571701 0.4332731 -0.3892366 0.8571687 -0.3372786 -0.3027513 0.8571673 -0.4166607 -0.278443 0.857168 -0.4332813 6.87689e-6 0.8571687 0.5150358 -0.1166719 0.8571668 0.5016501 -0.1451047 0.8571687 0.4941723 -0.2784472 0.8571652 0.4332842 -0.369361 0.8571678 0.3589372 -0.3892422 0.857166 0.3372787 -0.4684922 0.8571671 0.2139616 -0.5047794 0.8571696 0.1022654 -0.5097957 0.8571675 0.07329654 -0.5097948 0.857168 -0.0732963 -0.4799335 0.8571698 -0.1868795 -0.4684916 0.8571676 -0.2139614 -0.02938854 0.8571696 -0.514195 -7.45407e-7 0.8571674 -0.515038 -0.145112 0.8571673 -0.4941729 -0.2784504 0.8571698 -0.4332729 -0.1730566 0.8571678 -0.4850928 -0.1450942 0.85717 -0.4941734 -0.4684956 0.8571694 -0.2139449 -0.4078499 0.8571674 -0.3145194 -0.3892365 0.8571695 -0.3372766 -0.5097983 0.8571655 0.07330173 -0.5131469 0.8571676 -0.04409337 -0.3892351 0.8571662 0.3372867 -0.4555203 0.8571701 0.2403349 -0.4684971 0.8571665 0.2139534 -0.1450867 0.8571677 0.4941795 -0.2532682 0.8571667 0.4484648 -0.2784428 0.8571688 0.4332797 -0.3892385 0.8571662 -0.3372828 -0.3027496 0.8571658 -0.4166645 -0.2784423 0.8571652 -0.433287 5.59539e-6 0.8571701 0.5150336 -0.116671 0.857167 0.5016499 -0.1451054 0.8571653 0.4941783 -0.2784611 0.8571681 0.4332693 -0.3693433 0.857167 0.3589574 -0.3892555 0.8571661 0.337263 -0.4684895 0.8571689 0.2139609 -0.5047837 0.8571671 0.1022655 -0.509793 0.8571692 0.07329571 -0.5097966 0.857167 -0.07329684 -0.4799351 0.8571687 -0.18688 -0.468493 0.8571667 -0.2139618 -0.0293895 0.8571697 -0.5141951 -1.91119e-6 0.8571689 -0.5150357 -0.1451103 0.8571687 -0.494171 -0.2784596 0.8571682 -0.4332703 -0.1730666 0.8571667 -0.4850912 -0.1451044 0.8571689 -0.4941725 -0.4684833 0.8571693 -0.2139724 -0.4078644 0.857166 -0.3145045 -0.3892547 0.8571665 -0.3372633 -0.5097904 0.8571702 0.07330191 -0.5131459 0.8571681 -0.04409426 -0.5097904 0.8571702 -0.07330191 -0.3892542 0.8571668 0.3372629 -0.4555163 0.8571656 0.2403579 -0.4684827 0.8571697 0.213972 -0.145104 0.8571695 0.4941715 -0.2532448 0.8571652 0.4484808 -0.2784592 0.8571687 0.4332693 -0.3892379 0.8571667 -0.337282 -0.3027492 0.8571664 -0.416664 -0.2784419 0.8571658 -0.4332864 1.40741e-5 0.857165 0.515042 -0.1166625 0.8571681 0.5016501 -0.1450973 0.8571661 0.4941793 -0.2784496 0.85717 0.433273 -0.3693377 0.8571656 0.3589665 -0.3892452 0.857169 0.3372676 -0.4684957 0.8571646 0.2139642 -0.5047813 0.8571685 0.1022649 -0.5097997 0.8571652 0.07329618 -0.5097925 0.8571697 -0.07329291 -0.4799407 0.8571662 -0.1868774 -0.4684904 0.8571697 -0.2139554 -0.02938812 0.8571662 -0.5142009 -5.24218e-7 0.8571699 -0.5150337 -0.1451091 0.8571692 -0.4941704 -0.2784484 0.8571669 -0.4332801 -0.1730558 0.8571672 -0.4850941 -0.1450954 0.8571666 -0.4941791 -0.468497 0.8571685 -0.2139459 -0.4078512 0.8571665 -0.3145203 -0.3892379 0.8571685 -0.3372774 -0.5097954 0.8571672 0.07330179 -0.513144 0.8571692 -0.04409331 -0.5097954 0.8571671 -0.07330173 -0.3892351 0.8571661 0.3372866 -0.4555267 0.8571658 0.2403377 -0.468497 0.8571665 0.2139534 -0.1450881 0.8571658 0.4941826 -0.2532657 0.857169 0.4484618 -0.2784441 0.857167 0.4332827 -0.3892471 0.8571649 -0.3372759 -0.3027154 0.8571685 -0.416684 -0.2784494 0.857165 -0.433283 6.95884e-6 0.8571676 0.5150378 -0.1166675 0.8571689 0.5016476 -0.1451013 0.8571685 0.494174 -0.2784624 0.857167 0.4332706 -0.3693444 0.8571661 0.3589585 -0.3892564 0.8571653 0.3372641 -0.4684881 0.8571696 0.2139605 -0.5047829 0.8571674 0.1022653 -0.5097927 0.8571693 0.07329571 -0.5097956 0.8571676 -0.0732966 -0.4799336 0.8571698 -0.1868795 -0.4684908 0.857168 -0.2139613 -0.02938705 0.8571664 -0.5142006 4.71599e-7 0.8571699 -0.5150339 -0.145108 0.8571698 -0.4941695 -0.2784482 0.8571687 -0.4332763 -0.1731003 0.8571647 -0.4850825 -0.1450922 0.8571684 -0.4941767 -0.4684962 0.8571654 -0.21396 -0.4078751 0.8571652 -0.3144929 -0.3892354 0.8571647 -0.3372901 -0.5097953 0.8571673 0.07330185 -0.5131438 0.8571694 -0.04409325 -0.5097954 0.8571673 -0.07330185 -0.3892369 0.8571682 0.3372792 -0.4555228 0.85717 0.2403305 -0.4684975 0.8571676 0.2139486 -0.1450962 0.8571698 0.4941731 -0.2532763 0.8571665 0.4484605 -0.2784491 0.8571701 0.4332732 -0.3892394 0.857167 -0.3372796 -0.3027508 0.857167 -0.4166616 -0.2784436 0.8571663 -0.4332843 4.63426e-6 0.8571665 0.5150395 -0.11667 0.8571673 0.5016497 -0.1451036 0.8571667 0.4941765 -0.2784428 0.857169 0.4332793 -0.3693619 0.8571675 0.3589369 -0.3892381 0.8571699 0.3372737 -0.4684918 0.8571675 0.2139615 -0.5047856 0.8571659 0.1022661 -0.5097947 0.8571682 0.07329618 -0.5097914 0.8571701 -0.07329511 -0.4799366 0.8571676 -0.1868814 -0.4684886 0.8571694 -0.2139606 -0.02939045 0.8571695 -0.5141954 -3.23646e-6 0.8571699 -0.5150338 -0.1451085 0.8571699 -0.4941695 -0.278455 0.8571662 -0.4332773 -0.1730564 0.8571696 -0.4850897 -0.1450967 0.8571659 -0.4941797 -0.4684937 0.85717 -0.2139475 -0.4078513 0.8571661 -0.3145214 -0.3892372 0.857169 -0.3372771 -0.509795 0.8571674 0.07330179 -0.5131435 0.8571696 -0.04409325 -0.5097951 0.8571674 -0.07330179 -0.38924 0.8571671 0.3372788 -0.4555251 0.8571682 0.2403327 -0.4684963 0.857168 0.2139494 -0.1450935 0.8571684 0.4941763 -0.2532749 0.8571668 0.4484606 -0.2784492 0.857169 0.4332753 -0.3892315 0.8571678 -0.3372866 -0.3027455 0.8571656 -0.4166681 -0.278437 0.8571665 -0.433288 4.47035e-6 0.8571686 0.515036 -0.1166743 0.8571665 0.50165 -0.145107 0.8571687 0.494172 -0.278437 0.8571665 0.433288 -0.3693513 0.8571684 0.3589457 -0.3892315 0.8571678 0.3372865 -0.4684947 0.8571655 0.2139633 -0.5047811 0.8571687 0.1022642 -0.5098003 0.8571647 0.07329577 -0.5098003 0.8571647 -0.07329577 -0.4799354 0.8571686 -0.1868803 -0.4684946 0.8571654 -0.2139633 -0.02938377 0.8571688 -0.5141968 3.91353e-6 0.8571667 -0.5150393 -0.1451075 0.8571667 -0.4941753 -0.2784548 0.8571671 -0.4332752 -0.1730595 0.8571694 -0.4850887 -0.1450994 0.8571673 -0.4941765 -0.4684962 0.8571649 -0.2139623 -0.4078696 0.8571687 -0.3144904 -0.389228 0.8571696 -0.337286 -0.5097954 0.8571673 0.07330185 -0.5131438 0.8571694 -0.04409325 -0.3892372 0.8571689 0.3372771 -0.4555095 0.8571646 0.2403746 -0.4684975 0.8571681 0.2139462 -0.1450887 0.8571692 0.4941763 -0.2532702 0.8571678 0.4484614 -0.2784449 0.8571699 0.4332761 -0.3892381 0.8571699 -0.3372737 -0.3027536 0.8571657 -0.416662 -0.2784428 0.857169 -0.4332793 -2.71946e-6 0.8571661 0.51504 -0.1166774 0.8571665 0.5016492 -0.1451107 0.8571661 0.4941754 -0.2784436 0.8571663 0.4332844 -0.3693577 0.857169 0.3589378 -0.3892394 0.857167 0.3372796 -0.4684894 0.8571689 0.2139608 -0.5047831 0.8571673 0.1022654 -0.5097923 0.8571697 0.07329541 -0.5097947 0.8571681 -0.07329618 -0.4799334 0.8571698 -0.1868794 -0.4684917 0.8571674 -0.2139615 -0.02938234 0.8571685 -0.5141975 4.98223e-6 0.8571678 -0.5150375 -0.1451034 0.8571678 -0.4941744 -0.2784441 0.857167 -0.4332827 -0.1730939 0.8571664 -0.4850819 -0.1450881 0.8571658 -0.4941825 -0.4684971 0.8571665 -0.2139534 -0.4078419 0.8571698 -0.3145235 -0.3892351 0.8571662 -0.3372866 -0.5097954 0.8571671 0.07330179 -0.5131438 0.8571693 -0.04409331 -0.5097954 0.8571672 -0.07330173 -0.3892379 0.8571685 0.3372774 -0.4555093 0.8571648 0.2403746 -0.468497 0.8571685 0.2139459 -0.1450954 0.8571666 0.4941791 -0.2532716 0.8571678 0.4484608 -0.2784484 0.857167 0.43328 -0.3892565 0.8571653 -0.3372641 -0.3027293 0.857169 -0.416673 -0.2784624 0.857167 -0.4332706 3.65078e-7 0.8571695 0.5150345 -0.1166743 0.8571701 0.5016439 -0.1451081 0.8571695 0.4941702 -0.2784493 0.857165 0.433283 -0.3693322 0.857167 0.3589688 -0.3892471 0.8571649 0.3372759 -0.4684901 0.8571685 0.2139611 -0.5047847 0.8571664 0.1022658 -0.5097947 0.8571681 0.0732963 -0.5097923 0.8571696 -0.07329553 -0.4799365 0.8571676 -0.1868815 -0.4684877 0.8571699 -0.2139604 -0.02938014 0.8571689 -0.5141969 7.05884e-6 0.857168 -0.5150372 -0.1451013 0.8571689 -0.4941734 -0.2784592 0.8571688 -0.4332693 -0.1730661 0.8571673 -0.4850901 -0.145104 0.8571694 -0.4941715 -0.4684828 0.8571697 -0.213972 -0.4078639 0.8571664 -0.314504 -0.3892542 0.8571668 -0.337263 -0.5097904 0.8571701 0.07330191 -0.5131458 0.8571681 -0.0440942 -0.5097904 0.8571701 -0.07330191 -0.3892547 0.8571664 0.3372634 -0.4555168 0.8571653 0.2403582 -0.4684833 0.8571693 0.2139725 -0.1451044 0.8571689 0.4941725 -0.2532414 0.8571687 0.4484758 -0.2784596 0.8571681 0.4332703 -0.3892436 0.8571647 -0.3372804 -0.3027148 0.8571667 -0.4166883 -0.2784428 0.8571702 -0.4332771 -5.28991e-7 0.8571699 0.5150337 -0.1166293 0.8571686 0.5016571 -0.1451091 0.8571692 0.4941704 -0.2784486 0.8571656 0.4332823 -0.369363 0.857169 0.3589321 -0.3892466 0.8571654 0.3372753 -0.4684905 0.8571697 0.2139553 -0.5047857 0.8571662 0.1022627 -0.5097925 0.8571697 0.07329291 -0.5097997 0.8571651 -0.07329618 -0.4799354 0.8571683 -0.1868811 -0.4684957 0.8571646 -0.2139642 -0.02942121 0.8571657 -0.5141998 1.4079e-5 0.857165 -0.515042 -0.1450973 0.8571661 -0.4941791 2.77875e-5 3.94123e-5 1 6.76885e-6 0 1 -0.1837492 0 0.9829732 -0.1837497 0 0.982973 -0.3612414 0 0.9324724 -0.3612416 0 0.9324722 -0.5264325 0 0.8502171 -0.5264319 0 0.8502175 -0.673696 0 0.7390087 -0.6736955 0 0.7390091 -0.7980173 0 0.6026347 -0.7980171 0 0.6026349 -0.8951634 0 0.4457383 -0.8951634 0 0.4457384 -0.9618258 0 0.2736628 -0.9957343 0 0.09226804 -0.9957343 0 -0.09226804 -0.9618258 0 -0.2736628 -0.8951634 0 -0.4457384 -0.8951634 0 -0.4457383 -0.7980171 0 -0.6026349 -0.7980173 0 -0.6026347 -0.6736955 0 -0.7390091 -0.673696 0 -0.7390087 -0.5264319 0 -0.8502175 -0.5264325 0 -0.8502171 -0.3612416 0 -0.9324722 -0.3612414 0 -0.9324724 -0.1837497 0 -0.982973 -0.1837492 0 -0.9829732 1.73106e-5 2.54728e-5 -1 1.41989e-5 0 -1 0.1724415 1.36241e-6 0.9850199 0.1837517 1.01802e-5 0.9829728 0.3396884 1.41984e-4 0.940538 0.3612455 3.58438e-5 0.9324709 0.4968073 8.63914e-5 0.867861 0.5264287 -5.79033e-5 0.8502193 0.6390285 1.22117e-5 0.7691831 0.6736946 -3.40105e-5 0.7390099 0.7620944 5.46572e-5 0.6474659 0.7980177 1.69594e-5 0.6026342 0.8623295 2.71839e-5 0.5063476 0.8951634 2.57092e-6 0.4457381 0.9367275 2.20749e-5 0.3500595 0.9618257 1.60364e-5 0.2736629 0.9830601 3.91942e-5 0.1832836 0.9957342 1.12678e-5 0.09226852 0.9999393 3.18473e-5 0.01101583 0.9957342 3.4109e-5 -0.09226787 0.9868592 4.66038e-5 -0.1615825 0.9618258 5.11445e-5 -0.2736626 0.9442053 -5.55464e-6 -0.3293576 0.9442146 -2.62976e-6 -0.329331 0.8951636 -9.40356e-6 -0.4457377 0.903898 2.19953e-5 -0.4277482 0.8534525 -7.97283e-5 -0.5211708 0.7980176 -5.35883e-6 -0.6026341 0.7932872 4.12639e-4 -0.6088474 0.7932807 1.26751e-7 -0.6088561 0.7917948 -5.89876e-7 -0.6107872 0.7871422 1.62149e-6 -0.6167717 0.7794681 1.71945e-7 -0.626442 0.7693042 2.69501e-6 -0.6388828 0.7566937 -4.06383e-6 -0.6537696 0.7415341 7.43335e-6 -0.6709153 0.6736941 -3.99384e-5 -0.7390103 0.7246505 -3.98783e-5 -0.6891167 0.707111 -1.51551e-5 -0.7071027 0.6890695 -2.24582e-5 -0.7246953 0.6709221 0 -0.7415279 0.6537679 -1.44937e-6 -0.7566952 0.6388741 -7.10599e-7 -0.7693114 0.6264351 -3.43239e-6 -0.7794737 0.6167659 5.97257e-6 -0.7871468 0.610798 -6.41681e-7 -0.7917866 0.5264329 1.29468e-5 -0.8502167 0.608831 -2.65427e-7 -0.7933 0.5212037 -5.01983e-7 -0.8534323 0.6088331 6.51926e-7 -0.7932984 0.5212044 0 -0.8534319 0.6088331 0 -0.7932984 0.4275738 -4.1222e-5 -0.9039806 0.3612421 1.1879e-6 -0.9324721 0.3293247 -1.15199e-6 -0.9442169 0.221934 -2.27969e-5 -0.9750618 0.3293454 0 -0.9442096 0.1837488 7.80262e-6 -0.9829733 0.111612 2.1013e-5 -0.9937519 0 -1 0 0 -1 -6.60613e-7 0 -1 7.50069e-7 0 -1 -3.73394e-7 0 -1 -7.48191e-7 0 -1 7.5243e-7 0 -1 -1.64672e-7 0 -1 1.64672e-7 0 -1 -7.52429e-7 0 -1 -7.50069e-7 0 -1 6.60613e-7 0 -1 5.62552e-7 0 -1 -3.73394e-7 0 -1 -3.72696e-7 0 -1 6.65483e-7 0 -1 -3.31115e-7 0 -1 3.31115e-7 0 -1 -6.65483e-7 0 -1 7.45391e-7 0 -1 -7.50069e-7 0.2784531 0.8571683 0.4332742 0.173061 0.8571689 0.4850891 0.1451006 0.8571682 0.4941747 0.4685044 0.8571661 0.2139391 0.4078554 0.8571668 0.314514 0.3892431 0.8571679 0.3372728 0.5097904 0.8571702 -0.07330191 0.5131459 0.8571681 0.04409426 0.5097904 0.8571702 0.07330191 0.3892337 0.8571696 -0.3372794 0.4555259 0.8571674 -0.2403336 0.468494 0.8571694 -0.2139486 0.1451002 0.8571688 -0.4941737 0.2532762 0.8571695 -0.4484547 0.2784526 0.8571689 -0.4332732 -1.40667e-5 0.857165 -0.515042 0.1166625 0.857168 -0.5016501 0.1450973 0.8571661 -0.4941793 0.2784478 0.8571646 -0.4332849 0.369362 0.857167 -0.3589383 0.3892436 0.8571649 -0.3372803 0.4684957 0.8571647 -0.2139642 0.5047813 0.8571684 -0.1022649 0.5097996 0.8571651 -0.07329618 0.5097925 0.8571697 0.07329291 0.4799407 0.8571662 0.1868774 0.4684905 0.8571697 0.2139553 0.3892467 0.8571654 0.3372754 0.3027148 0.8571691 0.4166834 0.2784486 0.8571656 0.4332823 0.02938812 0.8571662 0.5142009 5.24218e-7 0.8571699 0.5150338 0.1451091 0.8571692 0.4941704 7.73902e-6 0 1 -7.74381e-6 0 1 0.2817316 0 0.9594933 0.2817313 0 0.9594934 0.5406415 0 0.8412531 0.540638 0 0.8412554 0.7557513 0 0.6548588 0.7557469 0 0.654864 0.9096305 0 0.4154183 0.9096334 0 0.415412 0.9898213 0 0.142316 0.9898217 0 0.1423136 0.9898217 0 -0.1423138 0.9898216 0 -0.1423135 0.9096296 0 -0.4154203 0.9096334 0 -0.4154121 0.7557487 0 -0.6548618 0.755747 0 -0.6548637 0.5406411 0 -0.8412534 0.5406436 0 -0.8412517 0.2817319 0 -0.9594932 0.2817311 0 -0.9594934 1.53582e-5 0 -1 -1.53534e-5 0 -1 0.2784497 0.8571649 0.433283 0.1730552 0.8571695 0.4850903 0.1450968 0.8571646 0.494182 0.4684959 0.8571692 0.213945 0.4078499 0.8571675 0.3145194 0.3892362 0.8571696 0.3372765 0.5097991 0.857165 -0.07330173 0.5131477 0.857167 0.04409337 0.5097991 0.857165 0.07330173 0.3892349 0.8571663 -0.3372865 0.4555203 0.85717 -0.2403349 0.4684973 0.8571664 -0.2139536 0.145087 0.8571695 -0.4941766 0.2532672 0.857167 -0.4484648 0.2784454 0.8571649 -0.4332857 -6.71297e-6 0.8571684 -0.5150364 0.1166719 0.8571668 -0.5016502 0.1451047 0.8571691 -0.4941717 0.2784624 0.857167 -0.4332707 0.3693444 0.857166 -0.3589586 0.3892565 0.8571654 -0.3372641 0.4684926 0.857167 -0.2139617 0.5047795 0.8571695 -0.1022654 0.5097954 0.8571677 -0.07329642 0.5097994 0.8571651 0.07329767 0.4799382 0.8571668 0.186881 0.4684965 0.8571646 0.2139627 0.3892471 0.8571649 0.3372759 0.3027154 0.8571686 0.4166839 0.2784493 0.857165 0.433283 0.02938872 0.8571689 0.5141963 9.25269e-7 0.8571667 0.5150392 0.1451122 0.8571665 0.4941741 1.16924e-6 0 1 1.10215e-6 0 1 0.2817392 0 0.9594911 0.2817326 0 0.959493 0.5406432 0 0.8412521 0.5406379 0 0.8412555 0.7557472 0 0.6548635 0.7557533 0 0.6548564 0.9096311 0 0.4154171 0.909634 0 0.4154109 0.9898217 0 0.1423134 0.9898214 0 0.1423154 0.989822 0 -0.1423112 0.9898214 0 -0.1423152 0.9096319 0 -0.4154154 0.9096321 0 -0.4154149 0.7557473 0 -0.6548635 0.7557545 0 -0.6548551 0.5406372 0 -0.841256 0.5406429 0 -0.8412523 0.2817322 0 -0.9594931 0.2817325 0 -0.9594931 1.09257e-6 0 -1 1.17882e-6 0 -1 0.2784482 0.8571689 0.4332762 0.1731003 0.8571646 0.4850827 0.1450923 0.8571683 0.4941769 0.4684972 0.8571684 0.2139459 0.4078512 0.8571666 0.3145202 0.3892378 0.8571686 0.3372773 0.5097929 0.8571687 -0.07330185 0.5131484 0.8571666 0.04409432 0.5097929 0.8571687 0.07330185 0.3892374 0.857168 -0.3372794 0.4555227 0.8571701 -0.2403304 0.4684971 0.8571678 -0.2139483 0.1451027 0.8571648 -0.49418 0.2532813 0.8571681 -0.4484547 0.2784555 0.85717 -0.4332692 -8.24034e-6 0.8571662 -0.51504 0.1166685 0.8571686 -0.5016478 0.1451032 0.8571665 -0.494177 0.2784541 0.8571649 -0.4332801 0.3693366 0.8571666 -0.3589653 0.3892509 0.8571646 -0.3372721 0.468488 0.8571697 -0.2139605 0.5047824 0.8571678 -0.1022652 0.509792 0.8571698 -0.07329541 0.5097981 0.8571661 0.07329571 0.4799336 0.8571695 0.1868805 0.4684934 0.857166 0.2139635 0.3892453 0.8571673 0.3372719 0.302717 0.8571698 0.4166802 0.2784498 0.8571678 0.4332773 0.02938663 0.8571684 0.5141974 -1.00734e-6 0.8571663 0.51504 0.1451102 0.8571662 0.4941753 -1.45676e-6 0 1 -1.6101e-6 0 1 0.28173 0 0.9594937 0.2817372 0 0.9594916 0.540638 0 0.8412555 0.5406395 0 0.8412544 0.7557528 0 0.6548572 0.7557494 0 0.6548611 0.9096322 0 0.4154149 0.9096319 0 0.4154154 0.9898212 0 0.1423173 0.989821 0 0.1423182 0.989821 0 -0.1423184 0.989821 0 -0.1423181 0.9096317 0 -0.415416 0.9096302 0 -0.4154192 0.7557528 0 -0.6548572 0.7557544 0 -0.6548553 0.5406409 0 -0.8412535 0.5406495 0 -0.841248 0.2817297 0 -0.9594939 0.28173 0 -0.9594938 2.30973e-6 0 -1 -5.38616e-6 0 -1 0.2784454 0.8571649 0.4332857 0.1730965 0.8571674 0.4850791 0.1450898 0.8571698 0.4941751 0.4684946 0.8571697 0.2139464 0.4078484 0.8571678 0.3145205 0.3892349 0.8571699 0.3372777 0.5097951 0.8571674 -0.07330185 0.5131435 0.8571695 0.04409325 0.509795 0.8571674 0.07330185 0.3892349 0.8571699 -0.3372777 0.4555267 0.8571676 -0.2403315 0.4684947 0.8571696 -0.2139464 0.1450898 0.8571698 -0.4941751 0.2532688 0.8571656 -0.4484664 0.2784454 0.857165 -0.4332858 -4.45545e-6 0.8571686 -0.5150361 0.1166744 0.8571665 -0.50165 0.145107 0.8571686 -0.4941719 0.2784507 0.8571675 -0.4332773 0.369333 0.8571677 -0.3589661 0.3892457 0.8571672 -0.3372716 0.4684929 0.857167 -0.2139611 0.5047796 0.8571695 -0.1022648 0.5097956 0.8571676 -0.07329577 0.5097965 0.8571671 0.07329607 0.4799352 0.8571689 0.1868793 0.4684937 0.8571664 0.2139613 0.3892545 0.8571659 0.3372649 0.3027274 0.8571665 0.4166796 0.2784575 0.8571674 0.4332732 0.0293833 0.8571664 0.5142009 -4.3757e-6 0.8571684 0.5150365 0.1451071 0.8571684 0.4941723 5.75036e-7 0 1 1.00631e-6 0 1 0.2817288 0 0.9594941 0.2817297 0 0.9594938 0.5406391 0 0.8412548 0.5406396 0 0.8412543 0.7557517 0 0.6548582 0.7557522 0 0.6548578 0.9096332 0 0.4154124 0.9898219 0 0.1423126 0.9898219 0 0.1423124 0.9898219 0 -0.1423127 0.9898218 0 -0.1423124 0.9096332 0 -0.4154126 0.9096334 0 -0.4154119 0.7557517 0 -0.6548584 0.7557523 0 -0.6548576 0.5406391 0 -0.8412547 0.5406397 0 -0.8412542 0.2817292 0 -0.959494 0.2817294 0 -0.9594939 9.96728e-7 0 -1 5.65452e-7 0 -1 0.2784548 0.8571673 0.4332751 0.1730595 0.8571693 0.4850888 0.1450995 0.8571673 0.4941766 0.4684971 0.8571678 0.2139483 0.4078509 0.8571659 0.3145225 0.3892374 0.857168 0.3372794 0.5097929 0.8571687 -0.07330185 0.5131483 0.8571667 0.04409432 0.3892378 0.8571687 -0.3372773 0.4555094 0.8571648 -0.2403746 0.4684971 0.8571684 -0.2139459 0.1450955 0.8571658 -0.4941802 0.2532742 0.8571696 -0.4484556 0.278454 0.857166 -0.4332781 -8.9407e-7 0.8571658 -0.5150406 0.1166758 0.8571678 -0.5016474 0.1451103 0.8571659 -0.4941759 0.2784498 0.8571678 -0.4332772 0.3693323 0.8571679 -0.3589661 0.3892453 0.8571674 -0.337272 0.468495 0.857165 -0.213964 0.5047808 0.8571688 -0.1022648 0.5097996 0.8571652 -0.07329618 0.509792 0.8571698 0.07329541 0.4799366 0.8571676 0.1868815 0.468488 0.8571698 0.2139605 0.389251 0.8571646 0.3372721 0.3027198 0.8571685 0.4166806 0.2784541 0.8571649 0.4332801 0.02937942 0.857168 0.5141984 -8.17236e-6 0.8571659 0.5150403 0.1451032 0.8571662 0.4941774 -5.31908e-6 0 1 2.24264e-6 0 1 0.2817295 0 0.9594939 0.2817302 0 0.9594938 0.5406488 0 0.8412484 0.7557539 0 0.6548559 0.7557533 0 0.6548566 0.90963 0 0.4154198 0.989821 0 0.1423184 0.9898212 0 -0.1423171 0.9096323 0 -0.4154143 0.7557488 0 -0.6548616 0.7557532 0 -0.6548566 0.5406389 0 -0.8412548 0.5406385 0 -0.841255 0.2817367 0 -0.9594919 0.2817305 0 -0.9594936 -1.52385e-6 0 -1 -1.53343e-6 0 -1 0.2784454 0.8571649 0.4332857 0.1730933 0.8571687 0.485078 0.145087 0.8571695 0.4941765 0.4684959 0.8571674 0.2139526 0.4078457 0.8571665 0.3145272 0.3892335 0.8571674 0.3372857 0.5097991 0.857165 -0.07330173 0.5131475 0.8571671 0.04409331 0.5097991 0.857165 0.07330173 0.3892419 0.857165 -0.3372817 0.4555066 0.8571667 -0.240373 0.4685029 0.8571646 -0.213948 0.1450968 0.8571646 -0.494182 0.2532693 0.8571699 -0.448458 0.2784497 0.8571649 -0.433283 1.00583e-6 0.8571664 -0.5150396 0.1166317 0.8571666 -0.5016596 0.1451122 0.8571663 -0.4941745 0.2784482 0.857166 -0.4332818 0.3693625 0.8571695 -0.3589316 0.3892461 0.8571659 -0.3372746 0.4684964 0.8571646 -0.2139627 0.5047833 0.8571672 -0.1022664 0.5097994 0.8571651 -0.07329773 0.5097947 0.8571681 0.07329618 0.4799333 0.8571699 0.1868794 0.4684917 0.8571674 0.2139615 0.3892565 0.8571653 0.3372641 0.3027292 0.857169 0.4166729 0.2784623 0.857167 0.4332707 0.02938079 0.8571668 0.5142002 -6.77956e-6 0.8571687 0.515036 0.1451047 0.8571694 0.4941714 0.2817323 0 0.9594931 0.2817324 0 0.9594931 0.5406423 0 0.8412527 0.755754 0 0.6548558 0.755748 0 0.6548627 0.9096318 0 0.4154154 0.9096321 0 0.4154148 0.9898214 0 0.1423155 0.989822 0 0.1423109 0.9898214 0 -0.1423156 0.9898217 0 -0.1423131 0.9096336 0 -0.4154114 0.9096313 0 -0.4154165 0.7557528 0 -0.6548572 0.7557479 0 -0.6548627 0.5406371 0 -0.8412559 0.5406438 0 -0.8412516 0.2817323 0 -0.9594931 0.2817394 0 -0.959491 0.2784526 0.8571689 0.4332733 0.1730605 0.8571696 0.4850881 0.1451002 0.8571688 0.4941737 0.4685039 0.8571665 0.2139388 0.4078549 0.8571673 0.3145136 0.3892427 0.8571683 0.3372725 0.5097904 0.8571702 -0.07330197 0.5131458 0.8571681 0.0440942 0.3892342 0.8571692 -0.3372797 0.4555263 0.8571672 -0.2403339 0.4684945 0.8571691 -0.213949 0.1451006 0.8571682 -0.4941747 0.2532766 0.8571689 -0.4484556 0.2784531 0.8571683 -0.4332742 5.28991e-7 0.8571699 -0.5150337 0.1166293 0.8571686 -0.5016571 0.1451091 0.8571692 -0.4941704 0.2784418 0.8571658 -0.4332864 0.369356 0.8571688 -0.3589401 0.3892379 0.8571667 -0.337282 0.4684904 0.8571697 -0.2139553 0.5047857 0.8571663 -0.1022627 0.5097925 0.8571697 -0.07329291 0.5097997 0.8571651 0.07329618 0.4799355 0.8571684 0.1868811 0.4684957 0.8571646 0.2139642 0.3892452 0.8571691 0.3372676 0.3027207 0.8571678 0.4166817 0.2784496 0.8571701 0.433273 0.02942121 0.8571658 0.5141999 -1.40715e-5 0.857165 0.515042 0.1450973 0.8571661 0.4941792 -1.53582e-5 0 1 1.53534e-5 0 1 0.2817308 0 0.9594935 0.2817323 0 0.9594932 0.5406432 0 0.841252 0.5406416 0 0.8412531 0.7557466 0 0.6548643 0.7557492 0 0.6548613 0.9096332 0 0.4154126 0.9096298 0 0.4154198 0.9898217 0 0.1423138 0.9898213 0 -0.1423157 0.9096331 0 -0.4154126 0.9096308 0 -0.4154177 0.7557463 0 -0.6548646 0.7557517 0 -0.6548582 0.5406375 0 -0.8412557 0.540642 0 -0.8412529 0.281731 0 -0.9594935 0.2817319 0 -0.9594932 -7.73902e-6 0 -1 7.74381e-6 0 -1 0.2784474 0.8571659 0.4332827 0.1730974 0.8571655 0.485082 0.1450917 0.857165 0.494183 0.4684945 0.8571647 0.2139664 0.4078696 0.8571652 0.3145 0.3892245 0.8571687 0.3372926 0.5097979 0.8571658 -0.07330173 0.5131463 0.857168 0.04409331 0.5097979 0.8571658 0.07330173 0.3892362 0.8571696 -0.3372764 0.4555079 0.8571656 -0.2403737 0.4684959 0.8571693 -0.2139451 0.145097 0.8571645 -0.4941821 0.2532692 0.8571699 -0.448458 0.2784497 0.857165 -0.4332829 -1.49012e-7 0.8571649 -0.5150424 0.1166326 0.8571665 -0.5016599 0.1451141 0.8571646 -0.4941771 0.2784481 0.8571661 -0.4332817 0.3693625 0.8571695 -0.3589316 0.3892462 0.8571658 -0.3372748 0.468505 0.8571661 -0.2139381 0.504782 0.8571658 -0.102285 0.5097908 0.8571687 -0.07331568 0.5097888 0.8571699 0.07331502 0.4799488 0.8571662 0.1868565 0.468503 0.8571673 0.2139375 0.3892458 0.8571686 0.3372684 0.3027248 0.8571657 0.416683 0.2784531 0.8571693 0.4332722 0.0293805 0.8571684 0.5141975 -7.26583e-6 0.8571647 0.5150426 0.145107 0.8571653 0.4941778 -8.14635e-7 0 1 -7.57131e-7 0 1 0.2817325 0 0.9594931 0.281733 0 0.9594929 0.5406417 0 0.8412529 0.5406373 0 0.8412558 0.7557529 0 0.654857 0.7557466 0 0.6548642 0.7557517 0 -0.6548585 0.7557467 0 -0.6548641 0.5406367 0 -0.8412563 0.2817325 0 -0.959493 0.28174 0 -0.9594908 -8.81722e-7 0 -1 -6.8046e-7 0 -1 0.2784548 0.8571673 0.4332749 0.1730595 0.8571694 0.4850887 0.1450995 0.8571672 0.4941766 0.4685038 0.8571671 0.2139363 0.4078556 0.8571676 0.3145117 0.389244 0.8571684 0.337271 0.509792 0.8571692 -0.07330191 0.5131475 0.8571672 0.04409432 0.509792 0.8571692 0.07330191 0.3892533 0.8571676 -0.337262 0.455516 0.8571685 -0.2403485 0.4684937 0.8571649 -0.2139677 0.145092 0.8571668 -0.4941794 0.2532682 0.8571684 -0.4484614 0.278445 0.8571679 -0.4332802 4.61936e-7 0.8571684 -0.5150363 0.1166312 0.8571687 -0.5016564 0.1451118 0.8571682 -0.4941713 0.2784384 0.8571648 -0.4332903 0.3693529 0.8571667 -0.3589482 0.3892332 0.857166 -0.3372895 0.4684921 0.8571672 -0.2139616 0.5047794 0.8571695 -0.1022654 0.5097959 0.8571674 -0.0732966 0.5097952 0.8571678 0.07329642 0.4799334 0.8571699 0.1868795 0.4684912 0.8571678 0.2139614 0.3892369 0.8571652 0.3372871 0.3027439 0.8571687 0.4166626 0.2784354 0.8571696 0.4332829 0.02938121 0.8571695 0.5141959 -6.51134e-6 0.8571674 0.515038 0.145105 0.8571675 0.4941747 -4.25526e-6 0 1 3.4598e-6 0 1 0.2817314 0 0.9594934 0.2817319 0 0.9594932 0.5406441 0 0.8412515 0.5406364 0 0.8412564 0.7557524 0 0.6548575 0.7557514 0 0.6548588 0.9096318 0 0.4154155 0.9096338 0 0.4154114 0.9096335 0 -0.4154118 0.9096342 0 -0.4154103 0.7557473 0 -0.6548634 0.7557514 0 -0.6548587 0.5406342 0 -0.8412579 0.5406334 0 -0.8412584 0.2817386 0 -0.9594913 -4.50445e-7 0 -1 -3.1627e-7 0 -1 0.2784461 0.8571678 0.4332796 0.1730993 0.8571663 0.4850802 0.1450931 0.8571672 0.4941787 0.5097917 0.8571693 -0.07330191 0.5131472 0.8571673 0.04409426 0.5097918 0.8571694 0.07330191 0.1450963 0.8571646 -0.4941821 0.2532739 0.8571671 -0.4484608 0.2784519 0.8571649 -0.4332816 -4.47035e-6 0.8571686 -0.515036 0.1166743 0.8571665 -0.50165 0.145107 0.8571687 -0.494172 0.2784484 0.8571694 -0.4332748 0.3693361 0.8571655 -0.3589682 0.3892436 0.8571693 -0.337269 0.4684932 0.8571668 -0.2139612 0.5047804 0.857169 -0.1022649 0.5097969 0.8571667 -0.07329624 0.509797 0.8571668 0.07329624 0.4684932 0.8571668 0.2139612 0.3892502 0.8571698 0.3372598 0.3027269 0.8571662 0.4166804 0.2784581 0.8571656 0.4332761 0.02938342 0.8571659 0.5142016 -4.28874e-6 0.857168 0.515037 0.1451072 0.857168 0.494173 5.22324e-7 0 1 9.7756e-7 0 1 0.2817302 0 0.9594937 0.281731 0 0.9594935 0.540641 0 0.8412535 0.5406414 0 0.8412532 0.9096311 0 0.4154171 0.9096314 0 0.4154167 0.9898211 0 0.1423177 0.9898211 0 0.1423175 0.989821 0 -0.1423177 0.9898211 0 -0.1423174 0.9096311 0 -0.4154172 0.9096314 0 -0.4154165 0.540641 0 -0.8412535 0.5406414 0 -0.8412532 0.2817307 0 -0.9594935 0.2817306 0 -0.9594936 9.10473e-7 0 -1 5.79828e-7 0 -1 0.2784507 0.8571651 0.4332821 0.173055 0.8571666 0.4850954 0.1450926 0.8571701 0.4941739 0.4685066 0.8571657 0.2139358 0.4078586 0.8571663 0.3145113 0.3892472 0.857167 0.3372706 0.5131475 0.8571671 0.04409432 0.3892557 0.857165 -0.3372658 0.4555186 0.8571661 -0.2403523 0.468488 0.857168 -0.213968 0.1450964 0.8571696 -0.4941733 0.2532763 0.8571665 -0.4484605 0.2784541 0.8571646 -0.4332809 -6.88434e-6 0.8571687 -0.5150358 0.1166719 0.8571668 -0.5016502 0.1451047 0.8571688 -0.4941723 0.2784376 0.8571677 -0.4332853 0.3693517 0.8571695 -0.3589428 0.3892319 0.8571689 -0.3372836 0.4684928 0.8571668 -0.2139618 0.5047802 0.8571691 -0.1022655 0.5097967 0.8571668 -0.0732969 0.5097951 0.8571678 0.07329636 0.4799335 0.8571698 0.1868795 0.4684913 0.8571677 0.2139614 0.3892312 0.857168 0.3372869 0.3027448 0.8571658 0.4166681 0.2784362 0.8571668 0.4332879 0.0293883 0.8571659 0.5142013 6.01518e-7 0.857168 0.5150372 0.1451119 0.8571677 0.4941721 -3.92941e-7 0 1 -3.83358e-7 0 1 0.2817319 0 0.9594933 0.2817389 0 0.9594912 0.5406332 0 0.8412585 0.5406343 0 0.8412578 0.7557513 0 0.6548589 0.7557475 0 0.6548631 0.9096341 0 0.4154108 0.9096338 0 0.4154114 0.9096335 0 -0.4154118 0.909632 0 -0.4154152 0.7557513 0 -0.6548589 0.7557525 0 -0.6548573 0.5406361 0 -0.8412566 0.5406443 0 -0.8412514 0.2817316 0 -0.9594933 0.2817317 0 -0.9594932 3.3975e-6 0 -1 -4.1738e-6 0 -1 0.2784504 0.8571677 0.4332771 0.1730579 0.8571682 0.4850913 0.1450975 0.8571676 0.4941765 0.4684945 0.8571667 0.2139588 0.4078739 0.8571661 0.3144921 0.3892343 0.8571653 0.3372895 0.5097979 0.8571657 -0.07330173 0.5131465 0.8571677 0.04409337 0.3892335 0.8571673 -0.3372856 0.4555253 0.8571668 -0.2403368 0.4684959 0.8571674 -0.2139527 0.1450885 0.8571674 -0.4941796 0.2532647 0.8571693 -0.4484619 0.2784416 0.8571687 -0.4332808 -7.28667e-6 0.8571648 -0.5150424 0.1166714 0.8571688 -0.5016469 0.1451069 0.8571654 -0.4941774 0.27846 0.8571692 -0.4332681 0.3693422 0.857168 -0.3589561 0.3892545 0.8571673 -0.3372617 0.4685031 0.8571673 -0.2139375 0.5047802 0.8571668 -0.1022845 0.5097888 0.8571699 -0.07331502 0.5097904 0.857169 0.0733155 0.4799443 0.8571693 0.1868541 0.4685046 0.8571664 0.213938 0.3892385 0.8571662 0.3372828 0.3027496 0.8571658 0.4166645 0.2784423 0.8571652 0.433287 0.02938795 0.8571683 0.5141975 0 0.8571647 0.5150426 0.1451115 0.8571701 0.4941682 0.2817394 0 0.959491 0.2817332 0 0.9594929 0.5406426 0 0.8412524 0.5406373 0 0.8412559 0.7557461 0 0.6548647 0.755752 0 0.6548579 0.7557461 0 -0.6548647 0.7557533 0 -0.6548565 0.5406368 0 -0.8412563 0.5406423 0 -0.8412526 0.2817324 0 -0.9594931 0.281733 0 -0.9594929 0.2817329 0 -0.9594929 0.5406429 0 -0.8412522 0.5406429 0 -0.8412522 0.7557504 0 -0.6548597 0.7557504 0 -0.6548599 0.9096311 0 -0.4154171 0.9096311 0 -0.4154171 0.9898212 0 -0.1423171 0.9898212 0 -0.1423171 0.9898212 0 0.1423171 0.9898212 0 0.1423171 0.9096311 0 0.4154171 0.7557504 0 0.6548599 0.7557504 0 0.6548597 0.5406429 0 0.8412522 0.5406429 0 0.8412522 0.281733 0 0.9594929 0.2817329 0 0.9594929 0 1 -1.77238e-7 0 1 -2.53925e-6 0 1 1.51998e-6 0 1 0 0 1 2.34676e-6 0 1 -1.17523e-6 0 1 0 0 1 0 0 1 2.07836e-6 0 1 -2.34676e-6 0 1 1.92127e-6 0 1 5.01494e-7 0 1 -5.01494e-7 0 1 -1.92127e-6 0 1 5.28777e-7 -0.8191388 0 -0.5735953 -0.8191388 6.26454e-6 -0.5735953 -0.9335879 0 -0.3583486 -0.9335766 5.73462e-6 -0.3583782 -0.8191636 -2.61143e-6 -0.5735601 -0.9342402 -1.31549e-7 -0.3566445 -0.9590579 8.00937e-7 -0.28321 -0.9793577 -1.01235e-6 -0.2021352 -0.9925461 2.81645e-5 -0.1218702 -0.9944756 1.7343e-7 -0.104968 -0.9986326 4.29724e-6 -0.05227845 -1 -7.11657e-5 0 -0.9925461 2.81642e-5 0.1218702 -0.9986326 4.29584e-6 0.05227845 -0.9944756 1.73575e-7 0.104968 -0.9793577 -1.01235e-6 0.2021352 -0.9335838 -1.49549e-5 0.3583592 -0.9590579 8.00937e-7 0.28321 -0.9342402 -1.32015e-7 0.3566445 -0.8191492 -2.52567e-6 0.5735806 -0.8191388 0 0.5735953 -0.8191519 0 0.5735769 -0.8191522 4.1791e-7 0.5735764 -0.8191525 0 0.573576 -0.819152 6.97982e-7 0.5735766 -0.819152 6.97982e-7 -0.5735766 -0.8191525 0 -0.573576 -0.8191522 4.1791e-7 -0.5735764 -0.8191517 0 -0.5735769 0.281739 0 -0.9594911 0.2817275 0 -0.9594945 0.5406402 0 -0.8412541 0.755748 0 -0.6548626 0.7557511 0 -0.6548591 0.9096325 0 -0.4154138 0.9096318 0 -0.4154155 0.9898215 0 -0.1423146 0.9898213 0 -0.1423163 0.9898213 0 0.1423163 0.9898215 0 0.1423146 0.9096318 0 0.4154155 0.9096325 0 0.4154138 0.7557511 0 0.6548591 0.7557479 0 0.6548627 0.5406403 0 0.8412539 0.5406363 0 0.8412565 0.2817335 0 0.9594927 0.2817335 0 0.9594928 0.2817335 0 -0.9594928 0.2817335 0 -0.9594927 0.5406363 0 -0.8412565 0.5406403 0 -0.8412539 0.7557479 0 -0.6548627 0.755748 0 0.6548626 0.5406402 0 0.8412541 0.5406411 0 0.8412534 0.2817275 0 0.9594945 0.281739 0 0.9594911 0.2817326 0 -0.9594931 0.2817328 0 -0.9594929 0.5406399 0 -0.8412542 0.7557488 0 -0.6548618 0.7557486 0 -0.6548619 0.9096335 0 -0.4154118 0.9096335 0 -0.4154118 0.989822 0 -0.1423113 0.989822 0 -0.1423113 0.989822 0 0.1423113 0.989822 0 0.1423113 0.9096335 0 0.4154118 0.9096335 0 0.4154118 0.7557486 0 0.6548619 0.7557488 0 0.6548618 0.5406399 0 0.8412542 0.2817328 0 0.9594929 0.2817326 0 0.9594931 0 1 -2.81105e-7 0 1 -1.93684e-6 0 1 2.79945e-6 0 1 -1.42244e-6 0 1 -5.6118e-7 0 1 -3.11804e-6 0 1 6.82429e-7 0 1 5.6118e-7 0 1 -3.57829e-6 0 1 1.6846e-6 0 1 -4.138e-6 0 1 -1.93684e-6 0 1 3.95351e-6 0 1 4.13306e-6 0 1 -9.43723e-6 0 1 1.65308e-6 -0.5735943 0 0.8191395 -0.5735943 6.26361e-6 0.8191396 -0.3583475 0 0.9335883 -0.3583804 5.62379e-6 0.9335757 -0.5735637 -2.563e-6 0.8191611 -0.3566357 1.63913e-7 0.9342436 -0.2831991 8.27946e-7 0.9590612 -0.202135 -8.36328e-7 0.9793577 -0.1218703 2.81986e-5 0.9925461 -0.1049687 3.36993e-7 0.9944756 -0.05227816 4.11103e-6 0.9986326 0 -7.12611e-5 1 0.12187 2.04534e-5 0.9925461 0.0522781 4.37174e-6 0.9986326 0.1049701 3.37721e-7 0.9944754 0.2021163 -3.33413e-7 0.9793616 0.2832052 -5.31785e-7 0.9590594 0.358336 -5.38204e-5 0.9335928 0.3566362 1.54832e-7 0.9342434 0.573584 -2.48646e-6 0.8191469 0.5735943 0 0.8191395 0.5735752 0 0.819153 0.5735765 0 0.8191521 0.5735769 2.40386e-7 0.8191518 0.573576 0 0.8191524 -0.5735761 -1.74496e-7 0.8191524 -0.5735768 2.40386e-7 0.8191518 -0.5735764 0 0.8191521 -0.5735753 0 0.8191529 0 1 1.77238e-7 0 1 2.53926e-6 0 1 -1.51997e-6 0 1 1.17523e-6 0 1 -2.07836e-6 0 1 -3.54477e-7 0 1 -1.92129e-6 0 1 1.92129e-6 0 1 -5.28773e-7 0.81914 0 0.5735938 0.81914 6.25895e-6 0.5735938 0.9335885 0 0.3583469 0.9335758 5.53625e-6 0.35838 0.8191626 -2.42889e-6 0.5735615 0.9342437 0 0.3566354 0.9590588 9.45292e-7 0.2832069 0.9793665 0 0.2020923 0.9925463 -1.85376e-5 0.1218687 0.9944754 1.88302e-7 0.1049699 0.9986323 3.29386e-6 0.05228376 1 -2.36407e-5 0 0.9925463 -1.85356e-5 -0.1218686 0.9986323 3.29397e-6 -0.05228376 0.9944754 1.87778e-7 -0.1049699 0.9793666 -1.29454e-7 -0.2020923 0.9335659 6.35486e-5 -0.3584061 0.959059 8.28877e-7 -0.2832069 0.9342437 0 -0.3566354 0.8191483 -2.33593e-6 -0.5735819 0.81914 0 -0.5735938 0.8191523 0 -0.5735761 0.8191522 2.08955e-7 -0.5735763 0.8191518 5.76926e-7 -0.5735769 0.8191521 0 -0.5735765 0.8191521 0 0.5735763 0.8191518 5.76926e-7 0.5735769 0.8191522 2.08955e-7 0.5735763 0.8191522 0 0.5735762 0 1 2.81105e-7 0 1 1.93684e-6 0 1 -1.6846e-6 0 1 1.67967e-6 0 1 2.069e-6 0 1 3.57829e-6 0 1 3.11804e-6 0 1 -6.82429e-7 0 1 4.2115e-7 0 1 -4.47911e-6 0 1 1.93684e-6 0 1 -3.9535e-6 0 1 -4.77408e-6 0 1 -4.20174e-6 0 1 5.48658e-6 0 1 8.11655e-6 0 1 -2.40448e-6 -0.5735863 0 -0.8191452 -0.3960649 -2.45816e-5 -0.9182225 -0.5735611 -6.1217e-7 -0.8191627 -0.356635 3.63914e-7 -0.9342438 -0.2832005 -7.20844e-7 -0.9590609 -0.2022179 6.72664e-5 -0.9793406 -0.2021337 -5.05708e-7 -0.979358 -0.1050027 1.03625e-5 -0.9944719 -0.05224823 5.05859e-6 -0.9986342 -0.5735753 0 -0.8191529 -0.5735764 0 -0.8191521 -0.5735768 2.40386e-7 -0.8191518 -0.573576 -1.74496e-7 -0.8191524 0.573576 0 -0.8191524 0.5735769 2.40386e-7 -0.8191518 0.5735765 0 -0.8191521 0.5735752 0 -0.819153 0.1549805 0.1361761 -0.9784871 0.3061388 0.136163 -0.9421988 0.4497621 0.1361642 -0.882708 0.5823108 0.1361634 -0.8014822 0.7005212 0.1361643 -0.7005208 0.801482 0.1361649 -0.5823107 0.882708 0.1361635 -0.4497624 0.9421986 0.1361647 -0.3061388 0.9784894 0.1361635 -0.1549776 0.9906864 0.136164 0 0.9784893 0.1361645 0.1549775 0.9421985 0.136165 0.3061391 0.882708 0.1361638 0.4497621 0.8014821 0.1361637 0.5823109 0.7005209 0.1361648 0.700521 0.582311 0.136164 0.801482 0.4497619 0.1361638 0.8827082 0.3061388 0.1361631 0.9421988 0.1549781 0.1361576 0.9784901 0.1465882 0.349108 0.9255461 0.1465885 0.3491218 -0.9255409 0.2895712 0.3491047 -0.8912208 0.4254288 0.3491029 -0.8349477 0.5508067 0.3491033 -0.7581154 0.6626196 0.34911 -0.6626142 0.7581133 0.3491224 -0.5507975 0.834946 0.3491028 -0.4254321 0.8912211 0.3490976 -0.2895792 0.925553 0.3490884 -0.1465913 0.9370779 0.3491206 5.42823e-6 0.9255385 0.3491279 0.1465886 0.8912102 0.349129 0.2895745 0.834947 0.3491 0.4254326 0.7581122 0.3491257 0.5507969 0.6626191 0.3491117 0.6626138 0.5507977 0.3491045 0.7581214 0.4254189 0.3491021 0.8349529 0.2895727 0.3490975 0.8912231 -0.2817385 0 0.9594912 -0.2817312 0 0.9594934 -0.5406347 0 0.8412576 -0.7557481 0 0.6548624 -0.7557531 0 0.6548567 -0.9096313 0 0.4154168 -0.9096336 0 0.4154117 -0.9898214 0 0.1423157 -0.9898211 0 0.1423181 -0.9898217 0 -0.1423135 -0.989821 0 -0.1423179 -0.909632 0 -0.4154151 -0.9096317 0 -0.4154157 -0.7557482 0 -0.6548624 -0.7557544 0 -0.6548553 -0.5406355 0 -0.841257 -0.5406398 0 -0.8412543 -0.2817315 0 -0.9594933 -0.2817311 0 -0.9594935 -0.2817378 0 0.9594914 -0.5406385 0 0.841255 -0.5406389 0 0.8412548 -0.7557502 0 0.65486 -0.755746 0 0.6548649 -0.9096316 0 0.4154162 -0.9096309 0 0.4154176 -0.9898215 0 0.1423146 -0.9898214 0 0.1423159 -0.9898214 0 -0.1423158 -0.9898214 0 -0.1423158 -0.909631 0 -0.4154173 -0.9096291 0 -0.4154213 -0.7557502 0 -0.6548601 -0.755751 0 -0.6548592 -0.5406415 0 -0.8412531 -0.5406488 0 -0.8412484 -0.2817313 0 -0.9594935 -0.2817306 0 -0.9594936 -0.2817342 0 0.9594925 -0.2817342 0 0.9594926 -0.5406392 0 0.8412545 -0.5406388 0 0.8412548 -0.7557476 0 0.6548631 -0.7557473 0 0.6548635 -0.9096334 0 0.4154119 -0.9096332 0 0.4154126 -0.9898218 0 0.1423124 -0.9898219 0 0.1423127 -0.9898219 0 -0.1423124 -0.9898219 0 -0.1423126 -0.9096334 0 -0.415412 -0.9096332 0 -0.4154124 -0.7557474 0 -0.6548632 -0.7557474 0 -0.6548634 -0.5406392 0 -0.8412546 -0.5406389 0 -0.8412548 -0.2817346 0 -0.9594924 -0.2817338 0 -0.9594926 -0.2817311 0 0.9594935 -0.2817308 0 0.9594935 -0.5406495 0 0.841248 -0.5406409 0 0.8412535 -0.7557513 0 0.6548588 -0.7557499 0 0.6548605 -0.9096294 0 0.4154211 -0.9096309 0 0.4154176 -0.9898213 0 0.1423157 -0.9898216 0 -0.1423147 -0.9096314 0 -0.4154165 -0.7557463 0 -0.6548646 -0.7557499 0 -0.6548605 -0.5406395 0 -0.8412544 -0.540638 0 -0.8412555 -0.2817382 0 -0.9594913 -0.281731 0 0.9594935 -0.5406404 0 0.8412539 -0.5406348 0 0.8412574 -0.7557548 0 0.6548547 -0.7557477 0 0.6548629 -0.909632 0 0.4154152 -0.9096319 0 0.4154155 -0.989821 0 0.1423178 -0.9898217 0 0.1423136 -0.9898211 0 -0.142318 -0.9898214 0 -0.1423158 -0.9096338 0 -0.4154112 -0.909631 0 -0.4154173 -0.7557536 0 -0.6548562 -0.7557477 0 -0.6548631 -0.5406354 0 -0.8412571 -0.5406407 0 -0.8412537 -0.2817317 0 -0.9594933 -0.281738 0 -0.9594914 -0.2817311 0 0.9594934 -0.2817319 0 0.9594932 -0.5406436 0 0.8412517 -0.5406411 0 0.8412534 -0.7557469 0 0.6548639 -0.7557487 0 0.6548618 -0.9096334 0 0.4154122 -0.9096298 0 0.4154201 -0.9898217 0 0.1423134 -0.9898213 0 -0.1423157 -0.9096334 0 -0.4154121 -0.9096306 0 -0.4154181 -0.7557467 0 -0.6548641 -0.7557513 0 -0.6548588 -0.540638 0 -0.8412554 -0.2817313 0 -0.9594934 -0.2817316 0 -0.9594933 -0.2817314 0 0.9594933 -0.5406429 0 0.8412523 -0.5406372 0 0.841256 -0.7557561 0 0.6548533 -0.7557488 0 0.6548617 -0.9096298 0 0.4154198 -0.9096297 0 0.4154202 -0.9898203 0 0.1423228 -0.9898209 0 0.1423187 -0.9898203 0 -0.142323 -0.9898207 0 -0.1423209 -0.9096317 0 -0.4154159 -0.9096289 0 -0.4154219 -0.7557549 0 -0.6548547 -0.7557488 0 -0.6548618 -0.5406379 0 -0.8412555 -0.5406432 0 -0.8412521 -0.2817382 0 -0.9594914 -0.2817302 0 0.9594938 -0.2817301 0 0.9594938 -0.5406485 0 0.8412488 -0.54064 0 0.8412541 -0.9096304 0 0.4154186 -0.9096319 0 0.4154153 -0.9898217 0 0.1423131 -0.9898217 0 0.1423134 -0.9898217 0 -0.1423131 -0.9898219 0 -0.1423122 -0.9096322 0 -0.4154149 -0.9096325 0 -0.4154142 -0.5406385 0 -0.8412551 -0.540637 0 -0.841256 -0.2817375 0 -0.9594916 -0.2817304 0 -0.9594936 -0.2817328 0 0.959493 -0.2817328 0 0.959493 -0.5406374 0 0.8412559 -0.5406371 0 0.841256 -0.7557536 0 0.6548563 -0.755753 0 0.6548568 -0.9096329 0 0.4154132 -0.9898203 0 0.1423225 -0.9898203 0 0.1423227 -0.9898203 0 -0.1423227 -0.9898203 0 -0.1423225 -0.9096329 0 -0.4154132 -0.9096328 0 -0.4154135 -0.7557533 0 -0.6548565 -0.7557533 0 -0.6548565 -0.5406373 0 -0.8412559 -0.5406371 0 -0.8412559 -0.2817332 0 -0.9594928 -0.2817324 0 -0.9594931 -0.2817308 0 0.9594935 -0.2817372 0 0.9594917 -0.5406375 0 0.8412557 -0.540638 0 0.8412554 -0.9096326 0 0.4154138 -0.9096319 0 0.4154152 -0.9898219 0 0.142312 -0.9898217 0 -0.1423133 -0.9096302 0 -0.4154191 -0.5406405 0 -0.8412539 -0.5406481 0 -0.8412489 -0.2817304 0 -0.9594936 -0.2817299 0 -0.9594938 -0.2817384 0 0.9594913 -0.2817313 0 0.9594933 -0.5406438 0 0.8412516 -0.5406371 0 0.8412559 -0.7557494 0 0.654861 -0.7557542 0 0.6548556 -0.9096292 0 0.4154214 -0.9096315 0 0.4154164 -0.9898207 0 0.1423208 -0.9898203 0 0.1423231 -0.9898209 0 -0.1423186 -0.9898204 0 -0.142323 -0.90963 0 -0.4154197 -0.9096296 0 -0.4154203 -0.7557494 0 -0.654861 -0.7557555 0 -0.6548541 -0.5406423 0 -0.8412527 -0.2817314 0 -0.9594933 -0.2817312 0 -0.9594935 -0.2817319 0 0.9594932 -0.281731 0 0.9594935 -0.540642 0 0.8412529 -0.5406375 0 0.8412557 -0.7557517 0 0.6548585 -0.7557463 0 0.6548646 -0.9096308 0 0.4154178 -0.9096333 0 0.4154124 -0.9898214 0 0.1423156 -0.9898216 0 -0.1423135 -0.9096298 0 -0.4154198 -0.9096332 0 -0.4154124 -0.7557491 0 -0.6548613 -0.7557466 0 -0.6548643 -0.5406416 0 -0.8412531 -0.5406432 0 -0.841252 -0.2817323 0 -0.9594932 -0.2817308 0 -0.9594935 0 0 1 0 0 1 -0.2079118 0 0.9781476 -0.2079119 0 0.9781476 -0.4067366 0 0.9135455 -0.4067364 0 0.9135456 -0.5877853 0 0.8090171 -0.5877851 0 0.8090171 -0.743145 0 0.6691305 -0.7431449 0 0.6691306 -0.8660255 0 0.5 -0.8660254 0 0.5000002 -0.9510565 0 0.3090173 -0.9510565 0 0.3090173 -0.994522 0 0.1045286 -0.994522 0 0.1045286 -0.994522 0 -0.1045286 -0.994522 0 -0.1045286 -0.9510565 0 -0.3090173 -0.9510565 0 -0.3090173 -0.8660254 0 -0.5000002 -0.8660255 0 -0.5 -0.7431448 0 -0.6691306 -0.7431451 0 -0.6691304 -0.5877851 0 -0.8090171 -0.5877853 0 -0.8090171 -0.4067364 0 -0.9135457 -0.4067366 0 -0.9135455 -0.2079119 0 -0.9781476 -0.2079119 0 -0.9781476 0 0 -1 0 0 -1 -0.1721778 0.3491265 0.921122 -0.05215424 0.3491163 0.935627 2.17085e-6 0.3490923 0.9370884 -0.04159176 0.3491076 0.9361593 -0.02979981 0.3491156 0.9366058 -0.3385138 0.3491254 0.8737963 -0.2375035 0.3491101 0.9064846 -0.1891213 0.3491086 0.9177997 -0.1373696 0.3491091 0.9269588 -0.493304 0.349128 0.7967187 -0.2826563 0.3491139 0.8934344 -0.1900697 0.3491188 0.9175999 -0.09552848 0.3490889 0.9322078 0 0.3491089 0.9370822 -0.6313109 0.3490991 0.6925146 -0.7478096 0.3491009 0.5647208 -0.8388378 0.3491213 0.4176909 -0.901318 0.3490864 0.2564464 -0.8934403 0.3491091 0.2826434 -0.9064811 0.3491097 0.2375174 -0.9177961 0.3491105 0.1891359 -0.933085 0.349108 0.0864647 -0.9269571 0.3491072 0.1373854 -0.9334698 0.349109 0.08220118 -0.9356315 0.349108 0.05213099 -0.936165 0.3490943 0.04157477 -0.9366054 0.3491169 0.02979701 -0.9369553 0.3491051 0.01551061 -0.9370517 0.349105 0.00773698 -0.9370779 0.3491203 2.10851e-6 -0.9330814 0.3491199 -0.08645552 -0.9370517 0.3491051 -0.00773698 -0.9369552 0.3491052 -0.01551061 -0.9366054 0.3491169 -0.02979701 -0.936165 0.3490942 -0.04157477 -0.9356313 0.3491079 -0.05213177 -0.9334701 0.3491088 -0.0821982 -0.933471 0.3491089 -0.08218938 -0.9269582 0.3491075 -0.1373779 -0.9013078 0.3491138 -0.2564448 -0.917797 0.3491088 -0.1891343 -0.9064809 0.3491096 -0.2375183 -0.8934403 0.3491091 -0.2826434 -0.8388374 0.3491213 -0.4176916 -0.7478094 0.3491007 -0.5647209 -0.6313124 0.3490993 -0.6925131 -0.4933069 0.3491281 -0.796717 -0.3385123 0.3491253 -0.8737969 -0.2826093 0.3491041 -0.8934531 -0.1900696 0.3491188 -0.9175999 -0.237504 0.3491078 -0.9064853 -0.1721814 0.349121 -0.9211233 -0.1891214 0.3491087 -0.9177997 -0.1373704 0.3491092 -0.9269586 -0.08220726 0.3491131 -0.9334678 1.12783e-6 0.349092 -0.9370885 -0.05212461 0.3491042 -0.9356331 -0.04158782 0.3491052 -0.9361602 -0.02979797 0.3491138 -0.9366065 -0.01551854 0.3491126 -0.9369522 -0.007747411 0.3491156 -0.9370477 0 0.34911 -0.9370819 -0.0955283 0.3490889 -0.9322078 0 0.3491089 -0.9370822 -0.9261132 0.3491106 -0.1429555 -0.937082 0.3491095 0 -0.9261132 0.3491104 0.1429554 -0.0821855 0.3491069 0.933472 -0.0821864 0.3491048 0.9334728 -0.01551896 0.3491131 0.9369521 -0.00774753 0.3491157 0.9370477 1.28167e-6 0.34911 0.9370819 0.007746875 0.3491153 -0.9370478 0.0155127 0.3491099 -0.9369534 0.02979689 0.3491128 -0.9366068 0.04159057 0.3491078 -0.9361593 0.05215376 0.3491166 -0.9356269 0.1721777 0.3491263 -0.921122 0.08218646 0.349105 -0.9334727 0.08218443 0.3491067 -0.9334722 0.1373702 0.3491093 -0.9269586 0.1891213 0.3491084 -0.9177998 0.2375035 0.34911 -0.9064846 0.3385133 0.3491247 -0.8737968 0.2826097 0.3491047 -0.8934527 0.1900697 0.349119 -0.9175999 0.09552848 0.349089 -0.9322077 0.4933039 0.3491282 -0.7967189 0.6313114 0.3490997 -0.6925138 0.7478104 0.3491005 -0.5647199 0.8388374 0.3491221 -0.4176908 0.9013018 0.3491321 -0.2564409 0.8934416 0.3491084 -0.2826405 0.9064803 0.3491096 -0.2375207 0.9177972 0.3491088 -0.1891334 0.933085 0.349108 -0.08646464 0.9269573 0.3491069 -0.1373854 0.9334703 0.3491082 -0.08220005 0.9356312 0.3491081 -0.05213242 0.9361511 0.3491269 -0.04161202 0.9366067 0.3491135 -0.02979511 0.9369503 0.3491182 -0.0155158 0.9370529 0.349102 -0.007736861 0.9370794 0.3491165 -2.11084e-6 0.9330813 0.3491203 0.08645528 0.9370484 0.3491138 0.007736861 0.9369503 0.3491183 0.0155158 0.9366067 0.3491136 0.02979516 0.9361512 0.3491268 0.04161202 0.9356313 0.349108 0.05213248 0.9334699 0.34911 0.08219593 0.9334713 0.3491079 0.08218944 0.9269583 0.3491072 0.1373775 0.9013076 0.3491144 0.2564448 0.9177975 0.349109 0.1891314 0.9064808 0.3491082 0.2375206 0.8934415 0.3491085 0.2826404 0.838837 0.349122 0.4176916 0.7478094 0.349101 0.5647209 0.6313125 0.3490993 0.692513 0.4933068 0.3491283 0.7967169 0.3385152 0.3491244 0.8737961 0.2826097 0.3491047 0.8934527 0.1900697 0.3491188 0.9176 0.2375035 0.3491103 0.9064846 0.1721815 0.3491212 0.9211233 0.1891213 0.3491087 0.9177997 0.1373704 0.3491095 0.9269585 0.08220589 0.3491153 0.933467 0.05212932 0.3491107 0.9356304 0.04159057 0.3491078 0.9361591 0.02979803 0.3491142 0.9366064 0.01551908 0.3491127 0.9369523 0.007746875 0.3491153 0.9370478 0.09552836 0.3490889 0.9322078 0.9261131 0.3491103 0.1429561 0.9370819 0.3491095 0 0.9261132 0.3491104 -0.1429562 0.2079119 0 0.9781476 0.2079119 0 0.9781476 0.4067366 0 0.9135456 0.4067364 0 0.9135457 0.5877853 0 0.809017 0.5877851 0 0.8090171 0.743145 0 0.6691305 0.7431449 0 0.6691306 0.8660256 0 0.4999998 0.8660255 0 0.5 0.9510566 0 0.3090169 0.994522 0 0.1045286 0.994522 0 0.1045286 0.994522 0 -0.1045286 0.994522 0 -0.1045286 0.9510566 0 -0.309017 0.9510566 0 -0.3090169 0.8660255 0 -0.5 0.8660256 0 -0.4999998 0.7431449 0 -0.6691306 0.7431449 0 -0.6691305 0.5877852 0 -0.8090171 0.5877853 0 -0.809017 0.4067364 0 -0.9135457 0.4067366 0 -0.9135456 0.2079119 0 -0.9781476 0.2079119 0 -0.9781476 0 1 -4.34662e-6 0 1 8.43751e-6 0 1 -6.47674e-6 0 1 1.28375e-6 0 1 1.63558e-5 0 1 -2.08771e-6 0 1 1.70603e-6 0 1 -4.85693e-6 0 1 -1.75092e-6 0 1 1.06904e-5 0 1 1.79905e-6 0 1 -3.12239e-5 0 1 3.9763e-5 0 1 -6.63724e-5 0 1 5.33684e-5 0 1 -1.3248e-6 0 1 5.46224e-7 0 1 -1.92484e-6 0 1 -2.38736e-7 0 1 -2.10202e-5 0 1 1.17564e-6 0 1 2.83967e-7 0 1 -3.42967e-6 0 1 6.85933e-6 0 1 -4.13959e-5 0 1 1.44749e-5 0 1 4.13959e-5 0 1 -3.53607e-6 0 1 -6.55171e-6 0 1 7.43996e-6 0 1 1.75092e-6 0 1 4.17541e-6 0 1 1.3248e-6 0 1 6.63724e-5 0 1 -3.9763e-5 0 1 3.12239e-5 0 1 -1.42286e-5 0 1 -2.28221e-6 0 1 -2.32615e-5 0 1 3.86366e-6 0 1 -8.43752e-6 0 1 6.47674e-6 0 1 1.6875e-5 0 1 -2.2657e-5 0 1 2.32615e-5 0 1 1.73893e-7 0 1 -2.62958e-5 0 1 2.68921e-5 0 1 -7.81979e-5 0 1 3.68459e-5 0 1 -3.68459e-5 0 1 -3.22984e-4 0 1 -3.23026e-4 0 1 -3.22954e-4 0 1 -1.30982e-5 0 1 2.62958e-5 0 1 -5.85192e-7 0 1 6.9539e-6 0 1 3.13156e-6 0 1 -1.70601e-6 0 1 -1.61899e-6 0 1 8.7546e-7 0 1 2.46707e-6 0 1 1.16001e-6 0 1 -2.31306e-6 0 1 -3.97634e-5 0 1 8.84438e-6 0 1 -1.63867e-6 0 1 1.92492e-6 0 1 -1.14551e-6 0 1 2.38737e-7 0 1 -3.07214e-5 0 1 -2.83966e-7 0 1 3.42966e-6 0 1 -1.44749e-5 0 1 5.72756e-7 0 1 5.17414e-5 0 1 -4.82631e-5 0 1 2.18489e-6 0 1 6.55162e-6 0 1 -2.32002e-6 0 1 4.11211e-6 0 1 -7.44028e-6 0 1 -8.7546e-7 0 1 5.90449e-5 0 1 -4.17542e-6 0 1 -8.84438e-6 0 1 3.97634e-5 0 1 -1.46033e-5 0 1 -8.43751e-6 0 1 6.07552e-6 0 1 -1.5784e-6 0 1 -1.86666e-6 0 1 3.33423e-6 0 1 8.57803e-6 0 1 -1.13845e-5 0 1 2.73605e-5 0 1 1.73164e-6 0 1 -4.9137e-6 0 1 -1.87133e-5 0 1 4.82631e-5 0 1 5.5018e-6 0 1 -2.98055e-6 0 1 -5.90449e-5 0 1 4.91377e-6 0 1 -1.71014e-6 0 1 -1.93586e-6 0 1 2.0251e-6 0 1 1.86665e-6 0 1 -3.33424e-6 0 1 1.30927e-5 0 1 -1.9086e-6 0 1 1.13844e-5 0 1 -2.73609e-5 0 1 1.76803e-6 0 1 5.5018e-6 0 1 -8.94164e-6 0 1 3.68459e-5 0 1 3.22984e-4 0 1 3.22954e-4 0 1 3.23026e-4 0 1 6.54909e-6 0 1 -2.26902e-5 0 1 -1.84892e-5 0 1 2.62958e-5 0 1 -1.84883e-5 0 1 -4.91182e-6 0 1 7.81979e-5 0 1 -3.68459e-5 -2.87001e-7 0 1 -0.1837497 0 0.9829731 0 0 1 -0.1837492 0 0.9829732 -0.3612427 0 0.9324719 -0.361242 0 0.9324722 -0.5264327 0 0.8502168 -0.5264322 0 0.8502172 -0.6736954 0 0.7390092 -0.673695 0 0.7390095 -0.7980167 0 0.6026353 -0.7980167 0 0.6026354 -0.8951634 0 0.4457384 -0.8951633 0 0.4457386 -0.9618257 0 0.273663 -0.9618257 0 0.2736633 -0.9957342 0 0.09226858 -0.9957342 0 0.09226876 -0.9957343 0 -0.09226822 -0.9957343 0 -0.0922684 -0.9618257 0 -0.2736631 -0.9618257 0 -0.2736633 -0.8951631 0 -0.4457387 -0.8951631 0 -0.4457389 -0.7980172 0 -0.6026348 -0.798017 0 -0.602635 -0.6736958 0 -0.7390089 -0.6736953 0 -0.7390093 -0.5264325 0 -0.850217 -0.526432 0 -0.8502172 -0.3612422 0 -0.9324721 -0.361242 0 -0.9324722 -0.1837492 0 -0.9829732 -0.183749 0 -0.9829732 0 0 -1 -2.8581e-7 0 -1 0.1311191 0.2697823 -0.9539524 0 0.2354753 -0.9718803 5.16744e-6 0.1185935 -0.9929429 6.27991e-6 -2.02172e-5 -1 0.1837484 -2.0775e-5 -0.9829733 0.2597966 0.2697901 -0.9272105 0.3612404 -2.129e-6 -0.9324727 0.3836305 0.2697767 -0.8832035 0.5264311 -1.39028e-5 -0.8502179 0.5003128 0.2697988 -0.8227367 0.6076823 0.2698072 -0.7469447 0.7037269 0.2698105 -0.6572449 0.7866771 0.2697989 -0.5552908 0.8549557 0.2698159 -0.4430015 0.9073135 0.269818 -0.3224604 0.8951614 0 -0.4457423 0.9618269 -2.09566e-5 -0.2736589 0.6736955 2.09752e-5 -0.7390092 0.7980157 -2.81259e-6 -0.6026367 0.9427742 0.2698053 -0.1959131 0.9957347 4.65661e-7 -0.09226381 0.9606745 0.2697886 -0.06571513 0.9957337 2.1942e-5 0.09227424 0.9606757 0.2697861 0.06570911 0.9427734 0.2698041 0.1959188 0.9073132 0.269818 0.322461 0.8549602 0.2697781 0.4430155 0.7866657 0.269819 0.555297 0.7980202 2.85218e-6 0.6026309 0.7037333 0.269811 0.6572378 0.6736945 -2.10479e-6 0.7390101 0.6076802 0.2698075 0.7469463 0.5264361 6.99237e-6 0.8502147 0.5003182 0.2697992 0.8227335 0.3612356 -6.28084e-6 0.9324746 0.3836341 0.2697864 0.8831989 0.2597858 0.2697899 0.9272135 0.1311209 0.2698104 0.9539443 -3.678e-7 0.2354753 0.9718803 -5.30295e-6 0.1185927 0.9929431 0.1837486 1.44541e-5 0.9829733 1.32248e-6 8.73611e-6 1 0.9618265 3.58745e-6 0.2736603 0.8951647 -1.83694e-5 0.4457358 0.1837493 0 0.9829732 0.1837492 0 0.9829732 0.361242 0 0.9324722 0.3612422 0 0.9324721 0.526432 0 0.8502172 0.5264325 0 0.850217 0.6736953 0 0.7390093 0.6736958 0 0.7390089 0.798017 0 0.602635 0.7980172 0 0.6026348 0.8951628 0 0.4457393 0.8951631 0 0.4457391 0.9618257 0 0.2736629 0.9618258 0 0.2736625 0.9957343 0 0.09226787 0.9957343 0 0.09226775 0.9957343 0 -0.09226822 0.9957343 0 -0.0922681 0.9618257 0 -0.2736633 0.9618258 0 -0.2736628 0.8951632 0 -0.4457387 0.8951634 0 -0.4457384 0.7980167 0 -0.6026354 0.7980167 0 -0.6026353 0.673695 0 -0.7390095 0.6736954 0 -0.7390092 0.5264322 0 -0.8502172 0.5264327 0 -0.8502168 0.361242 0 -0.9324722 0.3612427 0 -0.9324719 0.1837495 0 -0.9829731 0.1837497 0 -0.9829731 0 1 3.3709e-5 0 1 -6.8313e-6 0 1 7.7647e-6 0 1 -1.97713e-5 0 1 1.97711e-5 0 1 3.88213e-5 0 1 -2.45983e-5 0 1 6.18422e-6 0 1 -3.07221e-6 0 1 -3.07712e-6 0 1 3.08213e-6 0 1 -3.07216e-6 0 1 1.54623e-6 0 1 -3.067e-6 0 1 1.93611e-7 0 1 7.75798e-7 0 1 -3.81392e-7 0 1 1.52013e-6 0 1 -3.12599e-6 0 1 -3.0291e-6 0 1 6.30106e-6 0 1 -6.01216e-6 0 1 4.3408e-6 0 1 7.87631e-7 0 1 4.71632e-6 0 1 -7.84506e-7 0 1 -3.02911e-6 0 1 1.56597e-6 0 1 -1.56299e-6 0 1 1.52013e-6 0 1 -1.56006e-6 0 1 -6.19765e-7 0 1 1.5516e-6 0 1 1.54889e-6 0 1 -3.06701e-6 0 1 -3.07218e-6 0 1 1.54362e-6 0 1 3.08212e-6 0 1 -1.53855e-6 0 1 -1.5361e-6 -0.1311228 0.2698097 -0.9539442 -0.2597967 0.2697901 -0.9272103 -0.3836279 0.2697845 -0.8832023 -0.5003156 0.2697996 -0.8227348 -0.6076824 0.2698065 -0.7469449 -0.5264263 6.61297e-6 -0.8502208 -0.673691 2.08393e-5 -0.7390131 -0.7037284 0.2698102 -0.6572434 -0.7980186 7.89762e-7 -0.6026329 -0.7866651 0.2698168 -0.555299 -0.8549618 0.2697772 -0.4430133 -0.9073141 0.2698187 -0.3224578 -0.9427748 0.2698032 -0.1959132 -0.9606758 0.2697849 -0.06571382 -0.9606746 0.2697899 0.0657106 -0.9427735 0.2698038 0.1959189 -0.9957337 8.58004e-6 0.09227466 -0.9618249 3.47197e-6 0.2736658 -0.9073153 0.2698185 0.3224545 -0.8951626 -1.52215e-5 0.4457399 -0.8549584 0.2698146 0.4429969 -0.7866733 0.2697961 0.5552976 -0.7037324 0.2698107 0.657239 -0.6076802 0.2698073 0.7469463 -0.5003134 0.2697985 0.8227365 -0.3836323 0.2697775 0.8832023 -0.5264286 1.07657e-5 0.8502194 -0.3612437 1.01104e-5 0.9324715 -0.2597871 0.2697901 0.9272131 -0.1837517 1.45845e-6 0.9829728 -0.1311174 0.2697829 0.9539526 -0.6736992 -2.39722e-6 0.7390058 -0.7980149 8.22172e-6 0.6026377 -0.9957344 1.32285e-5 -0.09226596 -0.9618275 -2.12602e-5 -0.2736569 -0.8951631 -1.51321e-5 -0.4457387 -0.3612483 -2.17184e-6 -0.9324697 -0.1837492 -1.9012e-5 -0.9829732 0.01520639 0.7071053 0.7069447 0.01587802 0.7071082 0.7069271 0.1439738 0.7071077 0.6922935 0.01576763 0.7071098 0.706928 0.1437336 0.7070907 0.6923608 0.01580423 0.7071055 0.7069315 0.1445392 0.7071059 0.6921775 0.2678492 0.7071079 0.6544122 0.2684008 0.7071061 0.6541882 0.3828042 0.7071073 0.5945253 0.3832509 0.7071063 0.5942386 0.4848207 0.7071095 0.5147283 0.4852343 0.7071065 0.5143424 0.5706663 0.7071076 0.4175391 0.5709032 0.7071087 0.4172133 0.637297 0.7071067 0.3063539 0.637441 0.7071091 0.3060486 0.6824815 0.7071096 0.1849728 0.6826242 0.7071024 0.1844738 0.7047861 0.707107 0.05723911 0.7048227 0.707103 0.0568363 0.7034025 0.7071129 -0.07222521 0.7033647 0.7071056 -0.07266151 0.6783784 0.7071074 -0.1995043 0.6783137 0.7071088 -0.1997191 0.6305236 0.7071006 -0.3200764 0.6304491 0.7071039 -0.3202156 0.5614762 0.7070957 -0.4298375 0.5614436 0.7071042 -0.4298661 0.473648 0.7071004 -0.5250398 0.4736589 0.70711 -0.5250169 0.3702549 0.7071295 -0.6023947 0.3700034 0.7071165 -0.6025643 0.2536708 0.7070995 -0.6600465 0.2538128 0.7071143 -0.6599761 0.1291636 0.7071218 -0.6951947 0.1293891 0.7071094 -0.6951653 1.09783e-6 0.7071163 -0.7070973 -1.8691e-6 0.7071083 -0.7071054 -0.1289056 0.7071053 -0.6952593 -0.1291596 0.7071203 -0.6951969 -0.2534987 0.7070921 -0.6601206 -0.2539791 0.7071214 -0.6599045 -0.3700109 0.7071154 -0.602561 -0.3702541 0.7071348 -0.6023889 -0.4733148 0.7070772 -0.5253713 -0.4737127 0.7071056 -0.5249742 -0.5614474 0.7071 -0.429868 -0.5615845 0.7071073 -0.429677 -0.6304959 0.7071031 -0.3201256 -0.6305426 0.7071035 -0.3200323 -0.6783276 0.7071076 -0.1996767 -0.6783421 0.7070991 -0.1996572 -0.7033671 0.7070982 -0.0727117 -0.7033994 0.7071105 -0.07227867 -0.7048261 0.7070997 0.05683672 -0.7047864 0.707107 0.05723619 -0.6826244 0.7071016 0.1844758 -0.6825112 0.7071058 0.1848781 -0.6375088 0.707104 0.3059191 -0.6372739 0.7071086 0.3063976 -0.5709878 0.7071106 0.4170943 -0.5706657 0.7071077 0.4175397 -0.4852292 0.7071141 0.5143367 -0.4848954 0.7071067 0.5146616 -0.3832482 0.70712 0.5942241 -0.3828088 0.7071073 0.5945224 -0.2684429 0.7071159 0.6541602 -0.2678488 0.7071077 0.6544125 -0.1445387 0.7071059 0.6921777 -0.1439178 0.7071055 0.6923075 -0.01578956 0.7071074 0.7069299 -0.015868 0.7071086 0.706927 -0.01587706 0.7071056 0.7069297 -0.01520282 0.7071083 0.7069419 -0.1439428 0.7071102 0.6922974 0 0 -1 -0.1825465 -7.09071e-5 -0.9831972 -0.3585773 4.31571e-4 -0.9334999 -0.5231019 -7.74108e-5 -0.8522703 -0.6697928 4.07963e-5 -0.7425481 -0.7940387 1.44046e-5 -0.6078673 -0.8916181 3.1438e-5 -0.4527882 -0.9592685 -4.26313e-6 -0.2824963 -0.9947093 3.41679e-6 -0.1027299 -0.9967566 5.37112e-5 0.08047628 -0.9653382 2.49245e-6 0.2610021 -0.9015154 4.33305e-5 0.4327471 -0.8074225 3.0536e-5 0.5899737 -0.6862211 1.29472e-5 0.7273932 -0.5419797 -9.73791e-6 0.8403916 -0.3795497 1.14057e-5 0.9251714 -0.2043677 -2.15347e-5 0.9788942 -0.02231389 8.71718e-7 0.9997511 -0.02231037 -1.89617e-6 0.9997512 -0.02235668 -2.16534e-7 0.9997501 -0.01490879 -6.65375e-5 0.9998889 -0.007565975 -1.78771e-4 0.9999714 0 0 1 0.007377207 9.93052e-5 0.9999729 0.01490873 -6.73343e-5 0.9998889 0.02235674 -5.79283e-7 0.9997501 0.02234238 3.65963e-6 0.9997504 0.2043751 2.71122e-5 0.9788926 0.3795484 1.10033e-5 0.9251719 0.541979 -9.78983e-6 0.8403921 0.6862269 6.20922e-5 0.7273877 0.8074221 3.06533e-5 0.5899744 0.9015151 4.41561e-5 0.4327477 0.9653381 2.74205e-6 0.2610027 0.9967557 5.50854e-6 0.08048748 0.9947093 2.82889e-6 -0.1027294 0.9592686 -3.81202e-6 -0.282496 0.8916182 3.16363e-5 -0.452788 0.7940552 -8.18997e-5 -0.6078458 0.6697934 4.03068e-5 -0.7425476 0.5230872 -3.08557e-5 -0.8522793 0.3587943 -8.24608e-6 -0.9334167 0.1822771 1.4433e-4 -0.9832472 -1 0 -7.62939e-6 -1 -7.33323e-6 -7.7188e-6 -0.9594903 0 0.281742 -0.9594934 4.60818e-6 0.2817314 -1 -9.46224e-7 -2.14726e-5 -0.9511473 -2.17167e-6 0.3087378 -0.841253 1.58203e-5 0.5406417 -0.8291657 -9.11874e-5 0.5590029 -0.654841 2.43042e-4 0.7557668 -0.6429293 9.49682e-5 0.7659256 -0.4153381 4.13135e-4 0.909667 -0.406789 -2.04653e-4 0.9135221 -0.1422335 2.11725e-4 0.9898332 -0.1391466 2.84254e-6 0.9902719 0.1391466 2.77031e-6 0.9902719 0.1422335 2.11691e-4 0.9898331 0.4067768 -2.04785e-4 0.9135276 0.415347 4.13486e-4 0.909663 0.642942 1.83266e-4 0.765915 0.6548442 2.42831e-4 0.7557639 0.8291326 -5.90499e-4 0.5590516 0.841267 6.5882e-4 0.5406194 0.9511446 8.80565e-6 0.3087459 0.8412558 9.79472e-6 0.5406374 0.9511538 1.05277e-5 0.3087178 0.9594671 -1.34306e-4 0.2818211 1 5.19026e-6 2.14279e-5 1 0 -7.62939e-6 -1 0 0 0 1 -4.63943e-6 0 1 -4.79601e-5 0 1 8.63067e-6 0 1 7.64901e-6 0 1 -6.79809e-6 0 1 5.11673e-6 0 1 -7.64879e-6 0 1 3.45213e-5 0 1 -4.79584e-5 0 1 -4.63924e-6</float_array>
          <technique_common>
            <accessor source="#stitch_result_stitchFBXASC032allMesh-mesh-normals-array" count="2937" stride="3">
              <param name="X" type="float"/>
              <param name="Y" type="float"/>
              <param name="Z" type="float"/>
            </accessor>
          </technique_common>
        </source>
        <source id="stitch_result_stitchFBXASC032allMesh-mesh-map-0">
          <float_array id="stitch_result_stitchFBXASC032allMesh-mesh-map-0-array" count="20136">-0.131246 -0.19278 0.01458299 -0.1784999 -0.131246 -0.17493 -0.131246 0.16422 0.01458299 0.1784999 -0.131246 0.18207 -0.131246 0.12852 0.01458299 0.1428 -0.131246 0.1463699 -0.131246 0.09281998 0.01458299 0.1071 -0.131246 0.11067 -0.131246 0.05711996 0.01458299 0.07139998 -0.131246 0.07497 -0.131246 0.18207 0.01458299 0.19635 -0.131246 0.1999199 -0.131246 0.03926998 0.01458299 0.05355 -0.131246 0.05711996 -0.131246 0.07497 0.01458299 0.08924996 -0.131246 0.09281998 -0.131246 0.11067 0.01458299 0.12495 -0.131246 0.12852 -0.131246 0.1463699 0.01458299 0.16065 -0.131246 0.16422 0.01458299 -0.16065 -0.131246 -0.1570799 -0.131246 -0.17493 -0.131246 -0.19278 0.01458299 -0.1784999 -0.131246 -0.17493 -0.131246 0.16422 0.01458299 0.1784999 -0.131246 0.18207 -0.131246 0.12852 0.01458299 0.1428 -0.131246 0.1463699 -0.131246 0.09281998 0.01458299 0.1071 -0.131246 0.11067 -0.131246 0.05711996 0.01458299 0.07139998 -0.131246 0.07497 -0.131246 0.18207 0.01458299 0.19635 -0.131246 0.1999199 -0.131246 0.03926998 0.01458299 0.05355 -0.131246 0.05711996 -0.131246 0.07497 0.01458299 0.08924996 -0.131246 0.09281998 -0.131246 0.11067 0.01458299 0.12495 -0.131246 0.12852 -0.131246 0.1463699 0.01458299 0.16065 -0.131246 0.16422 0.01458299 -0.16065 -0.131246 -0.1570799 -0.131246 -0.17493 0.5 0 0.5 0.07139998 -0.5 0 -0.5 0 0.5 0.07139998 -0.5 0.07139998 -0.5 0.07139998 0.5 0.07139998 0.5 0.1428 -0.5 0.07139998 0.5 0.1428 -0.5 0.1428 -0.5 0.1428 0.5 0.1428 0.5 0.214199 -0.5 0.1428 0.5 0.214199 -0.5 0.214199 -0.5 0.214199 0.5 0.214199 0.5 0.285599 -0.5 0.214199 0.5 0.285599 -0.5 0.285599 -0.5 0.285599 0.5 0.285599 0.5 0.356999 -0.5 0.285599 0.5 0.356999 -0.5 0.356999 -0.5 0.356999 0.5 0.356999 0.5 0.428399 -0.5 0.356999 0.5 0.428399 -0.5 0.428399 -0.5 0.428399 0.5 0.428399 0.5 0.499799 -0.5 0.428399 0.5 0.499799 -0.5 0.499799 -0.5 0.499799 0.5 0.499799 0.5 0.571199 -0.5 0.499799 0.5 0.571199 -0.5 0.571199 -0.5 0.571199 0.5 0.571199 0.5 0.642599 -0.5 0.571199 0.5 0.642599 -0.5 0.642599 -0.5 0.642599 0.5 0.642599 0.5 0.713998 -0.5 0.642599 0.5 0.713998 -0.5 0.713998 -0.5 0.713998 0.5 0.713998 0.5 0.785398 -0.5 0.713998 0.5 0.785398 -0.5 0.785398 0.25 -0.253 0.2398729 -0.182567 0.2398729 -0.323433 0.2398729 -0.323433 0.2398729 -0.182567 0.210313 -0.11784 0.2398729 -0.323433 0.210313 -0.11784 0.210313 -0.38816 0.210313 -0.38816 0.210313 -0.11784 0.163715 -0.06406295 0.210313 -0.38816 0.163715 -0.06406295 0.163715 -0.441937 0.163715 -0.441937 0.163715 -0.06406295 0.103854 -0.02559196 0.163715 -0.441937 0.103854 -0.02559196 0.103854 -0.480408 0.103854 -0.480408 0.103854 -0.02559196 0.03557896 -0.00554496 0.103854 -0.480408 0.03557896 -0.00554496 0.03557896 -0.500455 0.03557896 -0.500455 0.03557896 -0.00554496 -0.03557896 -0.00554496 0.03557896 -0.500455 -0.03557896 -0.00554496 -0.103854 -0.02559196 -0.103854 -0.02559196 -0.163715 -0.06406295 0.03557896 -0.500455 0.03557896 -0.500455 -0.163715 -0.06406295 -0.210313 -0.11784 0.03557896 -0.500455 -0.210313 -0.11784 -0.2398729 -0.182567 -0.2398729 -0.182567 -0.25 -0.253 0.03557896 -0.500455 0.03557896 -0.500455 -0.25 -0.253 -0.2398729 -0.323433 0.03557896 -0.500455 -0.2398729 -0.323433 -0.210313 -0.38816 -0.210313 -0.38816 -0.163715 -0.441937 0.03557896 -0.500455 0.03557896 -0.500455 -0.163715 -0.441937 -0.03557896 -0.500455 -0.03557896 -0.500455 -0.163715 -0.441937 -0.103854 -0.480408 0.5 0.19635 0.5 0.267749 -0.5 0.19635 -0.5 0.19635 0.5 0.267749 -0.5 0.267749 -0.5 0.267749 0.5 0.267749 0.5 0.339149 -0.5 0.267749 0.5 0.339149 -0.5 0.339149 -0.5 0.339149 0.5 0.339149 0.5 0.410549 -0.5 0.339149 0.5 0.410549 -0.5 0.410549 -0.5 0.410549 0.5 0.410549 0.5 0.481949 -0.5 0.410549 0.5 0.481949 -0.5 0.481949 -0.5 0.481949 0.5 0.481949 0.5 0.553349 -0.5 0.481949 0.5 0.553349 -0.5 0.553349 -0.5 0.553349 0.5 0.553349 0.5 0.624749 -0.5 0.553349 0.5 0.624749 -0.5 0.624749 -0.5 0.624749 0.5 0.624749 0.5 0.696148 -0.5 0.624749 0.5 0.696148 -0.5 0.696148 -0.5 0.696148 0.5 0.696148 0.5 0.767548 -0.5 0.696148 0.5 0.767548 -0.5 0.767548 -0.5 0.767548 0.5 0.767548 0.5 0.838948 -0.5 0.767548 0.5 0.838948 -0.5 0.838948 -0.5 -0.731848 0.5 -0.731848 0.5 -0.660448 -0.5 -0.731848 0.5 -0.660448 -0.5 -0.660448 -0.5 -0.660448 0.5 -0.660448 0.5 -0.589049 -0.5 -0.660448 0.5 -0.589049 -0.5 -0.589049 -0.3 -0.5 0 -0.5 -0.3 0.5 -0.3 0.5 0 -0.5 0 0.5 -0.5 -0.589049 0.5 -0.589049 -0.5 -0.523599 -0.5 -0.523599 0.5 -0.589049 0.5 -0.523599 -0.5 -0.523599 0.5 -0.523599 -0.5 -0.458149 -0.5 -0.458149 0.5 -0.523599 0.5 -0.458149 -0.5 -0.458149 0.5 -0.458149 -0.5 -0.392699 -0.5 -0.392699 0.5 -0.458149 0.5 -0.392699 -0.5 -0.392699 0.5 -0.392699 -0.5 -0.327249 -0.5 -0.327249 0.5 -0.392699 0.5 -0.327249 -0.5 -0.327249 0.5 -0.327249 -0.5 -0.261799 -0.5 -0.261799 0.5 -0.327249 0.5 -0.261799 -0.5 -0.261799 0.5 -0.261799 -0.5 -0.19635 -0.5 -0.19635 0.5 -0.261799 0.5 -0.19635 -0.5 -0.19635 0.5 -0.19635 -0.5 -0.1309 -0.5 -0.1309 0.5 -0.19635 0.5 -0.1309 -0.5 -0.1309 0.5 -0.1309 -0.5 -0.06544995 -0.5 -0.06544995 0.5 -0.1309 0.5 -0.06544995 -0.5 -0.06544995 0.5 -0.06544995 -0.5 0 -0.5 0 0.5 -0.06544995 0.5 0 0 -0.5 0.3 -0.5 0 0.5 0 0.5 0.3 -0.5 0.3 0.5 -0.01374596 -0.685825 0.282843 -0.289628 -0.07071095 -0.643182 -0.07071095 -0.643182 0.282843 -0.289628 0.07071095 -0.07749599 -0.07071095 -0.643182 0.07071095 -0.07749599 -0.282843 -0.431049 -0.282843 -0.431049 0.07071095 -0.07749599 0.01893395 -0.03776597 -0.282843 -0.431049 0.01893395 -0.03776597 -0.04136097 -0.01279097 -0.01374596 -0.685825 0.05292499 -0.710692 0.282843 -0.289628 0.282843 -0.289628 0.05292499 -0.710692 0.123901 -0.715768 0.282843 -0.289628 0.123901 -0.715768 0.193432 -0.700642 0.193432 -0.700642 0.255885 -0.66654 0.282843 -0.289628 0.282843 -0.289628 0.255885 -0.66654 0.306201 -0.616224 0.282843 -0.289628 0.306201 -0.616224 0.325486 -0.346593 0.325486 -0.346593 0.306201 -0.616224 0.340303 -0.553771 0.325486 -0.346593 0.340303 -0.553771 0.350353 -0.413263 0.350353 -0.413263 0.340303 -0.553771 0.355429 -0.48424 -0.04136097 -0.01279097 -0.106066 -0.004272997 -0.282843 -0.431049 -0.282843 -0.431049 -0.106066 -0.004272997 -0.170771 -0.01279097 -0.282843 -0.431049 -0.170771 -0.01279097 -0.231066 -0.03776597 -0.231066 -0.03776597 -0.282843 -0.07749599 -0.282843 -0.431049 -0.282843 -0.431049 -0.282843 -0.07749599 -0.322572 -0.379273 -0.322572 -0.379273 -0.282843 -0.07749599 -0.322572 -0.1292729 -0.322572 -0.379273 -0.322572 -0.1292729 -0.347547 -0.318978 -0.347547 -0.318978 -0.322572 -0.1292729 -0.347547 -0.189568 -0.347547 -0.318978 -0.347547 -0.189568 -0.356066 -0.254273 -0.9 -0.125 0 -0.125 -0.9 0.125 -0.9 0.125 0 -0.125 0 0.125 -0.125 1.178097 0.125 1.178097 -0.125 1.308997 -0.125 1.308997 0.125 1.178097 0.125 1.308997 -0.125 1.308997 0.125 1.308997 -0.125 1.439897 -0.125 1.439897 0.125 1.308997 0.125 1.439897 -0.125 1.439897 0.125 1.439897 -0.125 1.570796 -0.125 1.570796 0.125 1.439897 0.125 1.570796 -0.125 -1.570796 0.125 -1.570796 -0.125 -1.439897 -0.125 -1.439897 0.125 -1.570796 0.125 -1.439897 -0.125 -1.439897 0.125 -1.439897 -0.125 -1.308997 -0.125 -1.308997 0.125 -1.439897 0.125 -1.308997 -0.125 -1.308997 0.125 -1.308997 -0.125 -1.178097 -0.125 -1.178097 0.125 -1.308997 0.125 -1.178097 -0.125 0.392699 0.125 0.392699 -0.125 0.523599 -0.125 0.523599 0.125 0.392699 0.125 0.523599 -0.125 0.523599 0.125 0.523599 -0.125 0.654498 -0.125 0.654498 0.125 0.523599 0.125 0.654498 -0.125 0.654498 0.125 0.654498 -0.125 0.785398 -0.125 0.785398 0.125 0.654498 0.125 0.785398 -0.125 0.785398 0.125 0.785398 -0.125 0.916298 -0.125 0.916298 0.125 0.785398 0.125 0.916298 -0.125 0.916298 0.125 0.916298 -0.125 1.047198 -0.125 1.047198 0.125 0.916298 0.125 1.047198 -0.125 1.047198 0.125 1.047198 -0.125 1.178097 -0.125 1.178097 0.125 1.047198 0.125 1.178097 -0.131246 0.00356996 0.01458299 0.01784998 -0.131246 0.02142 -0.131246 -0.03213 0.01458299 -0.01784998 -0.131246 -0.01427996 -0.131246 -0.06782996 0.01458299 -0.05355 -0.131246 -0.04997998 -0.131246 -0.10353 0.01458299 -0.08924996 -0.131246 -0.08568 -0.131246 -0.13923 0.01458299 -0.12495 -0.131246 -0.12138 -0.131246 -0.1570799 0.01458299 -0.1428 -0.131246 -0.13923 -0.131246 -0.12138 0.01458299 -0.1071 -0.131246 -0.10353 -0.131246 -0.08568 0.01458299 -0.07139998 -0.131246 -0.06782996 -0.131246 -0.04997998 0.01458299 -0.03569996 -0.131246 -0.03213 -0.131246 -0.01427996 0.01458299 0 -0.131246 0.00356996 0.01458299 0.03569996 -0.131246 0.03926998 -0.131246 0.02142 0.375 0 0.375 0.03569996 -0.375 0 -0.375 0 0.375 0.03569996 -0.375 0.03569996 -0.375 0.03569996 0.375 0.03569996 0.375 0.07139998 -0.375 0.03569996 0.375 0.07139998 -0.375 0.07139998 -0.375 0.07139998 0.375 0.07139998 0.375 0.1071 -0.375 0.07139998 0.375 0.1071 -0.375 0.1071 -0.375 0.1071 0.375 0.1071 0.375 0.1428 -0.375 0.1071 0.375 0.1428 -0.375 0.1428 -0.375 0.1428 0.375 0.1428 0.375 0.1784999 -0.375 0.1428 0.375 0.1784999 -0.375 0.1784999 -0.375 0.1784999 0.375 0.1784999 0.375 0.214199 -0.375 0.1784999 0.375 0.214199 -0.375 0.214199 -0.375 0.214199 0.375 0.214199 0.375 0.249899 -0.375 0.214199 0.375 0.249899 -0.375 0.249899 -0.375 0.249899 0.375 0.249899 0.375 0.285599 -0.375 0.249899 0.375 0.285599 -0.375 0.285599 -0.375 0.285599 0.375 0.285599 0.375 0.321299 -0.375 0.285599 0.375 0.321299 -0.375 0.321299 -0.375 0.321299 0.375 0.321299 0.375 0.356999 -0.375 0.321299 0.375 0.356999 -0.375 0.356999 -0.375 0.356999 0.375 0.356999 0.375 0.392699 -0.375 0.356999 0.375 0.392699 -0.375 0.392699 -0.131246 0.00356996 0.01458299 0.01784998 -0.131246 0.02142 -0.131246 -0.03213 0.01458299 -0.01784998 -0.131246 -0.01427996 -0.131246 -0.06782996 0.01458299 -0.05355 -0.131246 -0.04997998 -0.131246 -0.10353 0.01458299 -0.08924996 -0.131246 -0.08568 -0.131246 -0.13923 0.01458299 -0.12495 -0.131246 -0.12138 -0.131246 -0.1570799 0.01458299 -0.1428 -0.131246 -0.13923 -0.131246 -0.12138 0.01458299 -0.1071 -0.131246 -0.10353 -0.131246 -0.08568 0.01458299 -0.07139998 -0.131246 -0.06782996 -0.131246 -0.04997998 0.01458299 -0.03569996 -0.131246 -0.03213 -0.131246 -0.01427996 0.01458299 0 -0.131246 0.00356996 0.01458299 0.03569996 -0.131246 0.03926998 -0.131246 0.02142 -0.375 0 0.375 0 -0.375 0.03569996 -0.375 0.03569996 0.375 0 0.375 0.03569996 -0.375 0.03569996 0.375 0.03569996 -0.375 0.07139998 -0.375 0.07139998 0.375 0.03569996 0.375 0.07139998 -0.375 0.07139998 0.375 0.07139998 -0.375 0.1071 -0.375 0.1071 0.375 0.07139998 0.375 0.1071 -0.375 0.1071 0.375 0.1071 -0.375 0.1428 -0.375 0.1428 0.375 0.1071 0.375 0.1428 -0.375 0.1428 0.375 0.1428 -0.375 0.1784999 -0.375 0.1784999 0.375 0.1428 0.375 0.1784999 -0.375 0.1784999 0.375 0.1784999 -0.375 0.214199 -0.375 0.214199 0.375 0.1784999 0.375 0.214199 -0.375 0.214199 0.375 0.214199 -0.375 0.249899 -0.375 0.249899 0.375 0.214199 0.375 0.249899 -0.375 0.249899 0.375 0.249899 -0.375 0.285599 -0.375 0.285599 0.375 0.249899 0.375 0.285599 -0.375 0.285599 0.375 0.285599 -0.375 0.321299 -0.375 0.321299 0.375 0.285599 0.375 0.321299 -0.375 0.321299 0.375 0.321299 -0.375 0.356999 -0.375 0.356999 0.375 0.321299 0.375 0.356999 -0.375 0.356999 0.375 0.356999 -0.375 0.392699 -0.375 0.392699 0.375 0.356999 0.375 0.392699 0.375 0 -0.375 0 0.375 -0.03569996 0.375 -0.03569996 -0.375 0 -0.375 -0.03569996 0.375 -0.03569996 -0.375 -0.03569996 0.375 -0.07139998 0.375 -0.07139998 -0.375 -0.03569996 -0.375 -0.07139998 0.375 -0.07139998 -0.375 -0.07139998 0.375 -0.1071 0.375 -0.1071 -0.375 -0.07139998 -0.375 -0.1071 0.375 -0.1071 -0.375 -0.1071 0.375 -0.1428 0.375 -0.1428 -0.375 -0.1071 -0.375 -0.1428 0.375 -0.1428 -0.375 -0.1428 0.375 -0.1784999 0.375 -0.1784999 -0.375 -0.1428 -0.375 -0.1784999 0.375 -0.1784999 -0.375 -0.1784999 0.375 -0.214199 0.375 -0.214199 -0.375 -0.1784999 -0.375 -0.214199 0.375 -0.214199 -0.375 -0.214199 0.375 -0.249899 0.375 -0.249899 -0.375 -0.214199 -0.375 -0.249899 0.375 -0.249899 -0.375 -0.249899 0.375 -0.285599 0.375 -0.285599 -0.375 -0.249899 -0.375 -0.285599 0.375 -0.285599 -0.375 -0.285599 0.375 -0.321299 0.375 -0.321299 -0.375 -0.285599 -0.375 -0.321299 0.375 -0.321299 -0.375 -0.321299 0.375 -0.356999 0.375 -0.356999 -0.375 -0.321299 -0.375 -0.356999 0.375 -0.356999 -0.375 -0.356999 0.375 -0.392699 0.375 -0.392699 -0.375 -0.356999 -0.375 -0.392699 -0.375 0 -0.375 -0.03569996 0.375 0 0.375 0 -0.375 -0.03569996 0.375 -0.03569996 0.375 -0.03569996 -0.375 -0.03569996 -0.375 -0.07139998 0.375 -0.03569996 -0.375 -0.07139998 0.375 -0.07139998 0.375 -0.07139998 -0.375 -0.07139998 -0.375 -0.1071 0.375 -0.07139998 -0.375 -0.1071 0.375 -0.1071 0.375 -0.1071 -0.375 -0.1071 -0.375 -0.1428 0.375 -0.1071 -0.375 -0.1428 0.375 -0.1428 0.375 -0.1428 -0.375 -0.1428 -0.375 -0.1784999 0.375 -0.1428 -0.375 -0.1784999 0.375 -0.1784999 0.375 -0.1784999 -0.375 -0.1784999 -0.375 -0.214199 0.375 -0.1784999 -0.375 -0.214199 0.375 -0.214199 0.375 -0.214199 -0.375 -0.214199 -0.375 -0.249899 0.375 -0.214199 -0.375 -0.249899 0.375 -0.249899 0.375 -0.249899 -0.375 -0.249899 -0.375 -0.285599 0.375 -0.249899 -0.375 -0.285599 0.375 -0.285599 0.375 -0.285599 -0.375 -0.285599 -0.375 -0.321299 0.375 -0.285599 -0.375 -0.321299 0.375 -0.321299 0.375 -0.321299 -0.375 -0.321299 -0.375 -0.356999 0.375 -0.321299 -0.375 -0.356999 0.375 -0.356999 0.375 -0.356999 -0.375 -0.356999 -0.375 -0.392699 0.375 -0.356999 -0.375 -0.392699 0.375 -0.392699 -0.5 0.19635 -0.5 0.1309 0.5 0.19635 0.5 0.19635 -0.5 0.1309 0.5 0.1309 0.5 0.1309 -0.5 0.1309 -0.5 0.06544995 0.5 0.1309 -0.5 0.06544995 0.5 0.06544995 0.5 0.06544995 -0.5 0.06544995 0.5 0 0.5 0 -0.5 0.06544995 -0.5 0 -0.5 0 -0.5 -0.07139998 0.5 0 0.5 0 -0.5 -0.07139998 0.5 -0.07139998 0.5 -0.07139998 -0.5 -0.07139998 -0.5 -0.1428 0.5 -0.07139998 -0.5 -0.1428 0.5 -0.1428 0.5 -0.1428 -0.5 -0.1428 -0.5 -0.214199 0.5 -0.1428 -0.5 -0.214199 0.5 -0.214199 0.5 -0.214199 -0.5 -0.214199 -0.5 -0.285599 0.5 -0.214199 -0.5 -0.285599 0.5 -0.285599 0.5 -0.285599 -0.5 -0.285599 -0.5 -0.356999 0.5 -0.285599 -0.5 -0.356999 0.5 -0.356999 0.5 -0.356999 -0.5 -0.356999 -0.5 -0.428399 0.5 -0.356999 -0.5 -0.428399 0.5 -0.428399 0.5 -0.428399 -0.5 -0.428399 -0.5 -0.499799 0.5 -0.428399 -0.5 -0.499799 0.5 -0.499799 0.5 -0.499799 -0.5 -0.499799 -0.5 -0.571199 0.5 -0.499799 -0.5 -0.571199 0.5 -0.571199 0.5 -0.571199 -0.5 -0.571199 -0.5 -0.642599 0.5 -0.571199 -0.5 -0.642599 0.5 -0.642599 0.5 -0.642599 -0.5 -0.642599 -0.5 -0.713998 0.5 -0.642599 -0.5 -0.713998 0.5 -0.713998 0.5 -0.713998 -0.5 -0.713998 -0.5 -0.785398 0.5 -0.713998 -0.5 -0.785398 0.5 -0.785398 -0.180224 15.68053 0.519776 15.68053 -0.519776 16.48109 -0.519776 16.48109 0.519776 15.68053 0.519776 16.56566 -0.519776 16.48109 0.519776 16.56566 -0.519776 17.38736 -0.519776 17.38736 0.519776 16.56566 0.519776 17.45079 -0.519776 17.38736 0.519776 17.45079 -0.519776 18.29364 -0.519776 18.29364 0.519776 17.45079 0.519776 18.33593 -0.519776 18.29364 0.519776 18.33593 -0.519776 19.19992 -0.519776 19.19992 0.519776 18.33593 0.519776 19.22106 -0.519776 19.19992 0.519776 19.22106 -0.519776 20.10619 -0.519776 20.10619 0.519776 19.22106 0.519776 20.10619 -0.519776 15.57481 -0.441221 15.62051 -0.519776 16.48109 -0.519776 16.48109 -0.441221 15.62051 -0.356208 15.65394 -0.519776 16.48109 -0.356208 15.65394 -0.267944 15.6739 -0.267944 15.6739 -0.180224 15.68053 -0.519776 16.48109 -0.519776 -20.10619 0.519776 -20.10619 -0.519776 -19.10088 -0.519776 -19.10088 0.519776 -20.10619 0.519776 -19.10088 -0.519776 -19.10088 0.519776 -19.10088 -0.519776 -18.09557 -0.519776 -18.09557 0.519776 -19.10088 0.519776 -18.09557 -0.519776 -18.09557 0.519776 -18.09557 -0.519776 -17.09026 -0.519776 -17.09026 0.519776 -18.09557 0.519776 -17.09026 -0.519776 -17.09026 0.519776 -17.09026 -0.519776 -16.08496 -0.519776 -16.08496 0.519776 -17.09026 0.519776 -16.08496 -0.519776 -16.08496 0.519776 -16.08496 -0.519776 -15.07964 -0.519776 -15.07964 0.519776 -16.08496 0.519776 -15.07964 -0.519776 -15.07964 0.519776 -15.07964 -0.519776 -14.07433 -0.519776 -14.07433 0.519776 -15.07964 0.519776 -14.07433 -0.519776 -14.07433 0.519776 -14.07433 -0.519776 -13.06902 -0.519776 -13.06902 0.519776 -14.07433 0.519776 -13.06902 -0.519776 -13.06902 0.519776 -13.06902 -0.519776 -12.06372 -0.519776 -12.06372 0.519776 -13.06902 0.519776 -12.06372 -0.519776 -12.06372 0.519776 -12.06372 -0.519776 -11.05841 -0.519776 -11.05841 0.519776 -12.06372 0.519776 -11.05841 -0.519776 -11.05841 0.519776 -11.05841 -0.519776 -10.0531 -0.519776 -10.0531 0.519776 -11.05841 0.519776 -10.0531 -0.519776 -10.0531 0.519776 -10.0531 -0.519776 -9.047787 -0.519776 -9.047787 0.519776 -10.0531 0.519776 -9.047787 -0.519776 -9.047787 0.519776 -9.047787 -0.519776 -8.042478 -0.519776 -8.042478 0.519776 -9.047787 0.519776 -8.042478 -0.519776 -8.042478 0.519776 -8.042478 -0.519776 -7.037168 -0.519776 -7.037168 0.519776 -8.042478 0.519776 -7.037168 -0.519776 -7.037168 0.519776 -7.037168 -0.519776 -6.031858 -0.519776 -6.031858 0.519776 -7.037168 0.519776 -6.031858 -0.519776 -6.031858 0.519776 -6.031858 -0.519776 -5.026548 -0.519776 -5.026548 0.519776 -6.031858 0.519776 -5.026548 -0.519776 -5.026548 0.519776 -5.026548 -0.519776 -4.021239 -0.519776 -4.021239 0.519776 -5.026548 0.519776 -4.021239 -0.519776 -4.021239 0.519776 -4.021239 -0.519776 -3.015929 -0.519776 -3.015929 0.519776 -4.021239 0.519776 -3.015929 -0.519776 -3.015929 0.519776 -3.015929 -0.519776 -2.010619 -0.519776 -2.010619 0.519776 -3.015929 0.519776 -2.010619 -0.519776 -2.010619 0.519776 -2.010619 -0.519776 -1.00531 -0.519776 -1.00531 0.519776 -2.010619 0.519776 -1.00531 -0.519776 -1.00531 0.519776 -1.00531 -0.519776 0 -0.519776 0 0.519776 -1.00531 0.519776 0 0.519776 0 0.519776 0.965251 -0.519776 0 -0.519776 0 0.519776 0.965251 -0.519776 0.972298 -0.519776 0.972298 0.519776 0.965251 0.519776 1.930502 -0.519776 0.972298 0.519776 1.930502 -0.519776 1.944597 -0.519776 1.944597 0.519776 1.930502 0.519776 2.895752 -0.519776 1.944597 0.519776 2.895752 -0.519776 2.916895 -0.519776 2.916895 0.519776 2.895752 0.519776 3.861003 -0.519776 2.916895 0.519776 3.861003 -0.519776 3.889193 -0.519776 3.889193 0.519776 3.861003 0.519776 4.826254 -0.519776 3.889193 0.519776 4.826254 -0.519776 4.861492 -0.519776 4.861492 0.519776 4.826254 0.519776 5.791505 -0.519776 4.861492 0.519776 5.791505 -0.519776 5.83379 -0.519776 5.83379 0.519776 5.791505 0.519776 6.756756 -0.519776 5.83379 0.519776 6.756756 -0.519776 6.806088 -0.519776 6.806088 0.519776 6.756756 0.519776 7.722007 -0.519776 6.806088 0.519776 7.722007 -0.519776 7.778387 -0.519776 7.778387 0.519776 7.722007 0.519776 8.687258 -0.519776 7.778387 0.519776 8.687258 -0.519776 8.750685 -0.519776 8.750685 0.519776 8.687258 0.519776 9.652508 -0.519776 8.750685 0.519776 9.652508 -0.519776 9.722984 -0.519776 9.722984 0.519776 9.652508 0.519776 10.61776 -0.519776 9.722984 0.519776 10.61776 -0.519776 10.69528 -0.519776 10.69528 0.519776 10.61776 0.519776 11.58301 -0.519776 10.69528 0.519776 11.58301 -0.519776 11.66758 -0.519776 11.66758 0.519776 11.58301 0.519776 12.54826 -0.519776 11.66758 0.519776 12.54826 -0.519776 12.63988 -0.519776 12.63988 0.519776 12.54826 0.519776 13.51351 -0.519776 12.63988 0.519776 13.51351 -0.519776 13.61218 -0.519776 13.61218 0.519776 13.51351 0.519776 14.47876 -0.519776 13.61218 0.519776 14.47876 -0.180224 14.47876 -0.180224 14.47876 -0.267944 14.48538 -0.519776 13.61218 -0.519776 13.61218 -0.267944 14.48538 -0.356208 14.50535 -0.519776 13.61218 -0.356208 14.50535 -0.441221 14.53878 -0.441221 14.53878 -0.519776 14.58447 -0.519776 13.61218 -4.343377 -7.99175 -4.485348 -7.497413 -5.091169 -8.739542 -5.091169 -8.739542 -4.485348 -7.497413 -6.156725 -8.224579 -5.091169 -8.739542 -6.156725 -8.224579 -5.170628 -8.843095 -5.170628 -8.843095 -6.156725 -8.224579 -5.856987 -9.056667 -5.170628 -8.843095 -5.856987 -9.056667 -5.220578 -8.963686 -5.220578 -8.963686 -5.856987 -9.056667 -5.237616 -9.093095 -5.237616 -9.093095 -5.856987 -9.056667 -5.220578 -9.222505 -5.220578 -9.222505 -5.856987 -9.056667 -5.445397 -9.839486 -5.220578 -9.222505 -5.445397 -9.839486 -5.170628 -9.343095 -5.170628 -9.343095 -5.445397 -9.839486 -5.091169 -9.446649 -5.091169 -9.446649 -5.445397 -9.839486 -4.454773 -10.08304 -4.454773 -10.08304 -5.445397 -9.839486 -4.929816 -10.55809 -4.571247 -6.990316 -5.362913 -6.776978 -4.485348 -7.497413 -4.485348 -7.497413 -5.362913 -6.776978 -5.453036 -6.803441 -4.485348 -7.497413 -5.453036 -6.803441 -6.156725 -8.224579 -6.156725 -8.224579 -5.453036 -6.803441 -5.546964 -6.803441 -6.156725 -8.224579 -5.546964 -6.803441 -6.33889 -7.359114 -6.33889 -7.359114 -5.546964 -6.803441 -5.637087 -6.776978 -6.33889 -7.359114 -5.637087 -6.776978 -5.716104 -6.726197 -4.6 -6.4768 -5.183367 -6.569772 -4.571247 -6.990316 -4.571247 -6.990316 -5.183367 -6.569772 -5.222386 -6.655211 -4.571247 -6.990316 -5.222386 -6.655211 -5.283896 -6.726197 -4.521676 -5.631552 -5.222386 -6.298388 -4.6 -6.4768 -4.6 -6.4768 -5.222386 -6.298388 -5.183367 -6.383828 -4.6 -6.4768 -5.183367 -6.383828 -5.17 -6.4768 -4.289372 -4.815088 -6.086761 -4.499091 -4.521676 -5.631552 -4.521676 -5.631552 -6.086761 -4.499091 -5.453036 -6.150159 -4.521676 -5.631552 -5.453036 -6.150159 -5.362913 -6.176621 -3.910999 -4.055212 -4.560616 -3.542275 -4.289372 -4.815088 -4.289372 -4.815088 -4.560616 -3.542275 -4.631773 -3.542275 -4.289372 -4.815088 -4.631773 -3.542275 -4.700048 -3.522228 -3.399441 -3.3778 -4.356321 -3.365253 -3.910999 -4.055212 -3.910999 -4.055212 -4.356321 -3.365253 -4.38588 -3.42998 -3.910999 -4.055212 -4.38588 -3.42998 -4.432479 -3.483757 -2.772119 -2.805921 -4.525484 -1.951317 -3.399441 -3.3778 -3.399441 -3.3778 -4.525484 -1.951317 -4.38588 -3.159659 -3.399441 -3.3778 -4.38588 -3.159659 -4.356321 -3.224386 -2.050396 -2.359049 -2.905539 -0.774358 -2.772119 -2.805921 -2.772119 -2.805921 -2.905539 -0.774358 -3.761826 -1.299091 -2.772119 -2.805921 -3.761826 -1.299091 -4.525484 -1.951317 -2.905539 -0.774358 -2.050396 -2.359049 -1.977709 -0.390038 -1.977709 -0.390038 -2.050396 -2.359049 -1.25885 -2.052402 -1.977709 -0.390038 -1.25885 -2.052402 -1.001181 -0.155595 -1.001181 -0.155595 -1.25885 -2.052402 -0.33 -0.9768 -1.001181 -0.155595 -0.33 -0.9768 -0.316633 -0.883828 -0.33 -0.9768 -1.25885 -2.052402 -0.316633 -1.069772 -0.316633 -1.069772 -1.25885 -2.052402 -0.424434 -1.896423 -0.316633 -1.069772 -0.424434 -1.896423 -0.277614 -1.155211 -0.277614 -1.155211 -0.424434 -1.896423 -0.216104 -1.226197 -0.216104 -1.226197 -0.424434 -1.896423 -0.137087 -1.276979 -0.137087 -1.276979 -0.424434 -1.896423 -0.04696398 -1.303441 -0.04696398 -1.303441 -0.424434 -1.896423 0.424434 -1.896423 -0.04696398 -1.303441 0.424434 -1.896423 0.04696398 -1.303441 0.04696398 -1.303441 0.424434 -1.896423 0.137087 -1.276979 0.137087 -1.276979 0.424434 -1.896423 0.216104 -1.226197 0.216104 -1.226197 0.424434 -1.896423 0.277614 -1.155211 0.277614 -1.155211 0.424434 -1.896423 0.316633 -1.069772 0.316633 -1.069772 0.424434 -1.896423 1.25885 -2.052402 0.316633 -1.069772 1.25885 -2.052402 0.33 -0.9768 0.33 -0.9768 1.25885 -2.052402 1.001181 -0.155595 0.33 -0.9768 1.001181 -0.155595 0.316633 -0.883828 0.316633 -0.883828 1.001181 -0.155595 0.277614 -0.798389 0.277614 -0.798389 1.001181 -0.155595 0.216104 -0.727403 0.216104 -0.727403 1.001181 -0.155595 0 -0.07679998 0.216104 -0.727403 0 -0.07679998 0.137087 -0.676621 0.137087 -0.676621 0 -0.07679998 0.04696398 -0.650159 0.04696398 -0.650159 0 -0.07679998 -0.04696398 -0.650159 -0.04696398 -0.650159 0 -0.07679998 -0.137087 -0.676621 -0.137087 -0.676621 0 -0.07679998 -0.216104 -0.727403 -0.216104 -0.727403 0 -0.07679998 -1.001181 -0.155595 -0.216104 -0.727403 -1.001181 -0.155595 -0.277614 -0.798389 -0.277614 -0.798389 -1.001181 -0.155595 -0.316633 -0.883828 1.001181 -0.155595 1.25885 -2.052402 1.977709 -0.390038 1.977709 -0.390038 1.25885 -2.052402 2.050396 -2.359049 1.977709 -0.390038 2.050396 -2.359049 2.905539 -0.774358 2.905539 -0.774358 2.050396 -2.359049 2.772119 -2.805921 2.905539 -0.774358 2.772119 -2.805921 3.761826 -1.299091 3.761826 -1.299091 2.772119 -2.805921 4.525484 -1.951317 4.525484 -1.951317 2.772119 -2.805921 3.399441 -3.3778 4.525484 -1.951317 3.399441 -3.3778 5.177709 -2.714974 5.177709 -2.714974 3.399441 -3.3778 3.910999 -4.055212 5.177709 -2.714974 3.910999 -4.055212 5.702442 -3.571261 5.702442 -3.571261 3.910999 -4.055212 4.289372 -4.815088 5.702442 -3.571261 4.289372 -4.815088 6.086761 -4.499091 6.086761 -4.499091 4.289372 -4.815088 4.521676 -5.631552 6.086761 -4.499091 4.521676 -5.631552 5.453036 -6.150159 5.453036 -6.150159 4.521676 -5.631552 5.362913 -6.176621 5.362913 -6.176621 4.521676 -5.631552 5.283896 -6.227403 5.283896 -6.227403 4.521676 -5.631552 5.222386 -6.298388 5.222386 -6.298388 4.521676 -5.631552 4.6 -6.4768 5.222386 -6.298388 4.6 -6.4768 5.183367 -6.383828 5.183367 -6.383828 4.6 -6.4768 5.17 -6.4768 5.17 -6.4768 4.6 -6.4768 5.183367 -6.569772 5.183367 -6.569772 4.6 -6.4768 5.222386 -6.655211 5.222386 -6.655211 4.6 -6.4768 4.53109 -7.270036 5.222386 -6.655211 4.53109 -7.270036 5.283896 -6.726197 5.283896 -6.726197 4.53109 -7.270036 5.362913 -6.776978 5.362913 -6.776978 4.53109 -7.270036 5.453036 -6.803441 5.453036 -6.803441 4.53109 -7.270036 6.111042 -8.37816 5.453036 -6.803441 6.111042 -8.37816 5.546964 -6.803441 5.546964 -6.803441 6.111042 -8.37816 6.327348 -7.438396 5.546964 -6.803441 6.327348 -7.438396 5.637087 -6.776978 5.637087 -6.776978 6.327348 -7.438396 5.716104 -6.726197 5.716104 -6.726197 6.327348 -7.438396 5.777614 -6.655211 5.777614 -6.655211 6.327348 -7.438396 6.4 -6.4768 5.777614 -6.655211 6.4 -6.4768 5.816633 -6.569772 5.816633 -6.569772 6.4 -6.4768 5.83 -6.4768 5.83 -6.4768 6.4 -6.4768 5.816633 -6.383828 5.816633 -6.383828 6.4 -6.4768 5.777614 -6.298388 5.777614 -6.298388 6.4 -6.4768 6.321206 -5.475619 5.777614 -6.298388 6.321206 -5.475619 5.716104 -6.227403 5.716104 -6.227403 6.321206 -5.475619 5.637087 -6.176621 5.637087 -6.176621 6.321206 -5.475619 5.546964 -6.150159 5.546964 -6.150159 6.321206 -5.475619 5.453036 -6.150159 5.453036 -6.150159 6.321206 -5.475619 6.086761 -4.499091 4.53109 -7.270036 4.326425 -8.039506 6.111042 -8.37816 6.111042 -8.37816 4.326425 -8.039506 5.755992 -9.274755 5.755992 -9.274755 4.326425 -8.039506 3.992136 -8.762156 5.755992 -9.274755 3.992136 -8.762156 5.27026 -10.10783 5.27026 -10.10783 3.992136 -8.762156 3.538239 -9.416335 5.27026 -10.10783 3.538239 -9.416335 4.664874 -10.85846 4.664874 -10.85846 3.538239 -9.416335 3.464823 -11.00228 4.664874 -10.85846 3.464823 -11.00228 3.507466 -11.05925 3.464823 -11.00228 3.538239 -9.416335 3.252691 -10.79015 3.252691 -10.79015 3.538239 -9.416335 2.978334 -9.982442 3.252691 -10.79015 2.978334 -9.982442 3.200914 -10.75042 3.200914 -10.75042 2.978334 -9.982442 3.140619 -10.72545 3.140619 -10.72545 2.978334 -9.982442 3.075914 -10.71693 3.075914 -10.71693 2.978334 -9.982442 3.01121 -10.72545 3.01121 -10.72545 2.978334 -9.982442 2.950914 -10.75042 2.950914 -10.75042 2.978334 -9.982442 2.329195 -10.44352 2.950914 -10.75042 2.329195 -10.44352 2.899138 -10.79015 2.899138 -10.79015 2.329195 -10.44352 2.859408 -10.84193 2.859408 -10.84193 2.329195 -10.44352 2.834433 -10.90222 2.834433 -10.90222 2.329195 -10.44352 2.825914 -10.96693 2.825914 -10.96693 2.329195 -10.44352 2.834433 -11.03163 2.834433 -11.03163 2.329195 -10.44352 1.610272 -10.78575 2.834433 -11.03163 1.610272 -10.78575 2.859408 -11.09193 2.859408 -11.09193 1.610272 -10.78575 2.279888 -12.45694 2.859408 -11.09193 2.279888 -12.45694 2.899138 -11.1437 2.899138 -11.1437 2.279888 -12.45694 3.11127 -11.35584 3.11127 -11.35584 2.279888 -12.45694 3.152519 -12.04651 3.11127 -11.35584 3.152519 -12.04651 3.168234 -11.39848 3.168234 -11.39848 3.152519 -12.04651 3.234905 -11.42335 3.234905 -11.42335 3.152519 -12.04651 3.305881 -11.42842 3.305881 -11.42842 3.152519 -12.04651 3.375412 -11.4133 3.375412 -11.4133 3.152519 -12.04651 3.953577 -11.50961 3.375412 -11.4133 3.953577 -11.50961 3.437866 -11.37919 3.437866 -11.37919 3.953577 -11.50961 3.488182 -11.32888 3.488182 -11.32888 3.953577 -11.50961 3.522284 -11.26643 3.522284 -11.26643 3.953577 -11.50961 3.53741 -11.19689 3.53741 -11.19689 3.953577 -11.50961 3.532333 -11.12592 3.532333 -11.12592 3.953577 -11.50961 4.664874 -10.85846 3.532333 -11.12592 4.664874 -10.85846 3.507466 -11.05925 2.279888 -12.45694 1.610272 -10.78575 1.355495 -12.73161 1.355495 -12.73161 1.610272 -10.78575 0.843103 -10.99888 1.355495 -12.73161 0.843103 -10.99888 0.33 -11.9768 0.33 -11.9768 0.843103 -10.99888 0.316633 -11.88383 0.316633 -11.88383 0.843103 -10.99888 0.277614 -11.79839 0.277614 -11.79839 0.843103 -10.99888 0.216104 -11.7274 0.216104 -11.7274 0.843103 -10.99888 0.05067497 -11.07652 0.216104 -11.7274 0.05067497 -11.07652 0.137087 -11.67662 0.137087 -11.67662 0.05067497 -11.07652 0.04696398 -11.65016 0.04696398 -11.65016 0.05067497 -11.07652 -0.04696398 -11.65016 -0.04696398 -11.65016 0.05067497 -11.07652 -0.137087 -11.67662 -0.137087 -11.67662 0.05067497 -11.07652 -0.743272 -11.01635 -0.137087 -11.67662 -0.743272 -11.01635 -0.216104 -11.7274 -0.216104 -11.7274 -0.743272 -11.01635 -0.277614 -11.79839 -0.277614 -11.79839 -0.743272 -11.01635 -0.316633 -11.88383 -0.316633 -11.88383 -0.743272 -11.01635 -0.33 -11.9768 -0.33 -11.9768 -0.743272 -11.01635 -1.515384 -12.69481 -0.33 -11.9768 -1.515384 -12.69481 -0.316633 -12.06977 -0.316633 -12.06977 -1.515384 -12.69481 -0.56393 -12.85191 -0.316633 -12.06977 -0.56393 -12.85191 -0.277614 -12.15521 -0.277614 -12.15521 -0.56393 -12.85191 -0.216104 -12.2262 -0.216104 -12.2262 -0.56393 -12.85191 -0.137087 -12.27698 -0.137087 -12.27698 -0.56393 -12.85191 -0.04696398 -12.30344 -0.04696398 -12.30344 -0.56393 -12.85191 0.400327 -12.86427 -0.04696398 -12.30344 0.400327 -12.86427 0.04696398 -12.30344 0.04696398 -12.30344 0.400327 -12.86427 0.137087 -12.27698 0.137087 -12.27698 0.400327 -12.86427 0.216104 -12.2262 0.216104 -12.2262 0.400327 -12.86427 0.277614 -12.15521 0.277614 -12.15521 0.400327 -12.86427 1.355495 -12.73161 0.277614 -12.15521 1.355495 -12.73161 0.316633 -12.06977 0.316633 -12.06977 1.355495 -12.73161 0.33 -11.9768 -0.743272 -11.01635 -1.51495 -10.82018 -1.515384 -12.69481 -1.515384 -12.69481 -1.51495 -10.82018 -2.262742 -11.56797 -1.515384 -12.69481 -2.262742 -11.56797 -2.432433 -12.39654 -2.432433 -12.39654 -2.262742 -11.56797 -2.366295 -11.64743 -2.432433 -12.39654 -2.366295 -11.64743 -2.486886 -11.69738 -2.486886 -11.69738 -2.616295 -11.71442 -2.432433 -12.39654 -2.432433 -12.39654 -2.616295 -11.71442 -2.745705 -11.69738 -2.432433 -12.39654 -2.745705 -11.69738 -3.294256 -11.96386 -3.294256 -11.96386 -2.745705 -11.69738 -2.866295 -11.64743 -3.294256 -11.96386 -2.866295 -11.64743 -2.969848 -11.56797 -2.969848 -11.56797 -3.606245 -10.93157 -3.294256 -11.96386 -3.294256 -11.96386 -3.606245 -10.93157 -4.081288 -11.40662 -5.177709 -2.714974 -4.631773 -3.047364 -4.525484 -1.951317 -4.525484 -1.951317 -4.631773 -3.047364 -4.560616 -3.047364 -4.525484 -1.951317 -4.560616 -3.047364 -4.49234 -3.067411 -5.702442 -3.571261 -4.846194 -3.29482 -5.177709 -2.714974 -5.177709 -2.714974 -4.846194 -3.29482 -4.836067 -3.224386 -5.177709 -2.714974 -4.836067 -3.224386 -4.806508 -3.159659 -6.086761 -4.499091 -4.289372 -4.815088 -5.702442 -3.571261 -5.702442 -3.571261 -4.289372 -4.815088 -4.700048 -3.522228 -5.702442 -3.571261 -4.700048 -3.522228 -4.759909 -3.483757 -6.086761 -4.499091 -6.321206 -5.475619 -5.453036 -6.150159 -5.453036 -6.150159 -6.321206 -5.475619 -5.546964 -6.150159 -5.546964 -6.150159 -6.321206 -5.475619 -5.637087 -6.176621 -5.637087 -6.176621 -6.321206 -5.475619 -5.716104 -6.227403 -5.716104 -6.227403 -6.321206 -5.475619 -5.777614 -6.298388 -5.777614 -6.298388 -6.321206 -5.475619 -6.4 -6.4768 -5.777614 -6.298388 -6.4 -6.4768 -5.816633 -6.383828 -5.816633 -6.383828 -6.4 -6.4768 -5.83 -6.4768 -5.83 -6.4768 -6.4 -6.4768 -5.816633 -6.569772 -5.816633 -6.569772 -6.4 -6.4768 -5.777614 -6.655211 -5.777614 -6.655211 -6.4 -6.4768 -6.33889 -7.359114 -5.777614 -6.655211 -6.33889 -7.359114 -5.716104 -6.726197 -4.806508 -3.159659 -4.759909 -3.105882 -5.177709 -2.714974 -5.177709 -2.714974 -4.759909 -3.105882 -4.700048 -3.067411 -5.177709 -2.714974 -4.700048 -3.067411 -4.631773 -3.047364 -4.49234 -3.067411 -4.432479 -3.105882 -4.525484 -1.951317 -4.525484 -1.951317 -4.432479 -3.105882 -4.38588 -3.159659 -4.356321 -3.224386 -4.346194 -3.29482 -3.399441 -3.3778 -3.399441 -3.3778 -4.346194 -3.29482 -4.356321 -3.365253 -4.432479 -3.483757 -4.49234 -3.522228 -3.910999 -4.055212 -3.910999 -4.055212 -4.49234 -3.522228 -4.560616 -3.542275 -4.759909 -3.483757 -4.806508 -3.42998 -5.702442 -3.571261 -5.702442 -3.571261 -4.806508 -3.42998 -4.836067 -3.365253 -5.702442 -3.571261 -4.836067 -3.365253 -4.846194 -3.29482 -5.362913 -6.176621 -5.283896 -6.227403 -4.521676 -5.631552 -4.521676 -5.631552 -5.283896 -6.227403 -5.222386 -6.298388 -5.17 -6.4768 -5.183367 -6.569772 -4.6 -6.4768 -5.283896 -6.726197 -5.362913 -6.776978 -4.571247 -6.990316 -0.905556 0.25 0.233743 0.25 -0.905556 0.7 -0.905556 0.7 0.233743 0.25 0.905556 0.7 0.905556 0.7 0.233743 0.25 0.905556 0 0.905556 0 0.233743 0.25 0.233743 0 0 0.35 -1.811111 0.35 -1.139298 -0.1 -1.139298 -0.1 -1.811111 0.35 -1.811111 -0.35 -1.139298 -0.1 -1.811111 -0.35 -1.139298 -0.35 -1.139298 -0.1 0 -0.1 0 0.35 0.898978 0 0.899605 0.08805698 -0.912133 0 -0.912133 0 0.899605 0.08805698 -0.910636 0.116194 -0.910636 0.116194 0.899605 0.08805698 0.901422 0.178636 -0.910636 0.116194 0.901422 0.178636 -0.906351 0.235747 -0.906351 0.235747 0.901422 0.178636 0.904324 0.270038 -0.906351 0.235747 0.904324 0.270038 -0.899851 0.355231 -0.899851 0.355231 0.904324 0.270038 0.908019 0.360929 -0.899851 0.355231 0.908019 0.360929 -0.892442 0.471237 -0.892442 0.471237 0.908019 0.360929 0.911763 0.50613 -0.892442 0.471237 0.911763 0.50613 -0.885045 0.587242 -0.885045 0.587242 0.911763 0.50613 0.911885 0.651358 -0.885045 0.587242 0.911885 0.651358 -0.878575 0.706728 -0.878575 0.706728 0.911885 0.651358 0.910738 0.796815 -0.878575 0.706728 0.910738 0.796815 -0.874319 0.826283 -0.874319 0.826283 0.910738 0.796815 0.910135 0.942478 -0.874319 0.826283 0.910135 0.942478 -0.872834 0.942478 0.872835 0.942478 -0.910134 0.942478 0.874319 0.826283 0.874319 0.826283 -0.910134 0.942478 -0.910737 0.796844 0.874319 0.826283 -0.910737 0.796844 0.878575 0.706728 0.878575 0.706728 -0.910737 0.796844 -0.911879 0.651418 0.878575 0.706728 -0.911879 0.651418 0.885046 0.587242 0.885046 0.587242 -0.911879 0.651418 -0.911762 0.506048 0.885046 0.587242 -0.911762 0.506048 0.892442 0.471237 0.892442 0.471237 -0.911762 0.506048 -0.908019 0.360929 0.892442 0.471237 -0.908019 0.360929 0.899851 0.355231 0.899851 0.355231 -0.908019 0.360929 -0.904324 0.270038 0.899851 0.355231 -0.904324 0.270038 0.906351 0.235747 0.906351 0.235747 -0.904324 0.270038 -0.901421 0.178636 0.906351 0.235747 -0.901421 0.178636 0.910636 0.116194 0.910636 0.116194 -0.901421 0.178636 -0.899605 0.08805698 0.910636 0.116194 -0.899605 0.08805698 0.912133 0 0.912133 0 -0.899605 0.08805698 -0.898978 0 -0.409251 -1.451532 -0.104924 -0.992052 -1.045647 -0.815136 -1.045647 -0.815136 -0.104924 -0.992052 -0.09014397 -0.959688 -1.045647 -0.815136 -0.09014397 -0.959688 -0.240042 -0.009530961 -0.240042 -0.009530961 -0.09014397 -0.959688 -0.06684499 -0.9328 -0.240042 -0.009530961 -0.06684499 -0.9328 -0.03691399 -0.913564 -0.305698 -1.530992 -0.09014397 -1.094848 -0.409251 -1.451532 -0.409251 -1.451532 -0.09014397 -1.094848 -0.104924 -1.062485 -0.409251 -1.451532 -0.104924 -1.062485 -0.109987 -1.027268 -0.09014397 -1.094848 -0.305698 -1.530992 -0.06684499 -1.121737 -0.06684499 -1.121737 -0.305698 -1.530992 -0.1851069 -1.580942 -0.06684499 -1.121737 -0.1851069 -1.580942 -0.03691399 -1.140972 -0.03691399 -1.140972 -0.1851069 -1.580942 -0.05569797 -1.597979 -0.03691399 -1.140972 -0.05569797 -1.597979 -0.002775967 -1.150996 -0.002775967 -1.150996 -0.05569797 -1.597979 0.07371199 -1.580942 -0.002775967 -1.150996 0.07371199 -1.580942 0.03280198 -1.150996 0.03280198 -1.150996 0.07371199 -1.580942 0.194302 -1.530992 0.03280198 -1.150996 0.194302 -1.530992 0.06694 -1.140972 0.06694 -1.140972 0.194302 -1.530992 0.09687095 -1.121737 0.09687095 -1.121737 0.194302 -1.530992 0.297856 -1.451532 0.09687095 -1.121737 0.297856 -1.451532 0.1201699 -1.094848 0.1201699 -1.094848 0.297856 -1.451532 0.13495 -1.062485 0.13495 -1.062485 0.297856 -1.451532 0.140013 -1.027268 0.140013 -1.027268 0.297856 -1.451532 0.593243 -0.51843 0.140013 -1.027268 0.593243 -0.51843 0.13495 -0.992052 0.13495 -0.992052 0.593243 -0.51843 0.1201699 -0.959688 0.1201699 -0.959688 0.593243 -0.51843 0.09687095 -0.9328 0.09687095 -0.9328 0.593243 -0.51843 0.16306 -0.286152 0.09687095 -0.9328 0.16306 -0.286152 0.06694 -0.913564 0.06694 -0.913564 0.16306 -0.286152 0.03280198 -0.903541 0.03280198 -0.903541 0.16306 -0.286152 -0.002775967 -0.903541 -0.002775967 -0.903541 0.16306 -0.286152 -0.03691399 -0.913564 -0.03691399 -0.913564 0.16306 -0.286152 -0.240042 -0.009530961 0.297856 -1.451532 1.045647 -0.703741 0.593243 -0.51843 -0.109987 -1.027268 -0.104924 -0.992052 -0.409251 -1.451532 0 0.125 -1.057537 0.125 0 -0.125 0 -0.125 -1.057537 0.125 -1.057537 -0.125 0 0.125 -0.9 0.125 0 -0.125 0 -0.125 -0.9 0.125 -0.9 -0.125 -0.647777 -0.760339 -0.27544 -0.929478 0.100014 -0.01254796 0.100014 -0.01254796 -0.27544 -0.929478 -0.241303 -0.919454 0.100014 -0.01254796 -0.241303 -0.919454 -0.205724 -0.919454 -0.727237 -0.863893 -0.348513 -1.043182 -0.647777 -0.760339 -0.647777 -0.760339 -0.348513 -1.043182 -0.34345 -1.007965 -0.647777 -0.760339 -0.34345 -1.007965 -0.32867 -0.975602 -0.727237 -0.863893 -0.777187 -0.984483 -0.348513 -1.043182 -0.348513 -1.043182 -0.777187 -0.984483 -0.794224 -1.113893 -0.348513 -1.043182 -0.794224 -1.113893 -0.777187 -1.243302 -0.777187 -1.243302 -0.727237 -1.363893 -0.348513 -1.043182 -0.348513 -1.043182 -0.727237 -1.363893 -0.647777 -1.467446 -0.348513 -1.043182 -0.647777 -1.467446 -0.34345 -1.078399 -0.34345 -1.078399 -0.647777 -1.467446 -0.32867 -1.110762 -0.32867 -1.110762 -0.647777 -1.467446 -0.305371 -1.137651 -0.305371 -1.137651 -0.647777 -1.467446 -0.27544 -1.156886 -0.27544 -1.156886 -0.647777 -1.467446 -0.01138097 -2.103842 -0.27544 -1.156886 -0.01138097 -2.103842 -0.241303 -1.16691 -0.241303 -1.16691 -0.01138097 -2.103842 -0.205724 -1.16691 -0.205724 -1.16691 -0.01138097 -2.103842 -0.171587 -1.156886 -0.171587 -1.156886 -0.01138097 -2.103842 -0.141656 -1.137651 -0.141656 -1.137651 -0.01138097 -2.103842 -0.118357 -1.110762 -0.118357 -1.110762 -0.01138097 -2.103842 -0.103577 -1.078399 -0.103577 -1.078399 -0.01138097 -2.103842 0.517603 -0.895135 -0.103577 -1.078399 0.517603 -0.895135 -0.098513 -1.043182 -0.098513 -1.043182 0.517603 -0.895135 0.285325 -0.464952 -0.098513 -1.043182 0.285325 -0.464952 -0.103577 -1.007965 -0.103577 -1.007965 0.285325 -0.464952 -0.118357 -0.975602 -0.118357 -0.975602 0.285325 -0.464952 -0.141656 -0.948713 -0.141656 -0.948713 0.285325 -0.464952 0.100014 -0.01254796 -0.141656 -0.948713 0.100014 -0.01254796 -0.171587 -0.929478 -0.171587 -0.929478 0.100014 -0.01254796 -0.205724 -0.919454 -0.01138097 -2.103842 0.794224 -1.298237 0.517603 -0.895135 -0.32867 -0.975602 -0.305371 -0.948713 -0.647777 -0.760339 -0.647777 -0.760339 -0.305371 -0.948713 -0.27544 -0.929478 -0.528768 0 0.528768 0 -0.528768 0.25 -0.528768 0.25 0.528768 0 0.528768 0.25 0.71324 -20.00657 0.71324 -19.00625 0.475494 -20.00657 0.475494 -20.00657 0.71324 -19.00625 0.273182 -19.00625 0.475494 -20.00657 0.273182 -19.00625 0.237747 -20.00657 0.237747 -20.00657 0.273182 -19.00625 0 -19.10479 0.237747 -20.00657 0 -19.10479 0 -20.00657 0.273182 -19.00625 0.71324 -19.00625 0.273182 -18.00592 0.273182 -18.00592 0.71324 -19.00625 0.71324 -18.00592 0.273182 -18.00592 0.71324 -18.00592 0.273182 -17.00559 0.273182 -17.00559 0.71324 -18.00592 0.71324 -17.00559 0.273182 -17.00559 0.71324 -17.00559 0.273182 -16.00526 0.273182 -16.00526 0.71324 -17.00559 0.71324 -16.00526 0.273182 -16.00526 0.71324 -16.00526 0.273182 -15.00493 0.273182 -15.00493 0.71324 -16.00526 0.71324 -15.00493 0.273182 -15.00493 0.71324 -15.00493 0.243461 -14.86109 0.243461 -14.86109 0.71324 -15.00493 0.71324 -14.0046 0.243461 -14.86109 0.71324 -14.0046 0.273182 -14.0046 0.273182 -14.0046 0.71324 -14.0046 0.273182 -13.00427 0.273182 -14.0046 0.273182 -13.00427 0 -13.54473 0 -13.54473 0.273182 -13.00427 0 -12.57725 0 -12.57725 0.273182 -13.00427 0.273182 -12.00394 0 -12.57725 0.273182 -12.00394 0 -11.60977 0 -11.60977 0.273182 -12.00394 0.273182 -11.00361 0 -11.60977 0.273182 -11.00361 0 -10.64229 0 -10.64229 0.273182 -11.00361 0.273182 -10.00329 0 -10.64229 0.273182 -10.00329 0 -9.674809 0 -9.674809 0.273182 -10.00329 0.273182 -9.002958 0 -9.674809 0.273182 -9.002958 0 -8.707327 0 -8.707327 0.273182 -9.002958 0.273182 -8.00263 0 -8.707327 0.273182 -8.00263 0 -7.739847 0 -7.739847 0.273182 -8.00263 0.273182 -7.0023 0 -7.739847 0.273182 -7.0023 0 -6.772366 0 -6.772366 0.273182 -7.0023 0.273182 -6.001972 0 -6.772366 0.273182 -6.001972 0 -5.804885 0 -5.804885 0.273182 -6.001972 0.273182 -5.001643 0 -5.804885 0.273182 -5.001643 0 -4.837404 0 -4.837404 0.273182 -5.001643 0.273182 -4.001315 0 -4.837404 0.273182 -4.001315 0 -3.869923 0 -3.869923 0.273182 -4.001315 0.273182 -3.000986 0 -3.869923 0.273182 -3.000986 0 -2.902442 0 -2.902442 0.273182 -3.000986 0.273182 -2.000657 0 -2.902442 0.273182 -2.000657 0 -1.934962 0 -1.934962 0.273182 -2.000657 0.273182 -1.000329 0 -1.934962 0.273182 -1.000329 0 -0.967481 0 -0.967481 0.273182 -1.000329 0.237747 0 0 -0.967481 0.237747 0 0 0 0.71324 -14.0046 0.71324 -13.00427 0.273182 -13.00427 0.273182 -13.00427 0.71324 -13.00427 0.273182 -12.00394 0.71324 -13.00427 0.71324 -12.00394 0.273182 -12.00394 0.273182 -12.00394 0.71324 -12.00394 0.273182 -11.00361 0.71324 -12.00394 0.71324 -11.00361 0.273182 -11.00361 0.273182 -11.00361 0.71324 -11.00361 0.273182 -10.00329 0.71324 -11.00361 0.71324 -10.00329 0.273182 -10.00329 0.273182 -10.00329 0.71324 -10.00329 0.273182 -9.002958 0.71324 -10.00329 0.71324 -9.002958 0.273182 -9.002958 0.273182 -9.002958 0.71324 -9.002958 0.273182 -8.00263 0.71324 -9.002958 0.71324 -8.00263 0.273182 -8.00263 0.273182 -8.00263 0.71324 -8.00263 0.273182 -7.0023 0.71324 -8.00263 0.71324 -7.0023 0.273182 -7.0023 0.273182 -7.0023 0.71324 -7.0023 0.273182 -6.001972 0.71324 -7.0023 0.71324 -6.001972 0.273182 -6.001972 0.273182 -6.001972 0.71324 -6.001972 0.273182 -5.001643 0.71324 -6.001972 0.71324 -5.001643 0.273182 -5.001643 0.273182 -5.001643 0.71324 -5.001643 0.273182 -4.001315 0.71324 -5.001643 0.71324 -4.001315 0.273182 -4.001315 0.273182 -4.001315 0.71324 -4.001315 0.273182 -3.000986 0.71324 -4.001315 0.71324 -3.000986 0.273182 -3.000986 0.273182 -3.000986 0.71324 -3.000986 0.273182 -2.000657 0.71324 -3.000986 0.71324 -2.000657 0.273182 -2.000657 0.273182 -2.000657 0.71324 -2.000657 0.273182 -1.000329 0.71324 -2.000657 0.71324 -1.000329 0.273182 -1.000329 0.273182 -1.000329 0.71324 -1.000329 0.475494 0 0.273182 -1.000329 0.475494 0 0.237747 0 0.71324 -1.000329 0.71324 0 0.475494 0 0 -13.54473 0 -14.51221 0.273182 -14.0046 0.273182 -14.0046 0 -14.51221 0.108652 -14.60752 0.273182 -14.0046 0.108652 -14.60752 0.191518 -14.72605 0.191518 -14.72605 0.243461 -14.86109 0.273182 -14.0046 0.243461 -14.86109 0.26119 -15.00493 0.273182 -15.00493 0.273182 -15.00493 0.26119 -15.00493 0.243454 -15.14879 0.273182 -15.00493 0.243454 -15.14879 0.273182 -16.00526 0.273182 -16.00526 0.243454 -15.14879 0.191489 -15.28386 0.273182 -16.00526 0.191489 -15.28386 0.108707 -15.40228 0.108707 -15.40228 0 -15.49765 0.273182 -16.00526 0.273182 -16.00526 0 -15.49765 0 -16.39943 0.273182 -16.00526 0 -16.39943 0.273182 -17.00559 0.273182 -17.00559 0 -16.39943 0 -17.30122 0.273182 -17.00559 0 -17.30122 0.273182 -18.00592 0.273182 -18.00592 0 -17.30122 0 -18.203 0.273182 -18.00592 0 -18.203 0.273182 -19.00625 0.273182 -19.00625 0 -18.203 0 -19.10479 1.925961 0.458149 -1.488174 0.458149 1.925961 0.305433 1.925961 0.305433 -1.488174 0.458149 -1.750422 0.273505 1.925961 0.305433 -1.750422 0.273505 -1.807837 0.215354 1.925961 0.305433 -1.807837 0.215354 1.925961 0.152716 1.925961 0.152716 -1.807837 0.215354 -1.854949 0.152638 1.925961 0.152716 -1.854949 0.152638 -1.890109 0.07884997 1.925961 0.152716 -1.890109 0.07884997 1.925961 0 1.925961 0 -1.890109 0.07884997 -1.899717 0.03924494 1.925961 0 -1.899717 0.03924494 -1.902987 0 1 0 -1 0 1 -0.09424799 1 -0.09424799 -1 0 -1 -0.09424799 1 -0.09424799 -1 -0.09424799 1 -0.1884959 1 -0.1884959 -1 -0.09424799 -1 -0.1884959 1 -0.1884959 -1 -0.1884959 1 -0.282743 1 -0.282743 -1 -0.1884959 -1 -0.282743 1 -0.282743 -1 -0.282743 1 -0.376991 1 -0.376991 -1 -0.282743 -1 -0.376991 1 -0.376991 -1 -0.376991 1 -0.471239 1 -0.471239 -1 -0.376991 -1 -0.471239 1 -0.471239 -1 -0.471239 1 -0.565487 1 -0.565487 -1 -0.471239 -1 -0.565487 1 -0.565487 -1 -0.565487 1 -0.659734 1 -0.659734 -1 -0.565487 -1 -0.659734 1 -0.659734 -1 -0.659734 1 -0.753982 1 -0.753982 -1 -0.659734 -1 -0.753982 1 -0.753982 -1 -0.753982 1 -0.84823 1 -0.84823 -1 -0.753982 -1 -0.84823 1 -0.84823 -1 -0.84823 1 -0.942478 1 -0.942478 -1 -0.84823 -1 -0.942478 1 -0.942478 -1 -0.942478 1 -1.036726 1 -1.036726 -1 -0.942478 -1 -1.036726 1 0 -1 0 1 -0.09424799 1 -0.09424799 -1 0 -1 -0.09424799 1 -0.09424799 -1 -0.09424799 1 -0.1884959 1 -0.1884959 -1 -0.09424799 -1 -0.1884959 1 -0.1884959 -1 -0.1884959 1 -0.282743 1 -0.282743 -1 -0.1884959 -1 -0.282743 1 -0.282743 -1 -0.282743 1 -0.376991 1 -0.376991 -1 -0.282743 -1 -0.376991 1 -0.376991 -1 -0.376991 1 -0.471239 1 -0.471239 -1 -0.376991 -1 -0.471239 1 -0.471239 -1 -0.471239 1 -0.565487 1 -0.565487 -1 -0.471239 -1 -0.565487 1 -0.565487 -1 -0.565487 1 -0.659734 1 -0.659734 -1 -0.565487 -1 -0.659734 1 -0.659734 -1 -0.659734 1 -0.753982 1 -0.753982 -1 -0.659734 -1 -0.753982 1 -0.753982 -1 -0.753982 1 -0.84823 1 -0.84823 -1 -0.753982 -1 -0.84823 1 -0.84823 -1 -0.84823 1 -0.942478 1 -0.942478 -1 -0.84823 -1 -0.942478 1 -0.942478 -1 -0.942478 1 -1.036726 1 -1.036726 -1 -0.942478 -1 -1.036726 1 0 -1 0 1 -0.09424799 1 -0.09424799 -1 0 -1 -0.09424799 1 -0.09424799 -1 -0.09424799 1 -0.1884959 1 -0.1884959 -1 -0.09424799 -1 -0.1884959 1 -0.1884959 -1 -0.1884959 1 -0.282743 1 -0.282743 -1 -0.1884959 -1 -0.282743 1 -0.282743 -1 -0.282743 1 -0.376991 1 -0.376991 -1 -0.282743 -1 -0.376991 1 -0.376991 -1 -0.376991 1 -0.471239 1 -0.471239 -1 -0.376991 -1 -0.471239 1 -0.471239 -1 -0.471239 1 -0.565487 1 -0.565487 -1 -0.471239 -1 -0.565487 1 -0.565487 -1 -0.565487 1 -0.659734 1 -0.659734 -1 -0.565487 -1 -0.659734 1 -0.659734 -1 -0.659734 1 -0.753982 1 -0.753982 -1 -0.659734 -1 -0.753982 1 -0.753982 -1 -0.753982 1 -0.84823 1 -0.84823 -1 -0.753982 -1 -0.84823 1 -0.84823 -1 -0.84823 1 -0.942478 1 -0.942478 -1 -0.84823 -1 -0.942478 1 -0.942478 -1 -0.942478 1 -1.036726 1 -1.036726 -1 -0.942478 -1 -1.036726 1 0 -1 0 1 -0.09424799 1 -0.09424799 -1 0 -1 -0.09424799 1 -0.09424799 -1 -0.09424799 1 -0.1884959 1 -0.1884959 -1 -0.09424799 -1 -0.1884959 1 -0.1884959 -1 -0.1884959 1 -0.282743 1 -0.282743 -1 -0.1884959 -1 -0.282743 1 -0.282743 -1 -0.282743 1 -0.376991 1 -0.376991 -1 -0.282743 -1 -0.376991 1 -0.376991 -1 -0.376991 1 -0.471239 1 -0.471239 -1 -0.376991 -1 -0.471239 1 -0.471239 -1 -0.471239 1 -0.565487 1 -0.565487 -1 -0.471239 -1 -0.565487 1 -0.565487 -1 -0.565487 1 -0.659734 1 -0.659734 -1 -0.565487 -1 -0.659734 1 -0.659734 -1 -0.659734 1 -0.753982 1 -0.753982 -1 -0.659734 -1 -0.753982 1 -0.753982 -1 -0.753982 1 -0.84823 1 -0.84823 -1 -0.753982 -1 -0.84823 1 -0.84823 -1 -0.84823 1 -0.942478 1 -0.942478 -1 -0.84823 -1 -0.942478 1 -0.942478 -1 -0.942478 1 -1.036726 1 -1.036726 -1 -0.942478 -1 -1.036726 0.131246 0.19278 -0.01458299 0.1784999 0.131246 0.17493 0.131246 -0.16422 -0.01458299 -0.1784999 0.131246 -0.18207 0.131246 -0.12852 -0.01458299 -0.1428 0.131246 -0.1463699 0.131246 -0.09281998 -0.01458299 -0.1071 0.131246 -0.11067 0.131246 -0.05711996 -0.01458299 -0.07139998 0.131246 -0.07497 0.131246 -0.18207 -0.01458299 -0.19635 0.131246 -0.1999199 0.131246 -0.03926998 -0.01458299 -0.05355 0.131246 -0.05711996 0.131246 -0.07497 -0.01458299 -0.08924996 0.131246 -0.09281998 0.131246 -0.11067 -0.01458299 -0.12495 0.131246 -0.12852 0.131246 -0.1463699 -0.01458299 -0.16065 0.131246 -0.16422 -0.01458299 0.16065 0.131246 0.1570799 0.131246 0.17493 0.131246 0.19278 -0.01458299 0.1784999 0.131246 0.17493 0.131246 -0.16422 -0.01458299 -0.1784999 0.131246 -0.18207 0.131246 -0.12852 -0.01458299 -0.1428 0.131246 -0.1463699 0.131246 -0.09281998 -0.01458299 -0.1071 0.131246 -0.11067 0.131246 -0.05711996 -0.01458299 -0.07139998 0.131246 -0.07497 0.131246 -0.18207 -0.01458299 -0.19635 0.131246 -0.1999199 0.131246 -0.03926998 -0.01458299 -0.05355 0.131246 -0.05711996 0.131246 -0.07497 -0.01458299 -0.08924996 0.131246 -0.09281998 0.131246 -0.11067 -0.01458299 -0.12495 0.131246 -0.12852 0.131246 -0.1463699 -0.01458299 -0.16065 0.131246 -0.16422 -0.01458299 0.16065 0.131246 0.1570799 0.131246 0.17493 0.131246 0.19278 -0.01458299 0.1784999 0.131246 0.17493 0.131246 -0.16422 -0.01458299 -0.1784999 0.131246 -0.18207 0.131246 -0.12852 -0.01458299 -0.1428 0.131246 -0.1463699 0.131246 -0.09281998 -0.01458299 -0.1071 0.131246 -0.11067 0.131246 -0.05711996 -0.01458299 -0.07139998 0.131246 -0.07497 0.131246 -0.18207 -0.01458299 -0.19635 0.131246 -0.1999199 0.131246 -0.03926998 -0.01458299 -0.05355 0.131246 -0.05711996 0.131246 -0.07497 -0.01458299 -0.08924996 0.131246 -0.09281998 0.131246 -0.11067 -0.01458299 -0.12495 0.131246 -0.12852 0.131246 -0.1463699 -0.01458299 -0.16065 0.131246 -0.16422 -0.01458299 0.16065 0.131246 0.1570799 0.131246 0.17493 0.131246 0.19278 -0.01458299 0.1784999 0.131246 0.17493 0.131246 -0.16422 -0.01458299 -0.1784999 0.131246 -0.18207 0.131246 -0.12852 -0.01458299 -0.1428 0.131246 -0.1463699 0.131246 -0.09281998 -0.01458299 -0.1071 0.131246 -0.11067 0.131246 -0.05711996 -0.01458299 -0.07139998 0.131246 -0.07497 0.131246 -0.18207 -0.01458299 -0.19635 0.131246 -0.1999199 0.131246 -0.03926998 -0.01458299 -0.05355 0.131246 -0.05711996 0.131246 -0.07497 -0.01458299 -0.08924996 0.131246 -0.09281998 0.131246 -0.11067 -0.01458299 -0.12495 0.131246 -0.12852 0.131246 -0.1463699 -0.01458299 -0.16065 0.131246 -0.16422 -0.01458299 0.16065 0.131246 0.1570799 0.131246 0.17493 0.131246 0.19278 -0.01458299 0.1784999 0.131246 0.17493 0.131246 -0.16422 -0.01458299 -0.1784999 0.131246 -0.18207 0.131246 -0.12852 -0.01458299 -0.1428 0.131246 -0.1463699 0.131246 -0.09281998 -0.01458299 -0.1071 0.131246 -0.11067 0.131246 -0.05711996 -0.01458299 -0.07139998 0.131246 -0.07497 0.131246 -0.18207 -0.01458299 -0.19635 0.131246 -0.1999199 0.131246 -0.03926998 -0.01458299 -0.05355 0.131246 -0.05711996 0.131246 -0.07497 -0.01458299 -0.08924996 0.131246 -0.09281998 0.131246 -0.11067 -0.01458299 -0.12495 0.131246 -0.12852 0.131246 -0.1463699 -0.01458299 -0.16065 0.131246 -0.16422 -0.01458299 0.16065 0.131246 0.1570799 0.131246 0.17493 0.131246 0.19278 -0.01458299 0.1784999 0.131246 0.17493 0.131246 -0.16422 -0.01458299 -0.1784999 0.131246 -0.18207 0.131246 -0.12852 -0.01458299 -0.1428 0.131246 -0.1463699 0.131246 -0.09281998 -0.01458299 -0.1071 0.131246 -0.11067 0.131246 -0.05711996 -0.01458299 -0.07139998 0.131246 -0.07497 0.131246 -0.18207 -0.01458299 -0.19635 0.131246 -0.1999199 0.131246 -0.03926998 -0.01458299 -0.05355 0.131246 -0.05711996 0.131246 -0.07497 -0.01458299 -0.08924996 0.131246 -0.09281998 0.131246 -0.11067 -0.01458299 -0.12495 0.131246 -0.12852 0.131246 -0.1463699 -0.01458299 -0.16065 0.131246 -0.16422 -0.01458299 0.16065 0.131246 0.1570799 0.131246 0.17493 0.131246 0.19278 -0.01458299 0.1784999 0.131246 0.17493 0.131246 -0.16422 -0.01458299 -0.1784999 0.131246 -0.18207 0.131246 -0.12852 -0.01458299 -0.1428 0.131246 -0.1463699 0.131246 -0.09281998 -0.01458299 -0.1071 0.131246 -0.11067 0.131246 -0.05711996 -0.01458299 -0.07139998 0.131246 -0.07497 0.131246 -0.18207 -0.01458299 -0.19635 0.131246 -0.1999199 0.131246 -0.03926998 -0.01458299 -0.05355 0.131246 -0.05711996 0.131246 -0.07497 -0.01458299 -0.08924996 0.131246 -0.09281998 0.131246 -0.11067 -0.01458299 -0.12495 0.131246 -0.12852 0.131246 -0.1463699 -0.01458299 -0.16065 0.131246 -0.16422 -0.01458299 0.16065 0.131246 0.1570799 0.131246 0.17493 0.131246 0.19278 -0.01458299 0.1784999 0.131246 0.17493 0.131246 -0.16422 -0.01458299 -0.1784999 0.131246 -0.18207 0.131246 -0.12852 -0.01458299 -0.1428 0.131246 -0.1463699 0.131246 -0.09281998 -0.01458299 -0.1071 0.131246 -0.11067 0.131246 -0.05711996 -0.01458299 -0.07139998 0.131246 -0.07497 0.131246 -0.18207 -0.01458299 -0.19635 0.131246 -0.1999199 0.131246 -0.03926998 -0.01458299 -0.05355 0.131246 -0.05711996 0.131246 -0.07497 -0.01458299 -0.08924996 0.131246 -0.09281998 0.131246 -0.11067 -0.01458299 -0.12495 0.131246 -0.12852 0.131246 -0.1463699 -0.01458299 -0.16065 0.131246 -0.16422 -0.01458299 0.16065 0.131246 0.1570799 0.131246 0.17493 0.131246 0.19278 -0.01458299 0.1784999 0.131246 0.17493 0.131246 -0.16422 -0.01458299 -0.1784999 0.131246 -0.18207 0.131246 -0.12852 -0.01458299 -0.1428 0.131246 -0.1463699 0.131246 -0.09281998 -0.01458299 -0.1071 0.131246 -0.11067 0.131246 -0.05711996 -0.01458299 -0.07139998 0.131246 -0.07497 0.131246 -0.18207 -0.01458299 -0.19635 0.131246 -0.1999199 0.131246 -0.03926998 -0.01458299 -0.05355 0.131246 -0.05711996 0.131246 -0.07497 -0.01458299 -0.08924996 0.131246 -0.09281998 0.131246 -0.11067 -0.01458299 -0.12495 0.131246 -0.12852 0.131246 -0.1463699 -0.01458299 -0.16065 0.131246 -0.16422 -0.01458299 0.16065 0.131246 0.1570799 0.131246 0.17493 0.131246 0.19278 -0.01458299 0.1784999 0.131246 0.17493 0.131246 -0.16422 -0.01458299 -0.1784999 0.131246 -0.18207 0.131246 -0.12852 -0.01458299 -0.1428 0.131246 -0.1463699 0.131246 -0.09281998 -0.01458299 -0.1071 0.131246 -0.11067 0.131246 -0.05711996 -0.01458299 -0.07139998 0.131246 -0.07497 0.131246 -0.18207 -0.01458299 -0.19635 0.131246 -0.1999199 0.131246 -0.03926998 -0.01458299 -0.05355 0.131246 -0.05711996 0.131246 -0.07497 -0.01458299 -0.08924996 0.131246 -0.09281998 0.131246 -0.11067 -0.01458299 -0.12495 0.131246 -0.12852 0.131246 -0.1463699 -0.01458299 -0.16065 0.131246 -0.16422 -0.01458299 0.16065 0.131246 0.1570799 0.131246 0.17493 0.131246 0.19278 -0.01458299 0.1784999 0.131246 0.17493 0.131246 -0.16422 -0.01458299 -0.1784999 0.131246 -0.18207 0.131246 -0.12852 -0.01458299 -0.1428 0.131246 -0.1463699 0.131246 -0.09281998 -0.01458299 -0.1071 0.131246 -0.11067 0.131246 -0.05711996 -0.01458299 -0.07139998 0.131246 -0.07497 0.131246 -0.18207 -0.01458299 -0.19635 0.131246 -0.1999199 0.131246 -0.03926998 -0.01458299 -0.05355 0.131246 -0.05711996 0.131246 -0.07497 -0.01458299 -0.08924996 0.131246 -0.09281998 0.131246 -0.11067 -0.01458299 -0.12495 0.131246 -0.12852 0.131246 -0.1463699 -0.01458299 -0.16065 0.131246 -0.16422 -0.01458299 0.16065 0.131246 0.1570799 0.131246 0.17493 0.131246 0.19278 -0.01458299 0.1784999 0.131246 0.17493 0.131246 -0.16422 -0.01458299 -0.1784999 0.131246 -0.18207 0.131246 -0.12852 -0.01458299 -0.1428 0.131246 -0.1463699 0.131246 -0.09281998 -0.01458299 -0.1071 0.131246 -0.11067 0.131246 -0.05711996 -0.01458299 -0.07139998 0.131246 -0.07497 0.131246 -0.18207 -0.01458299 -0.19635 0.131246 -0.1999199 0.131246 -0.03926998 -0.01458299 -0.05355 0.131246 -0.05711996 0.131246 -0.07497 -0.01458299 -0.08924996 0.131246 -0.09281998 0.131246 -0.11067 -0.01458299 -0.12495 0.131246 -0.12852 0.131246 -0.1463699 -0.01458299 -0.16065 0.131246 -0.16422 -0.01458299 0.16065 0.131246 0.1570799 0.131246 0.17493 2.25 0 -2.25 0 2.25 -0.850078 2.25 -0.850078 -2.25 0 -2.25 -0.850078 2.25 -0.850078 -2.25 -0.850078 2.25 -1.700156 2.25 -1.700156 -2.25 -0.850078 -2.25 -1.700156 2.25 -1.700156 -2.25 -1.700156 2.25 -2.550234 2.25 -2.550234 -2.25 -1.700156 -2.25 -2.550234 2.25 -2.550234 -2.25 -2.550234 2.25 -3.400312 2.25 -3.400312 -2.25 -2.550234 -2.25 -3.400312 2.25 -3.400312 -2.25 -3.400312 2.25 -4.25039 2.25 -4.25039 -2.25 -3.400312 -2.25 -4.25039 2.25 -4.25039 -2.25 -4.25039 2.25 -5.100468 2.25 -5.100468 -2.25 -4.25039 -2.25 -5.100468 2.25 -5.100468 -2.25 -5.100468 2.25 -5.950546 2.25 -5.950546 -2.25 -5.100468 -2.25 -5.950546 2.25 -5.950546 -2.25 -5.950546 2.25 -6.800624 2.25 -6.800624 -2.25 -5.950546 -2.25 -6.800624 2.25 -6.800624 -2.25 -6.800624 2.25 -7.650702 2.25 -7.650702 -2.25 -6.800624 -2.25 -7.650702 2.25 -7.650702 -2.25 -7.650702 2.25 -8.500781 2.25 -8.500781 -2.25 -7.650702 -2.25 -8.500781 2.25 -8.500781 -2.25 -8.500781 2.25 -9.350858 2.25 -9.350858 -2.25 -8.500781 -2.25 -9.350858 2.25 -9.350858 -2.25 -9.350858 2.25 -10.20094 2.25 -10.20094 -2.25 -9.350858 -2.25 -10.20094 2.25 -10.20094 -2.25 -10.20094 2.25 -11.05101 2.25 -11.05101 -2.25 -10.20094 -2.25 -11.05101 2.25 -11.05101 -2.25 -11.05101 2.25 -11.90109 2.25 -11.90109 -2.25 -11.05101 -2.25 -11.90109 2.25 -11.90109 -2.25 -11.90109 2.25 -12.75117 2.25 -12.75117 -2.25 -11.90109 -2.25 -12.75117 2.25 -12.75117 -2.25 -12.75117 2.25 -13.60125 2.25 -13.60125 -2.25 -12.75117 -2.25 -13.60125 2.25 -13.60125 -2.25 -13.60125 2.25 -14.45133 2.25 -14.45133 -2.25 -13.60125 -2.25 -14.45133 -2.25 0 2.25 0 -2.25 0.797221 -2.25 0.797221 2.25 0 2.25 0.850078 -2.25 0.797221 2.25 0.850078 -2.25 1.594442 -2.25 1.594442 2.25 0.850078 2.25 1.700156 -2.25 1.594442 2.25 1.700156 -2.25 2.391663 -2.25 2.391663 2.25 1.700156 2.25 2.550234 -2.25 2.391663 2.25 2.550234 -2.25 3.188883 -2.25 3.188883 2.25 2.550234 2.25 3.400312 -2.25 3.188883 2.25 3.400312 -2.25 3.986104 -2.25 3.986104 2.25 3.400312 2.25 4.25039 -2.25 3.986104 2.25 4.25039 -2.25 4.783325 -2.25 4.783325 2.25 4.25039 2.25 5.100468 -2.25 4.783325 2.25 5.100468 -2.25 5.580546 -2.25 5.580546 2.25 5.100468 2.25 5.950546 -2.25 5.580546 2.25 5.950546 -2.25 6.377767 -2.25 6.377767 2.25 5.950546 2.25 6.800624 -2.25 6.377767 2.25 6.800624 -2.25 7.174987 -2.25 7.174987 2.25 6.800624 2.25 7.650702 -2.25 7.174987 2.25 7.650702 -2.25 7.972208 -2.25 7.972208 2.25 7.650702 2.25 8.500781 -2.25 7.972208 2.25 8.500781 -2.25 8.76943 -2.25 8.76943 2.25 8.500781 -2 8.76943 -2 8.76943 2.25 8.500781 2.25 9.350858 -2 8.76943 2.25 9.350858 -2 9.258546 -2 9.258546 2.25 9.350858 -2 9.747663 -2 9.747663 2.25 9.350858 2.25 10.20094 -2 9.747663 2.25 10.20094 -2 10.23678 -2 10.23678 2.25 10.20094 -1.55 10.23678 -1.55 10.23678 2.25 10.20094 -1.434562 10.24825 -1.434562 10.24825 2.25 10.20094 -1.320272 10.28287 -1.320272 10.28287 2.25 10.20094 -1.215251 10.33977 -1.215251 10.33977 2.25 10.20094 -1.125738 10.41362 -1.125738 10.41362 2.25 10.20094 -1.052257 10.50344 -1.052257 10.50344 2.25 10.20094 -0.995722 10.60867 -0.995722 10.60867 2.25 10.20094 2.25 11.05101 -0.995722 10.60867 2.25 11.05101 -0.961375 10.72304 -0.961375 10.72304 2.25 11.05101 -0.95 10.83849 -0.95 10.83849 2.25 11.05101 -0.961375 10.95395 -0.961375 10.95395 2.25 11.05101 -0.995722 11.06832 -0.995722 11.06832 2.25 11.05101 -1.052257 11.17354 -1.052257 11.17354 2.25 11.05101 -1.125738 11.26336 -1.125738 11.26336 2.25 11.05101 -1.215251 11.33722 -1.215251 11.33722 2.25 11.05101 -1.320272 11.39412 -1.320272 11.39412 2.25 11.05101 -1.434562 11.42874 -1.434562 11.42874 2.25 11.05101 2.25 11.90109 -1.434562 11.42874 2.25 11.90109 -1.55 11.44021 -1.55 11.44021 2.25 11.90109 -2 11.92933 -1.55 11.44021 -2 11.92933 -2 11.44021 -2 11.92933 2.25 11.90109 -2 12.41844 -2 12.41844 2.25 11.90109 2.25 12.75117 -2 12.41844 2.25 12.75117 -2 12.90756 -2 12.90756 2.25 12.75117 -2.25 13.42215 -2 12.90756 -2.25 13.42215 -2.25 12.90756 2.25 12.75117 2.25 13.60125 -2.25 13.42215 -2.25 13.42215 2.25 13.60125 -2.25 13.93674 -2.25 13.93674 2.25 13.60125 2.25 14.45133 -2.25 13.93674 2.25 14.45133 -2.25 14.45133 4.521676 -5.500448 4.6 -4.6552 3.5 -4.6552 3.5 -4.6552 4.6 -4.6552 4.521676 -3.809952 3.5 -4.6552 4.521676 -3.809952 3.423517 -3.927509 3.423517 -3.927509 4.521676 -3.809952 4.289372 -2.993488 3.423517 -3.927509 4.289372 -2.993488 3.197409 -3.231622 3.197409 -3.231622 4.289372 -2.993488 3.910999 -2.233612 3.197409 -3.231622 3.910999 -2.233612 2.831559 -2.597952 2.831559 -2.597952 3.910999 -2.233612 3.399441 -1.5562 2.831559 -2.597952 3.399441 -1.5562 2.341957 -2.054193 2.341957 -2.054193 3.399441 -1.5562 2.772119 -0.984321 2.341957 -2.054193 2.772119 -0.984321 1.75 -1.624111 1.75 -1.624111 2.772119 -0.984321 2.050396 -0.537449 1.75 -1.624111 2.050396 -0.537449 1.08156 -1.326502 1.08156 -1.326502 2.050396 -0.537449 1.25885 -0.2308019 1.08156 -1.326502 1.25885 -0.2308019 0.36585 -1.174373 0.36585 -1.174373 1.25885 -0.2308019 0.424434 -0.07482296 0.36585 -1.174373 0.424434 -0.07482296 -0.424434 -0.07482296 0.36585 -1.174373 -0.424434 -0.07482296 -0.36585 -1.174373 -0.36585 -1.174373 -0.424434 -0.07482296 -1.25885 -0.2308019 -0.36585 -1.174373 -1.25885 -0.2308019 -1.08156 -1.326502 -1.08156 -1.326502 -1.25885 -0.2308019 -2.050396 -0.537449 -1.08156 -1.326502 -2.050396 -0.537449 -1.75 -1.624111 -1.75 -1.624111 -2.050396 -0.537449 -2.772119 -0.984321 -1.75 -1.624111 -2.772119 -0.984321 -2.341957 -2.054193 -2.341957 -2.054193 -2.772119 -0.984321 -3.399441 -1.5562 -2.341957 -2.054193 -3.399441 -1.5562 -2.831559 -2.597952 -2.831559 -2.597952 -3.399441 -1.5562 -3.910999 -2.233612 -2.831559 -2.597952 -3.910999 -2.233612 -3.197409 -3.231622 -3.197409 -3.231622 -3.910999 -2.233612 -4.289372 -2.993488 -3.197409 -3.231622 -4.289372 -2.993488 -3.423517 -3.927509 -3.423517 -3.927509 -4.289372 -2.993488 -4.521676 -3.809952 -3.423517 -3.927509 -4.521676 -3.809952 -3.5 -4.6552 -3.5 -4.6552 -4.521676 -3.809952 -4.6 -4.6552 -3.5 -4.6552 -4.6 -4.6552 -4.521676 -5.500448 -3.5 -4.6552 -4.521676 -5.500448 -3.423517 -5.382891 -3.423517 -5.382891 -4.521676 -5.500448 -4.289372 -6.316912 -3.423517 -5.382891 -4.289372 -6.316912 -3.197409 -6.078778 -3.197409 -6.078778 -4.289372 -6.316912 -3.910999 -7.076788 -3.197409 -6.078778 -3.910999 -7.076788 -2.831559 -6.712449 -2.831559 -6.712449 -3.910999 -7.076788 -3.399441 -7.7542 -2.831559 -6.712449 -3.399441 -7.7542 -2.341957 -7.256207 -2.341957 -7.256207 -3.399441 -7.7542 -2.772119 -8.32608 -2.341957 -7.256207 -2.772119 -8.32608 -1.75 -7.686289 -1.75 -7.686289 -2.772119 -8.32608 -2.050396 -8.772952 -1.75 -7.686289 -2.050396 -8.772952 -1.08156 -7.983898 -1.08156 -7.983898 -2.050396 -8.772952 -1.25885 -9.079599 -1.08156 -7.983898 -1.25885 -9.079599 -0.36585 -8.136027 -0.36585 -8.136027 -1.25885 -9.079599 -0.424434 -9.235578 -0.36585 -8.136027 -0.424434 -9.235578 0.424434 -9.235578 -0.36585 -8.136027 0.424434 -9.235578 0.36585 -8.136027 0.36585 -8.136027 0.424434 -9.235578 1.25885 -9.079599 0.36585 -8.136027 1.25885 -9.079599 1.08156 -7.983898 1.08156 -7.983898 1.25885 -9.079599 2.050396 -8.772952 1.08156 -7.983898 2.050396 -8.772952 1.75 -7.686289 1.75 -7.686289 2.050396 -8.772952 2.772119 -8.32608 1.75 -7.686289 2.772119 -8.32608 2.341957 -7.256207 2.341957 -7.256207 2.772119 -8.32608 3.399441 -7.7542 2.341957 -7.256207 3.399441 -7.7542 2.831559 -6.712449 2.831559 -6.712449 3.399441 -7.7542 3.910999 -7.076788 2.831559 -6.712449 3.910999 -7.076788 3.197409 -6.078778 3.197409 -6.078778 3.910999 -7.076788 4.289372 -6.316912 3.197409 -6.078778 4.289372 -6.316912 3.423517 -5.382891 3.423517 -5.382891 4.289372 -6.316912 4.521676 -5.500448 3.423517 -5.382891 4.521676 -5.500448 3.5 -4.6552 0.131246 -0.00356996 -0.01458299 -0.01784998 0.131246 -0.02142 0.131246 0.03213 -0.01458299 0.01784998 0.131246 0.01427996 0.131246 0.06782996 -0.01458299 0.05355 0.131246 0.04997998 0.131246 0.10353 -0.01458299 0.08924996 0.131246 0.08568 0.131246 0.13923 -0.01458299 0.12495 0.131246 0.12138 0.131246 0.1570799 -0.01458299 0.1428 0.131246 0.13923 0.131246 0.12138 -0.01458299 0.1071 0.131246 0.10353 0.131246 0.08568 -0.01458299 0.07139998 0.131246 0.06782996 0.131246 0.04997998 -0.01458299 0.03569996 0.131246 0.03213 0.131246 0.01427996 -0.01458299 0 0.131246 -0.00356996 -0.01458299 -0.03569996 0.131246 -0.03926998 0.131246 -0.02142 -0.54 0 0.54 0 -0.54 0.03569996 -0.54 0.03569996 0.54 0 0.54 0.03569996 -0.54 0.03569996 0.54 0.03569996 -0.54 0.07139998 -0.54 0.07139998 0.54 0.03569996 0.54 0.07139998 -0.54 0.07139998 0.54 0.07139998 -0.54 0.1071 -0.54 0.1071 0.54 0.07139998 0.54 0.1071 -0.54 0.1071 0.54 0.1071 -0.54 0.1428 -0.54 0.1428 0.54 0.1071 0.54 0.1428 -0.54 0.1428 0.54 0.1428 -0.54 0.1784999 -0.54 0.1784999 0.54 0.1428 0.54 0.1784999 -0.54 0.1784999 0.54 0.1784999 -0.54 0.214199 -0.54 0.214199 0.54 0.1784999 0.54 0.214199 -0.54 0.214199 0.54 0.214199 -0.54 0.249899 -0.54 0.249899 0.54 0.214199 0.54 0.249899 -0.54 0.249899 0.54 0.249899 -0.54 0.285599 -0.54 0.285599 0.54 0.249899 0.54 0.285599 -0.54 0.285599 0.54 0.285599 -0.54 0.321299 -0.54 0.321299 0.54 0.285599 0.54 0.321299 -0.54 0.321299 0.54 0.321299 -0.54 0.356999 -0.54 0.356999 0.54 0.321299 0.54 0.356999 -0.54 0.356999 0.54 0.356999 -0.54 0.392699 -0.54 0.392699 0.54 0.356999 0.54 0.392699 0.131246 -0.00356996 -0.01458299 -0.01784998 0.131246 -0.02142 0.131246 0.03213 -0.01458299 0.01784998 0.131246 0.01427996 0.131246 0.06782996 -0.01458299 0.05355 0.131246 0.04997998 0.131246 0.10353 -0.01458299 0.08924996 0.131246 0.08568 0.131246 0.13923 -0.01458299 0.12495 0.131246 0.12138 0.131246 0.1570799 -0.01458299 0.1428 0.131246 0.13923 0.131246 0.12138 -0.01458299 0.1071 0.131246 0.10353 0.131246 0.08568 -0.01458299 0.07139998 0.131246 0.06782996 0.131246 0.04997998 -0.01458299 0.03569996 0.131246 0.03213 0.131246 0.01427996 -0.01458299 0 0.131246 -0.00356996 -0.01458299 -0.03569996 0.131246 -0.03926998 0.131246 -0.02142 -0.54 0 0.54 0 -0.54 0.03569996 -0.54 0.03569996 0.54 0 0.54 0.03569996 -0.54 0.03569996 0.54 0.03569996 -0.54 0.07139998 -0.54 0.07139998 0.54 0.03569996 0.54 0.07139998 -0.54 0.07139998 0.54 0.07139998 -0.54 0.1071 -0.54 0.1071 0.54 0.07139998 0.54 0.1071 -0.54 0.1071 0.54 0.1071 -0.54 0.1428 -0.54 0.1428 0.54 0.1071 0.54 0.1428 -0.54 0.1428 0.54 0.1428 -0.54 0.1784999 -0.54 0.1784999 0.54 0.1428 0.54 0.1784999 -0.54 0.1784999 0.54 0.1784999 -0.54 0.214199 -0.54 0.214199 0.54 0.1784999 0.54 0.214199 -0.54 0.214199 0.54 0.214199 -0.54 0.249899 -0.54 0.249899 0.54 0.214199 0.54 0.249899 -0.54 0.249899 0.54 0.249899 -0.54 0.285599 -0.54 0.285599 0.54 0.249899 0.54 0.285599 -0.54 0.285599 0.54 0.285599 -0.54 0.321299 -0.54 0.321299 0.54 0.285599 0.54 0.321299 -0.54 0.321299 0.54 0.321299 -0.54 0.356999 -0.54 0.356999 0.54 0.321299 0.54 0.356999 -0.54 0.356999 0.54 0.356999 -0.54 0.392699 -0.54 0.392699 0.54 0.356999 0.54 0.392699 0.131246 -0.00356996 -0.01458299 -0.01784998 0.131246 -0.02142 0.131246 0.03213 -0.01458299 0.01784998 0.131246 0.01427996 0.131246 0.06782996 -0.01458299 0.05355 0.131246 0.04997998 0.131246 0.10353 -0.01458299 0.08924996 0.131246 0.08568 0.131246 0.13923 -0.01458299 0.12495 0.131246 0.12138 0.131246 0.1570799 -0.01458299 0.1428 0.131246 0.13923 0.131246 0.12138 -0.01458299 0.1071 0.131246 0.10353 0.131246 0.08568 -0.01458299 0.07139998 0.131246 0.06782996 0.131246 0.04997998 -0.01458299 0.03569996 0.131246 0.03213 0.131246 0.01427996 -0.01458299 0 0.131246 -0.00356996 -0.01458299 -0.03569996 0.131246 -0.03926998 0.131246 -0.02142 -0.54 0 0.54 0 -0.54 0.03569996 -0.54 0.03569996 0.54 0 0.54 0.03569996 -0.54 0.03569996 0.54 0.03569996 -0.54 0.07139998 -0.54 0.07139998 0.54 0.03569996 0.54 0.07139998 -0.54 0.07139998 0.54 0.07139998 -0.54 0.1071 -0.54 0.1071 0.54 0.07139998 0.54 0.1071 -0.54 0.1071 0.54 0.1071 -0.54 0.1428 -0.54 0.1428 0.54 0.1071 0.54 0.1428 -0.54 0.1428 0.54 0.1428 -0.54 0.1784999 -0.54 0.1784999 0.54 0.1428 0.54 0.1784999 -0.54 0.1784999 0.54 0.1784999 -0.54 0.214199 -0.54 0.214199 0.54 0.1784999 0.54 0.214199 -0.54 0.214199 0.54 0.214199 -0.54 0.249899 -0.54 0.249899 0.54 0.214199 0.54 0.249899 -0.54 0.249899 0.54 0.249899 -0.54 0.285599 -0.54 0.285599 0.54 0.249899 0.54 0.285599 -0.54 0.285599 0.54 0.285599 -0.54 0.321299 -0.54 0.321299 0.54 0.285599 0.54 0.321299 -0.54 0.321299 0.54 0.321299 -0.54 0.356999 -0.54 0.356999 0.54 0.321299 0.54 0.356999 -0.54 0.356999 0.54 0.356999 -0.54 0.392699 -0.54 0.392699 0.54 0.356999 0.54 0.392699 0.131246 -0.00356996 -0.01458299 -0.01784998 0.131246 -0.02142 0.131246 0.03213 -0.01458299 0.01784998 0.131246 0.01427996 0.131246 0.06782996 -0.01458299 0.05355 0.131246 0.04997998 0.131246 0.10353 -0.01458299 0.08924996 0.131246 0.08568 0.131246 0.13923 -0.01458299 0.12495 0.131246 0.12138 0.131246 0.1570799 -0.01458299 0.1428 0.131246 0.13923 0.131246 0.12138 -0.01458299 0.1071 0.131246 0.10353 0.131246 0.08568 -0.01458299 0.07139998 0.131246 0.06782996 0.131246 0.04997998 -0.01458299 0.03569996 0.131246 0.03213 0.131246 0.01427996 -0.01458299 0 0.131246 -0.00356996 -0.01458299 -0.03569996 0.131246 -0.03926998 0.131246 -0.02142 -0.54 0 0.54 0 -0.54 0.03569996 -0.54 0.03569996 0.54 0 0.54 0.03569996 -0.54 0.03569996 0.54 0.03569996 -0.54 0.07139998 -0.54 0.07139998 0.54 0.03569996 0.54 0.07139998 -0.54 0.07139998 0.54 0.07139998 -0.54 0.1071 -0.54 0.1071 0.54 0.07139998 0.54 0.1071 -0.54 0.1071 0.54 0.1071 -0.54 0.1428 -0.54 0.1428 0.54 0.1071 0.54 0.1428 -0.54 0.1428 0.54 0.1428 -0.54 0.1784999 -0.54 0.1784999 0.54 0.1428 0.54 0.1784999 -0.54 0.1784999 0.54 0.1784999 -0.54 0.214199 -0.54 0.214199 0.54 0.1784999 0.54 0.214199 -0.54 0.214199 0.54 0.214199 -0.54 0.249899 -0.54 0.249899 0.54 0.214199 0.54 0.249899 -0.54 0.249899 0.54 0.249899 -0.54 0.285599 -0.54 0.285599 0.54 0.249899 0.54 0.285599 -0.54 0.285599 0.54 0.285599 -0.54 0.321299 -0.54 0.321299 0.54 0.285599 0.54 0.321299 -0.54 0.321299 0.54 0.321299 -0.54 0.356999 -0.54 0.356999 0.54 0.321299 0.54 0.356999 -0.54 0.356999 0.54 0.356999 -0.54 0.392699 -0.54 0.392699 0.54 0.356999 0.54 0.392699 0.131246 -0.00356996 -0.01458299 -0.01784998 0.131246 -0.02142 0.131246 0.03213 -0.01458299 0.01784998 0.131246 0.01427996 0.131246 0.06782996 -0.01458299 0.05355 0.131246 0.04997998 0.131246 0.10353 -0.01458299 0.08924996 0.131246 0.08568 0.131246 0.13923 -0.01458299 0.12495 0.131246 0.12138 0.131246 0.1570799 -0.01458299 0.1428 0.131246 0.13923 0.131246 0.12138 -0.01458299 0.1071 0.131246 0.10353 0.131246 0.08568 -0.01458299 0.07139998 0.131246 0.06782996 0.131246 0.04997998 -0.01458299 0.03569996 0.131246 0.03213 0.131246 0.01427996 -0.01458299 0 0.131246 -0.00356996 -0.01458299 -0.03569996 0.131246 -0.03926998 0.131246 -0.02142 -0.54 0 0.54 0 -0.54 0.03569996 -0.54 0.03569996 0.54 0 0.54 0.03569996 -0.54 0.03569996 0.54 0.03569996 -0.54 0.07139998 -0.54 0.07139998 0.54 0.03569996 0.54 0.07139998 -0.54 0.07139998 0.54 0.07139998 -0.54 0.1071 -0.54 0.1071 0.54 0.07139998 0.54 0.1071 -0.54 0.1071 0.54 0.1071 -0.54 0.1428 -0.54 0.1428 0.54 0.1071 0.54 0.1428 -0.54 0.1428 0.54 0.1428 -0.54 0.1784999 -0.54 0.1784999 0.54 0.1428 0.54 0.1784999 -0.54 0.1784999 0.54 0.1784999 -0.54 0.214199 -0.54 0.214199 0.54 0.1784999 0.54 0.214199 -0.54 0.214199 0.54 0.214199 -0.54 0.249899 -0.54 0.249899 0.54 0.214199 0.54 0.249899 -0.54 0.249899 0.54 0.249899 -0.54 0.285599 -0.54 0.285599 0.54 0.249899 0.54 0.285599 -0.54 0.285599 0.54 0.285599 -0.54 0.321299 -0.54 0.321299 0.54 0.285599 0.54 0.321299 -0.54 0.321299 0.54 0.321299 -0.54 0.356999 -0.54 0.356999 0.54 0.321299 0.54 0.356999 -0.54 0.356999 0.54 0.356999 -0.54 0.392699 -0.54 0.392699 0.54 0.356999 0.54 0.392699 0.131246 -0.00356996 -0.01458299 -0.01784998 0.131246 -0.02142 0.131246 0.03213 -0.01458299 0.01784998 0.131246 0.01427996 0.131246 0.06782996 -0.01458299 0.05355 0.131246 0.04997998 0.131246 0.10353 -0.01458299 0.08924996 0.131246 0.08568 0.131246 0.13923 -0.01458299 0.12495 0.131246 0.12138 0.131246 0.1570799 -0.01458299 0.1428 0.131246 0.13923 0.131246 0.12138 -0.01458299 0.1071 0.131246 0.10353 0.131246 0.08568 -0.01458299 0.07139998 0.131246 0.06782996 0.131246 0.04997998 -0.01458299 0.03569996 0.131246 0.03213 0.131246 0.01427996 -0.01458299 0 0.131246 -0.00356996 -0.01458299 -0.03569996 0.131246 -0.03926998 0.131246 -0.02142 -0.54 0 0.54 0 -0.54 0.03569996 -0.54 0.03569996 0.54 0 0.54 0.03569996 -0.54 0.03569996 0.54 0.03569996 -0.54 0.07139998 -0.54 0.07139998 0.54 0.03569996 0.54 0.07139998 -0.54 0.07139998 0.54 0.07139998 -0.54 0.1071 -0.54 0.1071 0.54 0.07139998 0.54 0.1071 -0.54 0.1071 0.54 0.1071 -0.54 0.1428 -0.54 0.1428 0.54 0.1071 0.54 0.1428 -0.54 0.1428 0.54 0.1428 -0.54 0.1784999 -0.54 0.1784999 0.54 0.1428 0.54 0.1784999 -0.54 0.1784999 0.54 0.1784999 -0.54 0.214199 -0.54 0.214199 0.54 0.1784999 0.54 0.214199 -0.54 0.214199 0.54 0.214199 -0.54 0.249899 -0.54 0.249899 0.54 0.214199 0.54 0.249899 -0.54 0.249899 0.54 0.249899 -0.54 0.285599 -0.54 0.285599 0.54 0.249899 0.54 0.285599 -0.54 0.285599 0.54 0.285599 -0.54 0.321299 -0.54 0.321299 0.54 0.285599 0.54 0.321299 -0.54 0.321299 0.54 0.321299 -0.54 0.356999 -0.54 0.356999 0.54 0.321299 0.54 0.356999 -0.54 0.356999 0.54 0.356999 -0.54 0.392699 -0.54 0.392699 0.54 0.356999 0.54 0.392699 0.131246 -0.00356996 -0.01458299 -0.01784998 0.131246 -0.02142 0.131246 0.03213 -0.01458299 0.01784998 0.131246 0.01427996 0.131246 0.06782996 -0.01458299 0.05355 0.131246 0.04997998 0.131246 0.10353 -0.01458299 0.08924996 0.131246 0.08568 0.131246 0.13923 -0.01458299 0.12495 0.131246 0.12138 0.131246 0.1570799 -0.01458299 0.1428 0.131246 0.13923 0.131246 0.12138 -0.01458299 0.1071 0.131246 0.10353 0.131246 0.08568 -0.01458299 0.07139998 0.131246 0.06782996 0.131246 0.04997998 -0.01458299 0.03569996 0.131246 0.03213 0.131246 0.01427996 -0.01458299 0 0.131246 -0.00356996 -0.01458299 -0.03569996 0.131246 -0.03926998 0.131246 -0.02142 -0.54 0 0.54 0 -0.54 0.03569996 -0.54 0.03569996 0.54 0 0.54 0.03569996 -0.54 0.03569996 0.54 0.03569996 -0.54 0.07139998 -0.54 0.07139998 0.54 0.03569996 0.54 0.07139998 -0.54 0.07139998 0.54 0.07139998 -0.54 0.1071 -0.54 0.1071 0.54 0.07139998 0.54 0.1071 -0.54 0.1071 0.54 0.1071 -0.54 0.1428 -0.54 0.1428 0.54 0.1071 0.54 0.1428 -0.54 0.1428 0.54 0.1428 -0.54 0.1784999 -0.54 0.1784999 0.54 0.1428 0.54 0.1784999 -0.54 0.1784999 0.54 0.1784999 -0.54 0.214199 -0.54 0.214199 0.54 0.1784999 0.54 0.214199 -0.54 0.214199 0.54 0.214199 -0.54 0.249899 -0.54 0.249899 0.54 0.214199 0.54 0.249899 -0.54 0.249899 0.54 0.249899 -0.54 0.285599 -0.54 0.285599 0.54 0.249899 0.54 0.285599 -0.54 0.285599 0.54 0.285599 -0.54 0.321299 -0.54 0.321299 0.54 0.285599 0.54 0.321299 -0.54 0.321299 0.54 0.321299 -0.54 0.356999 -0.54 0.356999 0.54 0.321299 0.54 0.356999 -0.54 0.356999 0.54 0.356999 -0.54 0.392699 -0.54 0.392699 0.54 0.356999 0.54 0.392699 0.131246 -0.00356996 -0.01458299 -0.01784998 0.131246 -0.02142 0.131246 0.03213 -0.01458299 0.01784998 0.131246 0.01427996 0.131246 0.06782996 -0.01458299 0.05355 0.131246 0.04997998 0.131246 0.10353 -0.01458299 0.08924996 0.131246 0.08568 0.131246 0.13923 -0.01458299 0.12495 0.131246 0.12138 0.131246 0.1570799 -0.01458299 0.1428 0.131246 0.13923 0.131246 0.12138 -0.01458299 0.1071 0.131246 0.10353 0.131246 0.08568 -0.01458299 0.07139998 0.131246 0.06782996 0.131246 0.04997998 -0.01458299 0.03569996 0.131246 0.03213 0.131246 0.01427996 -0.01458299 0 0.131246 -0.00356996 -0.01458299 -0.03569996 0.131246 -0.03926998 0.131246 -0.02142 -0.54 0 0.54 0 -0.54 0.03569996 -0.54 0.03569996 0.54 0 0.54 0.03569996 -0.54 0.03569996 0.54 0.03569996 -0.54 0.07139998 -0.54 0.07139998 0.54 0.03569996 0.54 0.07139998 -0.54 0.07139998 0.54 0.07139998 -0.54 0.1071 -0.54 0.1071 0.54 0.07139998 0.54 0.1071 -0.54 0.1071 0.54 0.1071 -0.54 0.1428 -0.54 0.1428 0.54 0.1071 0.54 0.1428 -0.54 0.1428 0.54 0.1428 -0.54 0.1784999 -0.54 0.1784999 0.54 0.1428 0.54 0.1784999 -0.54 0.1784999 0.54 0.1784999 -0.54 0.214199 -0.54 0.214199 0.54 0.1784999 0.54 0.214199 -0.54 0.214199 0.54 0.214199 -0.54 0.249899 -0.54 0.249899 0.54 0.214199 0.54 0.249899 -0.54 0.249899 0.54 0.249899 -0.54 0.285599 -0.54 0.285599 0.54 0.249899 0.54 0.285599 -0.54 0.285599 0.54 0.285599 -0.54 0.321299 -0.54 0.321299 0.54 0.285599 0.54 0.321299 -0.54 0.321299 0.54 0.321299 -0.54 0.356999 -0.54 0.356999 0.54 0.321299 0.54 0.356999 -0.54 0.356999 0.54 0.356999 -0.54 0.392699 -0.54 0.392699 0.54 0.356999 0.54 0.392699 0.131246 -0.00356996 -0.01458299 -0.01784998 0.131246 -0.02142 0.131246 0.03213 -0.01458299 0.01784998 0.131246 0.01427996 0.131246 0.06782996 -0.01458299 0.05355 0.131246 0.04997998 0.131246 0.10353 -0.01458299 0.08924996 0.131246 0.08568 0.131246 0.13923 -0.01458299 0.12495 0.131246 0.12138 0.131246 0.1570799 -0.01458299 0.1428 0.131246 0.13923 0.131246 0.12138 -0.01458299 0.1071 0.131246 0.10353 0.131246 0.08568 -0.01458299 0.07139998 0.131246 0.06782996 0.131246 0.04997998 -0.01458299 0.03569996 0.131246 0.03213 0.131246 0.01427996 -0.01458299 0 0.131246 -0.00356996 -0.01458299 -0.03569996 0.131246 -0.03926998 0.131246 -0.02142 -0.54 0 0.54 0 -0.54 0.03569996 -0.54 0.03569996 0.54 0 0.54 0.03569996 -0.54 0.03569996 0.54 0.03569996 -0.54 0.07139998 -0.54 0.07139998 0.54 0.03569996 0.54 0.07139998 -0.54 0.07139998 0.54 0.07139998 -0.54 0.1071 -0.54 0.1071 0.54 0.07139998 0.54 0.1071 -0.54 0.1071 0.54 0.1071 -0.54 0.1428 -0.54 0.1428 0.54 0.1071 0.54 0.1428 -0.54 0.1428 0.54 0.1428 -0.54 0.1784999 -0.54 0.1784999 0.54 0.1428 0.54 0.1784999 -0.54 0.1784999 0.54 0.1784999 -0.54 0.214199 -0.54 0.214199 0.54 0.1784999 0.54 0.214199 -0.54 0.214199 0.54 0.214199 -0.54 0.249899 -0.54 0.249899 0.54 0.214199 0.54 0.249899 -0.54 0.249899 0.54 0.249899 -0.54 0.285599 -0.54 0.285599 0.54 0.249899 0.54 0.285599 -0.54 0.285599 0.54 0.285599 -0.54 0.321299 -0.54 0.321299 0.54 0.285599 0.54 0.321299 -0.54 0.321299 0.54 0.321299 -0.54 0.356999 -0.54 0.356999 0.54 0.321299 0.54 0.356999 -0.54 0.356999 0.54 0.356999 -0.54 0.392699 -0.54 0.392699 0.54 0.356999 0.54 0.392699 0.131246 -0.00356996 -0.01458299 -0.01784998 0.131246 -0.02142 0.131246 0.03213 -0.01458299 0.01784998 0.131246 0.01427996 0.131246 0.06782996 -0.01458299 0.05355 0.131246 0.04997998 0.131246 0.10353 -0.01458299 0.08924996 0.131246 0.08568 0.131246 0.13923 -0.01458299 0.12495 0.131246 0.12138 0.131246 0.1570799 -0.01458299 0.1428 0.131246 0.13923 0.131246 0.12138 -0.01458299 0.1071 0.131246 0.10353 0.131246 0.08568 -0.01458299 0.07139998 0.131246 0.06782996 0.131246 0.04997998 -0.01458299 0.03569996 0.131246 0.03213 0.131246 0.01427996 -0.01458299 0 0.131246 -0.00356996 -0.01458299 -0.03569996 0.131246 -0.03926998 0.131246 -0.02142 -0.54 0 0.54 0 -0.54 0.03569996 -0.54 0.03569996 0.54 0 0.54 0.03569996 -0.54 0.03569996 0.54 0.03569996 -0.54 0.07139998 -0.54 0.07139998 0.54 0.03569996 0.54 0.07139998 -0.54 0.07139998 0.54 0.07139998 -0.54 0.1071 -0.54 0.1071 0.54 0.07139998 0.54 0.1071 -0.54 0.1071 0.54 0.1071 -0.54 0.1428 -0.54 0.1428 0.54 0.1071 0.54 0.1428 -0.54 0.1428 0.54 0.1428 -0.54 0.1784999 -0.54 0.1784999 0.54 0.1428 0.54 0.1784999 -0.54 0.1784999 0.54 0.1784999 -0.54 0.214199 -0.54 0.214199 0.54 0.1784999 0.54 0.214199 -0.54 0.214199 0.54 0.214199 -0.54 0.249899 -0.54 0.249899 0.54 0.214199 0.54 0.249899 -0.54 0.249899 0.54 0.249899 -0.54 0.285599 -0.54 0.285599 0.54 0.249899 0.54 0.285599 -0.54 0.285599 0.54 0.285599 -0.54 0.321299 -0.54 0.321299 0.54 0.285599 0.54 0.321299 -0.54 0.321299 0.54 0.321299 -0.54 0.356999 -0.54 0.356999 0.54 0.321299 0.54 0.356999 -0.54 0.356999 0.54 0.356999 -0.54 0.392699 -0.54 0.392699 0.54 0.356999 0.54 0.392699 0.131246 -0.00356996 -0.01458299 -0.01784998 0.131246 -0.02142 0.131246 0.03213 -0.01458299 0.01784998 0.131246 0.01427996 0.131246 0.06782996 -0.01458299 0.05355 0.131246 0.04997998 0.131246 0.10353 -0.01458299 0.08924996 0.131246 0.08568 0.131246 0.13923 -0.01458299 0.12495 0.131246 0.12138 0.131246 0.1570799 -0.01458299 0.1428 0.131246 0.13923 0.131246 0.12138 -0.01458299 0.1071 0.131246 0.10353 0.131246 0.08568 -0.01458299 0.07139998 0.131246 0.06782996 0.131246 0.04997998 -0.01458299 0.03569996 0.131246 0.03213 0.131246 0.01427996 -0.01458299 0 0.131246 -0.00356996 -0.01458299 -0.03569996 0.131246 -0.03926998 0.131246 -0.02142 -0.54 0 0.54 0 -0.54 0.03569996 -0.54 0.03569996 0.54 0 0.54 0.03569996 -0.54 0.03569996 0.54 0.03569996 -0.54 0.07139998 -0.54 0.07139998 0.54 0.03569996 0.54 0.07139998 -0.54 0.07139998 0.54 0.07139998 -0.54 0.1071 -0.54 0.1071 0.54 0.07139998 0.54 0.1071 -0.54 0.1071 0.54 0.1071 -0.54 0.1428 -0.54 0.1428 0.54 0.1071 0.54 0.1428 -0.54 0.1428 0.54 0.1428 -0.54 0.1784999 -0.54 0.1784999 0.54 0.1428 0.54 0.1784999 -0.54 0.1784999 0.54 0.1784999 -0.54 0.214199 -0.54 0.214199 0.54 0.1784999 0.54 0.214199 -0.54 0.214199 0.54 0.214199 -0.54 0.249899 -0.54 0.249899 0.54 0.214199 0.54 0.249899 -0.54 0.249899 0.54 0.249899 -0.54 0.285599 -0.54 0.285599 0.54 0.249899 0.54 0.285599 -0.54 0.285599 0.54 0.285599 -0.54 0.321299 -0.54 0.321299 0.54 0.285599 0.54 0.321299 -0.54 0.321299 0.54 0.321299 -0.54 0.356999 -0.54 0.356999 0.54 0.321299 0.54 0.356999 -0.54 0.356999 0.54 0.356999 -0.54 0.392699 -0.54 0.392699 0.54 0.356999 0.54 0.392699 0.131246 -0.00356996 -0.01458299 -0.01784998 0.131246 -0.02142 0.131246 0.03213 -0.01458299 0.01784998 0.131246 0.01427996 0.131246 0.06782996 -0.01458299 0.05355 0.131246 0.04997998 0.131246 0.10353 -0.01458299 0.08924996 0.131246 0.08568 0.131246 0.13923 -0.01458299 0.12495 0.131246 0.12138 0.131246 0.1570799 -0.01458299 0.1428 0.131246 0.13923 0.131246 0.12138 -0.01458299 0.1071 0.131246 0.10353 0.131246 0.08568 -0.01458299 0.07139998 0.131246 0.06782996 0.131246 0.04997998 -0.01458299 0.03569996 0.131246 0.03213 0.131246 0.01427996 -0.01458299 0 0.131246 -0.00356996 -0.01458299 -0.03569996 0.131246 -0.03926998 0.131246 -0.02142 -0.54 0 0.54 0 -0.54 0.03569996 -0.54 0.03569996 0.54 0 0.54 0.03569996 -0.54 0.03569996 0.54 0.03569996 -0.54 0.07139998 -0.54 0.07139998 0.54 0.03569996 0.54 0.07139998 -0.54 0.07139998 0.54 0.07139998 -0.54 0.1071 -0.54 0.1071 0.54 0.07139998 0.54 0.1071 -0.54 0.1071 0.54 0.1071 -0.54 0.1428 -0.54 0.1428 0.54 0.1071 0.54 0.1428 -0.54 0.1428 0.54 0.1428 -0.54 0.1784999 -0.54 0.1784999 0.54 0.1428 0.54 0.1784999 -0.54 0.1784999 0.54 0.1784999 -0.54 0.214199 -0.54 0.214199 0.54 0.1784999 0.54 0.214199 -0.54 0.214199 0.54 0.214199 -0.54 0.249899 -0.54 0.249899 0.54 0.214199 0.54 0.249899 -0.54 0.249899 0.54 0.249899 -0.54 0.285599 -0.54 0.285599 0.54 0.249899 0.54 0.285599 -0.54 0.285599 0.54 0.285599 -0.54 0.321299 -0.54 0.321299 0.54 0.285599 0.54 0.321299 -0.54 0.321299 0.54 0.321299 -0.54 0.356999 -0.54 0.356999 0.54 0.321299 0.54 0.356999 -0.54 0.356999 0.54 0.356999 -0.54 0.392699 -0.54 0.392699 0.54 0.356999 0.54 0.392699 -1 0 1 0 -1 0.09424799 -1 0.09424799 1 0 1 0.09424799 -1 0.09424799 1 0.09424799 -1 0.1884959 -1 0.1884959 1 0.09424799 1 0.1884959 -1 0.1884959 1 0.1884959 -1 0.282743 -1 0.282743 1 0.1884959 1 0.282743 -1 0.282743 1 0.282743 -1 0.376991 -1 0.376991 1 0.282743 1 0.376991 -1 0.376991 1 0.376991 -1 0.471239 -1 0.471239 1 0.376991 1 0.471239 -1 0.471239 1 0.471239 -1 0.565487 -1 0.565487 1 0.471239 1 0.565487 -1 0.565487 1 0.565487 -1 0.659734 -1 0.659734 1 0.565487 1 0.659734 -1 0.659734 1 0.659734 -1 0.753982 -1 0.753982 1 0.659734 1 0.753982 -1 0.753982 1 0.753982 -1 0.84823 -1 0.84823 1 0.753982 1 0.84823 -1 0.84823 1 0.84823 -1 0.942478 -1 0.942478 1 0.84823 1 0.942478 -1 0.942478 1 0.942478 -1 1.036726 -1 1.036726 1 0.942478 1 1.036726 -1.862901 -1.147395 -0.316633 -0.665587 -0.430182 -0.144195 -0.430182 -0.144195 -0.316633 -0.665587 -0.277614 -0.580147 -0.430182 -0.144195 -0.277614 -0.580147 -0.216104 -0.509161 -0.316633 -0.665587 -1.862901 -1.147395 -0.33 -0.758559 -0.33 -0.758559 -1.862901 -1.147395 -0.942488 -1.362697 -0.33 -0.758559 -0.942488 -1.362697 -0.316633 -0.851531 -0.316633 -0.851531 -0.942488 -1.362697 -0.277614 -0.93697 -0.277614 -0.93697 -0.942488 -1.362697 -0.216104 -1.007956 -0.216104 -1.007956 -0.942488 -1.362697 -0.137087 -1.058737 -0.137087 -1.058737 -0.942488 -1.362697 0 -1.435029 -0.137087 -1.058737 0 -1.435029 -0.04696398 -1.0852 -0.04696398 -1.0852 0 -1.435029 0.04696398 -1.0852 0.04696398 -1.0852 0 -1.435029 0.137087 -1.058737 0.137087 -1.058737 0 -1.435029 0.942488 -1.362697 0.137087 -1.058737 0.942488 -1.362697 0.216104 -1.007956 0.216104 -1.007956 0.942488 -1.362697 0.277614 -0.93697 0.277614 -0.93697 0.942488 -1.362697 0.316633 -0.851531 0.316633 -0.851531 0.942488 -1.362697 0.33 -0.758559 0.33 -0.758559 0.942488 -1.362697 1.862901 -1.147395 0.33 -0.758559 1.862901 -1.147395 0.316633 -0.665587 0.316633 -0.665587 1.862901 -1.147395 0.430182 -0.144195 0.316633 -0.665587 0.430182 -0.144195 0.277614 -0.580147 0.277614 -0.580147 0.430182 -0.144195 0.216104 -0.509161 0.216104 -0.509161 0.430182 -0.144195 0.137087 -0.45838 0.137087 -0.45838 0.430182 -0.144195 0.04696398 -0.431918 0.04696398 -0.431918 0.430182 -0.144195 0.268776 -0.05837398 0.04696398 -0.431918 0.268776 -0.05837398 0.09140199 -0.01414895 0.09140199 -0.01414895 -0.09140199 -0.01414895 0.04696398 -0.431918 0.04696398 -0.431918 -0.09140199 -0.01414895 -0.04696398 -0.431918 -0.04696398 -0.431918 -0.09140199 -0.01414895 -0.268776 -0.05837398 -0.04696398 -0.431918 -0.268776 -0.05837398 -0.430182 -0.144195 -0.216104 -0.509161 -0.137087 -0.45838 -0.430182 -0.144195 -0.430182 -0.144195 -0.137087 -0.45838 -0.04696398 -0.431918 1.926083 -0.719948 -1.488052 -0.719948 1.926083 -0.903208 1.926083 -0.903208 -1.488052 -0.719948 -1.7503 -0.904592 1.926083 -0.903208 -1.7503 -0.904592 -1.807715 -0.962743 -1.807715 -0.962743 -1.854827 -1.025459 1.926083 -0.903208 1.926083 -0.903208 -1.854827 -1.025459 1.926083 -1.086468 1.926083 -1.086468 -1.854827 -1.025459 -1.889987 -1.099247 1.926083 -1.086468 -1.889987 -1.099247 -1.899595 -1.138853 -1.899595 -1.138853 -1.902865 -1.178097 1.926083 -1.086468 1.926083 -1.086468 -1.902865 -1.178097 1.926083 -1.269727 1.926083 -1.269727 -1.902865 -1.178097 -1.899595 -1.217342 1.926083 -1.269727 -1.899595 -1.217342 -1.889987 -1.256948 -1.889987 -1.256948 -1.854827 -1.330735 1.926083 -1.269727 1.926083 -1.269727 -1.854827 -1.330735 1.926083 -1.452987 1.926083 -1.452987 -1.854827 -1.330735 -1.807715 -1.393451 1.926083 -1.452987 -1.807715 -1.393451 -1.7503 -1.451602 -1.7503 -1.451602 -1.488052 -1.636246 1.926083 -1.452987 1.926083 -1.452987 -1.488052 -1.636246 1.926083 -1.636246 1.75952 1.696825 1.359138 0.981141 1.75952 -1.717309 1.75952 -1.717309 1.359138 0.981141 0.936931 0.178947 1.75952 -1.717309 0.936931 0.178947 0.488893 -0.71738 0.488893 -0.71738 0.01049399 -1.717309 1.75952 -1.717309 0.869266 0 0.390867 0.99993 -0.87976 0 -0.87976 0 0.390867 0.99993 -0.05717098 1.896257 -0.87976 0 -0.05717098 1.896257 -0.479378 2.698451 -0.479378 2.698451 -0.87976 3.414134 -0.87976 0 -1 0 1 0 -1 0.09424799 -1 0.09424799 1 0 1 0.09424799 -1 0.09424799 1 0.09424799 -1 0.1884959 -1 0.1884959 1 0.09424799 1 0.1884959 -1 0.1884959 1 0.1884959 -1 0.282743 -1 0.282743 1 0.1884959 1 0.282743 -1 0.282743 1 0.282743 -1 0.376991 -1 0.376991 1 0.282743 1 0.376991 -1 0.376991 1 0.376991 -1 0.471239 -1 0.471239 1 0.376991 1 0.471239 -1 0.471239 1 0.471239 -1 0.565487 -1 0.565487 1 0.471239 1 0.565487 -1 0.565487 1 0.565487 -1 0.659734 -1 0.659734 1 0.565487 1 0.659734 -1 0.659734 1 0.659734 -1 0.753982 -1 0.753982 1 0.659734 1 0.753982 -1 0.753982 1 0.753982 -1 0.84823 -1 0.84823 1 0.753982 1 0.84823 -1 0.84823 1 0.84823 -1 0.942478 -1 0.942478 1 0.84823 1 0.942478 -1 0.942478 1 0.942478 -1 1.036726 -1 1.036726 1 0.942478 1 1.036726 -1 0 1 0 -1 0.09424799 -1 0.09424799 1 0 1 0.09424799 -1 0.09424799 1 0.09424799 -1 0.1884959 -1 0.1884959 1 0.09424799 1 0.1884959 -1 0.1884959 1 0.1884959 -1 0.282743 -1 0.282743 1 0.1884959 1 0.282743 -1 0.282743 1 0.282743 -1 0.376991 -1 0.376991 1 0.282743 1 0.376991 -1 0.376991 1 0.376991 -1 0.471239 -1 0.471239 1 0.376991 1 0.471239 -1 0.471239 1 0.471239 -1 0.565487 -1 0.565487 1 0.471239 1 0.565487 -1 0.565487 1 0.565487 -1 0.659734 -1 0.659734 1 0.565487 1 0.659734 -1 0.659734 1 0.659734 -1 0.753982 -1 0.753982 1 0.659734 1 0.753982 -1 0.753982 1 0.753982 -1 0.84823 -1 0.84823 1 0.753982 1 0.84823 -1 0.84823 1 0.84823 -1 0.942478 -1 0.942478 1 0.84823 1 0.942478 -1 0.942478 1 0.942478 -1 1.036726 -1 1.036726 1 0.942478 1 1.036726 -1 0 1 0 -1 0.09424799 -1 0.09424799 1 0 1 0.09424799 -1 0.09424799 1 0.09424799 -1 0.1884959 -1 0.1884959 1 0.09424799 1 0.1884959 -1 0.1884959 1 0.1884959 -1 0.282743 -1 0.282743 1 0.1884959 1 0.282743 -1 0.282743 1 0.282743 -1 0.376991 -1 0.376991 1 0.282743 1 0.376991 -1 0.376991 1 0.376991 -1 0.471239 -1 0.471239 1 0.376991 1 0.471239 -1 0.471239 1 0.471239 -1 0.565487 -1 0.565487 1 0.471239 1 0.565487 -1 0.565487 1 0.565487 -1 0.659734 -1 0.659734 1 0.565487 1 0.659734 -1 0.659734 1 0.659734 -1 0.753982 -1 0.753982 1 0.659734 1 0.753982 -1 0.753982 1 0.753982 -1 0.84823 -1 0.84823 1 0.753982 1 0.84823 -1 0.84823 1 0.84823 -1 0.942478 -1 0.942478 1 0.84823 1 0.942478 -1 0.942478 1 0.942478 -1 1.036726 -1 1.036726 1 0.942478 1 1.036726 0.425601 -3.748156 -0.100322 -2.185434 -0.577599 -2.315438 -0.577599 -2.315438 -0.100322 -2.185434 -0.179339 -2.134653 -0.577599 -2.315438 -0.179339 -2.134653 -0.240849 -2.063667 0.58484 -3.13808 0.252869 -2.134653 0.425601 -3.748156 0.425601 -3.748156 0.252869 -2.134653 0.173852 -2.185434 0.425601 -3.748156 0.173852 -2.185434 0.08372896 -2.211896 0.252869 -2.134653 0.58484 -3.13808 0.314378 -2.063667 0.314378 -2.063667 0.58484 -3.13808 0.681053 -2.514949 0.314378 -2.063667 0.681053 -2.514949 0.353397 -1.978227 0.353397 -1.978227 0.681053 -2.514949 0.713235 -1.885255 0.353397 -1.978227 0.713235 -1.885255 0.366765 -1.885255 0.366765 -1.885255 0.713235 -1.885255 0.353397 -1.792284 0.353397 -1.792284 0.713235 -1.885255 0.681053 -1.255562 0.353397 -1.792284 0.681053 -1.255562 0.314378 -1.706844 0.314378 -1.706844 0.681053 -1.255562 0.58484 -0.63243 0.314378 -1.706844 0.58484 -0.63243 0.252869 -1.635858 0.252869 -1.635858 0.58484 -0.63243 0.425601 -0.02235496 0.252869 -1.635858 0.425601 -0.02235496 0.173852 -1.585077 0.173852 -1.585077 0.425601 -0.02235496 0.08372896 -1.558614 0.08372896 -1.558614 0.425601 -0.02235496 -0.01019895 -1.558614 -0.01019895 -1.558614 0.425601 -0.02235496 -0.100322 -1.585077 -0.100322 -1.585077 0.425601 -0.02235496 -0.577599 -1.455073 -0.100322 -1.585077 -0.577599 -1.455073 -0.179339 -1.635858 -0.179339 -1.635858 -0.577599 -1.455073 -0.240849 -1.706844 -0.240849 -1.706844 -0.577599 -1.455073 -0.279868 -1.792284 -0.279868 -1.792284 -0.577599 -1.455073 -0.293235 -1.885255 -0.293235 -1.885255 -0.577599 -1.455073 -0.577599 -2.315438 -0.293235 -1.885255 -0.577599 -2.315438 -0.279868 -1.978227 -0.279868 -1.978227 -0.577599 -2.315438 -0.240849 -2.063667 -0.577599 -2.315438 -0.577599 -1.455073 -0.663421 -2.154031 -0.663421 -2.154031 -0.577599 -1.455073 -0.663421 -1.616479 -0.663421 -2.154031 -0.663421 -1.616479 -0.707645 -1.976657 -0.707645 -1.976657 -0.663421 -1.616479 -0.707645 -1.793853 0.08372896 -2.211896 -0.01019895 -2.211896 0.425601 -3.748156 0.425601 -3.748156 -0.01019895 -2.211896 -0.100322 -2.185434 1.925961 -1.898046 -1.488174 -1.898046 1.925961 -2.081305 1.925961 -2.081305 -1.488174 -1.898046 -1.750422 -2.082689 1.925961 -2.081305 -1.750422 -2.082689 -1.807837 -2.140841 -1.807837 -2.140841 -1.854949 -2.203556 1.925961 -2.081305 1.925961 -2.081305 -1.854949 -2.203556 1.925961 -2.264565 1.925961 -2.264565 -1.854949 -2.203556 -1.890109 -2.277344 1.925961 -2.264565 -1.890109 -2.277344 -1.899717 -2.31695 -1.899717 -2.31695 -1.902987 -2.356194 1.925961 -2.264565 1.925961 -2.264565 -1.902987 -2.356194 1.925961 -2.447824 1.925961 2.264565 -1.902987 2.356194 -1.899717 2.31695 1.925961 2.264565 -1.899717 2.31695 -1.890109 2.277344 -1.890109 2.277344 -1.854949 2.203556 1.925961 2.264565 1.925961 2.264565 -1.854949 2.203556 -1.807837 2.140841 1.925961 2.264565 -1.807837 2.140841 1.925961 2.081305 1.925961 2.081305 -1.807837 2.140841 -1.750422 2.082689 1.925961 2.081305 -1.750422 2.082689 -1.488174 1.898046 -1.488174 1.898046 1.925961 1.898046 1.925961 2.081305 0 1.696825 -0.400382 0.981141 0 -1.717309 0 -1.717309 -0.400382 0.981141 -0.822589 0.178947 0 -1.717309 -0.822589 0.178947 -1.270627 -0.71738 -1.270627 -0.71738 -1.749026 -1.717309 0 -1.717309 1.749026 -1.717309 1.270627 -0.71738 0 -1.717309 0 -1.717309 1.270627 -0.71738 0.822589 0.178947 0 -1.717309 0.822589 0.178947 0.400382 0.981141 0.400382 0.981141 0 1.696825 0 -1.717309 1.862901 -0.296193 0.316633 -0.778001 0.430182 -1.299393 0.430182 -1.299393 0.316633 -0.778001 0.277614 -0.863441 0.430182 -1.299393 0.277614 -0.863441 0.216104 -0.934427 0.316633 -0.778001 1.862901 -0.296193 0.33 -0.685029 0.33 -0.685029 1.862901 -0.296193 0.942488 -0.08089095 0.33 -0.685029 0.942488 -0.08089095 0.316633 -0.592058 0.316633 -0.592058 0.942488 -0.08089095 0.277614 -0.506618 0.277614 -0.506618 0.942488 -0.08089095 0.216104 -0.435632 0.216104 -0.435632 0.942488 -0.08089095 0.137087 -0.384851 0.137087 -0.384851 0.942488 -0.08089095 0 -0.008558988 0.137087 -0.384851 0 -0.008558988 0.04696398 -0.358388 0.04696398 -0.358388 0 -0.008558988 -0.04696398 -0.358388 -0.04696398 -0.358388 0 -0.008558988 -0.137087 -0.384851 -0.137087 -0.384851 0 -0.008558988 -0.942488 -0.08089095 -0.137087 -0.384851 -0.942488 -0.08089095 -0.216104 -0.435632 -0.216104 -0.435632 -0.942488 -0.08089095 -0.277614 -0.506618 -0.277614 -0.506618 -0.942488 -0.08089095 -0.316633 -0.592058 -0.316633 -0.592058 -0.942488 -0.08089095 -0.33 -0.685029 -0.33 -0.685029 -0.942488 -0.08089095 -1.862901 -0.296193 -0.33 -0.685029 -1.862901 -0.296193 -0.316633 -0.778001 -0.316633 -0.778001 -1.862901 -0.296193 -0.430182 -1.299393 -0.316633 -0.778001 -0.430182 -1.299393 -0.277614 -0.863441 -0.277614 -0.863441 -0.430182 -1.299393 -0.216104 -0.934427 -0.216104 -0.934427 -0.430182 -1.299393 -0.137087 -0.985208 -0.137087 -0.985208 -0.430182 -1.299393 -0.04696398 -1.01167 -0.04696398 -1.01167 -0.430182 -1.299393 -0.268776 -1.385215 -0.04696398 -1.01167 -0.268776 -1.385215 -0.09140199 -1.429439 -0.09140199 -1.429439 0.09140199 -1.429439 -0.04696398 -1.01167 -0.04696398 -1.01167 0.09140199 -1.429439 0.04696398 -1.01167 0.04696398 -1.01167 0.09140199 -1.429439 0.268776 -1.385215 0.04696398 -1.01167 0.268776 -1.385215 0.430182 -1.299393 0.216104 -0.934427 0.137087 -0.985208 0.430182 -1.299393 0.430182 -1.299393 0.137087 -0.985208 0.04696398 -1.01167 1.926083 1.636246 -1.488052 1.636246 1.926083 1.452987 1.926083 1.452987 -1.488052 1.636246 -1.7503 1.451602 1.926083 1.452987 -1.7503 1.451602 -1.807715 1.393451 -1.807715 1.393451 -1.854827 1.330735 1.926083 1.452987 1.926083 1.452987 -1.854827 1.330735 1.926083 1.269727 1.926083 1.269727 -1.854827 1.330735 -1.889987 1.256948 1.926083 1.269727 -1.889987 1.256948 -1.899595 1.217342 -1.899595 1.217342 -1.902865 1.178097 1.926083 1.269727 1.926083 1.269727 -1.902865 1.178097 1.926083 1.086468 1.926083 1.086468 -1.902865 1.178097 -1.899595 1.138853 1.926083 1.086468 -1.899595 1.138853 -1.889987 1.099247 -1.889987 1.099247 -1.854827 1.025459 1.926083 1.086468 1.926083 1.086468 -1.854827 1.025459 1.926083 0.903208 1.926083 0.903208 -1.854827 1.025459 -1.807715 0.962743 1.926083 0.903208 -1.807715 0.962743 -1.7503 0.904592 -1.7503 0.904592 -1.488052 0.719948 1.926083 0.903208 1.926083 0.903208 -1.488052 0.719948 1.926083 0.719948 0 1.696825 -0.400382 0.981141 0 -1.717309 0 -1.717309 -0.400382 0.981141 -0.822589 0.178947 0 -1.717309 -0.822589 0.178947 -1.270627 -0.71738 -1.270627 -0.71738 -1.749026 -1.717309 0 -1.717309 -0.01049399 -1.717309 -0.488893 -0.71738 -1.75952 -1.717309 -1.75952 -1.717309 -0.488893 -0.71738 -0.936931 0.178947 -1.75952 -1.717309 -0.936931 0.178947 -1.359138 0.981141 -1.359138 0.981141 -1.75952 1.696825 -1.75952 -1.717309 -0.425601 -0.02235496 0.100322 -1.585077 0.577599 -1.455073 0.577599 -1.455073 0.100322 -1.585077 0.179339 -1.635858 0.577599 -1.455073 0.179339 -1.635858 0.240849 -1.706844 -0.58484 -0.63243 -0.252869 -1.635858 -0.425601 -0.02235496 -0.425601 -0.02235496 -0.252869 -1.635858 -0.173852 -1.585077 -0.425601 -0.02235496 -0.173852 -1.585077 -0.08372896 -1.558614 -0.252869 -1.635858 -0.58484 -0.63243 -0.314378 -1.706844 -0.314378 -1.706844 -0.58484 -0.63243 -0.681053 -1.255562 -0.314378 -1.706844 -0.681053 -1.255562 -0.353397 -1.792284 -0.353397 -1.792284 -0.681053 -1.255562 -0.713235 -1.885255 -0.353397 -1.792284 -0.713235 -1.885255 -0.366765 -1.885255 -0.366765 -1.885255 -0.713235 -1.885255 -0.353397 -1.978227 -0.353397 -1.978227 -0.713235 -1.885255 -0.681053 -2.514949 -0.353397 -1.978227 -0.681053 -2.514949 -0.314378 -2.063667 -0.314378 -2.063667 -0.681053 -2.514949 -0.58484 -3.13808 -0.314378 -2.063667 -0.58484 -3.13808 -0.252869 -2.134653 -0.252869 -2.134653 -0.58484 -3.13808 -0.425601 -3.748156 -0.252869 -2.134653 -0.425601 -3.748156 -0.173852 -2.185434 -0.173852 -2.185434 -0.425601 -3.748156 -0.08372896 -2.211896 -0.08372896 -2.211896 -0.425601 -3.748156 0.01019895 -2.211896 0.01019895 -2.211896 -0.425601 -3.748156 0.100322 -2.185434 0.100322 -2.185434 -0.425601 -3.748156 0.577599 -2.315438 0.100322 -2.185434 0.577599 -2.315438 0.179339 -2.134653 0.179339 -2.134653 0.577599 -2.315438 0.240849 -2.063667 0.240849 -2.063667 0.577599 -2.315438 0.279868 -1.978227 0.279868 -1.978227 0.577599 -2.315438 0.293235 -1.885255 0.293235 -1.885255 0.577599 -2.315438 0.577599 -1.455073 0.293235 -1.885255 0.577599 -1.455073 0.279868 -1.792284 0.279868 -1.792284 0.577599 -1.455073 0.240849 -1.706844 0.577599 -2.315438 0.651897 -2.182315 0.577599 -1.455073 0.577599 -1.455073 0.651897 -2.182315 0.651897 -1.588196 0.651897 -1.588196 0.651897 -2.182315 0.697741 -2.036919 0.651897 -1.588196 0.697741 -2.036919 0.697741 -1.733592 0.697741 -1.733592 0.697741 -2.036919 0.713235 -1.885255 -0.08372896 -1.558614 0.01019895 -1.558614 -0.425601 -0.02235496 -0.425601 -0.02235496 0.01019895 -1.558614 0.100322 -1.585077 1.925961 -0.458149 1.925961 -0.305433 -1.488174 -0.458149 -1.488174 -0.458149 1.925961 -0.305433 -1.750422 -0.273505 -1.750422 -0.273505 1.925961 -0.305433 -1.807837 -0.215354 -1.807837 -0.215354 1.925961 -0.305433 1.925961 -0.152716 -1.807837 -0.215354 1.925961 -0.152716 -1.854949 -0.152638 -1.854949 -0.152638 1.925961 -0.152716 -1.890109 -0.07884997 -1.890109 -0.07884997 1.925961 -0.152716 1.925961 0 -1.890109 -0.07884997 1.925961 0 -1.899717 -0.03924494 -1.899717 -0.03924494 1.925961 0 -1.902987 0 0.87976 3.414134 0.479378 2.698451 0.87976 0 0.87976 0 0.479378 2.698451 0.05717098 1.896257 0.87976 0 0.05717098 1.896257 -0.390867 0.99993 -0.390867 0.99993 -0.869266 0 0.87976 0 -0.01049399 -1.717309 -0.488893 -0.71738 -1.75952 -1.717309 -1.75952 -1.717309 -0.488893 -0.71738 -0.936931 0.178947 -1.75952 -1.717309 -0.936931 0.178947 -1.359138 0.981141 -1.359138 0.981141 -1.75952 1.696825 -1.75952 -1.717309 0 0 0.237747 0 0 1.000329 0 1.000329 0.237747 0 0.273182 1.000329 0 1.000329 0.273182 1.000329 0 2.000657 0 2.000657 0.273182 1.000329 0.273182 2.000657 0 2.000657 0.273182 2.000657 0 3.000986 0 3.000986 0.273182 2.000657 0.273182 3.000986 0 3.000986 0.273182 3.000986 0 4.001315 0 4.001315 0.273182 3.000986 0.273182 4.001315 0 4.001315 0.273182 4.001315 0 5.001643 0 5.001643 0.273182 4.001315 0.273182 5.001643 0 5.001643 0.273182 5.001643 0 6.001972 0 6.001972 0.273182 5.001643 0.273182 6.001972 0 6.001972 0.273182 6.001972 0 7.0023 0 7.0023 0.273182 6.001972 0.273182 7.0023 0 7.0023 0.273182 7.0023 0 8.00263 0 8.00263 0.273182 7.0023 0.273182 8.00263 0 8.00263 0.273182 8.00263 0 9.002958 0 9.002958 0.273182 8.00263 0.273182 9.002958 0 9.002958 0.273182 9.002958 0 10.00329 0 10.00329 0.273182 9.002958 0.273182 10.00329 0 10.00329 0.273182 10.00329 0 11.00361 0 11.00361 0.273182 10.00329 0.273182 11.00361 0 11.00361 0.273182 11.00361 0 12.00394 0 12.00394 0.273182 11.00361 0.273182 12.00394 0 12.00394 0.273182 12.00394 0 13.00427 0 13.00427 0.273182 12.00394 0.273182 13.00427 0 13.00427 0.273182 13.00427 0 14.0046 0 14.0046 0.273182 13.00427 0.273182 14.0046 0 14.0046 0.273182 14.0046 0 15.00493 0 15.00493 0.273182 14.0046 0.273182 15.00493 0 15.00493 0.273182 15.00493 0 16.00526 0 16.00526 0.273182 15.00493 0.273182 16.00526 0 16.00526 0.273182 16.00526 0 17.00559 0 17.00559 0.273182 16.00526 0.273182 17.00559 0 17.00559 0.273182 17.00559 0 18.00592 0 18.00592 0.273182 17.00559 0.273182 18.00592 0 18.00592 0.273182 18.00592 0 19.00625 0 19.00625 0.273182 18.00592 0.273182 19.00625 0 19.00625 0.273182 19.00625 0.237747 20.00657 0.237747 20.00657 0.273182 19.00625 0.475494 20.00657 0.475494 20.00657 0.273182 19.00625 0.71324 19.00625 0.475494 20.00657 0.71324 19.00625 0.71324 20.00657 0.237747 0 0.475494 0 0.273182 1.000329 0.273182 1.000329 0.475494 0 0.71324 1.000329 0.273182 1.000329 0.71324 1.000329 0.273182 2.000657 0.273182 2.000657 0.71324 1.000329 0.71324 2.000657 0.273182 2.000657 0.71324 2.000657 0.273182 3.000986 0.273182 3.000986 0.71324 2.000657 0.71324 3.000986 0.273182 3.000986 0.71324 3.000986 0.273182 4.001315 0.273182 4.001315 0.71324 3.000986 0.71324 4.001315 0.273182 4.001315 0.71324 4.001315 0.273182 5.001643 0.273182 5.001643 0.71324 4.001315 0.71324 5.001643 0.273182 5.001643 0.71324 5.001643 0.273182 6.001972 0.273182 6.001972 0.71324 5.001643 0.71324 6.001972 0.273182 6.001972 0.71324 6.001972 0.273182 7.0023 0.273182 7.0023 0.71324 6.001972 0.71324 7.0023 0.273182 7.0023 0.71324 7.0023 0.273182 8.00263 0.273182 8.00263 0.71324 7.0023 0.71324 8.00263 0.273182 8.00263 0.71324 8.00263 0.273182 9.002958 0.273182 9.002958 0.71324 8.00263 0.71324 9.002958 0.273182 9.002958 0.71324 9.002958 0.273182 10.00329 0.273182 10.00329 0.71324 9.002958 0.71324 10.00329 0.273182 10.00329 0.71324 10.00329 0.273182 11.00361 0.273182 11.00361 0.71324 10.00329 0.71324 11.00361 0.273182 11.00361 0.71324 11.00361 0.273182 12.00394 0.273182 12.00394 0.71324 11.00361 0.71324 12.00394 0.273182 12.00394 0.71324 12.00394 0.273182 13.00427 0.273182 13.00427 0.71324 12.00394 0.71324 13.00427 0.273182 13.00427 0.71324 13.00427 0.273182 14.0046 0.273182 14.0046 0.71324 13.00427 0.71324 14.0046 0.273182 14.0046 0.71324 14.0046 0.273182 15.00493 0.273182 15.00493 0.71324 14.0046 0.71324 15.00493 0.273182 15.00493 0.71324 15.00493 0.273182 16.00526 0.273182 16.00526 0.71324 15.00493 0.71324 16.00526 0.273182 16.00526 0.71324 16.00526 0.273182 17.00559 0.273182 17.00559 0.71324 16.00526 0.71324 17.00559 0.273182 17.00559 0.71324 17.00559 0.273182 18.00592 0.273182 18.00592 0.71324 17.00559 0.71324 18.00592 0.273182 18.00592 0.71324 18.00592 0.273182 19.00625 0.273182 19.00625 0.71324 18.00592 0.71324 19.00625 0.475494 0 0.71324 0 0.71324 1.000329 0.237747 20.00657 0 20.00657 0 19.00625 0.54 0 -0.54 0 0.54 -0.03569996 0.54 -0.03569996 -0.54 0 -0.54 -0.03569996 0.54 -0.03569996 -0.54 -0.03569996 0.54 -0.07139998 0.54 -0.07139998 -0.54 -0.03569996 -0.54 -0.07139998 0.54 -0.07139998 -0.54 -0.07139998 0.54 -0.1071 0.54 -0.1071 -0.54 -0.07139998 -0.54 -0.1071 0.54 -0.1071 -0.54 -0.1071 0.54 -0.1428 0.54 -0.1428 -0.54 -0.1071 -0.54 -0.1428 0.54 -0.1428 -0.54 -0.1428 0.54 -0.1784999 0.54 -0.1784999 -0.54 -0.1428 -0.54 -0.1784999 0.54 -0.1784999 -0.54 -0.1784999 0.54 -0.214199 0.54 -0.214199 -0.54 -0.1784999 -0.54 -0.214199 0.54 -0.214199 -0.54 -0.214199 0.54 -0.249899 0.54 -0.249899 -0.54 -0.214199 -0.54 -0.249899 0.54 -0.249899 -0.54 -0.249899 0.54 -0.285599 0.54 -0.285599 -0.54 -0.249899 -0.54 -0.285599 0.54 -0.285599 -0.54 -0.285599 0.54 -0.321299 0.54 -0.321299 -0.54 -0.285599 -0.54 -0.321299 0.54 -0.321299 -0.54 -0.321299 0.54 -0.356999 0.54 -0.356999 -0.54 -0.321299 -0.54 -0.356999 0.54 -0.356999 -0.54 -0.356999 0.54 -0.392699 0.54 -0.392699 -0.54 -0.356999 -0.54 -0.392699 0.54 0 -0.54 0 0.54 -0.03569996 0.54 -0.03569996 -0.54 0 -0.54 -0.03569996 0.54 -0.03569996 -0.54 -0.03569996 0.54 -0.07139998 0.54 -0.07139998 -0.54 -0.03569996 -0.54 -0.07139998 0.54 -0.07139998 -0.54 -0.07139998 0.54 -0.1071 0.54 -0.1071 -0.54 -0.07139998 -0.54 -0.1071 0.54 -0.1071 -0.54 -0.1071 0.54 -0.1428 0.54 -0.1428 -0.54 -0.1071 -0.54 -0.1428 0.54 -0.1428 -0.54 -0.1428 0.54 -0.1784999 0.54 -0.1784999 -0.54 -0.1428 -0.54 -0.1784999 0.54 -0.1784999 -0.54 -0.1784999 0.54 -0.214199 0.54 -0.214199 -0.54 -0.1784999 -0.54 -0.214199 0.54 -0.214199 -0.54 -0.214199 0.54 -0.249899 0.54 -0.249899 -0.54 -0.214199 -0.54 -0.249899 0.54 -0.249899 -0.54 -0.249899 0.54 -0.285599 0.54 -0.285599 -0.54 -0.249899 -0.54 -0.285599 0.54 -0.285599 -0.54 -0.285599 0.54 -0.321299 0.54 -0.321299 -0.54 -0.285599 -0.54 -0.321299 0.54 -0.321299 -0.54 -0.321299 0.54 -0.356999 0.54 -0.356999 -0.54 -0.321299 -0.54 -0.356999 0.54 -0.356999 -0.54 -0.356999 0.54 -0.392699 0.54 -0.392699 -0.54 -0.356999 -0.54 -0.392699 0.54 0 -0.54 0 0.54 -0.03569996 0.54 -0.03569996 -0.54 0 -0.54 -0.03569996 0.54 -0.03569996 -0.54 -0.03569996 0.54 -0.07139998 0.54 -0.07139998 -0.54 -0.03569996 -0.54 -0.07139998 0.54 -0.07139998 -0.54 -0.07139998 0.54 -0.1071 0.54 -0.1071 -0.54 -0.07139998 -0.54 -0.1071 0.54 -0.1071 -0.54 -0.1071 0.54 -0.1428 0.54 -0.1428 -0.54 -0.1071 -0.54 -0.1428 0.54 -0.1428 -0.54 -0.1428 0.54 -0.1784999 0.54 -0.1784999 -0.54 -0.1428 -0.54 -0.1784999 0.54 -0.1784999 -0.54 -0.1784999 0.54 -0.214199 0.54 -0.214199 -0.54 -0.1784999 -0.54 -0.214199 0.54 -0.214199 -0.54 -0.214199 0.54 -0.249899 0.54 -0.249899 -0.54 -0.214199 -0.54 -0.249899 0.54 -0.249899 -0.54 -0.249899 0.54 -0.285599 0.54 -0.285599 -0.54 -0.249899 -0.54 -0.285599 0.54 -0.285599 -0.54 -0.285599 0.54 -0.321299 0.54 -0.321299 -0.54 -0.285599 -0.54 -0.321299 0.54 -0.321299 -0.54 -0.321299 0.54 -0.356999 0.54 -0.356999 -0.54 -0.321299 -0.54 -0.356999 0.54 -0.356999 -0.54 -0.356999 0.54 -0.392699 0.54 -0.392699 -0.54 -0.356999 -0.54 -0.392699 0.54 0 -0.54 0 0.54 -0.03569996 0.54 -0.03569996 -0.54 0 -0.54 -0.03569996 0.54 -0.03569996 -0.54 -0.03569996 0.54 -0.07139998 0.54 -0.07139998 -0.54 -0.03569996 -0.54 -0.07139998 0.54 -0.07139998 -0.54 -0.07139998 0.54 -0.1071 0.54 -0.1071 -0.54 -0.07139998 -0.54 -0.1071 0.54 -0.1071 -0.54 -0.1071 0.54 -0.1428 0.54 -0.1428 -0.54 -0.1071 -0.54 -0.1428 0.54 -0.1428 -0.54 -0.1428 0.54 -0.1784999 0.54 -0.1784999 -0.54 -0.1428 -0.54 -0.1784999 0.54 -0.1784999 -0.54 -0.1784999 0.54 -0.214199 0.54 -0.214199 -0.54 -0.1784999 -0.54 -0.214199 0.54 -0.214199 -0.54 -0.214199 0.54 -0.249899 0.54 -0.249899 -0.54 -0.214199 -0.54 -0.249899 0.54 -0.249899 -0.54 -0.249899 0.54 -0.285599 0.54 -0.285599 -0.54 -0.249899 -0.54 -0.285599 0.54 -0.285599 -0.54 -0.285599 0.54 -0.321299 0.54 -0.321299 -0.54 -0.285599 -0.54 -0.321299 0.54 -0.321299 -0.54 -0.321299 0.54 -0.356999 0.54 -0.356999 -0.54 -0.321299 -0.54 -0.356999 0.54 -0.356999 -0.54 -0.356999 0.54 -0.392699 0.54 -0.392699 -0.54 -0.356999 -0.54 -0.392699 0.54 0 -0.54 0 0.54 -0.03569996 0.54 -0.03569996 -0.54 0 -0.54 -0.03569996 0.54 -0.03569996 -0.54 -0.03569996 0.54 -0.07139998 0.54 -0.07139998 -0.54 -0.03569996 -0.54 -0.07139998 0.54 -0.07139998 -0.54 -0.07139998 0.54 -0.1071 0.54 -0.1071 -0.54 -0.07139998 -0.54 -0.1071 0.54 -0.1071 -0.54 -0.1071 0.54 -0.1428 0.54 -0.1428 -0.54 -0.1071 -0.54 -0.1428 0.54 -0.1428 -0.54 -0.1428 0.54 -0.1784999 0.54 -0.1784999 -0.54 -0.1428 -0.54 -0.1784999 0.54 -0.1784999 -0.54 -0.1784999 0.54 -0.214199 0.54 -0.214199 -0.54 -0.1784999 -0.54 -0.214199 0.54 -0.214199 -0.54 -0.214199 0.54 -0.249899 0.54 -0.249899 -0.54 -0.214199 -0.54 -0.249899 0.54 -0.249899 -0.54 -0.249899 0.54 -0.285599 0.54 -0.285599 -0.54 -0.249899 -0.54 -0.285599 0.54 -0.285599 -0.54 -0.285599 0.54 -0.321299 0.54 -0.321299 -0.54 -0.285599 -0.54 -0.321299 0.54 -0.321299 -0.54 -0.321299 0.54 -0.356999 0.54 -0.356999 -0.54 -0.321299 -0.54 -0.356999 0.54 -0.356999 -0.54 -0.356999 0.54 -0.392699 0.54 -0.392699 -0.54 -0.356999 -0.54 -0.392699 0.54 0 -0.54 0 0.54 -0.03569996 0.54 -0.03569996 -0.54 0 -0.54 -0.03569996 0.54 -0.03569996 -0.54 -0.03569996 0.54 -0.07139998 0.54 -0.07139998 -0.54 -0.03569996 -0.54 -0.07139998 0.54 -0.07139998 -0.54 -0.07139998 0.54 -0.1071 0.54 -0.1071 -0.54 -0.07139998 -0.54 -0.1071 0.54 -0.1071 -0.54 -0.1071 0.54 -0.1428 0.54 -0.1428 -0.54 -0.1071 -0.54 -0.1428 0.54 -0.1428 -0.54 -0.1428 0.54 -0.1784999 0.54 -0.1784999 -0.54 -0.1428 -0.54 -0.1784999 0.54 -0.1784999 -0.54 -0.1784999 0.54 -0.214199 0.54 -0.214199 -0.54 -0.1784999 -0.54 -0.214199 0.54 -0.214199 -0.54 -0.214199 0.54 -0.249899 0.54 -0.249899 -0.54 -0.214199 -0.54 -0.249899 0.54 -0.249899 -0.54 -0.249899 0.54 -0.285599 0.54 -0.285599 -0.54 -0.249899 -0.54 -0.285599 0.54 -0.285599 -0.54 -0.285599 0.54 -0.321299 0.54 -0.321299 -0.54 -0.285599 -0.54 -0.321299 0.54 -0.321299 -0.54 -0.321299 0.54 -0.356999 0.54 -0.356999 -0.54 -0.321299 -0.54 -0.356999 0.54 -0.356999 -0.54 -0.356999 0.54 -0.392699 0.54 -0.392699 -0.54 -0.356999 -0.54 -0.392699 0.54 0 -0.54 0 0.54 -0.03569996 0.54 -0.03569996 -0.54 0 -0.54 -0.03569996 0.54 -0.03569996 -0.54 -0.03569996 0.54 -0.07139998 0.54 -0.07139998 -0.54 -0.03569996 -0.54 -0.07139998 0.54 -0.07139998 -0.54 -0.07139998 0.54 -0.1071 0.54 -0.1071 -0.54 -0.07139998 -0.54 -0.1071 0.54 -0.1071 -0.54 -0.1071 0.54 -0.1428 0.54 -0.1428 -0.54 -0.1071 -0.54 -0.1428 0.54 -0.1428 -0.54 -0.1428 0.54 -0.1784999 0.54 -0.1784999 -0.54 -0.1428 -0.54 -0.1784999 0.54 -0.1784999 -0.54 -0.1784999 0.54 -0.214199 0.54 -0.214199 -0.54 -0.1784999 -0.54 -0.214199 0.54 -0.214199 -0.54 -0.214199 0.54 -0.249899 0.54 -0.249899 -0.54 -0.214199 -0.54 -0.249899 0.54 -0.249899 -0.54 -0.249899 0.54 -0.285599 0.54 -0.285599 -0.54 -0.249899 -0.54 -0.285599 0.54 -0.285599 -0.54 -0.285599 0.54 -0.321299 0.54 -0.321299 -0.54 -0.285599 -0.54 -0.321299 0.54 -0.321299 -0.54 -0.321299 0.54 -0.356999 0.54 -0.356999 -0.54 -0.321299 -0.54 -0.356999 0.54 -0.356999 -0.54 -0.356999 0.54 -0.392699 0.54 -0.392699 -0.54 -0.356999 -0.54 -0.392699 0.54 0 -0.54 0 0.54 -0.03569996 0.54 -0.03569996 -0.54 0 -0.54 -0.03569996 0.54 -0.03569996 -0.54 -0.03569996 0.54 -0.07139998 0.54 -0.07139998 -0.54 -0.03569996 -0.54 -0.07139998 0.54 -0.07139998 -0.54 -0.07139998 0.54 -0.1071 0.54 -0.1071 -0.54 -0.07139998 -0.54 -0.1071 0.54 -0.1071 -0.54 -0.1071 0.54 -0.1428 0.54 -0.1428 -0.54 -0.1071 -0.54 -0.1428 0.54 -0.1428 -0.54 -0.1428 0.54 -0.1784999 0.54 -0.1784999 -0.54 -0.1428 -0.54 -0.1784999 0.54 -0.1784999 -0.54 -0.1784999 0.54 -0.214199 0.54 -0.214199 -0.54 -0.1784999 -0.54 -0.214199 0.54 -0.214199 -0.54 -0.214199 0.54 -0.249899 0.54 -0.249899 -0.54 -0.214199 -0.54 -0.249899 0.54 -0.249899 -0.54 -0.249899 0.54 -0.285599 0.54 -0.285599 -0.54 -0.249899 -0.54 -0.285599 0.54 -0.285599 -0.54 -0.285599 0.54 -0.321299 0.54 -0.321299 -0.54 -0.285599 -0.54 -0.321299 0.54 -0.321299 -0.54 -0.321299 0.54 -0.356999 0.54 -0.356999 -0.54 -0.321299 -0.54 -0.356999 0.54 -0.356999 -0.54 -0.356999 0.54 -0.392699 0.54 -0.392699 -0.54 -0.356999 -0.54 -0.392699 0.54 0 -0.54 0 0.54 -0.03569996 0.54 -0.03569996 -0.54 0 -0.54 -0.03569996 0.54 -0.03569996 -0.54 -0.03569996 0.54 -0.07139998 0.54 -0.07139998 -0.54 -0.03569996 -0.54 -0.07139998 0.54 -0.07139998 -0.54 -0.07139998 0.54 -0.1071 0.54 -0.1071 -0.54 -0.07139998 -0.54 -0.1071 0.54 -0.1071 -0.54 -0.1071 0.54 -0.1428 0.54 -0.1428 -0.54 -0.1071 -0.54 -0.1428 0.54 -0.1428 -0.54 -0.1428 0.54 -0.1784999 0.54 -0.1784999 -0.54 -0.1428 -0.54 -0.1784999 0.54 -0.1784999 -0.54 -0.1784999 0.54 -0.214199 0.54 -0.214199 -0.54 -0.1784999 -0.54 -0.214199 0.54 -0.214199 -0.54 -0.214199 0.54 -0.249899 0.54 -0.249899 -0.54 -0.214199 -0.54 -0.249899 0.54 -0.249899 -0.54 -0.249899 0.54 -0.285599 0.54 -0.285599 -0.54 -0.249899 -0.54 -0.285599 0.54 -0.285599 -0.54 -0.285599 0.54 -0.321299 0.54 -0.321299 -0.54 -0.285599 -0.54 -0.321299 0.54 -0.321299 -0.54 -0.321299 0.54 -0.356999 0.54 -0.356999 -0.54 -0.321299 -0.54 -0.356999 0.54 -0.356999 -0.54 -0.356999 0.54 -0.392699 0.54 -0.392699 -0.54 -0.356999 -0.54 -0.392699 0.54 0 -0.54 0 0.54 -0.03569996 0.54 -0.03569996 -0.54 0 -0.54 -0.03569996 0.54 -0.03569996 -0.54 -0.03569996 0.54 -0.07139998 0.54 -0.07139998 -0.54 -0.03569996 -0.54 -0.07139998 0.54 -0.07139998 -0.54 -0.07139998 0.54 -0.1071 0.54 -0.1071 -0.54 -0.07139998 -0.54 -0.1071 0.54 -0.1071 -0.54 -0.1071 0.54 -0.1428 0.54 -0.1428 -0.54 -0.1071 -0.54 -0.1428 0.54 -0.1428 -0.54 -0.1428 0.54 -0.1784999 0.54 -0.1784999 -0.54 -0.1428 -0.54 -0.1784999 0.54 -0.1784999 -0.54 -0.1784999 0.54 -0.214199 0.54 -0.214199 -0.54 -0.1784999 -0.54 -0.214199 0.54 -0.214199 -0.54 -0.214199 0.54 -0.249899 0.54 -0.249899 -0.54 -0.214199 -0.54 -0.249899 0.54 -0.249899 -0.54 -0.249899 0.54 -0.285599 0.54 -0.285599 -0.54 -0.249899 -0.54 -0.285599 0.54 -0.285599 -0.54 -0.285599 0.54 -0.321299 0.54 -0.321299 -0.54 -0.285599 -0.54 -0.321299 0.54 -0.321299 -0.54 -0.321299 0.54 -0.356999 0.54 -0.356999 -0.54 -0.321299 -0.54 -0.356999 0.54 -0.356999 -0.54 -0.356999 0.54 -0.392699 0.54 -0.392699 -0.54 -0.356999 -0.54 -0.392699 0.54 0 -0.54 0 0.54 -0.03569996 0.54 -0.03569996 -0.54 0 -0.54 -0.03569996 0.54 -0.03569996 -0.54 -0.03569996 0.54 -0.07139998 0.54 -0.07139998 -0.54 -0.03569996 -0.54 -0.07139998 0.54 -0.07139998 -0.54 -0.07139998 0.54 -0.1071 0.54 -0.1071 -0.54 -0.07139998 -0.54 -0.1071 0.54 -0.1071 -0.54 -0.1071 0.54 -0.1428 0.54 -0.1428 -0.54 -0.1071 -0.54 -0.1428 0.54 -0.1428 -0.54 -0.1428 0.54 -0.1784999 0.54 -0.1784999 -0.54 -0.1428 -0.54 -0.1784999 0.54 -0.1784999 -0.54 -0.1784999 0.54 -0.214199 0.54 -0.214199 -0.54 -0.1784999 -0.54 -0.214199 0.54 -0.214199 -0.54 -0.214199 0.54 -0.249899 0.54 -0.249899 -0.54 -0.214199 -0.54 -0.249899 0.54 -0.249899 -0.54 -0.249899 0.54 -0.285599 0.54 -0.285599 -0.54 -0.249899 -0.54 -0.285599 0.54 -0.285599 -0.54 -0.285599 0.54 -0.321299 0.54 -0.321299 -0.54 -0.285599 -0.54 -0.321299 0.54 -0.321299 -0.54 -0.321299 0.54 -0.356999 0.54 -0.356999 -0.54 -0.321299 -0.54 -0.356999 0.54 -0.356999 -0.54 -0.356999 0.54 -0.392699 0.54 -0.392699 -0.54 -0.356999 -0.54 -0.392699 0.54 0 -0.54 0 0.54 -0.03569996 0.54 -0.03569996 -0.54 0 -0.54 -0.03569996 0.54 -0.03569996 -0.54 -0.03569996 0.54 -0.07139998 0.54 -0.07139998 -0.54 -0.03569996 -0.54 -0.07139998 0.54 -0.07139998 -0.54 -0.07139998 0.54 -0.1071 0.54 -0.1071 -0.54 -0.07139998 -0.54 -0.1071 0.54 -0.1071 -0.54 -0.1071 0.54 -0.1428 0.54 -0.1428 -0.54 -0.1071 -0.54 -0.1428 0.54 -0.1428 -0.54 -0.1428 0.54 -0.1784999 0.54 -0.1784999 -0.54 -0.1428 -0.54 -0.1784999 0.54 -0.1784999 -0.54 -0.1784999 0.54 -0.214199 0.54 -0.214199 -0.54 -0.1784999 -0.54 -0.214199 0.54 -0.214199 -0.54 -0.214199 0.54 -0.249899 0.54 -0.249899 -0.54 -0.214199 -0.54 -0.249899 0.54 -0.249899 -0.54 -0.249899 0.54 -0.285599 0.54 -0.285599 -0.54 -0.249899 -0.54 -0.285599 0.54 -0.285599 -0.54 -0.285599 0.54 -0.321299 0.54 -0.321299 -0.54 -0.285599 -0.54 -0.321299 0.54 -0.321299 -0.54 -0.321299 0.54 -0.356999 0.54 -0.356999 -0.54 -0.321299 -0.54 -0.356999 0.54 -0.356999 -0.54 -0.356999 0.54 -0.392699 0.54 -0.392699 -0.54 -0.356999 -0.54 -0.392699 1.55 0 -1.55 0 1.55 -0.733038 1.55 -0.733038 -1.55 0 -1.55 -0.733038 1.55 -0.733038 -1.55 -0.733038 1.55 -1.466077 1.55 -1.466077 -1.55 -0.733038 -1.55 -1.466077 1.55 -1.466077 -1.55 -1.466077 1.55 -2.199115 1.55 -2.199115 -1.55 -1.466077 -1.55 -2.199115 1.55 -2.199115 -1.55 -2.199115 1.55 -2.932153 1.55 -2.932153 -1.55 -2.199115 -1.55 -2.932153 1.55 -2.932153 -1.55 -2.932153 1.55 -3.665191 1.55 -3.665191 -1.55 -2.932153 -1.55 -3.665191 1.55 -3.665191 -1.55 -3.665191 1.55 -4.39823 1.55 -4.39823 -1.55 -3.665191 -1.55 -4.39823 1.55 -4.39823 -1.55 -4.39823 1.55 -5.131268 1.55 -5.131268 -1.55 -4.39823 -1.55 -5.131268 1.55 -5.131268 -1.55 -5.131268 1.55 -5.864306 1.55 -5.864306 -1.55 -5.131268 -1.55 -5.864306 1.55 -5.864306 -1.55 -5.864306 1.55 -6.597344 1.55 -6.597344 -1.55 -5.864306 -1.55 -6.597344 1.55 -6.597344 -1.55 -6.597344 1.55 -7.330383 1.55 -7.330383 -1.55 -6.597344 -1.55 -7.330383 1.55 -7.330383 -1.55 -7.330383 1.55 -8.063422 1.55 -8.063422 -1.55 -7.330383 -1.55 -8.063422 1.55 -8.063422 -1.55 -8.063422 1.55 -8.79646 1.55 -8.79646 -1.55 -8.063422 -1.55 -8.79646 1.55 -8.79646 -1.55 -8.79646 1.55 -9.529499 1.55 -9.529499 -1.55 -8.79646 -1.55 -9.529499 1.55 -9.529499 -1.55 -9.529499 1.55 -10.26254 1.55 -10.26254 -1.55 -9.529499 -1.55 -10.26254 1.55 -10.26254 -1.55 -10.26254 1.55 -10.99557 1.55 -10.99557 -1.55 -10.26254 -1.55 -10.99557 -0.472153 2.417178 0.04631894 3.120942 -0.472153 3.424336 -0.472153 3.424336 0.04631894 3.120942 -0.01495295 3.182363 -0.472153 3.424336 -0.01495295 3.182363 -0.06522995 3.251035 -0.472153 1.410021 2.902472 2.027792 -0.472153 2.417178 -0.472153 2.417178 2.902472 2.027792 1.945963 2.316761 -0.472153 2.417178 1.945963 2.316761 1.089908 2.622408 -0.472153 0.402863 4.249376 0.856084 -0.472153 1.410021 -0.472153 1.410021 4.249376 0.856084 4.249376 1.712168 -0.472153 1.410021 4.249376 1.712168 3.969539 1.754546 3.969539 1.754546 4.249376 1.712168 3.969539 2.311143 3.969539 2.311143 4.249376 1.712168 4.249376 2.568252 3.969539 2.311143 4.249376 2.568252 3.969539 2.867739 3.969539 2.867739 4.249376 2.568252 4.249376 3.424336 3.969539 2.867739 4.249376 3.424336 3.969539 3.424336 4.249376 0.856084 -0.472153 0.402863 4.249376 0 4.249376 0 -0.472153 0.402863 -0.472153 -0.604295 4.249376 0 -0.472153 -0.604295 4.249376 -0.856084 4.249376 -0.856084 -0.472153 -0.604295 -0.472153 -1.611452 4.249376 -0.856084 -0.472153 -1.611452 4.249376 -1.712168 4.249376 -1.712168 -0.472153 -1.611452 -0.472153 -2.61861 4.249376 -1.712168 -0.472153 -2.61861 4.249376 -2.568252 4.249376 -2.568252 -0.472153 -2.61861 4.249376 -3.424336 4.249376 -3.424336 -0.472153 -2.61861 -0.472153 -3.625767 4.249376 -3.424336 -0.472153 -3.625767 3.969539 -3.466714 3.969539 -3.466714 -0.472153 -3.625767 2.902472 -3.73996 2.902472 -3.73996 -0.472153 -3.625767 1.945963 -4.028929 1.945963 -4.028929 -0.472153 -3.625767 -0.472153 -4.632925 1.945963 -4.028929 -0.472153 -4.632925 1.089908 -4.334576 1.089908 -4.334576 -0.472153 -4.632925 0.326172 -4.657864 0.326172 -4.657864 -0.472153 -4.632925 0.04631894 -4.83311 0.04631894 -4.83311 -0.472153 -4.632925 -0.01495295 -4.894531 -0.01495295 -4.894531 -0.472153 -4.632925 -0.06522995 -4.963203 -0.06522995 -4.963203 -0.472153 -4.632925 -0.10275 -5.046288 -0.10275 -5.046288 -0.472153 -4.632925 -0.113005 -5.091509 -0.113005 -5.091509 -0.472153 -4.632925 -0.116493 -5.136504 -0.116493 -5.136504 -0.472153 -4.632925 -0.472153 -5.640083 -0.116493 -5.136504 -0.472153 -5.640083 -0.113005 -5.181499 -0.113005 -5.181499 -0.472153 -5.640083 -0.10275 -5.22672 -0.10275 -5.22672 -0.472153 -5.640083 -0.06522995 -5.309804 -0.06522995 -5.309804 -0.472153 -5.640083 -0.01495295 -5.378478 -0.01495295 -5.378478 -0.472153 -5.640083 0.04631894 -5.439898 0.04631894 -5.439898 -0.472153 -5.640083 0.326172 -5.615144 0.326172 -5.615144 -0.472153 -5.640083 1.089908 -5.938432 1.089908 -5.938432 -0.472153 -5.640083 -0.472153 -6.647241 1.089908 -5.938432 -0.472153 -6.647241 1.945963 -6.244079 1.945963 -6.244079 -0.472153 -6.647241 2.902472 -6.533048 2.902472 -6.533048 -0.472153 -6.647241 3.969539 -6.806293 3.969539 -6.806293 -0.472153 -6.647241 4.249376 -6.848672 3.969539 -6.806293 4.249376 -6.848672 4.249376 -5.992588 -0.472153 -6.647241 -0.472153 -7.654398 4.249376 -6.848672 4.249376 -6.848672 -0.472153 -7.654398 4.249376 -7.704756 4.249376 -7.704756 -0.472153 -7.654398 4.249376 -8.56084 4.249376 -8.56084 -0.472153 -7.654398 -0.472153 -8.661556 4.249376 -8.56084 -0.472153 -8.661556 4.249376 -9.416924 4.249376 -9.416924 -0.472153 -8.661556 -0.472153 -9.668714 4.249376 -9.416924 -0.472153 -9.668714 4.249376 -10.27301 4.249376 -10.27301 -0.472153 -9.668714 -0.472153 -10.67587 4.249376 -10.27301 -0.472153 -10.67587 4.249376 -11.12909 4.249376 -11.12909 -0.472153 -10.67587 -0.472153 -11.68303 4.249376 -11.12909 -0.472153 -11.68303 4.249376 -11.98518 4.249376 -11.98518 -0.472153 -11.68303 3.969539 -12.02755 4.249376 -11.98518 3.969539 -12.02755 3.969539 -12.58415 3.969539 -12.02755 -0.472153 -11.68303 2.902472 -12.3008 2.902472 -12.3008 -0.472153 -11.68303 -0.472153 -12.69019 2.902472 -12.3008 -0.472153 -12.69019 1.945963 -12.58977 1.945963 -12.58977 -0.472153 -12.69019 1.089908 -12.89542 1.089908 -12.89542 -0.472153 -12.69019 0.326172 -13.2187 0.326172 -13.2187 -0.472153 -12.69019 -0.472153 -13.69734 0.326172 -13.2187 -0.472153 -13.69734 0.04631894 -13.39395 0.04631894 -13.39395 -0.472153 -13.69734 -0.01495295 -13.45537 -0.01495295 -13.45537 -0.472153 -13.69734 -0.06522995 -13.52404 -0.06522995 -13.52404 -0.472153 -13.69734 -0.10275 -13.60713 -0.10275 -13.60713 -0.472153 -13.69734 -0.113005 -13.65235 -0.113005 -13.65235 -0.472153 -13.69734 -0.116493 -13.69734 4.249376 -11.98518 3.969539 -12.58415 4.249376 -12.84126 4.249376 -12.84126 3.969539 -12.58415 3.969539 -13.14075 4.249376 -12.84126 3.969539 -13.14075 4.249376 -13.69734 4.249376 -13.69734 3.969539 -13.14075 3.969539 -13.69734 3.969539 -6.806293 4.249376 -5.992588 3.969539 -5.971399 3.969539 -5.971399 4.249376 -5.992588 4.249376 -5.136504 3.969539 -5.971399 4.249376 -5.136504 3.969539 -5.136504 3.969539 -5.136504 4.249376 -5.136504 3.969539 -4.301609 3.969539 -4.301609 4.249376 -5.136504 4.249376 -4.28042 3.969539 -4.301609 4.249376 -4.28042 3.969539 -3.466714 3.969539 -3.466714 4.249376 -4.28042 4.249376 -3.424336 3.969539 1.754546 2.902472 2.027792 -0.472153 1.410021 1.089908 2.622408 0.326172 2.945696 -0.472153 2.417178 -0.472153 2.417178 0.326172 2.945696 0.04631894 3.120942 -0.06522995 3.251035 -0.10275 3.33412 -0.472153 3.424336 -0.472153 3.424336 -0.10275 3.33412 -0.113005 3.379341 -0.472153 3.424336 -0.113005 3.379341 -0.116493 3.424336 -0.116493 -13.69734 -0.472153 -13.69734 -0.113005 -13.74234 -0.113005 -13.74234 -0.472153 -13.69734 -0.10275 -13.78756 -0.10275 -13.78756 -0.472153 -13.69734 -0.06522995 -13.87064 -0.06522995 -13.87064 -0.472153 -13.69734 -0.01495295 -13.93932 -0.01495295 -13.93932 -0.472153 -13.69734 0.04631894 -14.00074 0.04631894 -14.00074 -0.472153 -13.69734 -0.472153 -14.7045 0.04631894 -14.00074 -0.472153 -14.7045 0.326172 -14.17598 0.326172 -14.17598 -0.472153 -14.7045 1.089908 -14.49927 1.089908 -14.49927 -0.472153 -14.7045 1.945963 -14.80492 1.945963 -14.80492 -0.472153 -14.7045 2.902472 -15.09389 2.902472 -15.09389 -0.472153 -14.7045 -0.472153 -15.71166 2.902472 -15.09389 -0.472153 -15.71166 3.969539 -15.36713 3.969539 -15.36713 -0.472153 -15.71166 4.249376 -15.40951 3.969539 -15.36713 4.249376 -15.40951 3.969539 -14.81054 3.969539 -14.81054 4.249376 -15.40951 4.249376 -14.55343 3.969539 -14.81054 4.249376 -14.55343 3.969539 -14.25394 3.969539 -14.25394 4.249376 -14.55343 4.249376 -13.69734 3.969539 -14.25394 4.249376 -13.69734 3.969539 -13.69734 4.249376 -15.40951 -0.472153 -15.71166 4.249376 -16.2656 4.249376 -16.2656 -0.472153 -15.71166 -0.472153 -16.71882 4.249376 -16.2656 -0.472153 -16.71882 4.249376 -17.12168 4.249376 17.12168 -0.472153 17.52454 -0.472153 16.51739 4.249376 17.12168 -0.472153 16.51739 4.249376 16.2656 4.249376 16.2656 -0.472153 16.51739 -0.472153 15.51023 4.249376 16.2656 -0.472153 15.51023 4.249376 15.40951 4.249376 15.40951 -0.472153 15.51023 -0.472153 14.50307 4.249376 15.40951 -0.472153 14.50307 4.249376 14.55343 4.249376 14.55343 -0.472153 14.50307 4.249376 13.69734 4.249376 13.69734 -0.472153 14.50307 -0.472153 13.49591 4.249376 13.69734 -0.472153 13.49591 3.969539 13.65497 3.969539 13.65497 -0.472153 13.49591 2.902472 13.38172 2.902472 13.38172 -0.472153 13.49591 1.945963 13.09275 1.945963 13.09275 -0.472153 13.49591 -0.472153 12.48875 1.945963 13.09275 -0.472153 12.48875 1.089908 12.7871 1.089908 12.7871 -0.472153 12.48875 0.326172 12.46382 0.326172 12.46382 -0.472153 12.48875 0.04631894 12.28857 0.04631894 12.28857 -0.472153 12.48875 -0.01495295 12.22715 -0.01495295 12.22715 -0.472153 12.48875 -0.06522995 12.15848 -0.06522995 12.15848 -0.472153 12.48875 -0.10275 12.07539 -0.10275 12.07539 -0.472153 12.48875 -0.113005 12.03017 -0.113005 12.03017 -0.472153 12.48875 -0.116493 11.98518 -0.116493 11.98518 -0.472153 12.48875 -0.472153 11.4816 -0.116493 11.98518 -0.472153 11.4816 -0.113005 11.94018 -0.113005 11.94018 -0.472153 11.4816 -0.10275 11.89496 -0.10275 11.89496 -0.472153 11.4816 -0.06522995 11.81188 -0.06522995 11.81188 -0.472153 11.4816 -0.01495295 11.7432 -0.01495295 11.7432 -0.472153 11.4816 0.04631894 11.68178 0.04631894 11.68178 -0.472153 11.4816 0.326172 11.50654 0.326172 11.50654 -0.472153 11.4816 1.089908 11.18325 1.089908 11.18325 -0.472153 11.4816 -0.472153 10.47444 1.089908 11.18325 -0.472153 10.47444 1.945963 10.8776 1.945963 10.8776 -0.472153 10.47444 2.902472 10.58863 2.902472 10.58863 -0.472153 10.47444 3.969539 10.31539 3.969539 10.31539 -0.472153 10.47444 4.249376 10.27301 3.969539 10.31539 4.249376 10.27301 4.249376 11.12909 -0.472153 10.47444 -0.472153 9.467283 4.249376 10.27301 4.249376 10.27301 -0.472153 9.467283 4.249376 9.416924 4.249376 9.416924 -0.472153 9.467283 4.249376 8.56084 4.249376 8.56084 -0.472153 9.467283 -0.472153 8.460124 4.249376 8.56084 -0.472153 8.460124 4.249376 7.704756 4.249376 7.704756 -0.472153 8.460124 -0.472153 7.452967 4.249376 7.704756 -0.472153 7.452967 4.249376 6.848672 4.249376 6.848672 -0.472153 7.452967 -0.472153 6.445809 4.249376 6.848672 -0.472153 6.445809 4.249376 5.992588 4.249376 5.992588 -0.472153 6.445809 -0.472153 5.438651 4.249376 5.992588 -0.472153 5.438651 4.249376 5.136504 4.249376 5.136504 -0.472153 5.438651 3.969539 5.094126 4.249376 5.136504 3.969539 5.094126 3.969539 4.537529 3.969539 5.094126 -0.472153 5.438651 2.902472 4.82088 2.902472 4.82088 -0.472153 5.438651 -0.472153 4.431494 2.902472 4.82088 -0.472153 4.431494 1.945963 4.531911 1.945963 4.531911 -0.472153 4.431494 1.089908 4.226264 1.089908 4.226264 -0.472153 4.431494 0.326172 3.902977 0.326172 3.902977 -0.472153 4.431494 -0.472153 3.424336 0.326172 3.902977 -0.472153 3.424336 0.04631894 3.72773 0.04631894 3.72773 -0.472153 3.424336 -0.01495295 3.666309 -0.01495295 3.666309 -0.472153 3.424336 -0.06522995 3.597636 -0.06522995 3.597636 -0.472153 3.424336 -0.10275 3.514552 -0.10275 3.514552 -0.472153 3.424336 -0.113005 3.469331 -0.113005 3.469331 -0.472153 3.424336 -0.116493 3.424336 4.249376 5.136504 3.969539 4.537529 4.249376 4.28042 4.249376 4.28042 3.969539 4.537529 3.969539 3.980932 4.249376 4.28042 3.969539 3.980932 4.249376 3.424336 4.249376 3.424336 3.969539 3.980932 3.969539 3.424336 3.969539 10.31539 4.249376 11.12909 3.969539 11.15028 3.969539 11.15028 4.249376 11.12909 4.249376 11.98518 3.969539 11.15028 4.249376 11.98518 3.969539 11.98518 3.969539 11.98518 4.249376 11.98518 3.969539 12.82007 3.969539 12.82007 4.249376 11.98518 4.249376 12.84126 3.969539 12.82007 4.249376 12.84126 3.969539 13.65497 3.969539 13.65497 4.249376 12.84126 4.249376 13.69734 -1.55 0 1.55 0 -1.55 0.733038 -1.55 0.733038 1.55 0 1.55 0.733038 -1.55 0.733038 1.55 0.733038 -1.55 1.466077 -1.55 1.466077 1.55 0.733038 1.55 1.466077 -1.55 1.466077 1.55 1.466077 -1.55 2.199115 -1.55 2.199115 1.55 1.466077 1.55 2.199115 -1.55 2.199115 1.55 2.199115 -1.55 2.932153 -1.55 2.932153 1.55 2.199115 1.55 2.932153 -1.55 2.932153 1.55 2.932153 -1.55 3.665191 -1.55 3.665191 1.55 2.932153 1.55 3.665191 -1.55 3.665191 1.55 3.665191 -1.55 4.39823 -1.55 4.39823 1.55 3.665191 1.55 4.39823 -1.55 4.39823 1.55 4.39823 -1.55 5.131268 -1.55 5.131268 1.55 4.39823 1.55 5.131268 -1.55 5.131268 1.55 5.131268 -1.55 5.864306 -1.55 5.864306 1.55 5.131268 1.55 5.864306 -1.55 5.864306 1.55 5.864306 -1.55 6.597344 -1.55 6.597344 1.55 5.864306 1.55 6.597344 -1.55 6.597344 1.55 6.597344 -1.55 7.330383 -1.55 7.330383 1.55 6.597344 1.55 7.330383 -1.55 7.330383 1.55 7.330383 -1.55 8.063422 -1.55 8.063422 1.55 7.330383 1.55 8.063422 -1.55 8.063422 1.55 8.063422 -1.55 8.79646 -1.55 8.79646 1.55 8.063422 1.55 8.79646 -1.55 8.79646 1.55 8.79646 -1.55 9.529499 -1.55 9.529499 1.55 8.79646 1.55 9.529499 -1.55 9.529499 1.55 9.529499 -1.55 10.26254 -1.55 10.26254 1.55 9.529499 1.55 10.26254 -1.55 10.26254 1.55 10.26254 -1.55 10.99557 -1.55 10.99557 1.55 10.26254 1.55 10.99557 8.378888 0.771748 8.032258 0.09446901 8.450401 0 8.450401 0 8.032258 0.09446901 8.055557 0.06757998 8.450401 0 8.055557 0.06757998 8.070337 0.03521698 8.166784 1.517215 7.673917 0.727691 8.378888 0.771748 8.378888 0.771748 7.673917 0.727691 7.968189 0.123728 8.378888 0.771748 7.968189 0.123728 8.002327 0.113704 7.821312 2.211015 7.579694 1.85 8.166784 1.517215 8.166784 1.517215 7.579694 1.85 7.574631 1.814783 8.166784 1.517215 7.574631 1.814783 7.559851 1.78242 7.354238 2.829522 7.436904 1.973728 7.821312 2.211015 7.821312 2.211015 7.436904 1.973728 7.472483 1.973728 7.821312 2.211015 7.472483 1.973728 7.506621 1.963704 6.781466 3.351672 6.592357 2.601007 7.354238 2.829522 7.354238 2.829522 6.592357 2.601007 7.081959 2.057248 7.354238 2.829522 7.081959 2.057248 7.436904 1.973728 7.436904 1.973728 7.081959 2.057248 7.402767 1.963704 7.402767 1.963704 7.081959 2.057248 7.372837 1.944469 7.372837 1.944469 7.081959 2.057248 7.349537 1.91758 7.349537 1.91758 7.081959 2.057248 7.334757 1.885217 7.334757 1.885217 7.081959 2.057248 7.329694 1.85 7.329694 1.85 7.081959 2.057248 7.334757 1.814783 7.334757 1.814783 7.081959 2.057248 7.349537 1.78242 7.349537 1.78242 7.081959 2.057248 7.447809 1.423578 7.349537 1.78242 7.447809 1.423578 7.372837 1.755531 7.372837 1.755531 7.447809 1.423578 7.402767 1.736296 7.402767 1.736296 7.447809 1.423578 7.436904 1.726272 7.436904 1.726272 7.447809 1.423578 7.472483 1.726272 7.472483 1.726272 7.447809 1.423578 7.506621 1.736296 7.506621 1.736296 7.447809 1.423578 7.536551 1.755531 7.536551 1.755531 7.447809 1.423578 8.166784 1.517215 7.536551 1.755531 8.166784 1.517215 7.559851 1.78242 6.122501 3.759686 6.182258 3.298763 6.781466 3.351672 6.781466 3.351672 6.182258 3.298763 6.205557 3.271874 6.781466 3.351672 6.205557 3.271874 6.220336 3.239511 5.399785 4.039668 5.331959 3.328698 6.122501 3.759686 6.122501 3.759686 5.331959 3.328698 6.018542 3.298763 6.122501 3.759686 6.018542 3.298763 6.048473 3.317998 5.331959 3.328698 5.399785 4.039668 4.61625 3.480827 4.61625 3.480827 5.399785 4.039668 4.637927 4.182084 4.61625 3.480827 4.637927 4.182084 4.370337 3.735217 4.370337 3.735217 4.637927 4.182084 4.355556 3.76758 4.355556 3.76758 4.637927 4.182084 4.332258 3.794469 4.332258 3.794469 4.637927 4.182084 4.302327 3.813704 4.302327 3.813704 4.637927 4.182084 4.268189 3.823728 4.268189 3.823728 4.637927 4.182084 3.862873 4.182084 4.268189 3.823728 3.862873 4.182084 4.232611 3.823728 4.232611 3.823728 3.862873 4.182084 4.198473 3.813704 4.198473 3.813704 3.862873 4.182084 4.168542 3.794469 4.168542 3.794469 3.862873 4.182084 4.145243 3.76758 4.145243 3.76758 3.862873 4.182084 4.130464 3.735217 4.130464 3.735217 3.862873 4.182084 3.88455 3.480827 4.130464 3.735217 3.88455 3.480827 4.1254 3.7 4.1254 3.7 3.88455 3.480827 4.130464 3.664783 4.130464 3.664783 3.88455 3.480827 4.145243 3.63242 4.145243 3.63242 3.88455 3.480827 4.168542 3.605531 4.168542 3.605531 3.88455 3.480827 4.198473 3.586296 4.198473 3.586296 3.88455 3.480827 4.232611 3.576272 4.232611 3.576272 3.88455 3.480827 4.61625 3.480827 4.232611 3.576272 4.61625 3.480827 4.268189 3.576272 4.268189 3.576272 4.61625 3.480827 4.302327 3.586296 4.302327 3.586296 4.61625 3.480827 4.332258 3.605531 4.332258 3.605531 4.61625 3.480827 4.355556 3.63242 4.355556 3.63242 4.61625 3.480827 4.370337 3.664783 4.370337 3.664783 4.61625 3.480827 4.3754 3.7 4.3754 3.7 4.61625 3.480827 4.370337 3.735217 3.862873 4.182084 3.101015 4.039668 3.88455 3.480827 3.88455 3.480827 3.101015 4.039668 3.16884 3.328698 3.16884 3.328698 3.101015 4.039668 2.378299 3.759686 3.16884 3.328698 2.378299 3.759686 2.482258 3.298763 2.482258 3.298763 2.378299 3.759686 2.452327 3.317998 2.452327 3.317998 2.378299 3.759686 2.418189 3.328022 2.418189 3.328022 2.378299 3.759686 2.382611 3.328022 2.382611 3.328022 2.378299 3.759686 2.348473 3.317998 2.348473 3.317998 2.378299 3.759686 2.318542 3.298763 2.318542 3.298763 2.378299 3.759686 1.719334 3.351672 2.318542 3.298763 1.719334 3.351672 2.295243 3.271874 2.295243 3.271874 1.719334 3.351672 2.280463 3.239511 2.280463 3.239511 1.719334 3.351672 2.2754 3.204294 2.2754 3.204294 1.719334 3.351672 2.280463 3.169077 2.280463 3.169077 1.719334 3.351672 1.908443 2.601007 2.280463 3.169077 1.908443 2.601007 2.295243 3.136714 2.295243 3.136714 1.908443 2.601007 2.318542 3.109825 2.318542 3.109825 1.908443 2.601007 2.348473 3.09059 2.348473 3.09059 1.908443 2.601007 2.382611 3.080566 2.382611 3.080566 1.908443 2.601007 2.5004 3.031089 2.382611 3.080566 2.5004 3.031089 2.418189 3.080566 2.418189 3.080566 2.5004 3.031089 2.452327 3.09059 2.452327 3.09059 2.5004 3.031089 2.482258 3.109825 2.482258 3.109825 2.5004 3.031089 2.505557 3.136714 2.505557 3.136714 2.5004 3.031089 2.520337 3.169077 2.520337 3.169077 2.5004 3.031089 3.16884 3.328698 2.520337 3.169077 3.16884 3.328698 2.5254 3.204294 2.5254 3.204294 3.16884 3.328698 2.520337 3.239511 2.520337 3.239511 3.16884 3.328698 2.505557 3.271874 2.505557 3.271874 3.16884 3.328698 2.482258 3.298763 1.719334 3.351672 1.146563 2.829522 1.908443 2.601007 1.908443 2.601007 1.146563 2.829522 1.418841 2.057248 1.418841 2.057248 1.146563 2.829522 1.063895 1.973728 1.418841 2.057248 1.063895 1.973728 1.098033 1.963704 1.146563 2.829522 0.679488 2.211015 1.063895 1.973728 1.063895 1.973728 0.679488 2.211015 1.028317 1.973728 1.028317 1.973728 0.679488 2.211015 0.994179 1.963704 0.994179 1.963704 0.679488 2.211015 0.964248 1.944469 0.964248 1.944469 0.679488 2.211015 0.940949 1.91758 0.940949 1.91758 0.679488 2.211015 0.926169 1.885217 0.926169 1.885217 0.679488 2.211015 0.921106 1.85 0.921106 1.85 0.679488 2.211015 0.334017 1.517215 0.921106 1.85 0.334017 1.517215 0.926169 1.814783 0.926169 1.814783 0.334017 1.517215 0.940949 1.78242 0.940949 1.78242 0.334017 1.517215 0.964248 1.755531 0.964248 1.755531 0.334017 1.517215 1.052991 1.423578 0.964248 1.755531 1.052991 1.423578 0.994179 1.736296 0.994179 1.736296 1.052991 1.423578 1.028317 1.726272 1.028317 1.726272 1.052991 1.423578 1.063895 1.726272 1.063895 1.726272 1.052991 1.423578 1.098033 1.736296 1.098033 1.736296 1.052991 1.423578 1.127964 1.755531 1.127964 1.755531 1.052991 1.423578 1.151263 1.78242 1.151263 1.78242 1.052991 1.423578 1.418841 2.057248 1.151263 1.78242 1.418841 2.057248 1.166043 1.814783 1.166043 1.814783 1.418841 2.057248 1.171106 1.85 1.171106 1.85 1.418841 2.057248 1.166043 1.885217 1.166043 1.885217 1.418841 2.057248 1.151263 1.91758 1.151263 1.91758 1.418841 2.057248 1.127964 1.944469 1.127964 1.944469 1.418841 2.057248 1.098033 1.963704 1.052991 1.423578 0.334017 1.517215 0.826883 0.727691 0.826883 0.727691 0.334017 1.517215 0.121913 0.771748 0.826883 0.727691 0.121913 0.771748 0.532611 0.123728 0.532611 0.123728 0.121913 0.771748 0.498473 0.113704 0.498473 0.113704 0.121913 0.771748 0.468542 0.09446901 0.468542 0.09446901 0.121913 0.771748 0.05039995 0 0.468542 0.09446901 0.05039995 0 0.445243 0.06757998 0.445243 0.06757998 0.05039995 0 0.430463 0.03521698 0.430463 0.03521698 0.05039995 0 0.4254 0 0.4254 0 0.05039995 0 0.430463 -0.03521698 0.430463 -0.03521698 0.05039995 0 0.445243 -0.06757998 0.445243 -0.06757998 0.05039995 0 0.468542 -0.09446901 0.468542 -0.09446901 0.05039995 0 0.121913 -0.771748 0.468542 -0.09446901 0.121913 -0.771748 0.498473 -0.113704 0.498473 -0.113704 0.121913 -0.771748 0.532611 -0.123728 0.532611 -0.123728 0.121913 -0.771748 0.826883 -0.727691 0.532611 -0.123728 0.826883 -0.727691 0.568189 -0.123728 0.568189 -0.123728 0.826883 -0.727691 0.602327 -0.113704 0.602327 -0.113704 0.826883 -0.727691 0.632258 -0.09446901 0.632258 -0.09446901 0.826883 -0.727691 0.7504 0 0.632258 -0.09446901 0.7504 0 0.655557 -0.06757998 0.655557 -0.06757998 0.7504 0 0.670337 -0.03521698 0.670337 -0.03521698 0.7504 0 0.6754 0 0.6754 0 0.7504 0 0.670337 0.03521698 0.670337 0.03521698 0.7504 0 0.655557 0.06757998 0.655557 0.06757998 0.7504 0 0.632258 0.09446901 0.632258 0.09446901 0.7504 0 0.826883 0.727691 0.632258 0.09446901 0.826883 0.727691 0.602327 0.113704 0.602327 0.113704 0.826883 0.727691 0.568189 0.123728 0.568189 0.123728 0.826883 0.727691 0.532611 0.123728 0.121913 -0.771748 0.334017 -1.517215 0.826883 -0.727691 0.826883 -0.727691 0.334017 -1.517215 1.052991 -1.423578 1.052991 -1.423578 0.334017 -1.517215 0.964248 -1.755531 1.052991 -1.423578 0.964248 -1.755531 0.994179 -1.736296 0.679488 -2.211015 0.921106 -1.85 0.334017 -1.517215 0.334017 -1.517215 0.921106 -1.85 0.926169 -1.814783 0.334017 -1.517215 0.926169 -1.814783 0.940949 -1.78242 1.146563 -2.829522 1.063895 -1.973728 0.679488 -2.211015 0.679488 -2.211015 1.063895 -1.973728 1.028317 -1.973728 0.679488 -2.211015 1.028317 -1.973728 0.994179 -1.963704 1.719334 -3.351672 1.908443 -2.601007 1.146563 -2.829522 1.146563 -2.829522 1.908443 -2.601007 1.418841 -2.057248 1.146563 -2.829522 1.418841 -2.057248 1.063895 -1.973728 1.063895 -1.973728 1.418841 -2.057248 1.098033 -1.963704 1.098033 -1.963704 1.418841 -2.057248 1.127964 -1.944469 1.127964 -1.944469 1.418841 -2.057248 1.151263 -1.91758 1.151263 -1.91758 1.418841 -2.057248 1.166043 -1.885217 1.166043 -1.885217 1.418841 -2.057248 1.171106 -1.85 1.171106 -1.85 1.418841 -2.057248 1.166043 -1.814783 1.166043 -1.814783 1.418841 -2.057248 1.151263 -1.78242 1.151263 -1.78242 1.418841 -2.057248 1.052991 -1.423578 1.151263 -1.78242 1.052991 -1.423578 1.127964 -1.755531 1.127964 -1.755531 1.052991 -1.423578 1.098033 -1.736296 1.098033 -1.736296 1.052991 -1.423578 1.063895 -1.726272 1.063895 -1.726272 1.052991 -1.423578 1.028317 -1.726272 1.028317 -1.726272 1.052991 -1.423578 0.994179 -1.736296 2.378299 -3.759686 2.318542 -3.298763 1.719334 -3.351672 1.719334 -3.351672 2.318542 -3.298763 2.295243 -3.271874 1.719334 -3.351672 2.295243 -3.271874 2.280463 -3.239511 3.101015 -4.039668 3.16884 -3.328698 2.378299 -3.759686 2.378299 -3.759686 3.16884 -3.328698 2.482258 -3.298763 2.378299 -3.759686 2.482258 -3.298763 2.452327 -3.317998 3.16884 -3.328698 3.101015 -4.039668 3.88455 -3.480827 3.88455 -3.480827 3.101015 -4.039668 3.862873 -4.182084 3.88455 -3.480827 3.862873 -4.182084 4.130464 -3.735217 4.130464 -3.735217 3.862873 -4.182084 4.145243 -3.76758 4.145243 -3.76758 3.862873 -4.182084 4.168542 -3.794469 4.168542 -3.794469 3.862873 -4.182084 4.198473 -3.813704 4.198473 -3.813704 3.862873 -4.182084 4.232611 -3.823728 4.232611 -3.823728 3.862873 -4.182084 4.637927 -4.182084 4.232611 -3.823728 4.637927 -4.182084 4.268189 -3.823728 4.268189 -3.823728 4.637927 -4.182084 4.302327 -3.813704 4.302327 -3.813704 4.637927 -4.182084 4.332258 -3.794469 4.332258 -3.794469 4.637927 -4.182084 4.355556 -3.76758 4.355556 -3.76758 4.637927 -4.182084 4.370337 -3.735217 4.370337 -3.735217 4.637927 -4.182084 4.61625 -3.480827 4.370337 -3.735217 4.61625 -3.480827 4.3754 -3.7 4.3754 -3.7 4.61625 -3.480827 4.370337 -3.664783 4.370337 -3.664783 4.61625 -3.480827 4.355556 -3.63242 4.355556 -3.63242 4.61625 -3.480827 4.332258 -3.605531 4.332258 -3.605531 4.61625 -3.480827 4.302327 -3.586296 4.302327 -3.586296 4.61625 -3.480827 4.268189 -3.576272 4.268189 -3.576272 4.61625 -3.480827 3.88455 -3.480827 4.268189 -3.576272 3.88455 -3.480827 4.232611 -3.576272 4.232611 -3.576272 3.88455 -3.480827 4.198473 -3.586296 4.198473 -3.586296 3.88455 -3.480827 4.168542 -3.605531 4.168542 -3.605531 3.88455 -3.480827 4.145243 -3.63242 4.145243 -3.63242 3.88455 -3.480827 4.130464 -3.664783 4.130464 -3.664783 3.88455 -3.480827 4.1254 -3.7 4.1254 -3.7 3.88455 -3.480827 4.130464 -3.735217 4.637927 -4.182084 5.399785 -4.039668 4.61625 -3.480827 4.61625 -3.480827 5.399785 -4.039668 5.331959 -3.328698 5.331959 -3.328698 5.399785 -4.039668 6.122501 -3.759686 5.331959 -3.328698 6.122501 -3.759686 6.018542 -3.298763 6.018542 -3.298763 6.122501 -3.759686 6.048473 -3.317998 6.048473 -3.317998 6.122501 -3.759686 6.082611 -3.328022 6.082611 -3.328022 6.122501 -3.759686 6.118189 -3.328022 6.118189 -3.328022 6.122501 -3.759686 6.152327 -3.317998 6.152327 -3.317998 6.122501 -3.759686 6.182258 -3.298763 6.182258 -3.298763 6.122501 -3.759686 6.781466 -3.351672 6.182258 -3.298763 6.781466 -3.351672 6.205557 -3.271874 6.205557 -3.271874 6.781466 -3.351672 6.220336 -3.239511 6.220336 -3.239511 6.781466 -3.351672 6.2254 -3.204294 6.2254 -3.204294 6.781466 -3.351672 6.220336 -3.169077 6.220336 -3.169077 6.781466 -3.351672 6.592357 -2.601007 6.220336 -3.169077 6.592357 -2.601007 6.205557 -3.136714 6.205557 -3.136714 6.592357 -2.601007 6.182258 -3.109825 6.182258 -3.109825 6.592357 -2.601007 6.152327 -3.09059 6.152327 -3.09059 6.592357 -2.601007 6.118189 -3.080566 6.118189 -3.080566 6.592357 -2.601007 6.0004 -3.031089 6.118189 -3.080566 6.0004 -3.031089 6.082611 -3.080566 6.082611 -3.080566 6.0004 -3.031089 6.048473 -3.09059 6.048473 -3.09059 6.0004 -3.031089 6.018542 -3.109825 6.018542 -3.109825 6.0004 -3.031089 5.995243 -3.136714 5.995243 -3.136714 6.0004 -3.031089 5.980464 -3.169077 5.980464 -3.169077 6.0004 -3.031089 5.331959 -3.328698 5.980464 -3.169077 5.331959 -3.328698 5.9754 -3.204294 5.9754 -3.204294 5.331959 -3.328698 5.980464 -3.239511 5.980464 -3.239511 5.331959 -3.328698 5.995243 -3.271874 5.995243 -3.271874 5.331959 -3.328698 6.018542 -3.298763 6.781466 -3.351672 7.354238 -2.829522 6.592357 -2.601007 6.592357 -2.601007 7.354238 -2.829522 7.081959 -2.057248 7.081959 -2.057248 7.354238 -2.829522 7.436904 -1.973728 7.081959 -2.057248 7.436904 -1.973728 7.402767 -1.963704 7.354238 -2.829522 7.821312 -2.211015 7.436904 -1.973728 7.436904 -1.973728 7.821312 -2.211015 7.472483 -1.973728 7.472483 -1.973728 7.821312 -2.211015 7.506621 -1.963704 7.506621 -1.963704 7.821312 -2.211015 7.536551 -1.944469 7.536551 -1.944469 7.821312 -2.211015 7.559851 -1.91758 7.559851 -1.91758 7.821312 -2.211015 7.574631 -1.885217 7.574631 -1.885217 7.821312 -2.211015 7.579694 -1.85 7.579694 -1.85 7.821312 -2.211015 8.166784 -1.517215 7.579694 -1.85 8.166784 -1.517215 7.574631 -1.814783 7.574631 -1.814783 8.166784 -1.517215 7.559851 -1.78242 7.559851 -1.78242 8.166784 -1.517215 7.536551 -1.755531 7.536551 -1.755531 8.166784 -1.517215 7.447809 -1.423578 7.536551 -1.755531 7.447809 -1.423578 7.506621 -1.736296 7.506621 -1.736296 7.447809 -1.423578 7.472483 -1.726272 7.472483 -1.726272 7.447809 -1.423578 7.436904 -1.726272 7.436904 -1.726272 7.447809 -1.423578 7.402767 -1.736296 7.402767 -1.736296 7.447809 -1.423578 7.372837 -1.755531 7.372837 -1.755531 7.447809 -1.423578 7.349537 -1.78242 7.349537 -1.78242 7.447809 -1.423578 7.081959 -2.057248 7.349537 -1.78242 7.081959 -2.057248 7.334757 -1.814783 7.334757 -1.814783 7.081959 -2.057248 7.329694 -1.85 7.329694 -1.85 7.081959 -2.057248 7.334757 -1.885217 7.334757 -1.885217 7.081959 -2.057248 7.349537 -1.91758 7.349537 -1.91758 7.081959 -2.057248 7.372837 -1.944469 7.372837 -1.944469 7.081959 -2.057248 7.402767 -1.963704 7.447809 -1.423578 8.166784 -1.517215 7.673917 -0.727691 7.673917 -0.727691 8.166784 -1.517215 8.378888 -0.771748 7.673917 -0.727691 8.378888 -0.771748 7.968189 -0.123728 7.968189 -0.123728 8.378888 -0.771748 8.002327 -0.113704 8.002327 -0.113704 8.378888 -0.771748 8.032258 -0.09446901 8.032258 -0.09446901 8.378888 -0.771748 8.450401 0 8.032258 -0.09446901 8.450401 0 8.055557 -0.06757998 8.055557 -0.06757998 8.450401 0 8.070337 -0.03521698 8.070337 -0.03521698 8.450401 0 8.075401 0 8.075401 0 8.450401 0 8.070337 0.03521698 2.280463 -3.239511 2.2754 -3.204294 1.719334 -3.351672 1.719334 -3.351672 2.2754 -3.204294 2.280463 -3.169077 1.719334 -3.351672 2.280463 -3.169077 1.908443 -2.601007 1.908443 -2.601007 2.280463 -3.169077 2.295243 -3.136714 1.908443 -2.601007 2.295243 -3.136714 2.318542 -3.109825 2.318542 -3.109825 2.348473 -3.09059 1.908443 -2.601007 1.908443 -2.601007 2.348473 -3.09059 2.382611 -3.080566 1.908443 -2.601007 2.382611 -3.080566 2.5004 -3.031089 2.5004 -3.031089 2.382611 -3.080566 2.418189 -3.080566 2.5004 -3.031089 2.418189 -3.080566 2.452327 -3.09059 2.452327 -3.09059 2.482258 -3.109825 2.5004 -3.031089 2.5004 -3.031089 2.482258 -3.109825 2.505557 -3.136714 2.5004 -3.031089 2.505557 -3.136714 2.520337 -3.169077 2.5004 -3.031089 2.520337 -3.169077 3.16884 -3.328698 3.16884 -3.328698 2.520337 -3.169077 2.5254 -3.204294 3.16884 -3.328698 2.5254 -3.204294 2.520337 -3.239511 2.520337 -3.239511 2.505557 -3.271874 3.16884 -3.328698 3.16884 -3.328698 2.505557 -3.271874 2.482258 -3.298763 2.452327 -3.317998 2.418189 -3.328022 2.378299 -3.759686 2.378299 -3.759686 2.418189 -3.328022 2.382611 -3.328022 2.378299 -3.759686 2.382611 -3.328022 2.348473 -3.317998 2.348473 -3.317998 2.318542 -3.298763 2.378299 -3.759686 0.940949 -1.78242 0.964248 -1.755531 0.334017 -1.517215 0.994179 -1.963704 0.964248 -1.944469 0.679488 -2.211015 0.679488 -2.211015 0.964248 -1.944469 0.940949 -1.91758 0.679488 -2.211015 0.940949 -1.91758 0.926169 -1.885217 0.926169 -1.885217 0.921106 -1.85 0.679488 -2.211015 5.980464 3.169077 5.9754 3.204294 5.331959 3.328698 5.331959 3.328698 5.9754 3.204294 5.980464 3.239511 5.331959 3.328698 5.980464 3.239511 5.995243 3.271874 5.995243 3.271874 6.018542 3.298763 5.331959 3.328698 6.048473 3.317998 6.082611 3.328022 6.122501 3.759686 6.122501 3.759686 6.082611 3.328022 6.118189 3.328022 6.122501 3.759686 6.118189 3.328022 6.152327 3.317998 6.152327 3.317998 6.182258 3.298763 6.122501 3.759686 6.220336 3.239511 6.2254 3.204294 6.781466 3.351672 6.781466 3.351672 6.2254 3.204294 6.220336 3.169077 6.781466 3.351672 6.220336 3.169077 6.592357 2.601007 6.592357 2.601007 6.220336 3.169077 6.205557 3.136714 6.592357 2.601007 6.205557 3.136714 6.182258 3.109825 6.182258 3.109825 6.152327 3.09059 6.592357 2.601007 6.592357 2.601007 6.152327 3.09059 6.118189 3.080566 6.592357 2.601007 6.118189 3.080566 6.0004 3.031089 6.0004 3.031089 6.118189 3.080566 6.082611 3.080566 6.0004 3.031089 6.082611 3.080566 6.048473 3.09059 6.048473 3.09059 6.018542 3.109825 6.0004 3.031089 6.0004 3.031089 6.018542 3.109825 5.995243 3.136714 6.0004 3.031089 5.995243 3.136714 5.980464 3.169077 6.0004 3.031089 5.980464 3.169077 5.331959 3.328698 7.506621 1.963704 7.536551 1.944469 7.821312 2.211015 7.821312 2.211015 7.536551 1.944469 7.559851 1.91758 7.821312 2.211015 7.559851 1.91758 7.574631 1.885217 7.574631 1.885217 7.579694 1.85 7.821312 2.211015 7.830463 -0.03521698 7.8254 0 7.7504 0 7.7504 0 7.8254 0 7.830463 0.03521698 7.7504 0 7.830463 0.03521698 7.845243 0.06757998 7.845243 0.06757998 7.868542 0.09446901 7.7504 0 7.7504 0 7.868542 0.09446901 7.673917 0.727691 7.673917 0.727691 7.868542 0.09446901 7.898473 0.113704 7.673917 0.727691 7.898473 0.113704 7.932611 0.123728 7.932611 0.123728 7.968189 0.123728 7.673917 0.727691 8.002327 0.113704 8.032258 0.09446901 8.378888 0.771748 7.968189 -0.123728 7.932611 -0.123728 7.673917 -0.727691 7.673917 -0.727691 7.932611 -0.123728 7.898473 -0.113704 7.673917 -0.727691 7.898473 -0.113704 7.868542 -0.09446901 7.673917 -0.727691 7.868542 -0.09446901 7.7504 0 7.7504 0 7.868542 -0.09446901 7.845243 -0.06757998 7.7504 0 7.845243 -0.06757998 7.830463 -0.03521698 7.447809 1.423578 7.673917 0.727691 8.166784 1.517215 -0.1899999 0 -0.1899999 -0.776158 0.1899999 0 0.1899999 0 -0.1899999 -0.776158 0.1899999 -0.776158 0.1899999 -0.776158 -0.1899999 -0.776158 -0.1899999 -1.552316 0.1899999 -0.776158 -0.1899999 -1.552316 0.1899999 -1.552316 0.1899999 -1.552316 -0.1899999 -1.552316 -0.1899999 -2.328475 0.1899999 -1.552316 -0.1899999 -2.328475 0.1899999 -2.328475 0.1899999 -2.328475 -0.1899999 -2.328475 -0.1899999 -3.104633 0.1899999 -2.328475 -0.1899999 -3.104633 0.1899999 -3.104633 0.1899999 -3.104633 -0.1899999 -3.104633 -0.1899999 -3.880791 0.1899999 -3.104633 -0.1899999 -3.880791 0.1899999 -3.880791 0.1899999 -3.880791 -0.1899999 -3.880791 -0.1899999 -4.656949 0.1899999 -3.880791 -0.1899999 -4.656949 0.1899999 -4.656949 0.1899999 -4.656949 -0.1899999 -4.656949 -0.1899999 -5.433107 0.1899999 -4.656949 -0.1899999 -5.433107 0.1899999 -5.433107 0.1899999 -5.433107 -0.1899999 -5.433107 -0.1899999 -6.209266 0.1899999 -5.433107 -0.1899999 -6.209266 0.1899999 -6.209266 0.1899999 -6.209266 -0.1899999 -6.209266 -0.1899999 -6.985424 0.1899999 -6.209266 -0.1899999 -6.985424 0.1899999 -6.985424 0.1899999 -6.985424 -0.1899999 -6.985424 -0.1899999 -7.761582 0.1899999 -6.985424 -0.1899999 -7.761582 0.1899999 -7.761582 0.1899999 -7.761582 -0.1899999 -7.761582 -0.1899999 -8.53774 0.1899999 -7.761582 -0.1899999 -8.53774 0.1899999 -8.53774 0.1899999 -8.53774 -0.1899999 -8.53774 -0.1899999 -9.313899 0.1899999 -8.53774 -0.1899999 -9.313899 0.1899999 -9.313899 0.1899999 -9.313899 -0.1899999 -9.313899 -0.1899999 -10.09006 0.1899999 -9.313899 -0.1899999 -10.09006 0.1899999 -10.09006 0.1899999 -10.09006 -0.1899999 -10.09006 -0.1899999 -10.86621 0.1899999 -10.09006 -0.1899999 -10.86621 0.1899999 -10.86621 0.1899999 -10.86621 -0.1899999 -10.86621 -0.1899999 -11.64237 0.1899999 -10.86621 -0.1899999 -11.64237 0.1899999 -11.64237 0.1899999 -11.64237 -0.1899999 -11.64237 -0.1899999 -12.41853 0.1899999 -11.64237 -0.1899999 -12.41853 0.1899999 -12.41853 0.1899999 -12.41853 -0.1899999 -12.41853 0.1899999 -13.19469 0.1899999 -13.19469 -0.1899999 -12.41853 -0.1899999 -13.19469 -5.569945 13.39933 -5.569945 14.23679 -5.736821 13.6178 -5.736821 13.6178 -5.569945 14.23679 -5.807692 14.23679 -5.736821 13.6178 -5.807692 14.23679 -6.045439 14.23679 -6.045439 14.23679 -6.283185 14.23679 -5.736821 13.6178 -5.736821 13.6178 -6.283185 14.23679 -6.283185 13.39933 -5.736821 13.6178 -6.283185 13.39933 -5.736821 12.99881 -5.736821 12.99881 -6.283185 13.39933 -6.283185 12.56187 -5.736821 12.99881 -6.283185 12.56187 -5.736821 12.37981 -5.736821 12.37981 -6.283185 12.56187 -6.283185 11.72441 -5.736821 12.37981 -6.283185 11.72441 -5.736821 11.76082 -5.736821 11.76082 -6.283185 11.72441 -5.736821 11.14183 -5.736821 11.76082 -5.736821 11.14183 -5.569945 11.72441 -5.569945 11.72441 -5.736821 11.14183 -5.569945 10.88696 -5.569945 10.88696 -5.736821 11.14183 -5.736821 10.52284 -5.569945 10.88696 -5.736821 10.52284 -5.569945 10.0495 -5.569945 10.0495 -5.736821 10.52284 -5.736821 9.903852 -5.569945 10.0495 -5.736821 9.903852 -5.569945 9.212039 -5.569945 9.212039 -5.736821 9.903852 -5.736821 9.284862 -5.569945 9.212039 -5.736821 9.284862 -5.736821 8.665871 -5.736821 8.665871 -5.736821 9.284862 -6.283185 9.212039 -5.736821 8.665871 -6.283185 9.212039 -6.283185 8.374582 -6.283185 11.72441 -6.283185 10.88696 -5.736821 11.14183 -5.736821 11.14183 -6.283185 10.88696 -5.736821 10.52284 -6.283185 10.88696 -6.283185 10.0495 -5.736821 10.52284 -5.736821 10.52284 -6.283185 10.0495 -5.736821 9.903852 -6.283185 10.0495 -6.283185 9.212039 -5.736821 9.903852 -5.736821 9.903852 -6.283185 9.212039 -5.736821 9.284862 -5.736821 8.665871 -6.283185 8.374582 -5.736821 8.04688 -5.736821 8.04688 -6.283185 8.374582 -6.283185 7.537123 -5.736821 8.04688 -6.283185 7.537123 -5.736821 7.427889 -5.736821 7.427889 -6.283185 7.537123 -6.283185 6.699665 -5.736821 7.427889 -6.283185 6.699665 -5.736821 6.808898 -5.736821 6.808898 -6.283185 6.699665 -5.736821 6.189908 -5.736821 6.808898 -5.736821 6.189908 -5.569945 6.699665 -5.569945 6.699665 -5.736821 6.189908 -5.569945 5.862207 -5.569945 5.862207 -5.736821 6.189908 -5.736821 5.570917 -5.569945 5.862207 -5.736821 5.570917 -5.569945 5.024749 -5.569945 5.024749 -5.736821 5.570917 -5.736821 4.951926 -5.569945 5.024749 -5.736821 4.951926 -5.736821 4.332935 -5.736821 4.332935 -5.736821 4.951926 -6.283185 4.187291 -5.736821 4.332935 -6.283185 4.187291 -5.736821 3.713945 -5.736821 3.713945 -6.283185 4.187291 -6.283185 3.349833 -5.736821 3.713945 -6.283185 3.349833 -5.736821 3.094954 -5.736821 3.094954 -6.283185 3.349833 -6.283185 2.512374 -5.736821 3.094954 -6.283185 2.512374 -5.736821 2.475963 -5.736821 2.475963 -6.283185 2.512374 -6.283185 1.674916 -5.736821 2.475963 -6.283185 1.674916 -5.736821 1.856972 -5.736821 1.856972 -6.283185 1.674916 -5.736821 1.237982 -5.736821 1.856972 -5.736821 1.237982 -5.569945 1.674916 -5.569945 1.674916 -5.736821 1.237982 -5.569945 0.837458 -5.569945 0.837458 -5.736821 1.237982 -5.736821 0.618991 -5.569945 0.837458 -5.736821 0.618991 -5.569945 0 -5.569945 0 -5.736821 0.618991 -5.807692 0 -5.807692 0 -5.736821 0.618991 -6.045439 0 -6.045439 0 -5.736821 0.618991 -6.283185 0.837458 -6.045439 0 -6.283185 0.837458 -6.283185 0 -6.283185 6.699665 -6.283185 5.862207 -5.736821 6.189908 -5.736821 6.189908 -6.283185 5.862207 -5.736821 5.570917 -6.283185 5.862207 -6.283185 5.024749 -5.736821 5.570917 -5.736821 5.570917 -6.283185 5.024749 -5.736821 4.951926 -6.283185 5.024749 -6.283185 4.187291 -5.736821 4.951926 -6.283185 1.674916 -6.283185 0.837458 -5.736821 1.237982 -5.736821 1.237982 -6.283185 0.837458 -5.736821 0.618991 -5.569945 1.674916 -5.569945 2.512374 -5.736821 1.856972 -5.736821 1.856972 -5.569945 2.512374 -5.736821 2.475963 -5.736821 2.475963 -5.569945 2.512374 -5.736821 3.094954 -5.736821 3.094954 -5.569945 2.512374 -5.569945 3.349833 -5.736821 3.094954 -5.569945 3.349833 -5.736821 3.713945 -5.736821 3.713945 -5.569945 3.349833 -5.569945 4.187291 -5.736821 3.713945 -5.569945 4.187291 -5.736821 4.332935 -5.736821 4.332935 -5.569945 4.187291 -5.569945 5.024749 -5.569945 6.699665 -5.569945 7.537123 -5.736821 6.808898 -5.736821 6.808898 -5.569945 7.537123 -5.736821 7.427889 -5.736821 7.427889 -5.569945 7.537123 -5.736821 8.04688 -5.736821 8.04688 -5.569945 7.537123 -5.569945 8.374582 -5.736821 8.04688 -5.569945 8.374582 -5.736821 8.665871 -5.736821 8.665871 -5.569945 8.374582 -5.569945 9.212039 -5.736821 11.76082 -5.569945 11.72441 -5.736821 12.37981 -5.736821 12.37981 -5.569945 11.72441 -5.569945 12.56187 -5.736821 12.37981 -5.569945 12.56187 -5.736821 12.99881 -5.736821 12.99881 -5.569945 12.56187 -5.569945 13.39933 -5.736821 12.99881 -5.569945 13.39933 -5.736821 13.6178 0.1899999 0 0.1899999 0.776158 -0.1899999 0 -0.1899999 0 0.1899999 0.776158 -0.1899999 0.776158 -0.1899999 0.776158 0.1899999 0.776158 0.1899999 1.552316 -0.1899999 0.776158 0.1899999 1.552316 -0.1899999 1.552316 -0.1899999 1.552316 0.1899999 1.552316 0.1899999 2.328475 -0.1899999 1.552316 0.1899999 2.328475 -0.1899999 2.328475 -0.1899999 2.328475 0.1899999 2.328475 0.1899999 3.104633 -0.1899999 2.328475 0.1899999 3.104633 -0.1899999 3.104633 -0.1899999 3.104633 0.1899999 3.104633 0.1899999 3.880791 -0.1899999 3.104633 0.1899999 3.880791 -0.1899999 3.880791 -0.1899999 3.880791 0.1899999 3.880791 0.1899999 4.656949 -0.1899999 3.880791 0.1899999 4.656949 -0.1899999 4.656949 -0.1899999 4.656949 0.1899999 4.656949 0.1899999 5.433107 -0.1899999 4.656949 0.1899999 5.433107 -0.1899999 5.433107 -0.1899999 5.433107 0.1899999 5.433107 0.1899999 6.209266 -0.1899999 5.433107 0.1899999 6.209266 -0.1899999 6.209266 -0.1899999 6.209266 0.1899999 6.209266 0.1899999 6.985424 -0.1899999 6.209266 0.1899999 6.985424 -0.1899999 6.985424 -0.1899999 6.985424 0.1899999 6.985424 0.1899999 7.761582 -0.1899999 6.985424 0.1899999 7.761582 -0.1899999 7.761582 -0.1899999 7.761582 0.1899999 7.761582 0.1899999 8.53774 -0.1899999 7.761582 0.1899999 8.53774 -0.1899999 8.53774 -0.1899999 8.53774 0.1899999 8.53774 0.1899999 9.313899 -0.1899999 8.53774 0.1899999 9.313899 -0.1899999 9.313899 -0.1899999 9.313899 0.1899999 9.313899 0.1899999 10.09006 -0.1899999 9.313899 0.1899999 10.09006 -0.1899999 10.09006 -0.1899999 10.09006 0.1899999 10.09006 0.1899999 10.86621 -0.1899999 10.09006 0.1899999 10.86621 -0.1899999 10.86621 -0.1899999 10.86621 0.1899999 10.86621 0.1899999 11.64237 -0.1899999 10.86621 0.1899999 11.64237 -0.1899999 11.64237 -0.1899999 11.64237 0.1899999 11.64237 0.1899999 12.41853 -0.1899999 11.64237 0.1899999 12.41853 -0.1899999 12.41853 -0.1899999 12.41853 0.1899999 12.41853 -0.1899999 13.19469 -0.1899999 13.19469 0.1899999 12.41853 0.1899999 13.19469 8.860198 -0.905957 8.952367 -0.09559297 8.631881 -0.771748 8.631881 -0.771748 8.952367 -0.09559297 8.927215 -0.08333396 8.631881 -0.771748 8.927215 -0.08333396 8.703394 0 8.703394 0 8.927215 -0.08333396 8.906418 -0.06461596 8.703394 0 8.906418 -0.06461596 8.891587 -0.04088896 8.891587 -0.04088896 8.883872 -0.01399296 8.703394 0 8.703394 0 8.883872 -0.01399296 8.883872 0.01398795 8.703394 0 8.883872 0.01398795 8.891587 0.04088395 8.891587 0.04088395 8.906418 0.06461095 8.703394 0 8.703394 0 8.906418 0.06461095 8.927215 0.08332896 8.703394 0 8.927215 0.08332896 8.631881 0.771748 8.631881 0.771748 8.927215 0.08332896 8.952367 0.09558796 8.631881 0.771748 8.952367 0.09558796 8.860199 0.905952 8.631881 0.771748 8.860199 0.905952 8.419777 1.517215 8.419777 1.517215 8.860199 0.905952 8.621682 1.685885 8.419777 1.517215 8.621682 1.685885 8.074306 2.211015 8.074306 2.211015 8.621682 1.685885 8.244827 2.409187 8.074306 2.211015 8.244827 2.409187 7.607231 2.829522 7.607231 2.829522 8.244827 2.409187 7.742293 3.051562 7.607231 2.829522 7.742293 3.051562 7.034459 3.351672 7.034459 3.351672 7.742293 3.051562 7.130963 3.591432 7.034459 3.351672 7.130963 3.591432 6.375495 3.759686 6.375495 3.759686 7.130963 3.591432 6.431369 4.010662 6.375495 3.759686 6.431369 4.010662 5.652779 4.039668 5.652779 4.039668 6.431369 4.010662 5.667013 4.29517 5.652779 4.039668 5.667013 4.29517 4.890921 4.182084 4.890921 4.182084 5.667013 4.29517 4.86357 4.4354 4.890921 4.182084 4.86357 4.4354 4.115867 4.182084 4.115867 4.182084 4.86357 4.4354 4.048028 4.42664 4.115867 4.182084 4.048028 4.42664 3.354009 4.039668 3.354009 4.039668 4.048028 4.42664 3.247783 4.269185 3.354009 4.039668 3.247783 4.269185 2.631293 3.759686 2.631293 3.759686 3.247783 4.269185 2.489714 3.968324 2.631293 3.759686 2.489714 3.968324 1.972328 3.351672 1.972328 3.351672 2.489714 3.968324 1.799287 3.534163 1.972328 3.351672 1.799287 3.534163 1.399556 2.829522 1.399556 2.829522 1.799287 3.534163 1.199694 2.981286 1.399556 2.829522 1.199694 2.981286 0.932482 2.211015 0.932482 2.211015 1.199694 2.981286 0.711075 2.328265 0.932482 2.211015 0.711075 2.328265 0.587011 1.517215 0.587011 1.517215 0.711075 2.328265 0.349844 1.597035 0.587011 1.517215 0.349844 1.597035 0.374907 0.771748 0.374907 0.771748 0.349844 1.597035 0.128134 0.812159 0.374907 0.771748 0.128134 0.812159 0.303394 0 0.303394 0 0.128134 0.812159 0.05339395 2e-6 0.303394 0 0.05339395 2e-6 0.1281329 -0.812155 0.303394 0 0.1281329 -0.812155 0.374907 -0.771748 0.374907 -0.771748 0.1281329 -0.812155 0.349842 -1.597031 0.374907 -0.771748 0.349842 -1.597031 0.587011 -1.517215 0.587011 -1.517215 0.349842 -1.597031 0.711072 -2.328261 0.587011 -1.517215 0.711072 -2.328261 0.932482 -2.211015 0.932482 -2.211015 0.711072 -2.328261 1.199691 -2.981282 0.932482 -2.211015 1.199691 -2.981282 1.399556 -2.829522 1.399556 -2.829522 1.199691 -2.981282 1.799284 -3.53416 1.399556 -2.829522 1.799284 -3.53416 1.972328 -3.351672 1.972328 -3.351672 1.799284 -3.53416 2.48971 -3.968322 1.972328 -3.351672 2.48971 -3.968322 2.631293 -3.759686 2.631293 -3.759686 2.48971 -3.968322 3.247778 -4.269184 2.631293 -3.759686 3.247778 -4.269184 3.354009 -4.039668 3.354009 -4.039668 3.247778 -4.269184 4.048024 -4.42664 3.354009 -4.039668 4.048024 -4.42664 4.115867 -4.182084 4.115867 -4.182084 4.048024 -4.42664 4.863565 -4.4354 4.115867 -4.182084 4.863565 -4.4354 4.890921 -4.182084 4.890921 -4.182084 4.863565 -4.4354 5.667008 -4.295172 4.890921 -4.182084 5.667008 -4.295172 5.652779 -4.039668 5.652779 -4.039668 5.667008 -4.295172 6.431365 -4.010664 5.652779 -4.039668 6.431365 -4.010664 6.375495 -3.759686 6.375495 -3.759686 6.431365 -4.010664 7.130959 -3.591435 6.375495 -3.759686 7.130959 -3.591435 7.034459 -3.351672 7.034459 -3.351672 7.130959 -3.591435 7.74229 -3.051565 7.034459 -3.351672 7.74229 -3.051565 7.607231 -2.829522 7.607231 -2.829522 7.74229 -3.051565 8.244825 -2.409191 7.607231 -2.829522 8.244825 -2.409191 8.074306 -2.211015 8.074306 -2.211015 8.244825 -2.409191 8.62168 -1.685889 8.074306 -2.211015 8.62168 -1.685889 8.419777 -1.517215 8.419777 -1.517215 8.62168 -1.685889 8.860198 -0.905957 8.419777 -1.517215 8.860198 -0.905957 8.631881 -0.771748 -5.807692 -14.23679 -5.569945 -14.23679 -5.736821 -13.6178 -5.736821 -13.6178 -5.569945 -14.23679 -5.569945 -13.39933 -5.736821 -13.6178 -5.569945 -13.39933 -5.736821 -12.99881 -5.736821 -12.99881 -5.569945 -13.39933 -5.569945 -12.56187 -5.736821 -12.99881 -5.569945 -12.56187 -5.736821 -12.37981 -5.736821 -12.37981 -5.569945 -12.56187 -5.569945 -11.72441 -5.736821 -12.37981 -5.569945 -11.72441 -5.736821 -11.76082 -5.736821 -11.76082 -5.569945 -11.72441 -5.736821 -11.14183 -5.736821 -11.76082 -5.736821 -11.14183 -6.283185 -11.72441 -6.283185 -11.72441 -5.736821 -11.14183 -6.283185 -10.88696 -6.283185 -10.88696 -5.736821 -11.14183 -5.736821 -10.52284 -6.283185 -10.88696 -5.736821 -10.52284 -6.283185 -10.0495 -6.283185 -10.0495 -5.736821 -10.52284 -5.736821 -9.903852 -6.283185 -10.0495 -5.736821 -9.903852 -5.736821 -9.284862 -5.736821 -9.284862 -5.736821 -9.903852 -5.569945 -9.212039 -5.736821 -9.284862 -5.569945 -9.212039 -5.736821 -8.665871 -5.736821 -8.665871 -5.569945 -9.212039 -5.569945 -8.374582 -5.736821 -8.665871 -5.569945 -8.374582 -5.736821 -8.04688 -5.736821 -8.04688 -5.569945 -8.374582 -5.569945 -7.537123 -5.736821 -8.04688 -5.569945 -7.537123 -5.736821 -7.427889 -5.736821 -7.427889 -5.569945 -7.537123 -5.569945 -6.699665 -5.736821 -7.427889 -5.569945 -6.699665 -5.736821 -6.808898 -5.736821 -6.808898 -5.569945 -6.699665 -5.736821 -6.189908 -5.736821 -6.808898 -5.736821 -6.189908 -6.283185 -6.699665 -6.283185 -6.699665 -5.736821 -6.189908 -6.283185 -5.862207 -6.283185 -5.862207 -5.736821 -6.189908 -5.736821 -5.570917 -6.283185 -5.862207 -5.736821 -5.570917 -6.283185 -5.024749 -6.283185 -5.024749 -5.736821 -5.570917 -5.736821 -4.951926 -6.283185 -5.024749 -5.736821 -4.951926 -5.736821 -4.332935 -5.736821 -4.332935 -5.736821 -4.951926 -5.569945 -5.024749 -5.736821 -4.332935 -5.569945 -5.024749 -5.569945 -4.187291 -5.569945 -11.72441 -5.569945 -10.88696 -5.736821 -11.14183 -5.736821 -11.14183 -5.569945 -10.88696 -5.736821 -10.52284 -5.569945 -10.88696 -5.569945 -10.0495 -5.736821 -10.52284 -5.736821 -10.52284 -5.569945 -10.0495 -5.736821 -9.903852 -5.569945 -10.0495 -5.569945 -9.212039 -5.736821 -9.903852 -5.569945 -6.699665 -5.569945 -5.862207 -5.736821 -6.189908 -5.736821 -6.189908 -5.569945 -5.862207 -5.736821 -5.570917 -5.569945 -5.862207 -5.569945 -5.024749 -5.736821 -5.570917 -5.736821 -5.570917 -5.569945 -5.024749 -5.736821 -4.951926 -5.736821 -4.332935 -5.569945 -4.187291 -5.736821 -3.713945 -5.736821 -3.713945 -5.569945 -4.187291 -5.569945 -3.349833 -5.736821 -3.713945 -5.569945 -3.349833 -5.736821 -3.094954 -5.736821 -3.094954 -5.569945 -3.349833 -5.569945 -2.512374 -5.736821 -3.094954 -5.569945 -2.512374 -5.736821 -2.475963 -5.736821 -2.475963 -5.569945 -2.512374 -5.736821 -1.856972 -5.736821 -2.475963 -5.736821 -1.856972 -6.283185 -2.512374 -6.283185 -2.512374 -5.736821 -1.856972 -6.283185 -1.674916 -6.283185 -1.674916 -5.736821 -1.856972 -5.736821 -1.237982 -6.283185 -1.674916 -5.736821 -1.237982 -6.283185 -0.837458 -6.283185 -0.837458 -5.736821 -1.237982 -5.736821 -0.618991 -6.283185 -0.837458 -5.736821 -0.618991 -6.283185 0 -6.283185 0 -5.736821 -0.618991 -6.045439 0 -6.045439 0 -5.736821 -0.618991 -5.807692 0 -5.807692 0 -5.736821 -0.618991 -5.569945 0 -5.569945 0 -5.736821 -0.618991 -5.569945 -0.837458 -5.569945 -0.837458 -5.736821 -0.618991 -5.736821 -1.237982 -5.569945 -0.837458 -5.736821 -1.237982 -5.569945 -1.674916 -5.569945 -1.674916 -5.736821 -1.237982 -5.736821 -1.856972 -5.569945 -1.674916 -5.736821 -1.856972 -5.569945 -2.512374 -5.736821 -2.475963 -6.283185 -2.512374 -5.736821 -3.094954 -5.736821 -3.094954 -6.283185 -2.512374 -6.283185 -3.349833 -5.736821 -3.094954 -6.283185 -3.349833 -5.736821 -3.713945 -5.736821 -3.713945 -6.283185 -3.349833 -6.283185 -4.187291 -5.736821 -3.713945 -6.283185 -4.187291 -5.736821 -4.332935 -5.736821 -4.332935 -6.283185 -4.187291 -6.283185 -5.024749 -6.283185 -6.699665 -6.283185 -7.537123 -5.736821 -6.808898 -5.736821 -6.808898 -6.283185 -7.537123 -5.736821 -7.427889 -5.736821 -7.427889 -6.283185 -7.537123 -5.736821 -8.04688 -5.736821 -8.04688 -6.283185 -7.537123 -6.283185 -8.374582 -5.736821 -8.04688 -6.283185 -8.374582 -5.736821 -8.665871 -5.736821 -8.665871 -6.283185 -8.374582 -6.283185 -9.212039 -5.736821 -8.665871 -6.283185 -9.212039 -5.736821 -9.284862 -5.736821 -9.284862 -6.283185 -9.212039 -6.283185 -10.0495 -6.283185 -11.72441 -6.283185 -12.56187 -5.736821 -11.76082 -5.736821 -11.76082 -6.283185 -12.56187 -5.736821 -12.37981 -5.736821 -12.37981 -6.283185 -12.56187 -5.736821 -12.99881 -5.736821 -12.99881 -6.283185 -12.56187 -6.283185 -13.39933 -5.736821 -12.99881 -6.283185 -13.39933 -5.736821 -13.6178 -5.736821 -13.6178 -6.283185 -13.39933 -6.045439 -14.23679 -5.736821 -13.6178 -6.045439 -14.23679 -5.807692 -14.23679 -6.283185 -13.39933 -6.283185 -14.23679 -6.045439 -14.23679 -0.007070958 2.907858 0.03694897 2.912094 -0.007070958 3.729181 -0.007070958 3.729181 0.03694897 2.912094 0.06363999 2.911673 -0.007070958 3.729181 0.06363999 2.911673 0.06363999 3.732772 -0.007070958 3.729181 0.06363999 3.732772 -0.007070958 4.550504 -0.007070958 4.550504 0.06363999 3.732772 0.06363999 4.553871 -0.007070958 4.550504 0.06363999 4.553871 -0.007070958 5.371827 -0.007070958 5.371827 0.06363999 4.553871 0.06363999 5.374969 -0.007070958 5.371827 0.06363999 5.374969 -0.007070958 6.193151 -0.007070958 6.193151 0.06363999 5.374969 0.06363999 6.196068 -0.007070958 6.193151 0.06363999 6.196068 -0.007070958 7.014473 -0.007070958 7.014473 0.06363999 6.196068 0.06363999 7.017167 -0.007070958 7.014473 0.06363999 7.017167 -0.007070958 7.835796 -0.007070958 7.835796 0.06363999 7.017167 0.06363999 7.838266 -0.007070958 7.835796 0.06363999 7.838266 -0.007070958 8.65712 -0.007070958 8.65712 0.06363999 7.838266 0.06363999 8.659365 -0.007070958 8.65712 0.06363999 8.659365 -0.007070958 9.478443 -0.007070958 9.478443 0.06363999 8.659365 0.06363999 9.480463 -0.007070958 9.478443 0.06363999 9.480463 -0.007070958 10.29977 -0.007070958 10.29977 0.06363999 9.480463 0.06363999 10.30156 -0.007070958 10.29977 0.06363999 10.30156 -0.007070958 11.12109 -0.007070958 11.12109 0.06363999 10.30156 0.06363999 11.12266 -0.007070958 11.12109 0.06363999 11.12266 -0.007070958 11.94241 -0.007070958 11.94241 0.06363999 11.12266 0.06363999 11.94376 -0.007070958 11.94241 0.06363999 11.94376 -0.007070958 12.76373 -0.007070958 12.76373 0.06363999 11.94376 0.06363999 12.76486 -0.007070958 12.76373 0.06363999 12.76486 -0.007070958 13.58506 -0.007070958 13.58506 0.06363999 12.76486 0.06363999 13.58596 -0.007070958 13.58506 0.06363999 13.58596 -0.007070958 14.40638 -0.007070958 14.40638 0.06363999 13.58596 0.06363999 14.40706 -0.007070958 -13.71087 0.06363999 -13.7102 -0.007070958 -12.88955 -0.007070958 -12.88955 0.06363999 -13.7102 0.06363999 -12.8891 -0.007070958 -12.88955 0.06363999 -12.8891 -0.007070958 -12.06823 -0.007070958 -12.06823 0.06363999 -12.8891 0.06363999 -12.068 -0.007070958 -12.06823 0.06363999 -12.068 -0.007070958 -11.2469 -0.007070958 -11.2469 0.06363999 -12.068 0.06363999 -11.2469 -0.007070958 -11.2469 0.06363999 -11.2469 0.06363999 -10.4258 -0.007070958 -11.2469 0.06363999 -10.4258 -0.007070958 -10.42558 -0.007070958 -10.42558 0.06363999 -10.4258 0.06363999 -9.604705 -0.007070958 -10.42558 0.06363999 -9.604705 -0.007070958 -9.604259 -0.007070958 -9.604259 0.06363999 -9.604705 0.06363999 -8.783607 -0.007070958 -9.604259 0.06363999 -8.783607 -0.007070958 -8.782936 -0.007070958 -8.782936 0.06363999 -8.783607 0.06363999 -7.962508 -0.007070958 -8.782936 0.06363999 -7.962508 -0.007070958 -7.961612 -0.007070958 -7.961612 0.06363999 -7.962508 0.06363999 -7.141409 -0.007070958 -7.961612 0.06363999 -7.141409 -0.007070958 -7.140289 -0.007070958 -7.140289 0.06363999 -7.141409 0.06363999 -6.320311 -0.007070958 -7.140289 0.06363999 -6.320311 -0.007070958 -6.318966 -0.007070958 -6.318966 0.06363999 -6.320311 0.06363999 -5.499212 -0.007070958 -6.318966 0.06363999 -5.499212 -0.007070958 -5.497643 -0.007070958 -5.497643 0.06363999 -5.499212 0.06363999 -4.678113 -0.007070958 -5.497643 0.06363999 -4.678113 -0.007070958 -4.67632 -0.007070958 -4.67632 0.06363999 -4.678113 0.06363999 -3.857015 -0.007070958 -4.67632 0.06363999 -3.857015 -0.007070958 -3.854997 -0.007070958 -3.854997 0.06363999 -3.857015 0.06363999 -3.035917 -0.007070958 -3.854997 0.06363999 -3.035917 -0.007070958 -3.033674 -0.007070958 -3.033674 0.06363999 -3.035917 0.06363999 -2.214818 -0.007070958 -3.033674 0.06363999 -2.214818 -0.007070958 -2.212351 -0.007070958 -2.212351 0.06363999 -2.214818 0.06363999 -1.39372 -0.007070958 -2.212351 0.06363999 -1.39372 -0.007070958 -1.391027 -0.007070958 -1.391027 0.06363999 -1.39372 0.06363999 -0.572621 -0.007070958 -1.391027 0.06363999 -0.572621 -0.007070958 -0.569704 -0.007070958 -0.569704 0.06363999 -0.572621 0.06363999 0.248477 -0.007070958 -0.569704 0.06363999 0.248477 -0.007070958 0.251619 -0.007070958 0.251619 0.06363999 0.248477 0.06363999 1.069576 -0.007070958 0.251619 0.06363999 1.069576 -0.007070958 1.072942 -0.007070958 1.072942 0.06363999 1.069576 0.06363999 1.890674 -0.007070958 1.072942 0.06363999 1.890674 -0.007070958 1.894265 -0.007070958 1.894265 0.06363999 1.890674 0.06363999 2.711773 -0.007070958 1.894265 0.06363999 2.711773 0.03694897 2.711352 0.03694897 2.711352 -0.007070958 2.715588 -0.007070958 1.894265 -0.534776 0 0.534776 0 -0.534776 0.825686 -0.534776 0.825686 0.534776 0 0.534776 0.831598 -0.534776 0.825686 0.534776 0.831598 -0.534776 1.651371 -0.534776 1.651371 0.534776 0.831598 0.534776 1.663196 -0.534776 1.651371 0.534776 1.663196 -0.534776 2.477057 -0.534776 2.477057 0.534776 1.663196 0.534776 2.494794 -0.534776 2.477057 0.534776 2.494794 -0.534776 3.302743 -0.534776 3.302743 0.534776 2.494794 0.534776 3.326392 -0.534776 3.302743 0.534776 3.326392 -0.534776 4.128428 -0.534776 4.128428 0.534776 3.326392 0.534776 4.15799 -0.534776 4.128428 0.534776 4.15799 -0.534776 4.954114 -0.534776 4.954114 0.534776 4.15799 0.534776 4.989588 -0.534776 4.954114 0.534776 4.989588 -0.534776 5.779799 -0.534776 5.779799 0.534776 4.989588 0.534776 5.821187 -0.534776 5.779799 0.534776 5.821187 -0.534776 6.605485 -0.534776 6.605485 0.534776 5.821187 0.534776 6.652784 -0.534776 6.605485 0.534776 6.652784 -0.534776 7.431171 -0.534776 7.431171 0.534776 6.652784 0.534776 7.484383 -0.534776 7.431171 0.534776 7.484383 -0.534776 8.256857 -0.534776 8.256857 0.534776 7.484383 0.534776 8.315981 -0.534776 8.256857 0.534776 8.315981 -0.534776 9.082543 -0.534776 9.082543 0.534776 8.315981 0.534776 9.147579 -0.534776 9.082543 0.534776 9.147579 -0.534776 9.908228 -0.534776 9.908228 0.534776 9.147579 0.534776 9.979177 -0.534776 9.908228 0.534776 9.979177 -0.534776 10.73391 -0.534776 10.73391 0.534776 9.979177 0.534776 10.81077 -0.534776 10.73391 0.534776 10.81077 -0.534776 11.5596 -0.534776 11.5596 0.534776 10.81077 0.534776 11.64237 -0.534776 11.5596 0.534776 11.64237 -0.534776 12.38528 -0.534776 12.38528 0.534776 11.64237 0.534776 12.47397 -0.534776 12.38528 0.534776 12.47397 -0.534776 13.21097 -0.534776 13.21097 0.534776 12.47397 0.534776 13.30557 -0.534776 13.21097 0.534776 13.30557 -0.534776 14.03666 -0.534776 14.03666 0.534776 13.30557 -0.184776 14.03666 -0.184776 14.03666 0.534776 13.30557 0.534776 14.13717 -0.184776 14.03666 0.534776 14.13717 -0.184776 14.07016 -0.184776 14.07016 0.534776 14.13717 -0.184776 14.10366 -0.184776 14.10366 0.534776 14.13717 -0.184776 14.13717 -0.184776 -14.13717 0.534776 -14.13717 -0.184776 -14.10367 -0.184776 -14.10367 0.534776 -14.13717 -0.184776 -14.07016 -0.184776 -14.07016 0.534776 -14.13717 -0.184776 -14.03666 -0.184776 -14.03666 0.534776 -14.13717 0.534776 -13.30557 -0.184776 -14.03666 0.534776 -13.30557 -0.534776 -14.03666 -0.534776 -14.03666 0.534776 -13.30557 -0.534776 -13.21097 -0.534776 -13.21097 0.534776 -13.30557 0.534776 -12.47397 -0.534776 -13.21097 0.534776 -12.47397 -0.534776 -12.38529 -0.534776 -12.38529 0.534776 -12.47397 0.534776 -11.64237 -0.534776 -12.38529 0.534776 -11.64237 -0.534776 -11.5596 -0.534776 -11.5596 0.534776 -11.64237 0.534776 -10.81077 -0.534776 -11.5596 0.534776 -10.81077 -0.534776 -10.73392 -0.534776 -10.73392 0.534776 -10.81077 0.534776 -9.979177 -0.534776 -10.73392 0.534776 -9.979177 -0.534776 -9.908232 -0.534776 -9.908232 0.534776 -9.979177 0.534776 -9.147579 -0.534776 -9.908232 0.534776 -9.147579 -0.534776 -9.082546 -0.534776 -9.082546 0.534776 -9.147579 0.534776 -8.315981 -0.534776 -9.082546 0.534776 -8.315981 -0.534776 -8.25686 -0.534776 -8.25686 0.534776 -8.315981 0.534776 -7.484383 -0.534776 -8.25686 0.534776 -7.484383 -0.534776 -7.431173 -0.534776 -7.431173 0.534776 -7.484383 0.534776 -6.652784 -0.534776 -7.431173 0.534776 -6.652784 -0.534776 -6.605487 -0.534776 -6.605487 0.534776 -6.652784 0.534776 -5.821187 -0.534776 -6.605487 0.534776 -5.821187 -0.534776 -5.779802 -0.534776 -5.779802 0.534776 -5.821187 0.534776 -4.989588 -0.534776 -5.779802 0.534776 -4.989588 -0.534776 -4.954116 -0.534776 -4.954116 0.534776 -4.989588 0.534776 -4.15799 -0.534776 -4.954116 0.534776 -4.15799 -0.534776 -4.12843 -0.534776 -4.12843 0.534776 -4.15799 0.534776 -3.326392 -0.534776 -4.12843 0.534776 -3.326392 -0.534776 -3.302744 -0.534776 -3.302744 0.534776 -3.326392 0.534776 -2.494794 -0.534776 -3.302744 0.534776 -2.494794 -0.534776 -2.477058 -0.534776 -2.477058 0.534776 -2.494794 0.534776 -1.663196 -0.534776 -2.477058 0.534776 -1.663196 -0.534776 -1.651372 -0.534776 -1.651372 0.534776 -1.663196 0.534776 -0.831598 -0.534776 -1.651372 0.534776 -0.831598 -0.534776 -0.825686 -0.534776 -0.825686 0.534776 -0.831598 0.534776 0 -0.534776 -0.825686 0.534776 0 -0.534776 0 -0.2 0.157865 0.168873 0.157865 -0.2 0.186568 -0.2 0.186568 0.168873 0.157865 0.2 0.189407 -0.2 0.186568 0.2 0.189407 -0.2 0.21527 -0.2 0.21527 0.2 0.189407 0.2 0.217479 -0.2 0.21527 0.2 0.217479 -0.2 0.243973 -0.2 0.243973 0.2 0.217479 0.2 0.245551 -0.2 0.243973 0.2 0.245551 -0.2 0.272676 -0.2 0.272676 0.2 0.245551 0.2 0.273622 -0.2 0.272676 0.2 0.273622 -0.2 0.301379 -0.2 0.301379 0.2 0.273622 0.2 0.301694 -0.2 0.301379 0.2 0.301694 0.2 0.329766 -0.2 0.301379 0.2 0.329766 -0.2 0.330081 -0.2 -0.301379 0.2 -0.301694 0.2 -0.273622 -0.2 -0.301379 0.2 -0.273622 -0.2 -0.272676 -0.2 -0.272676 0.2 -0.273622 0.2 -0.245551 -0.2 -0.272676 0.2 -0.245551 -0.2 -0.243973 -0.2 -0.243973 0.2 -0.245551 0.2 -0.217479 -0.2 -0.243973 0.2 -0.217479 -0.2 -0.21527 -0.2 -0.21527 0.2 -0.217479 0.2 -0.189407 -0.2 -0.21527 0.2 -0.189407 -0.2 -0.186568 -0.2 -0.186568 0.2 -0.189407 0.168873 -0.157865 -0.2 -0.186568 0.168873 -0.157865 -0.2 -0.157865 0.009438991 0 0.009438991 0.35 -0.009438991 0 -0.009438991 0 0.009438991 0.35 -0.009438991 0.368873 0.009438991 0.368873 -0.009438991 0.35 0.009438991 0 0.009438991 0 -0.009438991 0.35 -0.009438991 0 0.05912798 0.201 0.04025 0.201 0.05975097 0.167504 0.05975097 0.167504 0.04025 0.201 0.01193594 0.196929 0.05975097 0.167504 0.01193594 0.196929 0.06012499 0.1340039 0.06012499 0.1340039 0.01193594 0.196929 -0.01408398 0.185046 0.06012499 0.1340039 -0.01408398 0.185046 -0.035703 0.1663129 -0.035703 0.1663129 -0.05116796 0.142249 0.06012499 0.1340039 0.06012499 0.1340039 -0.05116796 0.142249 0.06024998 0.100502 0.06024998 0.100502 -0.05116796 0.142249 -0.05922698 0.114803 0.06024998 0.100502 -0.05922698 0.114803 -0.05922698 0.08619695 -0.05922698 0.08619695 -0.05116796 0.05875098 0.06024998 0.100502 0.06024998 0.100502 -0.05116796 0.05875098 0.06012499 0.06699895 0.06012499 0.06699895 -0.05116796 0.05875098 -0.035703 0.03468596 0.06012499 0.06699895 -0.035703 0.03468596 -0.01408398 0.01595395 -0.01408398 0.01595395 0.01193594 0.004070997 0.06012499 0.06699895 0.06012499 0.06699895 0.01193594 0.004070997 0.05975097 0.03349798 0.05975097 0.03349798 0.01193594 0.004070997 0.04025 0 0.05975097 0.03349798 0.04025 0 0.05912798 0</float_array>
          <technique_common>
            <accessor source="#stitch_result_stitchFBXASC032allMesh-mesh-map-0-array" count="10068" stride="2">
              <param name="S" type="float"/>
              <param name="T" type="float"/>
            </accessor>
          </technique_common>
        </source>
        <vertices id="stitch_result_stitchFBXASC032allMesh-mesh-vertices">
          <input semantic="POSITION" source="#stitch_result_stitchFBXASC032allMesh-mesh-positions"/>
        </vertices>
        <triangles material="MaterialFBXASC032FBXASC03526-material" count="3356">
          <input semantic="VERTEX" source="#stitch_result_stitchFBXASC032allMesh-mesh-vertices" offset="0"/>
          <input semantic="NORMAL" source="#stitch_result_stitchFBXASC032allMesh-mesh-normals" offset="1"/>
          <input semantic="TEXCOORD" source="#stitch_result_stitchFBXASC032allMesh-mesh-map-0" offset="2" set="0"/>
          <p>2 0 0 12 1 1 1 2 2 4 3 3 12 4 4 3 5 5 6 6 6 12 7 7 5 8 8 8 9 9 12 10 10 7 11 11 10 12 12 12 13 13 9 14 14 3 15 15 12 16 16 2 17 17 11 18 18 12 19 19 10 20 20 9 21 21 12 22 22 8 23 23 7 24 24 12 25 25 6 26 26 5 27 27 12 28 28 4 29 29 12 30 30 0 31 31 1 32 32 15 33 33 25 34 34 14 35 35 17 36 36 25 37 37 16 38 38 19 39 39 25 40 40 18 41 41 21 42 42 25 43 43 20 44 44 23 45 45 25 46 46 22 47 47 16 48 48 25 49 49 15 50 50 24 51 51 25 52 52 23 53 53 22 54 54 25 55 55 21 56 56 20 57 57 25 58 58 19 59 59 18 60 60 25 61 61 17 62 62 25 63 63 13 64 64 14 65 65 26 66 66 27 67 67 49 68 68 49 68 69 27 67 70 48 69 71 48 69 72 27 67 73 28 70 74 48 69 75 28 70 76 47 71 77 47 71 78 28 70 79 29 72 80 47 71 81 29 72 82 46 73 83 46 73 84 29 72 85 30 74 86 46 73 87 30 74 88 45 75 89 45 75 90 30 74 91 31 76 92 45 75 93 31 76 94 44 77 95 44 77 96 31 76 97 32 78 98 44 77 99 32 78 100 43 79 101 43 79 102 32 78 103 33 80 104 43 79 105 33 80 106 42 81 107 42 81 108 33 80 109 34 82 110 42 81 111 34 82 112 41 83 113 41 83 114 34 82 115 35 84 116 41 83 117 35 84 118 40 85 119 40 85 120 35 84 121 36 86 122 40 85 123 36 86 124 39 87 125 39 87 126 36 86 127 37 88 128 39 87 129 37 88 130 38 89 131 38 90 132 50 90 133 39 90 134 39 91 135 50 91 136 51 91 137 39 90 138 51 90 139 40 90 140 40 92 141 51 92 142 52 92 143 40 90 144 52 90 145 41 90 146 41 93 147 52 93 148 53 93 149 41 90 150 53 90 151 42 90 152 42 94 153 53 94 154 54 94 155 42 90 156 54 90 157 43 90 158 43 90 159 54 90 160 55 90 161 43 95 162 55 95 163 56 95 164 56 90 165 57 90 166 43 90 167 43 96 168 57 96 169 58 96 170 43 97 171 58 97 172 59 97 173 59 90 174 49 90 175 43 90 176 43 98 177 49 98 178 48 98 179 43 99 180 48 99 181 47 99 182 47 90 183 46 90 184 43 90 185 43 90 186 46 90 187 44 90 188 44 100 189 46 100 190 45 100 191 61 101 192 62 102 193 60 103 194 60 103 195 62 102 196 83 104 197 83 104 198 62 102 199 63 105 200 83 104 201 63 105 202 82 106 203 82 106 204 63 105 205 64 107 206 82 106 207 64 107 208 81 108 209 81 108 210 64 107 211 65 109 212 81 108 213 65 109 214 80 110 215 80 110 216 65 109 217 66 111 218 80 110 219 66 111 220 79 112 221 79 112 222 66 111 223 67 113 224 79 112 225 67 113 226 78 114 227 78 114 228 67 113 229 68 115 230 78 114 231 68 115 232 77 116 233 77 116 234 68 115 235 69 117 236 77 116 237 69 117 238 76 118 239 76 118 240 69 117 241 70 119 242 76 118 243 70 119 244 75 120 245 75 120 246 70 119 247 71 121 248 75 120 249 71 121 250 74 122 251 74 122 252 71 121 253 72 123 254 74 122 255 72 123 256 73 124 257 85 125 258 61 125 259 84 125 260 84 126 261 61 126 262 60 126 263 105 127 264 86 128 265 104 129 266 104 129 267 86 128 268 87 130 269 104 129 270 87 130 271 103 131 272 103 131 273 87 130 274 88 132 275 103 131 276 88 132 277 102 133 278 102 133 279 88 132 280 89 134 281 102 133 282 89 134 283 101 135 284 101 135 285 89 134 286 90 136 287 101 135 288 90 136 289 100 137 290 100 137 291 90 136 292 91 138 293 100 137 294 91 138 295 99 139 296 99 139 297 91 138 298 92 140 299 99 139 300 92 140 301 98 141 302 98 141 303 92 140 304 93 142 305 98 141 306 93 142 307 97 143 308 97 143 309 93 142 310 94 144 311 97 143 312 94 144 313 96 145 314 96 145 315 94 144 316 95 146 317 72 147 318 86 147 319 73 147 320 73 148 321 86 148 322 105 148 323 83 90 324 73 90 325 60 90 326 60 90 327 73 90 328 105 90 329 60 90 330 105 90 331 84 90 332 84 149 333 105 149 334 104 149 335 84 150 336 104 150 337 103 150 338 83 90 339 82 90 340 73 90 341 73 151 342 82 151 343 81 151 344 73 152 345 81 152 346 80 152 347 80 90 348 79 90 349 73 90 350 73 153 351 79 153 352 78 153 353 73 154 354 78 154 355 74 154 356 74 155 357 78 155 358 77 155 359 74 156 360 77 156 361 75 156 362 75 90 363 77 90 364 76 90 365 103 90 366 102 90 367 84 90 368 84 157 369 102 157 370 101 157 371 84 158 372 101 158 373 100 158 374 100 90 375 99 90 376 84 90 377 84 159 378 99 159 379 107 159 380 107 160 381 99 160 382 98 160 383 107 90 384 98 90 385 106 90 386 106 90 387 98 90 388 97 90 389 106 90 390 97 90 391 96 90 392 109 161 393 110 161 394 108 161 395 108 161 396 110 161 397 111 161 398 112 162 399 113 163 400 125 164 401 125 164 402 113 163 403 114 165 404 125 164 405 114 165 406 124 166 407 124 166 408 114 165 409 115 166 410 124 166 411 115 166 412 123 167 413 123 167 414 115 166 415 116 168 416 123 167 417 116 168 418 122 169 419 122 169 420 116 168 421 117 170 422 122 169 423 117 170 424 121 171 425 121 171 426 117 170 427 118 172 428 121 171 429 118 172 430 120 173 431 120 173 432 118 172 433 119 174 434 126 175 435 127 176 436 137 177 437 137 177 438 127 176 439 128 178 440 137 177 441 128 178 442 136 179 443 136 179 444 128 178 445 129 180 446 136 179 447 129 180 448 135 181 449 135 181 450 129 180 451 130 182 452 135 181 453 130 182 454 134 183 455 134 183 456 130 182 457 131 184 458 134 183 459 131 184 460 133 185 461 133 185 462 131 184 463 132 186 464 133 185 465 132 186 466 110 187 467 110 187 468 132 186 469 111 188 470 139 189 471 25 190 472 138 191 473 141 192 474 25 193 475 140 194 476 143 195 477 25 196 478 142 197 479 145 198 480 25 199 481 144 200 482 147 201 483 25 202 484 146 203 485 13 204 486 25 205 487 147 206 488 146 207 489 25 208 490 145 209 491 144 210 492 25 211 493 143 212 494 142 213 495 25 214 496 141 215 497 140 216 498 25 217 499 139 218 500 25 219 501 24 220 502 138 221 503 148 222 504 149 223 505 24 224 506 24 224 507 149 223 508 138 225 509 138 225 510 149 223 511 150 226 512 138 225 513 150 226 514 139 227 515 139 227 516 150 226 517 151 228 518 139 227 519 151 228 520 140 229 521 140 229 522 151 228 523 152 230 524 140 229 525 152 230 526 141 231 527 141 231 528 152 230 529 153 232 530 141 231 531 153 232 532 142 233 533 142 233 534 153 232 535 154 234 536 142 233 537 154 234 538 143 235 539 143 235 540 154 234 541 155 236 542 143 235 543 155 236 544 144 80 545 144 80 546 155 236 547 156 237 548 144 80 549 156 237 550 145 238 551 145 238 552 156 237 553 157 239 554 145 238 555 157 239 556 146 240 557 146 240 558 157 239 559 158 241 560 146 240 561 158 241 562 147 242 563 147 242 564 158 241 565 159 243 566 147 242 567 159 243 568 13 244 569 161 245 570 12 246 571 160 247 572 163 248 573 12 249 574 162 250 575 165 251 576 12 252 577 164 253 578 167 254 579 12 255 580 166 256 581 169 257 582 12 258 583 168 259 584 0 260 585 12 261 586 169 262 587 168 263 588 12 264 589 167 265 590 166 266 591 12 267 592 165 268 593 164 269 594 12 270 595 163 271 596 162 272 597 12 273 598 161 274 599 12 275 600 11 276 601 160 277 602 11 278 603 170 279 604 160 280 605 160 280 606 170 279 607 171 281 608 160 280 609 171 281 610 161 282 611 161 282 612 171 281 613 172 283 614 161 282 615 172 283 616 162 284 617 162 284 618 172 283 619 173 285 620 162 284 621 173 285 622 163 286 623 163 286 624 173 285 625 174 287 626 163 286 627 174 287 628 164 288 629 164 288 630 174 287 631 175 289 632 164 288 633 175 289 634 165 290 635 165 290 636 175 289 637 176 291 638 165 290 639 176 291 640 166 292 641 166 292 642 176 291 643 177 293 644 166 292 645 177 293 646 167 294 647 167 294 648 177 293 649 178 295 650 167 294 651 178 295 652 168 296 653 168 296 654 178 295 655 179 297 656 168 296 657 179 297 658 169 298 659 169 298 660 179 297 661 180 299 662 169 298 663 180 299 664 0 300 665 0 300 666 180 299 667 181 301 668 170 279 669 11 278 670 191 302 671 191 302 672 11 278 673 10 303 674 191 302 675 10 303 676 190 304 677 190 304 678 10 303 679 9 305 680 190 304 681 9 305 682 189 306 683 189 306 684 9 305 685 8 307 686 189 306 687 8 307 688 188 308 689 188 308 690 8 307 691 7 309 692 188 308 693 7 309 694 187 310 695 187 310 696 7 309 697 6 311 698 187 310 699 6 311 700 186 312 701 186 312 702 6 311 703 5 313 704 186 312 705 5 313 706 185 314 707 185 314 708 5 313 709 4 315 710 185 314 711 4 315 712 184 316 713 184 316 714 4 315 715 3 317 716 184 316 717 3 317 718 183 318 719 183 318 720 3 317 721 2 319 722 183 318 723 2 319 724 182 320 725 182 320 726 2 319 727 1 321 728 182 320 729 1 321 730 181 301 731 181 301 732 1 321 733 0 300 734 24 224 735 23 322 736 148 222 737 148 222 738 23 322 739 201 323 740 201 323 741 23 322 742 22 324 743 201 323 744 22 324 745 200 325 746 200 325 747 22 324 748 21 326 749 200 325 750 21 326 751 199 327 752 199 327 753 21 326 754 20 328 755 199 327 756 20 328 757 198 329 758 198 329 759 20 328 760 19 330 761 198 329 762 19 330 763 197 331 764 197 331 765 19 330 766 18 332 767 197 331 768 18 332 769 196 333 770 196 333 771 18 332 772 17 334 773 196 333 774 17 334 775 195 335 776 195 335 777 17 334 778 16 336 779 195 335 780 16 336 781 194 337 782 194 337 783 16 336 784 15 338 785 194 337 786 15 338 787 193 339 788 193 339 789 15 338 790 14 340 791 193 339 792 14 340 793 192 341 794 192 341 795 14 340 796 13 244 797 192 341 798 13 244 799 159 243 800 84 342 801 107 343 802 85 344 803 85 344 804 107 343 805 203 343 806 203 343 807 107 343 808 106 345 809 203 343 810 106 345 811 202 346 812 202 346 813 106 345 814 95 146 815 95 146 816 106 345 817 96 145 818 49 68 819 59 347 820 26 66 821 26 66 822 59 347 823 213 348 824 213 348 825 59 347 826 58 349 827 213 348 828 58 349 829 212 350 830 212 350 831 58 349 832 57 351 833 212 350 834 57 351 835 211 352 836 211 352 837 57 351 838 56 353 839 211 352 840 56 353 841 210 354 842 210 354 843 56 353 844 55 355 845 210 354 846 55 355 847 209 356 848 209 356 849 55 355 850 54 357 851 209 356 852 54 357 853 208 357 854 208 357 855 54 357 856 53 358 857 208 357 858 53 358 859 207 359 860 207 359 861 53 358 862 52 360 863 207 359 864 52 360 865 206 361 866 206 361 867 52 360 868 51 362 869 206 361 870 51 362 871 205 363 872 205 363 873 51 362 874 50 364 875 205 363 876 50 364 877 204 365 878 204 365 879 50 364 880 38 89 881 204 365 882 38 89 883 37 88 884 229 366 885 214 367 886 224 368 887 224 368 888 214 367 889 215 369 890 224 368 891 215 369 892 223 370 893 223 370 894 215 369 895 216 371 896 223 370 897 216 371 898 222 372 899 222 372 900 216 371 901 217 373 902 222 372 903 217 373 904 221 374 905 221 374 906 217 373 907 218 375 908 221 374 909 218 375 910 220 376 911 220 376 912 218 375 913 219 377 914 225 378 915 226 379 916 224 368 917 224 368 918 226 379 919 227 380 920 224 368 921 227 380 922 228 381 923 228 381 924 229 366 925 224 368 926 220 376 927 219 377 928 269 382 929 269 382 930 219 377 931 230 383 932 269 382 933 230 383 934 268 384 935 268 384 936 230 383 937 231 385 938 268 384 939 231 385 940 267 386 941 267 386 942 231 385 943 232 387 944 267 386 945 232 387 946 266 388 947 266 388 948 232 387 949 233 389 950 266 388 951 233 389 952 265 390 953 265 390 954 233 389 955 234 391 956 265 390 957 234 391 958 264 392 959 264 392 960 234 391 961 235 393 962 264 392 963 235 393 964 263 394 965 263 394 966 235 393 967 236 395 968 263 394 969 236 395 970 262 396 971 262 396 972 236 395 973 237 397 974 262 396 975 237 397 976 261 398 977 261 398 978 237 397 979 238 399 980 261 398 981 238 399 982 260 400 983 260 400 984 238 399 985 239 401 986 260 400 987 239 401 988 259 402 989 259 402 990 239 401 991 240 403 992 259 402 993 240 403 994 258 404 995 258 404 996 240 403 997 241 405 998 258 404 999 241 405 1000 257 406 1001 257 406 1002 241 405 1003 242 407 1004 257 406 1005 242 407 1006 256 408 1007 256 408 1008 242 407 1009 243 409 1010 256 408 1011 243 409 1012 255 410 1013 255 410 1014 243 409 1015 244 411 1016 255 410 1017 244 411 1018 254 412 1019 254 412 1020 244 411 1021 245 413 1022 254 412 1023 245 413 1024 253 414 1025 253 414 1026 245 413 1027 246 415 1028 253 414 1029 246 415 1030 252 416 1031 252 416 1032 246 415 1033 247 417 1034 252 416 1035 247 417 1036 251 418 1037 251 418 1038 247 417 1039 248 419 1040 251 418 1041 248 419 1042 250 420 1043 250 420 1044 248 419 1045 249 421 1046 249 421 1047 270 422 1048 250 420 1049 250 420 1050 270 422 1051 303 423 1052 303 423 1053 270 422 1054 271 424 1055 303 423 1056 271 424 1057 302 425 1058 302 425 1059 271 424 1060 272 426 1061 302 425 1062 272 426 1063 301 427 1064 301 427 1065 272 426 1066 273 428 1067 301 427 1068 273 428 1069 300 429 1070 300 429 1071 273 428 1072 274 430 1073 300 429 1074 274 430 1075 299 431 1076 299 431 1077 274 430 1078 275 432 1079 299 431 1080 275 432 1081 298 433 1082 298 433 1083 275 432 1084 276 434 1085 298 433 1086 276 434 1087 297 435 1088 297 435 1089 276 434 1090 277 436 1091 297 435 1092 277 436 1093 296 437 1094 296 437 1095 277 436 1096 278 438 1097 296 437 1098 278 438 1099 295 439 1100 295 439 1101 278 438 1102 279 440 1103 295 439 1104 279 440 1105 294 441 1106 294 441 1107 279 440 1108 280 442 1109 294 441 1110 280 442 1111 293 443 1112 293 443 1113 280 442 1114 281 444 1115 293 443 1116 281 444 1117 292 445 1118 292 445 1119 281 444 1120 282 446 1121 292 445 1122 282 446 1123 291 447 1124 291 447 1125 282 446 1126 283 448 1127 291 447 1128 283 448 1129 290 449 1130 290 449 1131 283 448 1132 284 450 1133 290 449 1134 284 450 1135 285 451 1136 285 452 1137 286 453 1138 290 449 1139 290 449 1140 286 453 1141 287 454 1142 290 449 1143 287 454 1144 288 455 1145 288 455 1146 289 456 1147 290 449 1148 304 90 1149 305 90 1150 120 90 1151 120 90 1152 305 90 1153 217 90 1154 120 90 1155 217 90 1156 121 90 1157 121 90 1158 217 90 1159 216 90 1160 121 90 1161 216 90 1162 122 90 1163 122 90 1164 216 90 1165 123 90 1166 123 90 1167 216 90 1168 124 90 1169 124 90 1170 216 90 1171 215 90 1172 124 90 1173 215 90 1174 125 90 1175 125 90 1176 215 90 1177 112 90 1178 112 90 1179 215 90 1180 336 90 1181 336 90 1182 215 90 1183 214 90 1184 306 90 1185 396 90 1186 305 90 1187 305 90 1188 396 90 1189 397 90 1190 305 90 1191 397 90 1192 217 90 1193 217 90 1194 397 90 1195 398 90 1196 217 90 1197 398 90 1198 218 90 1199 218 90 1200 398 90 1201 399 90 1202 218 90 1203 399 90 1204 400 90 1205 307 90 1206 393 90 1207 306 90 1208 306 90 1209 393 90 1210 394 90 1211 306 90 1212 394 90 1213 395 90 1214 308 90 1215 390 90 1216 307 90 1217 307 90 1218 390 90 1219 391 90 1220 307 90 1221 391 90 1222 392 90 1223 309 90 1224 231 90 1225 308 90 1226 308 90 1227 231 90 1228 387 90 1229 308 90 1230 387 90 1231 388 90 1232 310 90 1233 32 90 1234 309 90 1235 309 90 1236 32 90 1237 31 90 1238 309 90 1239 31 90 1240 30 90 1241 311 90 1242 36 90 1243 310 90 1244 310 90 1245 36 90 1246 35 90 1247 310 90 1248 35 90 1249 34 90 1250 312 90 1251 234 90 1252 311 90 1253 311 90 1254 234 90 1255 205 90 1256 311 90 1257 205 90 1258 204 90 1259 313 90 1260 236 90 1261 312 90 1262 312 90 1263 236 90 1264 235 90 1265 312 90 1266 235 90 1267 234 90 1268 236 90 1269 313 90 1270 237 90 1271 237 90 1272 313 90 1273 314 90 1274 237 90 1275 314 90 1276 238 90 1277 238 90 1278 314 90 1279 337 90 1280 238 90 1281 337 90 1282 338 90 1283 337 90 1284 314 90 1285 358 90 1286 358 90 1287 314 90 1288 315 90 1289 358 90 1290 315 90 1291 357 90 1292 357 90 1293 315 90 1294 356 90 1295 356 90 1296 315 90 1297 355 90 1298 355 90 1299 315 90 1300 354 90 1301 354 90 1302 315 90 1303 316 90 1304 354 90 1305 316 90 1306 353 90 1307 353 90 1308 316 90 1309 352 90 1310 352 90 1311 316 90 1312 351 90 1313 351 90 1314 316 90 1315 350 90 1316 350 90 1317 316 90 1318 349 90 1319 349 90 1320 316 90 1321 317 90 1322 349 90 1323 317 90 1324 348 90 1325 348 90 1326 317 90 1327 240 90 1328 348 90 1329 240 90 1330 347 90 1331 347 90 1332 240 90 1333 346 90 1334 346 90 1335 240 90 1336 345 90 1337 345 90 1338 240 90 1339 239 90 1340 345 90 1341 239 90 1342 344 90 1343 344 90 1344 239 90 1345 343 90 1346 343 90 1347 239 90 1348 342 90 1349 342 90 1350 239 90 1351 341 90 1352 341 90 1353 239 90 1354 340 90 1355 340 90 1356 239 90 1357 238 90 1358 340 90 1359 238 90 1360 339 90 1361 339 90 1362 238 90 1363 338 90 1364 240 90 1365 317 90 1366 241 90 1367 241 90 1368 317 90 1369 318 90 1370 241 90 1371 318 90 1372 242 90 1373 242 90 1374 318 90 1375 319 90 1376 242 90 1377 319 90 1378 243 90 1379 243 90 1380 319 90 1381 244 90 1382 244 90 1383 319 90 1384 320 90 1385 244 90 1386 320 90 1387 245 90 1388 245 90 1389 320 90 1390 321 90 1391 245 90 1392 321 90 1393 246 90 1394 246 90 1395 321 90 1396 322 90 1397 246 90 1398 322 90 1399 247 90 1400 247 90 1401 322 90 1402 323 90 1403 247 90 1404 323 90 1405 364 90 1406 364 90 1407 323 90 1408 363 90 1409 363 90 1410 323 90 1411 362 90 1412 362 90 1413 323 90 1414 361 90 1415 361 90 1416 323 90 1417 324 90 1418 361 90 1419 324 90 1420 360 90 1421 360 90 1422 324 90 1423 359 90 1424 359 90 1425 324 90 1426 380 90 1427 380 90 1428 324 90 1429 379 90 1430 379 90 1431 324 90 1432 325 90 1433 379 90 1434 325 90 1435 378 90 1436 378 90 1437 325 90 1438 377 90 1439 377 90 1440 325 90 1441 376 90 1442 376 90 1443 325 90 1444 271 90 1445 376 90 1446 271 90 1447 375 90 1448 375 90 1449 271 90 1450 270 90 1451 375 90 1452 270 90 1453 374 90 1454 374 90 1455 270 90 1456 373 90 1457 373 90 1458 270 90 1459 372 90 1460 372 90 1461 270 90 1462 249 90 1463 372 90 1464 249 90 1465 371 90 1466 371 90 1467 249 90 1468 370 90 1469 370 90 1470 249 90 1471 369 90 1472 369 90 1473 249 90 1474 368 90 1475 368 90 1476 249 90 1477 248 90 1478 368 90 1479 248 90 1480 367 90 1481 367 90 1482 248 90 1483 366 90 1484 366 90 1485 248 90 1486 365 90 1487 365 90 1488 248 90 1489 364 90 1490 364 90 1491 248 90 1492 247 90 1493 325 90 1494 326 90 1495 271 90 1496 271 90 1497 326 90 1498 272 90 1499 272 90 1500 326 90 1501 327 90 1502 272 90 1503 327 90 1504 273 90 1505 273 90 1506 327 90 1507 328 90 1508 273 90 1509 328 90 1510 274 90 1511 274 90 1512 328 90 1513 72 90 1514 274 90 1515 72 90 1516 71 90 1517 72 90 1518 328 90 1519 86 90 1520 86 90 1521 328 90 1522 329 90 1523 86 90 1524 329 90 1525 87 90 1526 87 90 1527 329 90 1528 88 90 1529 88 90 1530 329 90 1531 89 90 1532 89 90 1533 329 90 1534 90 90 1535 90 90 1536 329 90 1537 91 90 1538 91 90 1539 329 90 1540 330 90 1541 91 90 1542 330 90 1543 92 90 1544 92 90 1545 330 90 1546 93 90 1547 93 90 1548 330 90 1549 94 90 1550 94 90 1551 330 90 1552 95 90 1553 95 90 1554 330 90 1555 202 90 1556 202 90 1557 330 90 1558 331 90 1559 202 90 1560 331 90 1561 203 90 1562 203 90 1563 331 90 1564 277 90 1565 203 90 1566 277 90 1567 85 90 1568 85 90 1569 277 90 1570 61 90 1571 61 90 1572 277 90 1573 276 90 1574 61 90 1575 276 90 1576 62 90 1577 62 90 1578 276 90 1579 63 90 1580 63 90 1581 276 90 1582 64 90 1583 64 90 1584 276 90 1585 65 90 1586 65 90 1587 276 90 1588 275 90 1589 65 90 1590 275 90 1591 66 90 1592 66 90 1593 275 90 1594 67 90 1595 67 90 1596 275 90 1597 68 90 1598 68 90 1599 275 90 1600 69 90 1601 69 90 1602 275 90 1603 70 90 1604 70 90 1605 275 90 1606 274 90 1607 70 90 1608 274 90 1609 71 90 1610 277 90 1611 331 90 1612 278 90 1613 278 90 1614 331 90 1615 332 90 1616 278 90 1617 332 90 1618 414 90 1619 414 90 1620 332 90 1621 413 90 1622 413 90 1623 332 90 1624 412 90 1625 412 90 1626 332 90 1627 411 90 1628 411 90 1629 332 90 1630 333 90 1631 411 90 1632 333 90 1633 410 90 1634 410 90 1635 333 90 1636 409 90 1637 409 90 1638 333 90 1639 408 90 1640 408 90 1641 333 90 1642 407 90 1643 407 90 1644 333 90 1645 334 90 1646 407 90 1647 334 90 1648 406 90 1649 406 90 1650 334 90 1651 405 90 1652 405 90 1653 334 90 1654 404 90 1655 404 90 1656 334 90 1657 403 90 1658 403 90 1659 334 90 1660 281 90 1661 403 90 1662 281 90 1663 424 90 1664 424 90 1665 281 90 1666 280 90 1667 424 90 1668 280 90 1669 423 90 1670 423 90 1671 280 90 1672 422 90 1673 422 90 1674 280 90 1675 421 90 1676 421 90 1677 280 90 1678 420 90 1679 420 90 1680 280 90 1681 279 90 1682 420 90 1683 279 90 1684 419 90 1685 419 90 1686 279 90 1687 418 90 1688 418 90 1689 279 90 1690 417 90 1691 417 90 1692 279 90 1693 416 90 1694 416 90 1695 279 90 1696 278 90 1697 416 90 1698 278 90 1699 415 90 1700 415 90 1701 278 90 1702 414 90 1703 334 90 1704 335 90 1705 281 90 1706 281 90 1707 335 90 1708 126 90 1709 281 90 1710 126 90 1711 282 90 1712 282 90 1713 126 90 1714 137 90 1715 282 90 1716 137 90 1717 136 90 1718 136 90 1719 135 90 1720 282 90 1721 282 90 1722 135 90 1723 134 90 1724 282 90 1725 134 90 1726 283 90 1727 283 90 1728 134 90 1729 133 90 1730 283 90 1731 133 90 1732 110 90 1733 110 90 1734 109 90 1735 283 90 1736 283 90 1737 109 90 1738 284 90 1739 233 90 1740 209 90 1741 234 90 1742 234 90 1743 209 90 1744 208 90 1745 234 90 1746 208 90 1747 207 90 1748 232 90 1749 26 90 1750 233 90 1751 233 90 1752 26 90 1753 213 90 1754 233 90 1755 213 90 1756 212 90 1757 231 90 1758 309 90 1759 232 90 1760 232 90 1761 309 90 1762 30 90 1763 232 90 1764 30 90 1765 29 90 1766 231 90 1767 230 90 1768 387 90 1769 387 90 1770 230 90 1771 386 90 1772 386 90 1773 230 90 1774 385 90 1775 385 90 1776 230 90 1777 384 90 1778 384 90 1779 230 90 1780 383 90 1781 383 90 1782 230 90 1783 219 90 1784 383 90 1785 219 90 1786 382 90 1787 382 90 1788 219 90 1789 381 90 1790 381 90 1791 219 90 1792 402 90 1793 402 90 1794 219 90 1795 401 90 1796 401 90 1797 219 90 1798 218 90 1799 401 90 1800 218 90 1801 400 90 1802 212 90 1803 211 90 1804 233 90 1805 233 90 1806 211 90 1807 210 90 1808 233 90 1809 210 90 1810 209 90 1811 207 90 1812 206 90 1813 234 90 1814 234 90 1815 206 90 1816 205 90 1817 204 90 1818 37 90 1819 311 90 1820 311 90 1821 37 90 1822 36 90 1823 34 90 1824 33 90 1825 310 90 1826 310 90 1827 33 90 1828 32 90 1829 29 90 1830 28 90 1831 232 90 1832 232 90 1833 28 90 1834 27 90 1835 232 90 1836 27 90 1837 26 90 1838 388 90 1839 389 90 1840 308 90 1841 308 90 1842 389 90 1843 390 90 1844 392 90 1845 393 90 1846 307 90 1847 395 90 1848 396 90 1849 306 90 1850 426 457 1851 427 457 1852 425 457 1853 425 458 1854 427 458 1855 229 458 1856 229 459 1857 427 459 1858 214 459 1859 214 460 1860 427 460 1861 336 460 1862 429 461 1863 285 461 1864 108 461 1865 108 462 1866 285 462 1867 284 462 1868 108 463 1869 284 463 1870 109 463 1871 108 464 1872 428 464 1873 429 464 1874 229 465 1875 228 466 1876 425 467 1877 425 467 1878 228 466 1879 441 468 1880 441 468 1881 228 466 1882 227 469 1883 441 468 1884 227 469 1885 440 470 1886 440 470 1887 227 469 1888 226 471 1889 440 470 1890 226 471 1891 439 472 1892 439 472 1893 226 471 1894 225 473 1895 439 472 1896 225 473 1897 438 474 1898 438 474 1899 225 473 1900 430 475 1901 438 474 1902 430 475 1903 437 476 1904 437 476 1905 430 475 1906 431 477 1907 437 476 1908 431 477 1909 436 478 1910 436 478 1911 431 477 1912 432 479 1913 436 478 1914 432 479 1915 435 480 1916 435 480 1917 432 479 1918 433 481 1919 435 480 1920 433 481 1921 434 482 1922 434 482 1923 433 481 1924 451 483 1925 451 483 1926 433 481 1927 442 484 1928 451 483 1929 442 484 1930 450 485 1931 450 485 1932 442 484 1933 443 486 1934 450 485 1935 443 486 1936 449 487 1937 449 487 1938 443 486 1939 444 488 1940 449 487 1941 444 488 1942 448 489 1943 448 489 1944 444 488 1945 289 490 1946 448 489 1947 289 490 1948 447 491 1949 447 491 1950 289 490 1951 288 492 1952 447 491 1953 288 492 1954 446 493 1955 446 493 1956 288 492 1957 287 494 1958 446 493 1959 287 494 1960 445 495 1961 445 495 1962 287 494 1963 286 496 1964 445 495 1965 286 496 1966 429 497 1967 429 498 1968 286 499 1969 285 500 1970 111 90 1971 191 90 1972 108 90 1973 108 90 1974 191 90 1975 190 90 1976 108 90 1977 190 90 1978 428 90 1979 428 90 1980 190 90 1981 189 90 1982 428 90 1983 189 90 1984 188 90 1985 132 90 1986 172 90 1987 111 90 1988 111 90 1989 172 90 1990 171 90 1991 111 90 1992 171 90 1993 170 90 1994 172 90 1995 132 90 1996 173 90 1997 173 90 1998 132 90 1999 131 90 2000 173 90 2001 131 90 2002 174 90 2003 174 90 2004 131 90 2005 130 90 2006 174 90 2007 130 90 2008 175 90 2009 175 90 2010 130 90 2011 129 90 2012 175 90 2013 129 90 2014 176 90 2015 176 90 2016 129 90 2017 128 90 2018 176 90 2019 128 90 2020 177 90 2021 177 90 2022 128 90 2023 178 90 2024 178 90 2025 128 90 2026 127 90 2027 178 90 2028 127 90 2029 179 90 2030 179 90 2031 127 90 2032 180 90 2033 180 90 2034 127 90 2035 181 90 2036 181 90 2037 127 90 2038 453 90 2039 181 90 2040 453 90 2041 182 90 2042 182 90 2043 453 90 2044 183 90 2045 183 90 2046 453 90 2047 184 90 2048 184 90 2049 453 90 2050 454 90 2051 184 90 2052 454 90 2053 185 90 2054 185 90 2055 454 90 2056 186 90 2057 186 90 2058 454 90 2059 187 90 2060 187 90 2061 454 90 2062 188 90 2063 188 90 2064 454 90 2065 428 90 2066 127 90 2067 452 90 2068 453 90 2069 170 90 2070 191 90 2071 111 90 2072 452 501 2073 127 501 2074 335 501 2075 335 502 2076 127 502 2077 126 502 2078 427 503 2079 113 503 2080 336 503 2081 336 161 2082 113 161 2083 112 161 2084 119 90 2085 198 90 2086 455 90 2087 455 504 2088 198 504 2089 197 504 2090 455 90 2091 197 90 2092 196 90 2093 118 90 2094 148 90 2095 119 90 2096 119 90 2097 148 90 2098 201 90 2099 119 90 2100 201 90 2101 200 90 2102 118 90 2103 117 90 2104 148 90 2105 148 90 2106 117 90 2107 116 90 2108 148 90 2109 116 90 2110 115 90 2111 115 90 2112 114 90 2113 148 90 2114 148 90 2115 114 90 2116 113 90 2117 148 90 2118 113 90 2119 149 90 2120 149 90 2121 113 90 2122 150 90 2123 150 90 2124 113 90 2125 151 90 2126 151 90 2127 113 90 2128 152 90 2129 152 505 2130 113 505 2131 427 505 2132 152 90 2133 427 90 2134 153 90 2135 153 90 2136 427 90 2137 154 90 2138 154 90 2139 427 90 2140 155 90 2141 155 506 2142 427 506 2143 156 506 2144 156 90 2145 427 90 2146 157 90 2147 157 507 2148 427 507 2149 158 507 2150 158 90 2151 427 90 2152 456 90 2153 158 90 2154 456 90 2155 159 90 2156 159 90 2157 456 90 2158 457 90 2159 159 90 2160 457 90 2161 192 90 2162 192 90 2163 457 90 2164 193 90 2165 193 90 2166 457 90 2167 194 90 2168 194 90 2169 457 90 2170 455 90 2171 194 90 2172 455 90 2173 195 90 2174 195 90 2175 455 90 2176 196 90 2177 427 508 2178 426 508 2179 456 508 2180 200 90 2181 199 90 2182 119 90 2183 119 90 2184 199 90 2185 198 90 2186 304 509 2187 120 509 2188 455 509 2189 455 510 2190 120 510 2191 119 510 2192 458 511 2193 459 512 2194 482 513 2195 482 513 2196 459 512 2197 484 514 2198 482 513 2199 484 514 2200 481 515 2201 481 515 2202 484 514 2203 221 374 2204 481 515 2205 221 374 2206 220 376 2207 484 514 2208 459 512 2209 485 516 2210 485 516 2211 459 512 2212 460 517 2213 485 516 2214 460 517 2215 486 518 2216 486 518 2217 460 517 2218 461 519 2219 486 518 2220 461 519 2221 487 520 2222 487 520 2223 461 519 2224 462 521 2225 487 520 2226 462 521 2227 488 522 2228 488 522 2229 462 521 2230 463 523 2231 488 522 2232 463 523 2233 442 524 2234 442 524 2235 463 523 2236 464 525 2237 442 524 2238 464 525 2239 483 526 2240 483 526 2241 464 525 2242 489 527 2243 483 526 2244 489 527 2245 290 449 2246 290 449 2247 489 527 2248 291 447 2249 291 447 2250 489 527 2251 490 528 2252 291 447 2253 490 528 2254 292 445 2255 292 445 2256 490 528 2257 491 529 2258 292 445 2259 491 529 2260 293 443 2261 293 443 2262 491 529 2263 492 530 2264 293 443 2265 492 530 2266 294 441 2267 294 441 2268 492 530 2269 493 531 2270 294 441 2271 493 531 2272 295 439 2273 295 439 2274 493 531 2275 494 532 2276 295 439 2277 494 532 2278 296 437 2279 296 437 2280 494 532 2281 495 533 2282 296 437 2283 495 533 2284 297 435 2285 297 435 2286 495 533 2287 496 534 2288 297 435 2289 496 534 2290 298 433 2291 298 433 2292 496 534 2293 497 535 2294 298 433 2295 497 535 2296 299 431 2297 299 431 2298 497 535 2299 498 536 2300 299 431 2301 498 536 2302 300 429 2303 300 429 2304 498 536 2305 499 537 2306 300 429 2307 499 537 2308 301 427 2309 301 427 2310 499 537 2311 500 538 2312 301 427 2313 500 538 2314 302 425 2315 302 425 2316 500 538 2317 501 539 2318 302 425 2319 501 539 2320 303 423 2321 303 423 2322 501 539 2323 480 540 2324 303 423 2325 480 540 2326 250 420 2327 464 525 2328 465 541 2329 489 527 2330 489 527 2331 465 541 2332 490 528 2333 465 541 2334 466 542 2335 490 528 2336 490 528 2337 466 542 2338 491 529 2339 466 542 2340 467 543 2341 491 529 2342 491 529 2343 467 543 2344 492 530 2345 467 543 2346 468 544 2347 492 530 2348 492 530 2349 468 544 2350 493 531 2351 468 544 2352 469 545 2353 493 531 2354 493 531 2355 469 545 2356 494 532 2357 469 545 2358 470 546 2359 494 532 2360 494 532 2361 470 546 2362 495 533 2363 470 546 2364 471 547 2365 495 533 2366 495 533 2367 471 547 2368 496 534 2369 471 547 2370 472 548 2371 496 534 2372 496 534 2373 472 548 2374 497 535 2375 472 548 2376 473 549 2377 497 535 2378 497 535 2379 473 549 2380 498 536 2381 473 549 2382 474 550 2383 498 536 2384 498 536 2385 474 550 2386 499 537 2387 474 550 2388 475 551 2389 499 537 2390 499 537 2391 475 551 2392 500 538 2393 475 551 2394 476 552 2395 500 538 2396 500 538 2397 476 552 2398 501 539 2399 476 552 2400 477 553 2401 501 539 2402 501 539 2403 477 553 2404 479 554 2405 501 539 2406 479 554 2407 480 540 2408 477 553 2409 478 555 2410 479 554 2411 290 449 2412 289 456 2413 483 526 2414 483 526 2415 289 456 2416 444 556 2417 483 526 2418 444 556 2419 443 557 2420 443 557 2421 442 524 2422 483 526 2423 442 524 2424 433 558 2425 488 522 2426 488 522 2427 433 558 2428 432 559 2429 488 522 2430 432 559 2431 487 520 2432 487 520 2433 432 559 2434 431 560 2435 487 520 2436 431 560 2437 430 561 2438 430 561 2439 225 378 2440 487 520 2441 487 520 2442 225 378 2443 224 368 2444 487 520 2445 224 368 2446 486 518 2447 486 518 2448 224 368 2449 223 370 2450 486 518 2451 223 370 2452 485 516 2453 485 516 2454 223 370 2455 222 372 2456 485 516 2457 222 372 2458 484 514 2459 484 514 2460 222 372 2461 221 374 2462 502 562 2463 503 563 2464 512 564 2465 512 565 2466 503 566 2467 504 567 2468 512 565 2469 504 567 2470 505 568 2471 512 565 2472 505 568 2473 511 569 2474 511 569 2475 505 568 2476 506 570 2477 511 569 2478 506 570 2479 507 571 2480 511 569 2481 507 571 2482 510 572 2483 510 572 2484 507 571 2485 508 573 2486 510 572 2487 508 573 2488 509 574 2489 337 575 2490 513 576 2491 338 577 2492 338 577 2493 513 576 2494 514 578 2495 338 577 2496 514 578 2497 339 579 2498 339 579 2499 514 578 2500 515 580 2501 339 579 2502 515 580 2503 340 581 2504 340 581 2505 515 580 2506 516 582 2507 340 581 2508 516 582 2509 341 583 2510 341 583 2511 516 582 2512 517 584 2513 341 583 2514 517 584 2515 342 585 2516 342 585 2517 517 584 2518 518 586 2519 342 585 2520 518 586 2521 343 587 2522 343 587 2523 518 586 2524 519 588 2525 343 587 2526 519 588 2527 344 589 2528 344 589 2529 519 588 2530 520 590 2531 344 589 2532 520 590 2533 345 591 2534 345 591 2535 520 590 2536 521 592 2537 345 591 2538 521 592 2539 346 593 2540 346 593 2541 521 592 2542 522 594 2543 346 593 2544 522 594 2545 347 595 2546 347 595 2547 522 594 2548 523 596 2549 347 595 2550 523 596 2551 348 597 2552 348 597 2553 523 596 2554 524 598 2555 359 599 2556 525 600 2557 360 601 2558 360 601 2559 525 600 2560 526 602 2561 360 601 2562 526 602 2563 361 603 2564 361 603 2565 526 602 2566 527 604 2567 361 603 2568 527 604 2569 362 605 2570 362 605 2571 527 604 2572 528 606 2573 362 605 2574 528 606 2575 363 607 2576 363 607 2577 528 606 2578 529 354 2579 363 607 2580 529 354 2581 364 608 2582 364 608 2583 529 354 2584 530 609 2585 364 608 2586 530 609 2587 365 610 2588 365 610 2589 530 609 2590 531 611 2591 365 610 2592 531 611 2593 366 612 2594 366 612 2595 531 611 2596 532 613 2597 366 612 2598 532 613 2599 367 614 2600 367 614 2601 532 613 2602 533 615 2603 367 614 2604 533 615 2605 368 616 2606 368 616 2607 533 615 2608 534 617 2609 368 616 2610 534 617 2611 369 618 2612 369 618 2613 534 617 2614 535 619 2615 369 618 2616 535 619 2617 370 620 2618 370 620 2619 535 619 2620 536 621 2621 381 622 2622 537 623 2623 382 624 2624 382 624 2625 537 623 2626 538 625 2627 382 624 2628 538 625 2629 383 626 2630 383 626 2631 538 625 2632 539 627 2633 383 626 2634 539 627 2635 384 628 2636 384 628 2637 539 627 2638 540 606 2639 384 628 2640 540 606 2641 385 607 2642 385 607 2643 540 606 2644 541 354 2645 385 607 2646 541 354 2647 386 608 2648 386 608 2649 541 354 2650 542 609 2651 386 608 2652 542 609 2653 387 610 2654 387 610 2655 542 609 2656 543 611 2657 387 610 2658 543 611 2659 388 612 2660 388 612 2661 543 611 2662 544 613 2663 388 612 2664 544 613 2665 389 614 2666 389 614 2667 544 613 2668 545 629 2669 389 614 2670 545 629 2671 390 630 2672 390 630 2673 545 629 2674 546 631 2675 390 630 2676 546 631 2677 391 632 2678 391 632 2679 546 631 2680 547 633 2681 391 632 2682 547 633 2683 392 634 2684 392 634 2685 547 633 2686 548 635 2687 403 636 2688 549 637 2689 404 638 2690 404 638 2691 549 637 2692 550 639 2693 404 638 2694 550 639 2695 405 640 2696 405 640 2697 550 639 2698 551 641 2699 405 640 2700 551 641 2701 406 642 2702 406 642 2703 551 641 2704 552 643 2705 406 642 2706 552 643 2707 407 644 2708 407 644 2709 552 643 2710 553 645 2711 407 644 2712 553 645 2713 408 646 2714 408 646 2715 553 645 2716 554 647 2717 408 646 2718 554 647 2719 409 648 2720 409 648 2721 554 647 2722 555 649 2723 409 648 2724 555 649 2725 410 650 2726 410 650 2727 555 649 2728 556 651 2729 410 650 2730 556 651 2731 411 652 2732 411 652 2733 556 651 2734 557 653 2735 411 652 2736 557 653 2737 412 654 2738 412 654 2739 557 653 2740 558 655 2741 412 654 2742 558 655 2743 413 656 2744 413 656 2745 558 655 2746 559 657 2747 413 656 2748 559 657 2749 414 658 2750 414 658 2751 559 657 2752 560 659 2753 563 660 2754 573 661 2755 562 662 2756 565 663 2757 573 664 2758 564 665 2759 567 666 2760 573 667 2761 566 668 2762 569 669 2763 573 670 2764 568 671 2765 571 672 2766 573 673 2767 570 674 2768 564 675 2769 573 676 2770 563 677 2771 572 678 2772 573 679 2773 571 680 2774 570 681 2775 573 682 2776 569 683 2777 568 684 2778 573 685 2779 567 686 2780 566 687 2781 573 688 2782 565 689 2783 573 690 2784 561 691 2785 562 692 2786 576 693 2787 586 694 2788 575 695 2789 578 696 2790 586 697 2791 577 698 2792 580 699 2793 586 700 2794 579 701 2795 582 702 2796 586 703 2797 581 704 2798 584 705 2799 586 706 2800 583 707 2801 577 708 2802 586 709 2803 576 710 2804 585 711 2805 586 712 2806 584 713 2807 583 714 2808 586 715 2809 582 716 2810 581 717 2811 586 718 2812 580 719 2813 579 720 2814 586 721 2815 578 722 2816 586 723 2817 574 724 2818 575 725 2819 589 726 2820 599 727 2821 588 728 2822 591 729 2823 599 730 2824 590 731 2825 593 732 2826 599 733 2827 592 734 2828 595 735 2829 599 736 2830 594 737 2831 597 738 2832 599 739 2833 596 740 2834 590 741 2835 599 742 2836 589 743 2837 598 744 2838 599 745 2839 597 746 2840 596 747 2841 599 748 2842 595 749 2843 594 750 2844 599 751 2845 593 752 2846 592 753 2847 599 754 2848 591 755 2849 599 756 2850 587 757 2851 588 758 2852 602 759 2853 612 760 2854 601 761 2855 604 762 2856 612 763 2857 603 764 2858 606 699 2859 612 765 2860 605 701 2861 608 766 2862 612 767 2863 607 768 2864 610 769 2865 612 770 2866 609 771 2867 603 772 2868 612 773 2869 602 774 2870 611 775 2871 612 776 2872 610 777 2873 609 778 2874 612 779 2875 608 780 2876 607 781 2877 612 782 2878 606 783 2879 605 784 2880 612 785 2881 604 786 2882 612 787 2883 600 788 2884 601 789 2885 615 790 2886 625 791 2887 614 792 2888 617 793 2889 625 794 2890 616 795 2891 619 796 2892 625 797 2893 618 668 2894 621 798 2895 625 799 2896 620 800 2897 623 801 2898 625 802 2899 622 803 2900 616 804 2901 625 805 2902 615 806 2903 624 807 2904 625 808 2905 623 809 2906 622 810 2907 625 811 2908 621 812 2909 620 813 2910 625 814 2911 619 815 2912 618 816 2913 625 817 2914 617 818 2915 625 819 2916 613 820 2917 614 821 2918 628 822 2919 638 823 2920 627 824 2921 630 825 2922 638 826 2923 629 827 2924 632 828 2925 638 829 2926 631 830 2927 634 831 2928 638 832 2929 633 833 2930 636 834 2931 638 835 2932 635 836 2933 629 837 2934 638 838 2935 628 839 2936 637 840 2937 638 841 2938 636 842 2939 635 843 2940 638 844 2941 634 845 2942 633 846 2943 638 847 2944 632 848 2945 631 849 2946 638 850 2947 630 851 2948 638 852 2949 626 853 2950 627 854 2951 641 855 2952 651 856 2953 640 857 2954 643 858 2955 651 859 2956 642 860 2957 645 861 2958 651 862 2959 644 863 2960 647 864 2961 651 865 2962 646 866 2963 649 867 2964 651 868 2965 648 869 2966 642 870 2967 651 871 2968 641 872 2969 650 873 2970 651 874 2971 649 875 2972 648 876 2973 651 877 2974 647 878 2975 646 879 2976 651 880 2977 645 881 2978 644 882 2979 651 883 2980 643 884 2981 651 885 2982 639 886 2983 640 887 2984 654 888 2985 664 889 2986 653 890 2987 656 891 2988 664 892 2989 655 893 2990 658 894 2991 664 895 2992 657 896 2993 660 897 2994 664 898 2995 659 899 2996 662 900 2997 664 901 2998 661 902 2999 655 903 3000 664 904 3001 654 905 3002 663 906 3003 664 907 3004 662 908 3005 661 909 3006 664 910 3007 660 911 3008 659 912 3009 664 913 3010 658 914 3011 657 915 3012 664 916 3013 656 917 3014 664 918 3015 652 919 3016 653 920 3017 667 921 3018 677 922 3019 666 923 3020 669 924 3021 677 925 3022 668 926 3023 671 927 3024 677 928 3025 670 929 3026 673 930 3027 677 931 3028 672 932 3029 675 933 3030 677 934 3031 674 935 3032 668 936 3033 677 937 3034 667 938 3035 676 939 3036 677 940 3037 675 941 3038 674 942 3039 677 943 3040 673 944 3041 672 945 3042 677 946 3043 671 947 3044 670 948 3045 677 949 3046 669 950 3047 677 951 3048 665 952 3049 666 953 3050 680 954 3051 690 955 3052 679 956 3053 682 957 3054 690 958 3055 681 959 3056 684 960 3057 690 961 3058 683 896 3059 686 962 3060 690 963 3061 685 964 3062 688 965 3063 690 966 3064 687 967 3065 681 968 3066 690 969 3067 680 970 3068 689 971 3069 690 972 3070 688 973 3071 687 974 3072 690 975 3073 686 976 3074 685 977 3075 690 978 3076 684 979 3077 683 980 3078 690 981 3079 682 982 3080 690 983 3081 678 984 3082 679 985 3083 693 986 3084 703 987 3085 692 988 3086 695 989 3087 703 990 3088 694 991 3089 697 992 3090 703 993 3091 696 994 3092 699 995 3093 703 996 3094 698 997 3095 701 998 3096 703 999 3097 700 1000 3098 694 1001 3099 703 1002 3100 693 1003 3101 702 1004 3102 703 1005 3103 701 1006 3104 700 1007 3105 703 1008 3106 699 1009 3107 698 1010 3108 703 1011 3109 697 1012 3110 696 1013 3111 703 1014 3112 695 1015 3113 703 1016 3114 691 1017 3115 692 1018 3116 706 1019 3117 716 1020 3118 705 1021 3119 708 1022 3120 716 1023 3121 707 1024 3122 710 1025 3123 716 1026 3124 709 1027 3125 712 1028 3126 716 1029 3127 711 1030 3128 714 1031 3129 716 1032 3130 713 1033 3131 707 1034 3132 716 1035 3133 706 1036 3134 715 1037 3135 716 1038 3136 714 1039 3137 713 1040 3138 716 1041 3139 712 1042 3140 711 1043 3141 716 1044 3142 710 1045 3143 709 1046 3144 716 1047 3145 708 1048 3146 716 1049 3147 704 1050 3148 705 1051 3149 717 1052 3150 324 1053 3151 734 1054 3152 734 1054 3153 324 1053 3154 323 1055 3155 734 1054 3156 323 1055 3157 733 1056 3158 733 1056 3159 323 1055 3160 322 1057 3161 733 1056 3162 322 1057 3163 732 1058 3164 732 1058 3165 322 1057 3166 321 1059 3167 732 1058 3168 321 1059 3169 731 1060 3170 731 1060 3171 321 1059 3172 320 1061 3173 731 1060 3174 320 1061 3175 730 1062 3176 730 1062 3177 320 1061 3178 319 1063 3179 730 1062 3180 319 1063 3181 729 1064 3182 729 1064 3183 319 1063 3184 318 1065 3185 729 1064 3186 318 1065 3187 728 1066 3188 728 1066 3189 318 1065 3190 317 1066 3191 728 1066 3192 317 1066 3193 727 1067 3194 727 1067 3195 317 1066 3196 316 1067 3197 727 1067 3198 316 1067 3199 726 1068 3200 726 1068 3201 316 1067 3202 315 1068 3203 726 1068 3204 315 1068 3205 725 1069 3206 725 1069 3207 315 1068 3208 314 1069 3209 725 1069 3210 314 1069 3211 724 1070 3212 724 1070 3213 314 1069 3214 313 1071 3215 724 1070 3216 313 1071 3217 723 1072 3218 723 1072 3219 313 1071 3220 312 1073 3221 723 1072 3222 312 1073 3223 722 1074 3224 722 1074 3225 312 1073 3226 311 1075 3227 722 1074 3228 311 1075 3229 721 1076 3230 721 1076 3231 311 1075 3232 310 1077 3233 721 1076 3234 310 1077 3235 720 1078 3236 720 1078 3237 310 1077 3238 309 1079 3239 720 1078 3240 309 1079 3241 719 1080 3242 719 1080 3243 309 1079 3244 308 1081 3245 719 1080 3246 308 1081 3247 718 1082 3248 718 1082 3249 308 1081 3250 307 1083 3251 324 1053 3252 717 1052 3253 325 1084 3254 325 1084 3255 717 1052 3256 735 1085 3257 325 1084 3258 735 1085 3259 326 1086 3260 326 1086 3261 735 1085 3262 736 1087 3263 326 1086 3264 736 1087 3265 327 1088 3266 327 1088 3267 736 1087 3268 737 1089 3269 327 1088 3270 737 1089 3271 328 1090 3272 328 1090 3273 737 1089 3274 738 1091 3275 328 1090 3276 738 1091 3277 329 1092 3278 329 1092 3279 738 1091 3280 739 1093 3281 329 1092 3282 739 1093 3283 330 1094 3284 330 1094 3285 739 1093 3286 740 1095 3287 330 1094 3288 740 1095 3289 331 1096 3290 331 1096 3291 740 1095 3292 741 1097 3293 331 1096 3294 741 1097 3295 332 1098 3296 332 1098 3297 741 1097 3298 742 1099 3299 332 1098 3300 742 1099 3301 333 1100 3302 333 1100 3303 742 1099 3304 743 1101 3305 333 1100 3306 743 1101 3307 334 1102 3308 334 1102 3309 743 1101 3310 744 1103 3311 334 1102 3312 744 1103 3313 335 1104 3314 335 1104 3315 744 1103 3316 452 1105 3317 452 1105 3318 744 1103 3319 745 1106 3320 452 1105 3321 745 1106 3322 453 1107 3323 453 1107 3324 745 1106 3325 454 1108 3326 454 1108 3327 745 1106 3328 746 1109 3329 454 1108 3330 746 1109 3331 428 1110 3332 428 1110 3333 746 1109 3334 429 1111 3335 429 1111 3336 746 1109 3337 445 1112 3338 445 1112 3339 746 1109 3340 446 1113 3341 446 1113 3342 746 1109 3343 447 1114 3344 447 1114 3345 746 1109 3346 448 1115 3347 448 1115 3348 746 1109 3349 449 1116 3350 449 1116 3351 746 1109 3352 450 1117 3353 450 1117 3354 746 1109 3355 747 1118 3356 450 1117 3357 747 1118 3358 451 1119 3359 451 1119 3360 747 1118 3361 434 1120 3362 434 1120 3363 747 1118 3364 435 1121 3365 435 1121 3366 747 1118 3367 436 1122 3368 436 1122 3369 747 1118 3370 437 1123 3371 437 1123 3372 747 1118 3373 438 1124 3374 438 1124 3375 747 1118 3376 439 1125 3377 439 1125 3378 747 1118 3379 440 1126 3380 440 1126 3381 747 1118 3382 441 1127 3383 441 1127 3384 747 1118 3385 748 1128 3386 441 1127 3387 748 1128 3388 425 1129 3389 425 1129 3390 748 1128 3391 456 1130 3392 425 1131 3393 456 1132 3394 426 1133 3395 456 1130 3396 748 1128 3397 457 1134 3398 457 1134 3399 748 1128 3400 749 1135 3401 457 1134 3402 749 1135 3403 455 1136 3404 455 1136 3405 749 1135 3406 305 1137 3407 455 1136 3408 305 1137 3409 304 1138 3410 749 1135 3411 750 1139 3412 305 1137 3413 305 1137 3414 750 1139 3415 306 1140 3416 306 1140 3417 750 1139 3418 718 1082 3419 306 1140 3420 718 1082 3421 307 1083 3422 735 90 3423 717 90 3424 766 90 3425 766 90 3426 717 90 3427 734 90 3428 766 1141 3429 734 1141 3430 765 1141 3431 765 1142 3432 734 1142 3433 733 1142 3434 765 1143 3435 733 1143 3436 764 1143 3437 764 90 3438 733 90 3439 732 90 3440 764 1144 3441 732 1144 3442 763 1144 3443 763 90 3444 732 90 3445 731 90 3446 763 90 3447 731 90 3448 762 90 3449 762 90 3450 731 90 3451 730 90 3452 762 90 3453 730 90 3454 761 90 3455 761 90 3456 730 90 3457 729 90 3458 761 1145 3459 729 1145 3460 760 1145 3461 760 90 3462 729 90 3463 728 90 3464 760 1146 3465 728 1146 3466 759 1146 3467 759 1147 3468 728 1147 3469 727 1147 3470 759 90 3471 727 90 3472 726 90 3473 759 90 3474 726 90 3475 758 90 3476 758 1148 3477 726 1148 3478 725 1148 3479 758 1149 3480 725 1149 3481 757 1149 3482 757 90 3483 725 90 3484 724 90 3485 757 90 3486 724 90 3487 756 90 3488 756 90 3489 724 90 3490 723 90 3491 756 90 3492 723 90 3493 755 90 3494 755 90 3495 723 90 3496 722 90 3497 755 90 3498 722 90 3499 754 90 3500 754 90 3501 722 90 3502 721 90 3503 754 90 3504 721 90 3505 753 90 3506 753 90 3507 721 90 3508 720 90 3509 753 1150 3510 720 1150 3511 752 1150 3512 752 1151 3513 720 1151 3514 719 1151 3515 752 90 3516 719 90 3517 751 90 3518 751 90 3519 719 90 3520 718 90 3521 751 90 3522 718 90 3523 750 90 3524 751 1141 3525 750 1141 3526 780 1141 3527 780 90 3528 750 90 3529 749 90 3530 780 1152 3531 749 1152 3532 779 1152 3533 779 90 3534 749 90 3535 748 90 3536 779 1153 3537 748 1153 3538 778 1153 3539 778 90 3540 748 90 3541 747 90 3542 778 1154 3543 747 1154 3544 777 1154 3545 777 1155 3546 747 1155 3547 746 1155 3548 777 90 3549 746 90 3550 776 90 3551 776 90 3552 746 90 3553 745 90 3554 776 90 3555 745 90 3556 775 90 3557 775 1156 3558 745 1156 3559 744 1156 3560 775 90 3561 744 90 3562 774 90 3563 774 90 3564 744 90 3565 743 90 3566 774 90 3567 743 90 3568 742 90 3569 774 90 3570 742 90 3571 773 90 3572 773 90 3573 742 90 3574 741 90 3575 773 90 3576 741 90 3577 772 90 3578 772 1157 3579 741 1157 3580 740 1157 3581 772 90 3582 740 90 3583 771 90 3584 771 90 3585 740 90 3586 739 90 3587 771 90 3588 739 90 3589 770 90 3590 770 1158 3591 739 1158 3592 738 1158 3593 770 1159 3594 738 1159 3595 769 1159 3596 769 90 3597 738 90 3598 737 90 3599 769 90 3600 737 90 3601 768 90 3602 768 90 3603 737 90 3604 736 90 3605 768 1160 3606 736 1160 3607 767 1160 3608 767 90 3609 736 90 3610 735 90 3611 767 90 3612 735 90 3613 766 90 3614 782 1161 3615 716 1162 3616 781 1163 3617 784 1164 3618 716 1165 3619 783 1166 3620 786 1167 3621 716 1168 3622 785 1169 3623 788 1170 3624 716 1171 3625 787 1172 3626 790 1173 3627 716 1174 3628 789 1175 3629 704 1176 3630 716 1177 3631 790 1178 3632 789 1179 3633 716 1180 3634 788 1181 3635 787 1182 3636 716 1183 3637 786 1184 3638 785 1185 3639 716 1186 3640 784 1187 3641 783 1188 3642 716 1189 3643 782 1190 3644 716 1191 3645 715 1192 3646 781 1193 3647 715 1194 3648 791 1195 3649 781 1196 3650 781 1196 3651 791 1195 3652 792 1197 3653 781 1196 3654 792 1197 3655 782 1198 3656 782 1198 3657 792 1197 3658 793 1199 3659 782 1198 3660 793 1199 3661 783 1200 3662 783 1200 3663 793 1199 3664 794 1201 3665 783 1200 3666 794 1201 3667 784 1202 3668 784 1202 3669 794 1201 3670 795 1203 3671 784 1202 3672 795 1203 3673 785 1204 3674 785 1204 3675 795 1203 3676 796 1205 3677 785 1204 3678 796 1205 3679 786 1206 3680 786 1206 3681 796 1205 3682 797 1207 3683 786 1206 3684 797 1207 3685 787 1208 3686 787 1208 3687 797 1207 3688 798 1209 3689 787 1208 3690 798 1209 3691 788 1210 3692 788 1210 3693 798 1209 3694 799 1211 3695 788 1210 3696 799 1211 3697 789 1212 3698 789 1212 3699 799 1211 3700 800 1213 3701 789 1212 3702 800 1213 3703 790 1214 3704 790 1214 3705 800 1213 3706 801 1215 3707 790 1214 3708 801 1215 3709 704 1216 3710 704 1216 3711 801 1215 3712 802 1217 3713 804 1218 3714 703 1219 3715 803 1220 3716 806 1221 3717 703 1222 3718 805 1223 3719 808 1224 3720 703 1225 3721 807 1226 3722 810 1227 3723 703 1228 3724 809 1229 3725 812 1230 3726 703 1231 3727 811 1232 3728 691 1233 3729 703 1234 3730 812 1235 3731 811 1236 3732 703 1237 3733 810 1238 3734 809 1239 3735 703 1240 3736 808 1241 3737 807 1242 3738 703 1243 3739 806 1244 3740 805 1245 3741 703 1246 3742 804 1247 3743 703 1248 3744 702 1249 3745 803 1250 3746 702 1251 3747 813 1252 3748 803 1253 3749 803 1253 3750 813 1252 3751 814 1254 3752 803 1253 3753 814 1254 3754 804 1255 3755 804 1255 3756 814 1254 3757 815 1256 3758 804 1255 3759 815 1256 3760 805 1257 3761 805 1257 3762 815 1256 3763 816 1258 3764 805 1257 3765 816 1258 3766 806 1259 3767 806 1259 3768 816 1258 3769 817 1260 3770 806 1259 3771 817 1260 3772 807 1261 3773 807 1261 3774 817 1260 3775 818 1262 3776 807 1261 3777 818 1262 3778 808 1263 3779 808 1263 3780 818 1262 3781 819 1264 3782 808 1263 3783 819 1264 3784 809 1265 3785 809 1265 3786 819 1264 3787 820 1266 3788 809 1265 3789 820 1266 3790 810 1267 3791 810 1267 3792 820 1266 3793 821 1268 3794 810 1267 3795 821 1268 3796 811 1269 3797 811 1269 3798 821 1268 3799 822 1270 3800 811 1269 3801 822 1270 3802 812 1271 3803 812 1271 3804 822 1270 3805 823 1272 3806 812 1271 3807 823 1272 3808 691 1273 3809 691 1273 3810 823 1272 3811 824 1274 3812 826 1275 3813 690 1276 3814 825 1277 3815 828 1278 3816 690 1279 3817 827 1280 3818 830 1281 3819 690 1282 3820 829 1283 3821 832 1284 3822 690 1285 3823 831 1286 3824 834 1287 3825 690 1288 3826 833 1289 3827 678 1290 3828 690 1291 3829 834 1292 3830 833 1293 3831 690 1294 3832 832 1295 3833 831 1296 3834 690 1297 3835 830 1298 3836 829 1299 3837 690 1300 3838 828 1301 3839 827 1302 3840 690 1303 3841 826 1304 3842 690 1305 3843 689 1306 3844 825 1307 3845 689 1308 3846 835 1309 3847 825 1310 3848 825 1310 3849 835 1309 3850 836 1311 3851 825 1310 3852 836 1311 3853 826 1312 3854 826 1312 3855 836 1311 3856 837 1313 3857 826 1312 3858 837 1313 3859 827 1314 3860 827 1314 3861 837 1313 3862 838 1315 3863 827 1314 3864 838 1315 3865 828 1316 3866 828 1316 3867 838 1315 3868 839 1317 3869 828 1316 3870 839 1317 3871 829 1318 3872 829 1318 3873 839 1317 3874 840 1319 3875 829 1318 3876 840 1319 3877 830 1320 3878 830 1320 3879 840 1319 3880 841 1321 3881 830 1320 3882 841 1321 3883 831 1322 3884 831 1322 3885 841 1321 3886 842 1323 3887 831 1322 3888 842 1323 3889 832 1324 3890 832 1324 3891 842 1323 3892 843 1325 3893 832 1324 3894 843 1325 3895 833 1326 3896 833 1326 3897 843 1325 3898 844 1327 3899 833 1326 3900 844 1327 3901 834 1328 3902 834 1328 3903 844 1327 3904 845 1329 3905 834 1328 3906 845 1329 3907 678 1330 3908 678 1330 3909 845 1329 3910 846 1331 3911 848 1332 3912 677 1333 3913 847 1334 3914 850 1335 3915 677 1336 3916 849 1337 3917 852 1338 3918 677 1339 3919 851 1340 3920 854 1341 3921 677 1342 3922 853 1343 3923 856 1344 3924 677 1345 3925 855 1346 3926 665 1347 3927 677 1348 3928 856 1349 3929 855 1350 3930 677 1351 3931 854 1352 3932 853 1353 3933 677 1354 3934 852 1355 3935 851 1356 3936 677 1357 3937 850 1358 3938 849 1359 3939 677 1360 3940 848 1361 3941 677 1362 3942 676 1363 3943 847 1364 3944 676 1365 3945 857 1366 3946 847 1367 3947 847 1367 3948 857 1366 3949 858 1368 3950 847 1367 3951 858 1368 3952 848 1369 3953 848 1369 3954 858 1368 3955 859 1370 3956 848 1369 3957 859 1370 3958 849 1371 3959 849 1371 3960 859 1370 3961 860 1372 3962 849 1371 3963 860 1372 3964 850 1373 3965 850 1373 3966 860 1372 3967 861 1203 3968 850 1373 3969 861 1203 3970 851 1374 3971 851 1374 3972 861 1203 3973 862 1375 3974 851 1374 3975 862 1375 3976 852 1376 3977 852 1376 3978 862 1375 3979 863 1377 3980 852 1376 3981 863 1377 3982 853 1378 3983 853 1378 3984 863 1377 3985 864 1379 3986 853 1378 3987 864 1379 3988 854 1380 3989 854 1380 3990 864 1379 3991 865 1381 3992 854 1380 3993 865 1381 3994 855 1382 3995 855 1382 3996 865 1381 3997 866 1383 3998 855 1382 3999 866 1383 4000 856 1384 4001 856 1384 4002 866 1383 4003 867 1385 4004 856 1384 4005 867 1385 4006 665 1386 4007 665 1386 4008 867 1385 4009 868 1387 4010 870 1388 4011 664 1389 4012 869 1390 4013 872 1391 4014 664 1392 4015 871 1393 4016 874 1394 4017 664 1395 4018 873 1283 4019 876 1396 4020 664 1397 4021 875 1398 4022 878 1399 4023 664 1400 4024 877 1401 4025 652 1402 4026 664 1403 4027 878 1404 4028 877 1405 4029 664 1406 4030 876 1407 4031 875 1408 4032 664 1409 4033 874 1410 4034 873 1411 4035 664 1412 4036 872 1413 4037 871 1414 4038 664 1415 4039 870 1416 4040 664 1417 4041 663 1418 4042 869 1419 4043 663 1420 4044 879 1421 4045 869 1422 4046 869 1422 4047 879 1421 4048 880 1423 4049 869 1422 4050 880 1423 4051 870 1424 4052 870 1424 4053 880 1423 4054 881 1198 4055 870 1424 4056 881 1198 4057 871 1425 4058 871 1425 4059 881 1198 4060 882 1426 4061 871 1425 4062 882 1426 4063 872 1427 4064 872 1427 4065 882 1426 4066 883 1317 4067 872 1427 4068 883 1317 4069 873 1428 4070 873 1428 4071 883 1317 4072 884 1319 4073 873 1428 4074 884 1319 4075 874 1320 4076 874 1320 4077 884 1319 4078 885 1429 4079 874 1320 4080 885 1429 4081 875 1322 4082 875 1322 4083 885 1429 4084 886 1430 4085 875 1322 4086 886 1430 4087 876 1431 4088 876 1431 4089 886 1430 4090 887 1432 4091 876 1431 4092 887 1432 4093 877 1433 4094 877 1433 4095 887 1432 4096 888 1434 4097 877 1433 4098 888 1434 4099 878 1435 4100 878 1435 4101 888 1434 4102 889 1436 4103 878 1435 4104 889 1436 4105 652 1437 4106 652 1437 4107 889 1436 4108 890 1438 4109 892 1439 4110 651 1440 4111 891 1441 4112 894 1442 4113 651 1443 4114 893 1444 4115 896 1445 4116 651 1446 4117 895 1447 4118 898 1448 4119 651 1449 4120 897 1450 4121 900 1451 4122 651 1452 4123 899 1453 4124 639 1454 4125 651 1455 4126 900 1456 4127 899 1457 4128 651 1458 4129 898 1459 4130 897 1460 4131 651 1461 4132 896 1462 4133 895 1463 4134 651 1464 4135 894 1465 4136 893 1466 4137 651 1467 4138 892 1468 4139 651 1469 4140 650 1470 4141 891 1471 4142 650 1251 4143 901 1252 4144 891 1472 4145 891 1472 4146 901 1252 4147 902 1473 4148 891 1472 4149 902 1473 4150 892 1474 4151 892 1474 4152 902 1473 4153 903 1312 4154 892 1474 4155 903 1312 4156 893 1475 4157 893 1475 4158 903 1312 4159 904 1476 4160 893 1475 4161 904 1476 4162 894 1477 4163 894 1477 4164 904 1476 4165 905 1478 4166 894 1477 4167 905 1478 4168 895 1479 4169 895 1479 4170 905 1478 4171 906 1480 4172 895 1479 4173 906 1480 4174 896 1481 4175 896 1481 4176 906 1480 4177 907 1482 4178 896 1481 4179 907 1482 4180 897 1483 4181 897 1483 4182 907 1482 4183 908 1484 4184 897 1483 4185 908 1484 4186 898 1485 4187 898 1485 4188 908 1484 4189 909 1486 4190 898 1485 4191 909 1486 4192 899 1487 4193 899 1487 4194 909 1486 4195 910 1488 4196 899 1487 4197 910 1488 4198 900 1489 4199 900 1489 4200 910 1488 4201 911 1490 4202 900 1489 4203 911 1490 4204 639 1273 4205 639 1273 4206 911 1490 4207 912 1274 4208 914 1491 4209 638 1492 4210 913 1493 4211 916 1494 4212 638 1495 4213 915 1496 4214 918 1497 4215 638 1498 4216 917 1169 4217 920 1499 4218 638 1500 4219 919 1501 4220 922 1502 4221 638 1503 4222 921 1504 4223 626 1505 4224 638 1506 4225 922 1507 4226 921 1508 4227 638 1509 4228 920 1510 4229 919 1511 4230 638 1512 4231 918 1513 4232 917 1514 4233 638 1515 4234 916 1516 4235 915 1517 4236 638 1518 4237 914 1519 4238 638 1520 4239 637 1521 4240 913 1522 4241 637 1523 4242 923 1524 4243 913 1525 4244 913 1525 4245 923 1524 4246 924 1526 4247 913 1525 4248 924 1526 4249 914 1527 4250 914 1527 4251 924 1526 4252 925 1528 4253 914 1527 4254 925 1528 4255 915 1529 4256 915 1529 4257 925 1528 4258 926 1530 4259 915 1529 4260 926 1530 4261 916 1531 4262 916 1531 4263 926 1530 4264 927 1532 4265 916 1531 4266 927 1532 4267 917 1533 4268 917 1533 4269 927 1532 4270 928 1205 4271 917 1533 4272 928 1205 4273 918 1206 4274 918 1206 4275 928 1205 4276 929 1534 4277 918 1206 4278 929 1534 4279 919 1535 4280 919 1535 4281 929 1534 4282 930 1536 4283 919 1535 4284 930 1536 4285 920 1537 4286 920 1537 4287 930 1536 4288 931 1538 4289 920 1537 4290 931 1538 4291 921 1539 4292 921 1539 4293 931 1538 4294 932 1540 4295 921 1539 4296 932 1540 4297 922 1541 4298 922 1541 4299 932 1540 4300 933 1542 4301 922 1541 4302 933 1542 4303 626 1543 4304 626 1543 4305 933 1542 4306 934 1544 4307 936 1545 4308 625 1546 4309 935 1547 4310 938 1548 4311 625 1549 4312 937 1550 4313 940 1551 4314 625 1552 4315 939 1553 4316 942 1554 4317 625 1555 4318 941 1556 4319 944 1557 4320 625 1558 4321 943 1559 4322 613 1560 4323 625 1561 4324 944 1562 4325 943 1563 4326 625 1564 4327 942 1565 4328 941 1566 4329 625 1567 4330 940 1568 4331 939 1569 4332 625 1570 4333 938 1571 4334 937 1572 4335 625 1573 4336 936 1574 4337 625 1575 4338 624 1576 4339 935 1577 4340 624 1578 4341 945 1579 4342 935 1580 4343 935 1580 4344 945 1579 4345 946 1581 4346 935 1580 4347 946 1581 4348 936 1582 4349 936 1582 4350 946 1581 4351 947 1583 4352 936 1582 4353 947 1583 4354 937 1584 4355 937 1584 4356 947 1583 4357 948 1585 4358 937 1584 4359 948 1585 4360 938 1477 4361 938 1477 4362 948 1585 4363 949 1478 4364 938 1477 4365 949 1478 4366 939 1479 4367 939 1479 4368 949 1478 4369 950 1480 4370 939 1479 4371 950 1480 4372 940 1481 4373 940 1481 4374 950 1480 4375 951 1482 4376 940 1481 4377 951 1482 4378 941 1483 4379 941 1483 4380 951 1482 4381 952 1484 4382 941 1483 4383 952 1484 4384 942 1586 4385 942 1586 4386 952 1484 4387 953 1587 4388 942 1586 4389 953 1587 4390 943 1588 4391 943 1588 4392 953 1587 4393 954 71 4394 943 1588 4395 954 71 4396 944 1589 4397 944 1589 4398 954 71 4399 955 1590 4400 944 1589 4401 955 1590 4402 613 1591 4403 613 1591 4404 955 1590 4405 956 1592 4406 958 1593 4407 612 1594 4408 957 1595 4409 960 1596 4410 612 1597 4411 959 1598 4412 962 1599 4413 612 1600 4414 961 1601 4415 964 1602 4416 612 1603 4417 963 1604 4418 966 1605 4419 612 1606 4420 965 1607 4421 600 1608 4422 612 1609 4423 966 1610 4424 965 1611 4425 612 1612 4426 964 1613 4427 963 1614 4428 612 1615 4429 962 1616 4430 961 1617 4431 612 1618 4432 960 1619 4433 959 1620 4434 612 1621 4435 958 1622 4436 612 1623 4437 611 1624 4438 957 1625 4439 611 1626 4440 967 1627 4441 957 1628 4442 957 1628 4443 967 1627 4444 968 1629 4445 957 1628 4446 968 1629 4447 958 1630 4448 958 1630 4449 968 1629 4450 969 1631 4451 958 1630 4452 969 1631 4453 959 1632 4454 959 1632 4455 969 1631 4456 970 1633 4457 959 1632 4458 970 1633 4459 960 1634 4460 960 1634 4461 970 1633 4462 971 1635 4463 960 1634 4464 971 1635 4465 961 1428 4466 961 1428 4467 971 1635 4468 972 1319 4469 961 1428 4470 972 1319 4471 962 1320 4472 962 1320 4473 972 1319 4474 973 1429 4475 962 1320 4476 973 1429 4477 963 1636 4478 963 1636 4479 973 1429 4480 974 1637 4481 963 1636 4482 974 1637 4483 964 1638 4484 964 1638 4485 974 1637 4486 975 1639 4487 964 1638 4488 975 1639 4489 965 1640 4490 965 1640 4491 975 1639 4492 976 1641 4493 965 1640 4494 976 1641 4495 966 1642 4496 966 1642 4497 976 1641 4498 977 1271 4499 966 1642 4500 977 1271 4501 600 1643 4502 600 1643 4503 977 1271 4504 978 1644 4505 980 1645 4506 599 1646 4507 979 1647 4508 982 1335 4509 599 1336 4510 981 1337 4511 984 1648 4512 599 1649 4513 983 1650 4514 986 1341 4515 599 1342 4516 985 1343 4517 988 1651 4518 599 1652 4519 987 1653 4520 587 1654 4521 599 1655 4522 988 1656 4523 987 1657 4524 599 1658 4525 986 1659 4526 985 1660 4527 599 1661 4528 984 1662 4529 983 1663 4530 599 1357 4531 982 1664 4532 981 1665 4533 599 1666 4534 980 1667 4535 599 1668 4536 598 1669 4537 979 1670 4538 598 1671 4539 989 1672 4540 979 1673 4541 979 1673 4542 989 1672 4543 990 1674 4544 979 1673 4545 990 1674 4546 980 1675 4547 980 1675 4548 990 1674 4549 991 1676 4550 980 1675 4551 991 1676 4552 981 1371 4553 981 1371 4554 991 1676 4555 992 1372 4556 981 1371 4557 992 1372 4558 982 1677 4559 982 1677 4560 992 1372 4561 993 1678 4562 982 1677 4563 993 1678 4564 983 1679 4565 983 1679 4566 993 1678 4567 994 1680 4568 983 1679 4569 994 1680 4570 984 1681 4571 984 1681 4572 994 1680 4573 995 1682 4574 984 1681 4575 995 1682 4576 985 1683 4577 985 1683 4578 995 1682 4579 996 1684 4580 985 1683 4581 996 1684 4582 986 1380 4583 986 1380 4584 996 1684 4585 997 1381 4586 986 1380 4587 997 1381 4588 987 1685 4589 987 1685 4590 997 1381 4591 998 1686 4592 987 1685 4593 998 1686 4594 988 1687 4595 988 1687 4596 998 1686 4597 999 1688 4598 988 1687 4599 999 1688 4600 587 1689 4601 587 1689 4602 999 1688 4603 1000 1690 4604 1002 1691 4605 586 1692 4606 1001 1693 4607 1004 1694 4608 586 1695 4609 1003 1696 4610 1006 1599 4611 586 1697 4612 1005 1601 4613 1008 1698 4614 586 1699 4615 1007 1700 4616 1010 1701 4617 586 1702 4618 1009 1703 4619 574 1704 4620 586 1705 4621 1010 1706 4622 1009 1707 4623 586 1708 4624 1008 1709 4625 1007 1710 4626 586 1711 4627 1006 1712 4628 1005 1713 4629 586 1714 4630 1004 1715 4631 1003 1716 4632 586 1717 4633 1002 1718 4634 586 1719 4635 585 1720 4636 1001 1721 4637 585 1722 4638 1011 1723 4639 1001 1724 4640 1001 1724 4641 1011 1723 4642 1012 1725 4643 1001 1724 4644 1012 1725 4645 1002 1726 4646 1002 1726 4647 1012 1725 4648 1013 1727 4649 1002 1726 4650 1013 1727 4651 1003 1728 4652 1003 1728 4653 1013 1727 4654 1014 1729 4655 1003 1728 4656 1014 1729 4657 1004 1730 4658 1004 1730 4659 1014 1729 4660 1015 1731 4661 1004 1730 4662 1015 1731 4663 1005 1318 4664 1005 1318 4665 1015 1731 4666 1016 1319 4667 1005 1318 4668 1016 1319 4669 1006 1320 4670 1006 1320 4671 1016 1319 4672 1017 1321 4673 1006 1320 4674 1017 1321 4675 1007 1732 4676 1007 1732 4677 1017 1321 4678 1018 1733 4679 1007 1732 4680 1018 1733 4681 1008 1734 4682 1008 1734 4683 1018 1733 4684 1019 1735 4685 1008 1734 4686 1019 1735 4687 1009 1736 4688 1009 1736 4689 1019 1735 4690 1020 1737 4691 1009 1736 4692 1020 1737 4693 1010 1738 4694 1010 1738 4695 1020 1737 4696 1021 1739 4697 1010 1738 4698 1021 1739 4699 574 1740 4700 574 1740 4701 1021 1739 4702 1022 1741 4703 1024 1742 4704 573 1743 4705 1023 1744 4706 1026 1745 4707 573 1746 4708 1025 1747 4709 1028 1748 4710 573 1749 4711 1027 1553 4712 1030 1750 4713 573 1751 4714 1029 1752 4715 1032 1753 4716 573 1754 4717 1031 1755 4718 561 1756 4719 573 1757 4720 1032 1758 4721 1031 1759 4722 573 1760 4723 1030 1761 4724 1029 1762 4725 573 1763 4726 1028 1764 4727 1027 1765 4728 573 1766 4729 1026 1767 4730 1025 1768 4731 573 1769 4732 1024 1770 4733 573 1771 4734 572 1772 4735 1023 1773 4736 572 1578 4737 1033 1579 4738 1023 1774 4739 1023 1774 4740 1033 1579 4741 1034 1775 4742 1023 1774 4743 1034 1775 4744 1024 1776 4745 1024 1776 4746 1034 1775 4747 1035 1777 4748 1024 1776 4749 1035 1777 4750 1025 1778 4751 1025 1778 4752 1035 1777 4753 1036 1779 4754 1025 1778 4755 1036 1779 4756 1026 1259 4757 1026 1259 4758 1036 1779 4759 1037 1260 4760 1026 1259 4761 1037 1260 4762 1027 1261 4763 1027 1261 4764 1037 1260 4765 1038 1262 4766 1027 1261 4767 1038 1262 4768 1028 1263 4769 1028 1263 4770 1038 1262 4771 1039 1264 4772 1028 1263 4773 1039 1264 4774 1029 1265 4775 1029 1265 4776 1039 1264 4777 1040 1266 4778 1029 1265 4779 1040 1266 4780 1030 1780 4781 1030 1780 4782 1040 1266 4783 1041 1781 4784 1030 1780 4785 1041 1781 4786 1031 1782 4787 1031 1782 4788 1041 1781 4789 1042 1783 4790 1031 1782 4791 1042 1783 4792 1032 1784 4793 1032 1784 4794 1042 1783 4795 1043 1785 4796 1032 1784 4797 1043 1785 4798 561 1591 4799 561 1591 4800 1043 1785 4801 1044 1592 4802 549 637 4803 403 636 4804 1054 1786 4805 1054 1786 4806 403 636 4807 424 1785 4808 1054 1786 4809 424 1785 4810 1053 1787 4811 1053 1787 4812 424 1785 4813 423 1788 4814 1053 1787 4815 423 1788 4816 1052 1789 4817 1052 1789 4818 423 1788 4819 422 1790 4820 1052 1789 4821 422 1790 4822 1051 1791 4823 1051 1791 4824 422 1790 4825 421 1792 4826 1051 1791 4827 421 1792 4828 1050 1793 4829 1050 1793 4830 421 1792 4831 420 1794 4832 1050 1793 4833 420 1794 4834 1049 1795 4835 1049 1795 4836 420 1794 4837 419 1796 4838 1049 1795 4839 419 1796 4840 1048 1677 4841 1048 1677 4842 419 1796 4843 418 1797 4844 1048 1677 4845 418 1797 4846 1047 1798 4847 1047 1798 4848 418 1797 4849 417 1799 4850 1047 1798 4851 417 1799 4852 1046 1800 4853 1046 1800 4854 417 1799 4855 416 1801 4856 1046 1800 4857 416 1801 4858 1045 1802 4859 1045 1802 4860 416 1801 4861 415 1803 4862 1045 1802 4863 415 1803 4864 560 659 4865 560 659 4866 415 1803 4867 414 658 4868 1056 1804 4869 559 1804 4870 1055 1804 4871 1055 1805 4872 559 1805 4873 558 1805 4874 1055 1806 4875 558 1806 4876 557 1806 4877 559 1807 4878 1056 1807 4879 560 1807 4880 560 1807 4881 1056 1807 4882 1057 1807 4883 560 1808 4884 1057 1808 4885 1045 1808 4886 1045 1807 4887 1057 1807 4888 1046 1807 4889 1046 1807 4890 1057 1807 4891 1047 1807 4892 1047 1809 4893 1057 1809 4894 1048 1809 4895 1048 1810 4896 1057 1810 4897 1058 1810 4898 1048 1807 4899 1058 1807 4900 1049 1807 4901 1049 1807 4902 1058 1807 4903 1050 1807 4904 1050 1807 4905 1058 1807 4906 1051 1807 4907 1051 1811 4908 1058 1811 4909 1059 1811 4910 1051 1807 4911 1059 1807 4912 1052 1807 4913 1052 1807 4914 1059 1807 4915 1053 1807 4916 1053 1812 4917 1059 1812 4918 1054 1812 4919 1054 1813 4920 1059 1813 4921 549 1813 4922 549 1807 4923 1059 1807 4924 1060 1807 4925 549 1807 4926 1060 1807 4927 550 1807 4928 550 1807 4929 1060 1807 4930 1061 1807 4931 550 1807 4932 1061 1807 4933 551 1807 4934 551 1807 4935 1061 1807 4936 552 1807 4937 552 1814 4938 1061 1814 4939 553 1814 4940 553 1807 4941 1061 1807 4942 554 1807 4943 554 1807 4944 1061 1807 4945 1062 1807 4946 554 1815 4947 1062 1815 4948 1063 1815 4949 1063 1807 4950 1064 1807 4951 554 1807 4952 554 1807 4953 1064 1807 4954 555 1807 4955 555 1816 4956 1064 1816 4957 1065 1816 4958 555 1807 4959 1065 1807 4960 1055 1807 4961 557 1817 4962 556 1817 4963 1055 1817 4964 1055 1818 4965 556 1818 4966 555 1818 4967 1061 1819 4968 1066 1820 4969 1062 1821 4970 1062 1822 4971 1066 1823 4972 1067 1824 4973 1062 1822 4974 1067 1824 4975 1068 1825 4976 1068 1825 4977 1069 1826 4978 1062 1822 4979 1062 1822 4980 1069 1826 4981 1063 1827 4982 1063 1827 4983 1069 1826 4984 1070 1828 4985 1063 1827 4986 1070 1828 4987 1071 1829 4988 1071 1829 4989 1072 1830 4990 1063 1827 4991 1063 1827 4992 1072 1830 4993 1064 1831 4994 1064 1831 4995 1072 1830 4996 1073 1832 4997 1064 1831 4998 1073 1832 4999 1074 1833 5000 1074 1833 5001 1075 1834 5002 1064 1831 5003 1064 1831 5004 1075 1834 5005 1065 1835 5006 1065 1835 5007 1075 1834 5008 1076 1836 5009 1065 1835 5010 1076 1836 5011 1077 1837 5012 1077 1837 5013 1078 1838 5014 1065 1835 5015 1065 1835 5016 1078 1838 5017 1055 1839 5018 1078 1840 5019 1079 1840 5020 1055 1840 5021 1055 1841 5022 1079 1841 5023 1080 1841 5024 1055 1842 5025 1080 1842 5026 1081 1842 5027 1081 1843 5028 1056 1843 5029 1055 1843 5030 1060 1844 5031 1082 1844 5032 1061 1844 5033 1061 1845 5034 1082 1845 5035 1083 1845 5036 1061 1846 5037 1083 1846 5038 1084 1846 5039 1084 1847 5040 1066 1847 5041 1061 1847 5042 537 623 5043 381 622 5044 1094 1848 5045 1094 1848 5046 381 622 5047 402 1849 5048 1094 1848 5049 402 1849 5050 1093 1212 5051 1093 1212 5052 402 1849 5053 401 1850 5054 1093 1212 5055 401 1850 5056 1092 1851 5057 1092 1851 5058 401 1850 5059 400 1852 5060 1092 1851 5061 400 1852 5062 1091 1853 5063 1091 1853 5064 400 1852 5065 399 1854 5066 1091 1853 5067 399 1854 5068 1090 1855 5069 1090 1855 5070 399 1854 5071 398 1856 5072 1090 1855 5073 398 1856 5074 1089 1857 5075 1089 1857 5076 398 1856 5077 397 1858 5078 1089 1857 5079 397 1858 5080 1088 1859 5081 1088 1859 5082 397 1858 5083 396 1860 5084 1088 1859 5085 396 1860 5086 1087 1861 5087 1087 1861 5088 396 1860 5089 395 1862 5090 1087 1861 5091 395 1862 5092 1086 1863 5093 1086 1863 5094 395 1862 5095 394 1864 5096 1086 1863 5097 394 1864 5098 1085 1865 5099 1085 1865 5100 394 1864 5101 393 1866 5102 1085 1865 5103 393 1866 5104 548 635 5105 548 635 5106 393 1866 5107 392 634 5108 525 600 5109 359 599 5110 1104 1867 5111 1104 1867 5112 359 599 5113 380 1868 5114 1104 1867 5115 380 1868 5116 1103 1869 5117 1103 1869 5118 380 1868 5119 379 1870 5120 1103 1869 5121 379 1870 5122 1102 1871 5123 1102 1871 5124 379 1870 5125 378 1852 5126 1102 1871 5127 378 1852 5128 1101 1853 5129 1101 1853 5130 378 1852 5131 377 1854 5132 1101 1853 5133 377 1854 5134 1100 1855 5135 1100 1855 5136 377 1854 5137 376 1856 5138 1100 1855 5139 376 1856 5140 1099 1857 5141 1099 1857 5142 376 1856 5143 375 1858 5144 1099 1857 5145 375 1858 5146 1098 1859 5147 1098 1859 5148 375 1858 5149 374 1860 5150 1098 1859 5151 374 1860 5152 1097 1861 5153 1097 1861 5154 374 1860 5155 373 1872 5156 1097 1861 5157 373 1872 5158 1096 1873 5159 1096 1873 5160 373 1872 5161 372 1874 5162 1096 1873 5163 372 1874 5164 1095 1875 5165 1095 1875 5166 372 1874 5167 371 1876 5168 1095 1875 5169 371 1876 5170 536 621 5171 536 621 5172 371 1876 5173 370 620 5174 513 576 5175 337 575 5176 1114 1877 5177 1114 1877 5178 337 575 5179 358 1878 5180 1114 1877 5181 358 1878 5182 1113 1879 5183 1113 1879 5184 358 1878 5185 357 1879 5186 1113 1879 5187 357 1879 5188 1112 1880 5189 1112 1880 5190 357 1879 5191 356 1881 5192 1112 1880 5193 356 1881 5194 1111 1882 5195 1111 1882 5196 356 1881 5197 355 1883 5198 1111 1882 5199 355 1883 5200 1110 1884 5201 1110 1884 5202 355 1883 5203 354 1885 5204 1110 1884 5205 354 1885 5206 1109 1886 5207 1109 1886 5208 354 1885 5209 353 1887 5210 1109 1886 5211 353 1887 5212 1108 1888 5213 1108 1888 5214 353 1887 5215 352 1889 5216 1108 1888 5217 352 1889 5218 1107 1890 5219 1107 1890 5220 352 1889 5221 351 1891 5222 1107 1890 5223 351 1891 5224 1106 1892 5225 1106 1892 5226 351 1891 5227 350 1892 5228 1106 1892 5229 350 1892 5230 1105 1893 5231 1105 1893 5232 350 1892 5233 349 1894 5234 1105 1893 5235 349 1894 5236 524 598 5237 524 598 5238 349 1894 5239 348 597 5240 1116 1895 5241 1088 1895 5242 1115 1895 5243 1115 1807 5244 1088 1807 5245 1087 1807 5246 1115 1896 5247 1087 1896 5248 1086 1896 5249 1117 1807 5250 1092 1807 5251 1116 1807 5252 1116 1897 5253 1092 1897 5254 1091 1897 5255 1116 1898 5256 1091 1898 5257 1090 1898 5258 1092 1807 5259 1117 1807 5260 1093 1807 5261 1093 1899 5262 1117 1899 5263 1118 1899 5264 1093 1900 5265 1118 1900 5266 1094 1900 5267 1094 1901 5268 1118 1901 5269 1119 1901 5270 1094 1807 5271 1119 1807 5272 537 1807 5273 537 1807 5274 1119 1807 5275 538 1807 5276 538 1807 5277 1119 1807 5278 1120 1807 5279 538 1900 5280 1120 1900 5281 539 1900 5282 539 1902 5283 1120 1902 5284 1121 1902 5285 539 1903 5286 1121 1903 5287 540 1903 5288 540 1904 5289 1121 1904 5290 1122 1904 5291 540 1807 5292 1122 1807 5293 541 1807 5294 541 1905 5295 1122 1905 5296 542 1905 5297 542 1807 5298 1122 1807 5299 543 1807 5300 543 1807 5301 1122 1807 5302 544 1807 5303 544 1807 5304 1122 1807 5305 1123 1807 5306 544 1807 5307 1123 1807 5308 545 1807 5309 545 1906 5310 1123 1906 5311 546 1906 5312 546 1907 5313 1123 1907 5314 547 1907 5315 547 1807 5316 1123 1807 5317 548 1807 5318 548 1807 5319 1123 1807 5320 1115 1807 5321 548 1807 5322 1115 1807 5323 1085 1807 5324 1085 1807 5325 1115 1807 5326 1086 1807 5327 1115 1908 5328 1123 1908 5329 1127 1908 5330 1127 1807 5331 1123 1807 5332 1124 1807 5333 1127 1807 5334 1124 1807 5335 1126 1807 5336 1126 1909 5337 1124 1909 5338 1125 1909 5339 1090 1807 5340 1089 1807 5341 1116 1807 5342 1116 1910 5343 1089 1910 5344 1088 1910 5345 1123 1911 5346 1128 1912 5347 1124 1913 5348 1124 1914 5349 1128 1915 5350 1129 1916 5351 1124 1914 5352 1129 1916 5353 1130 1917 5354 1130 1917 5355 1131 1918 5356 1124 1914 5357 1124 1914 5358 1131 1918 5359 1125 1919 5360 1125 1919 5361 1131 1918 5362 1132 1920 5363 1125 1919 5364 1132 1920 5365 1133 1921 5366 1133 1921 5367 1134 1922 5368 1125 1919 5369 1125 1919 5370 1134 1922 5371 1126 1923 5372 1126 1923 5373 1134 1922 5374 1135 1924 5375 1126 1923 5376 1135 1924 5377 1136 1925 5378 1136 1925 5379 1137 1926 5380 1126 1923 5381 1126 1923 5382 1137 1926 5383 1138 1927 5384 1126 1923 5385 1138 1927 5386 1127 1928 5387 1127 1928 5388 1138 1927 5389 1139 1929 5390 1127 1928 5391 1139 1929 5392 1140 1930 5393 1140 1930 5394 1115 1931 5395 1127 1928 5396 1140 1932 5397 1141 1932 5398 1115 1932 5399 1115 1933 5400 1141 1933 5401 1142 1933 5402 1115 1934 5403 1142 1934 5404 1143 1934 5405 1143 1935 5406 1116 1935 5407 1115 1935 5408 1122 1936 5409 1144 1936 5410 1123 1936 5411 1123 1937 5412 1144 1937 5413 1145 1937 5414 1123 1938 5415 1145 1938 5416 1146 1938 5417 1146 1939 5418 1128 1939 5419 1123 1939 5420 1148 1940 5421 1114 1940 5422 1147 1940 5423 1147 1941 5424 1114 1941 5425 1113 1941 5426 1147 1942 5427 1113 1942 5428 1112 1942 5429 1114 1807 5430 1148 1807 5431 513 1807 5432 513 1807 5433 1148 1807 5434 1149 1807 5435 513 1813 5436 1149 1813 5437 514 1813 5438 514 1807 5439 1149 1807 5440 515 1807 5441 515 1807 5442 1149 1807 5443 516 1807 5444 516 1943 5445 1149 1943 5446 517 1943 5447 517 1811 5448 1149 1811 5449 1150 1811 5450 517 1807 5451 1150 1807 5452 518 1807 5453 518 1807 5454 1150 1807 5455 519 1807 5456 519 1807 5457 1150 1807 5458 520 1807 5459 520 1810 5460 1150 1810 5461 1151 1810 5462 520 1807 5463 1151 1807 5464 521 1807 5465 521 1807 5466 1151 1807 5467 522 1807 5468 522 1944 5469 1151 1944 5470 523 1944 5471 523 1808 5472 1151 1808 5473 524 1808 5474 524 1807 5475 1151 1807 5476 1152 1807 5477 524 1807 5478 1152 1807 5479 1105 1807 5480 1105 1945 5481 1152 1945 5482 1153 1945 5483 1105 1807 5484 1153 1807 5485 1106 1807 5486 1106 1807 5487 1153 1807 5488 1107 1807 5489 1107 1946 5490 1153 1946 5491 1108 1946 5492 1108 1807 5493 1153 1807 5494 1109 1807 5495 1109 1807 5496 1153 1807 5497 1154 1807 5498 1109 1816 5499 1154 1816 5500 1155 1816 5501 1155 1807 5502 1156 1807 5503 1109 1807 5504 1109 1807 5505 1156 1807 5506 1110 1807 5507 1110 1815 5508 1156 1815 5509 1157 1815 5510 1110 1807 5511 1157 1807 5512 1147 1807 5513 1112 1947 5514 1111 1947 5515 1147 1947 5516 1147 1948 5517 1111 1948 5518 1110 1948 5519 1153 1949 5520 1158 1950 5521 1154 1951 5522 1154 1952 5523 1158 1953 5524 1159 1954 5525 1154 1952 5526 1159 1954 5527 1160 1955 5528 1160 1955 5529 1161 1956 5530 1154 1952 5531 1154 1952 5532 1161 1956 5533 1155 1957 5534 1155 1957 5535 1161 1956 5536 1162 1958 5537 1155 1957 5538 1162 1958 5539 1163 1959 5540 1163 1959 5541 1164 1960 5542 1155 1957 5543 1155 1957 5544 1164 1960 5545 1156 1961 5546 1156 1961 5547 1164 1960 5548 1165 1962 5549 1156 1961 5550 1165 1962 5551 1166 1963 5552 1166 1963 5553 1167 1964 5554 1156 1961 5555 1156 1961 5556 1167 1964 5557 1157 1965 5558 1157 1965 5559 1167 1964 5560 1168 1966 5561 1157 1965 5562 1168 1966 5563 1169 1967 5564 1169 1967 5565 1170 1968 5566 1157 1965 5567 1157 1965 5568 1170 1968 5569 1147 1969 5570 1170 1970 5571 1171 1970 5572 1147 1970 5573 1147 1971 5574 1171 1971 5575 1172 1971 5576 1147 1972 5577 1172 1972 5578 1173 1972 5579 1173 1973 5580 1148 1973 5581 1147 1973 5582 1152 1974 5583 1174 1974 5584 1153 1974 5585 1153 1975 5586 1174 1975 5587 1175 1975 5588 1153 1976 5589 1175 1976 5590 1176 1976 5591 1176 1977 5592 1158 1977 5593 1153 1977 5594 1178 1978 5595 529 1978 5596 1177 1978 5597 1177 1807 5598 529 1807 5599 528 1807 5600 1177 1979 5601 528 1979 5602 527 1979 5603 1179 1980 5604 533 1980 5605 1178 1980 5606 1178 1981 5607 533 1981 5608 532 1981 5609 1178 1982 5610 532 1982 5611 531 1982 5612 533 1983 5613 1179 1983 5614 534 1983 5615 534 1899 5616 1179 1899 5617 1180 1899 5618 534 1984 5619 1180 1984 5620 535 1984 5621 535 1807 5622 1180 1807 5623 1181 1807 5624 535 1807 5625 1181 1807 5626 536 1807 5627 536 1807 5628 1181 1807 5629 1095 1807 5630 1095 1985 5631 1181 1985 5632 1182 1985 5633 1095 1984 5634 1182 1984 5635 1096 1984 5636 1096 1902 5637 1182 1902 5638 1183 1902 5639 1096 1807 5640 1183 1807 5641 1097 1807 5642 1097 1986 5643 1183 1986 5644 1184 1986 5645 1097 1987 5646 1184 1987 5647 1098 1987 5648 1098 1807 5649 1184 1807 5650 1099 1807 5651 1099 1807 5652 1184 1807 5653 1100 1807 5654 1100 1807 5655 1184 1807 5656 1101 1807 5657 1101 1807 5658 1184 1807 5659 502 1807 5660 1101 1807 5661 502 1807 5662 1102 1807 5663 1102 1988 5664 502 1988 5665 1103 1988 5666 1103 1807 5667 502 1807 5668 1104 1807 5669 1104 1807 5670 502 1807 5671 525 1807 5672 525 1807 5673 502 1807 5674 1177 1807 5675 525 1807 5676 1177 1807 5677 526 1807 5678 526 1989 5679 1177 1989 5680 527 1989 5681 502 1990 5682 512 1990 5683 1177 1990 5684 1177 1807 5685 512 1807 5686 1186 1807 5687 1186 1991 5688 512 1991 5689 511 1991 5690 1186 1992 5691 511 1992 5692 1185 1992 5693 1185 1993 5694 511 1993 5695 510 1993 5696 531 1807 5697 530 1807 5698 1178 1807 5699 1178 1994 5700 530 1994 5701 529 1994 5702 1177 1995 5703 1186 1996 5704 1192 1997 5705 1192 1997 5706 1186 1996 5707 1191 1998 5708 1191 1998 5709 1186 1996 5710 1190 1999 5711 1190 1999 5712 1186 1996 5713 1185 2000 5714 1190 1999 5715 1185 2000 5716 1189 2001 5717 1189 2001 5718 1185 2000 5719 1188 2002 5720 1188 2002 5721 1185 2000 5722 510 572 5723 1188 2002 5724 510 572 5725 1187 2003 5726 1187 2003 5727 510 572 5728 509 574 5729 1192 2004 5730 1193 2004 5731 1177 2004 5732 1177 2005 5733 1193 2005 5734 1194 2005 5735 1177 2006 5736 1194 2006 5737 1195 2006 5738 1195 2007 5739 1178 2007 5740 1177 2007 5741 1184 2008 5742 1196 2008 5743 502 2008 5744 502 2009 5745 1196 2009 5746 1197 2009 5747 502 2010 5748 1197 2010 5749 1198 2010 5750 1198 2011 5751 503 2011 5752 502 2011 5753 250 420 5754 480 540 5755 251 418 5756 251 418 5757 480 540 5758 1218 2012 5759 251 418 5760 1218 2012 5761 252 416 5762 252 416 5763 1218 2012 5764 1219 2013 5765 252 416 5766 1219 2013 5767 253 414 5768 253 414 5769 1219 2013 5770 1220 2014 5771 253 414 5772 1220 2014 5773 254 412 5774 254 412 5775 1220 2014 5776 1221 2015 5777 254 412 5778 1221 2015 5779 255 410 5780 255 410 5781 1221 2015 5782 1222 2016 5783 255 410 5784 1222 2016 5785 256 408 5786 256 408 5787 1222 2016 5788 1223 2017 5789 256 408 5790 1223 2017 5791 257 406 5792 257 406 5793 1223 2017 5794 1224 2018 5795 257 406 5796 1224 2018 5797 258 404 5798 258 404 5799 1224 2018 5800 1225 2019 5801 258 404 5802 1225 2019 5803 259 402 5804 259 402 5805 1225 2019 5806 1226 2020 5807 259 402 5808 1226 2020 5809 260 400 5810 260 400 5811 1226 2020 5812 1227 2021 5813 260 400 5814 1227 2021 5815 261 398 5816 261 398 5817 1227 2021 5818 1228 2022 5819 261 398 5820 1228 2022 5821 262 396 5822 262 396 5823 1228 2022 5824 1229 2023 5825 262 396 5826 1229 2023 5827 263 394 5828 263 394 5829 1229 2023 5830 1230 2024 5831 263 394 5832 1230 2024 5833 264 392 5834 264 392 5835 1230 2024 5836 1231 2025 5837 264 392 5838 1231 2025 5839 265 390 5840 265 390 5841 1231 2025 5842 1232 2026 5843 265 390 5844 1232 2026 5845 266 388 5846 266 388 5847 1232 2026 5848 1233 2027 5849 266 388 5850 1233 2027 5851 267 386 5852 267 386 5853 1233 2027 5854 1234 2028 5855 267 386 5856 1234 2028 5857 268 384 5858 268 384 5859 1234 2028 5860 1235 2029 5861 268 384 5862 1235 2029 5863 269 382 5864 269 382 5865 1235 2029 5866 1236 2030 5867 269 382 5868 1236 2030 5869 481 515 5870 481 515 5871 1236 2030 5872 482 513 5873 482 513 5874 1236 2030 5875 1217 2031 5876 482 513 5877 1217 2031 5878 458 511 5879 480 540 5880 479 554 5881 1218 2012 5882 1218 2012 5883 479 554 5884 1199 2032 5885 1218 2012 5886 1199 2032 5887 1219 2013 5888 1219 2013 5889 1199 2032 5890 1200 2033 5891 1219 2013 5892 1200 2033 5893 1220 2014 5894 1220 2014 5895 1200 2033 5896 1201 2034 5897 1220 2014 5898 1201 2034 5899 1221 2015 5900 1221 2015 5901 1201 2034 5902 1202 2035 5903 1221 2015 5904 1202 2035 5905 1222 2016 5906 1222 2016 5907 1202 2035 5908 1203 2036 5909 1222 2016 5910 1203 2036 5911 1223 2017 5912 1223 2017 5913 1203 2036 5914 1204 2037 5915 1223 2017 5916 1204 2037 5917 1224 2018 5918 1224 2018 5919 1204 2037 5920 1205 2038 5921 1224 2018 5922 1205 2038 5923 1225 2019 5924 1225 2019 5925 1205 2038 5926 1206 2039 5927 1225 2019 5928 1206 2039 5929 1226 2020 5930 1226 2020 5931 1206 2039 5932 1207 2040 5933 1226 2020 5934 1207 2040 5935 1227 2021 5936 1227 2021 5937 1207 2040 5938 1208 2041 5939 1227 2021 5940 1208 2041 5941 1228 2022 5942 1228 2022 5943 1208 2041 5944 1209 2042 5945 1228 2022 5946 1209 2042 5947 1229 2023 5948 1229 2023 5949 1209 2042 5950 1210 2043 5951 1229 2023 5952 1210 2043 5953 1230 2024 5954 1230 2024 5955 1210 2043 5956 1211 2044 5957 1230 2024 5958 1211 2044 5959 1231 2025 5960 1231 2025 5961 1211 2044 5962 1212 2045 5963 1231 2025 5964 1212 2045 5965 1232 2026 5966 1232 2026 5967 1212 2045 5968 1213 2046 5969 1232 2026 5970 1213 2046 5971 1233 2027 5972 1233 2027 5973 1213 2046 5974 1214 2047 5975 1233 2027 5976 1214 2047 5977 1234 2028 5978 1234 2028 5979 1214 2047 5980 1215 2048 5981 1234 2028 5982 1215 2048 5983 1235 2029 5984 1235 2029 5985 1215 2048 5986 1216 2049 5987 1235 2029 5988 1216 2049 5989 1236 2030 5990 1236 2030 5991 1216 2049 5992 1217 2031 5993 479 554 5994 478 555 5995 1199 2032 5996 481 515 5997 220 376 5998 269 382 5999 1033 1579 6000 572 1578 6001 1246 2050 6002 1246 2050 6003 572 1578 6004 571 2051 6005 1246 2050 6006 571 2051 6007 1245 655 6008 1245 655 6009 571 2051 6010 570 2052 6011 1245 655 6012 570 2052 6013 1244 2053 6014 1244 2053 6015 570 2052 6016 569 2054 6017 1244 2053 6018 569 2054 6019 1243 2055 6020 1243 2055 6021 569 2054 6022 568 2056 6023 1243 2055 6024 568 2056 6025 1242 2057 6026 1242 2057 6027 568 2056 6028 567 2058 6029 1242 2057 6030 567 2058 6031 1241 2059 6032 1241 2059 6033 567 2058 6034 566 2060 6035 1241 2059 6036 566 2060 6037 1240 2061 6038 1240 2061 6039 566 2060 6040 565 2062 6041 1240 2061 6042 565 2062 6043 1239 2063 6044 1239 2063 6045 565 2062 6046 564 2064 6047 1239 2063 6048 564 2064 6049 1238 2065 6050 1238 2065 6051 564 2064 6052 563 2066 6053 1238 2065 6054 563 2066 6055 1237 2067 6056 1237 2067 6057 563 2066 6058 562 2068 6059 1237 2067 6060 562 2068 6061 1044 1592 6062 1044 1592 6063 562 2068 6064 561 1591 6065 1011 1723 6066 585 1722 6067 1256 657 6068 1256 657 6069 585 1722 6070 584 2069 6071 1256 657 6072 584 2069 6073 1255 2070 6074 1255 2070 6075 584 2069 6076 583 2071 6077 1255 2070 6078 583 2071 6079 1254 2072 6080 1254 2072 6081 583 2071 6082 582 2073 6083 1254 2072 6084 582 2073 6085 1253 2074 6086 1253 2074 6087 582 2073 6088 581 2075 6089 1253 2074 6090 581 2075 6091 1252 2076 6092 1252 2076 6093 581 2075 6094 580 2077 6095 1252 2076 6096 580 2077 6097 1251 2078 6098 1251 2078 6099 580 2077 6100 579 2079 6101 1251 2078 6102 579 2079 6103 1250 2080 6104 1250 2080 6105 579 2079 6106 578 2081 6107 1250 2080 6108 578 2081 6109 1249 2082 6110 1249 2082 6111 578 2081 6112 577 2083 6113 1249 2082 6114 577 2083 6115 1248 2084 6116 1248 2084 6117 577 2083 6118 576 2085 6119 1248 2084 6120 576 2085 6121 1247 2086 6122 1247 2086 6123 576 2085 6124 575 2087 6125 1247 2086 6126 575 2087 6127 1022 1741 6128 1022 1741 6129 575 2087 6130 574 1740 6131 989 1672 6132 598 1671 6133 1266 2088 6134 1266 2088 6135 598 1671 6136 597 2089 6137 1266 2088 6138 597 2089 6139 1265 2090 6140 1265 2090 6141 597 2089 6142 596 2091 6143 1265 2090 6144 596 2091 6145 1264 2092 6146 1264 2092 6147 596 2091 6148 595 2093 6149 1264 2092 6150 595 2093 6151 1263 2094 6152 1263 2094 6153 595 2093 6154 594 2095 6155 1263 2094 6156 594 2095 6157 1262 2096 6158 1262 2096 6159 594 2095 6160 593 2097 6161 1262 2096 6162 593 2097 6163 1261 2098 6164 1261 2098 6165 593 2097 6166 592 2099 6167 1261 2098 6168 592 2099 6169 1260 2100 6170 1260 2100 6171 592 2099 6172 591 2101 6173 1260 2100 6174 591 2101 6175 1259 2102 6176 1259 2102 6177 591 2101 6178 590 2103 6179 1259 2102 6180 590 2103 6181 1258 2104 6182 1258 2104 6183 590 2103 6184 589 2105 6185 1258 2104 6186 589 2105 6187 1257 2106 6188 1257 2106 6189 589 2105 6190 588 2107 6191 1257 2106 6192 588 2107 6193 1000 1690 6194 1000 1690 6195 588 2107 6196 587 1689 6197 967 1627 6198 611 1626 6199 1276 2108 6200 1276 2108 6201 611 1626 6202 610 2109 6203 1276 2108 6204 610 2109 6205 1275 2110 6206 1275 2110 6207 610 2109 6208 609 2111 6209 1275 2110 6210 609 2111 6211 1274 2112 6212 1274 2112 6213 609 2111 6214 608 2113 6215 1274 2112 6216 608 2113 6217 1273 2114 6218 1273 2114 6219 608 2113 6220 607 2115 6221 1273 2114 6222 607 2115 6223 1272 2116 6224 1272 2116 6225 607 2115 6226 606 2077 6227 1272 2116 6228 606 2077 6229 1271 2078 6230 1271 2078 6231 606 2077 6232 605 2117 6233 1271 2078 6234 605 2117 6235 1270 2080 6236 1270 2080 6237 605 2117 6238 604 2118 6239 1270 2080 6240 604 2118 6241 1269 2119 6242 1269 2119 6243 604 2118 6244 603 2120 6245 1269 2119 6246 603 2120 6247 1268 2121 6248 1268 2121 6249 603 2120 6250 602 2122 6251 1268 2121 6252 602 2122 6253 1267 2123 6254 1267 2123 6255 602 2122 6256 601 2068 6257 1267 2123 6258 601 2068 6259 978 1644 6260 978 1644 6261 601 2068 6262 600 1643 6263 945 1579 6264 624 1578 6265 1286 657 6266 1286 657 6267 624 1578 6268 623 2124 6269 1286 657 6270 623 2124 6271 1285 2125 6272 1285 2125 6273 623 2124 6274 622 2126 6275 1285 2125 6276 622 2126 6277 1284 2127 6278 1284 2127 6279 622 2126 6280 621 2128 6281 1284 2127 6282 621 2128 6283 1283 2129 6284 1283 2129 6285 621 2128 6286 620 2130 6287 1283 2129 6288 620 2130 6289 1282 2131 6290 1282 2131 6291 620 2130 6292 619 2132 6293 1282 2131 6294 619 2132 6295 1281 2133 6296 1281 2133 6297 619 2132 6298 618 2134 6299 1281 2133 6300 618 2134 6301 1280 2135 6302 1280 2135 6303 618 2134 6304 617 2136 6305 1280 2135 6306 617 2136 6307 1279 2137 6308 1279 2137 6309 617 2136 6310 616 2138 6311 1279 2137 6312 616 2138 6313 1278 2139 6314 1278 2139 6315 616 2138 6316 615 2140 6317 1278 2139 6318 615 2140 6319 1277 2141 6320 1277 2141 6321 615 2140 6322 614 2142 6323 1277 2141 6324 614 2142 6325 956 1592 6326 956 1592 6327 614 2142 6328 613 1591 6329 923 1524 6330 637 1523 6331 1296 2143 6332 1296 2143 6333 637 1523 6334 636 2144 6335 1296 2143 6336 636 2144 6337 1295 2145 6338 1295 2145 6339 636 2144 6340 635 2146 6341 1295 2145 6342 635 2146 6343 1294 2147 6344 1294 2147 6345 635 2146 6346 634 2148 6347 1294 2147 6348 634 2148 6349 1293 2149 6350 1293 2149 6351 634 2148 6352 633 2150 6353 1293 2149 6354 633 2150 6355 1292 2151 6356 1292 2151 6357 633 2150 6358 632 2132 6359 1292 2151 6360 632 2132 6361 1291 2059 6362 1291 2059 6363 632 2132 6364 631 2152 6365 1291 2059 6366 631 2152 6367 1290 2153 6368 1290 2153 6369 631 2152 6370 630 2154 6371 1290 2153 6372 630 2154 6373 1289 2155 6374 1289 2155 6375 630 2154 6376 629 2156 6377 1289 2155 6378 629 2156 6379 1288 2157 6380 1288 2157 6381 629 2156 6382 628 2084 6383 1288 2157 6384 628 2084 6385 1287 2158 6386 1287 2158 6387 628 2084 6388 627 2159 6389 1287 2158 6390 627 2159 6391 934 1544 6392 934 1544 6393 627 2159 6394 626 1543 6395 901 1252 6396 650 1251 6397 1306 2160 6398 1306 2160 6399 650 1251 6400 649 2143 6401 1306 2160 6402 649 2143 6403 1305 2161 6404 1305 2161 6405 649 2143 6406 648 2162 6407 1305 2161 6408 648 2162 6409 1304 2163 6410 1304 2163 6411 648 2162 6412 647 2164 6413 1304 2163 6414 647 2164 6415 1303 2165 6416 1303 2165 6417 647 2164 6418 646 2166 6419 1303 2165 6420 646 2166 6421 1302 2167 6422 1302 2167 6423 646 2166 6424 645 2168 6425 1302 2167 6426 645 2168 6427 1301 2169 6428 1301 2169 6429 645 2168 6430 644 2170 6431 1301 2169 6432 644 2170 6433 1300 2171 6434 1300 2171 6435 644 2170 6436 643 2172 6437 1300 2171 6438 643 2172 6439 1299 2173 6440 1299 2173 6441 643 2172 6442 642 2174 6443 1299 2173 6444 642 2174 6445 1298 2175 6446 1298 2175 6447 642 2174 6448 641 2176 6449 1298 2175 6450 641 2176 6451 1297 2159 6452 1297 2159 6453 641 2176 6454 640 2177 6455 1297 2159 6456 640 2177 6457 912 1274 6458 912 1274 6459 640 2177 6460 639 1273 6461 879 1421 6462 663 1420 6463 1316 2178 6464 1316 2178 6465 663 1420 6466 662 2179 6467 1316 2178 6468 662 2179 6469 1315 2180 6470 1315 2180 6471 662 2179 6472 661 2181 6473 1315 2180 6474 661 2181 6475 1314 2112 6476 1314 2112 6477 661 2181 6478 660 2113 6479 1314 2112 6480 660 2113 6481 1313 2182 6482 1313 2182 6483 660 2113 6484 659 2183 6485 1313 2182 6486 659 2183 6487 1312 2184 6488 1312 2184 6489 659 2183 6490 658 2185 6491 1312 2184 6492 658 2185 6493 1311 2186 6494 1311 2186 6495 658 2185 6496 657 2187 6497 1311 2186 6498 657 2187 6499 1310 2188 6500 1310 2188 6501 657 2187 6502 656 2189 6503 1310 2188 6504 656 2189 6505 1309 2119 6506 1309 2119 6507 656 2189 6508 655 2120 6509 1309 2119 6510 655 2120 6511 1308 2190 6512 1308 2190 6513 655 2120 6514 654 2191 6515 1308 2190 6516 654 2191 6517 1307 2192 6518 1307 2192 6519 654 2191 6520 653 2193 6521 1307 2192 6522 653 2193 6523 890 1438 6524 890 1438 6525 653 2193 6526 652 1437 6527 857 1366 6528 676 1365 6529 1326 2194 6530 1326 2194 6531 676 1365 6532 675 2195 6533 1326 2194 6534 675 2195 6535 1325 2196 6536 1325 2196 6537 675 2195 6538 674 2197 6539 1325 2196 6540 674 2197 6541 1324 2198 6542 1324 2198 6543 674 2197 6544 673 2199 6545 1324 2198 6546 673 2199 6547 1323 2200 6548 1323 2200 6549 673 2199 6550 672 650 6551 1323 2200 6552 672 650 6553 1322 2201 6554 1322 2201 6555 672 650 6556 671 2202 6557 1322 2201 6558 671 2202 6559 1321 2203 6560 1321 2203 6561 671 2202 6562 670 2204 6563 1321 2203 6564 670 2204 6565 1320 2205 6566 1320 2205 6567 670 2204 6568 669 2206 6569 1320 2205 6570 669 2206 6571 1319 2207 6572 1319 2207 6573 669 2206 6574 668 2208 6575 1319 2207 6576 668 2208 6577 1318 2209 6578 1318 2209 6579 668 2208 6580 667 2210 6581 1318 2209 6582 667 2210 6583 1317 2211 6584 1317 2211 6585 667 2210 6586 666 2212 6587 1317 2211 6588 666 2212 6589 868 1387 6590 868 1387 6591 666 2212 6592 665 1386 6593 835 1309 6594 689 1308 6595 1336 2213 6596 1336 2213 6597 689 1308 6598 688 2214 6599 1336 2213 6600 688 2214 6601 1335 2215 6602 1335 2215 6603 688 2214 6604 687 2216 6605 1335 2215 6606 687 2216 6607 1334 2072 6608 1334 2072 6609 687 2216 6610 686 2073 6611 1334 2072 6612 686 2073 6613 1333 2217 6614 1333 2217 6615 686 2073 6616 685 2218 6617 1333 2217 6618 685 2218 6619 1332 2219 6620 1332 2219 6621 685 2218 6622 684 2185 6623 1332 2219 6624 684 2185 6625 1331 2186 6626 1331 2186 6627 684 2185 6628 683 2220 6629 1331 2186 6630 683 2220 6631 1330 2188 6632 1330 2188 6633 683 2220 6634 682 2221 6635 1330 2188 6636 682 2221 6637 1329 2082 6638 1329 2082 6639 682 2221 6640 681 2083 6641 1329 2082 6642 681 2083 6643 1328 2222 6644 1328 2222 6645 681 2083 6646 680 2223 6647 1328 2222 6648 680 2223 6649 1327 2224 6650 1327 2224 6651 680 2223 6652 679 2225 6653 1327 2224 6654 679 2225 6655 846 1331 6656 846 1331 6657 679 2225 6658 678 1330 6659 813 1252 6660 702 1251 6661 1346 2226 6662 1346 2226 6663 702 1251 6664 701 2227 6665 1346 2226 6666 701 2227 6667 1345 2228 6668 1345 2228 6669 701 2227 6670 700 2229 6671 1345 2228 6672 700 2229 6673 1344 2230 6674 1344 2230 6675 700 2229 6676 699 2231 6677 1344 2230 6678 699 2231 6679 1343 2232 6680 1343 2232 6681 699 2231 6682 698 2233 6683 1343 2232 6684 698 2233 6685 1342 2234 6686 1342 2234 6687 698 2233 6688 697 2235 6689 1342 2234 6690 697 2235 6691 1341 2236 6692 1341 2236 6693 697 2235 6694 696 2237 6695 1341 2236 6696 696 2237 6697 1340 2238 6698 1340 2238 6699 696 2237 6700 695 2239 6701 1340 2238 6702 695 2239 6703 1339 2240 6704 1339 2240 6705 695 2239 6706 694 2241 6707 1339 2240 6708 694 2241 6709 1338 2122 6710 1338 2122 6711 694 2241 6712 693 2242 6713 1338 2122 6714 693 2242 6715 1337 2243 6716 1337 2243 6717 693 2242 6718 692 2244 6719 1337 2243 6720 692 2244 6721 824 1274 6722 824 1274 6723 692 2244 6724 691 1273 6725 791 1195 6726 715 1194 6727 1356 2245 6728 1356 2245 6729 715 1194 6730 714 2246 6731 1356 2245 6732 714 2246 6733 1355 2247 6734 1355 2247 6735 714 2246 6736 713 2248 6737 1355 2247 6738 713 2248 6739 1354 2249 6740 1354 2249 6741 713 2248 6742 712 2250 6743 1354 2249 6744 712 2250 6745 1353 2251 6746 1353 2251 6747 712 2250 6748 711 2252 6749 1353 2251 6750 711 2252 6751 1352 2253 6752 1352 2253 6753 711 2252 6754 710 2132 6755 1352 2253 6756 710 2132 6757 1351 2059 6758 1351 2059 6759 710 2132 6760 709 2254 6761 1351 2059 6762 709 2254 6763 1350 2255 6764 1350 2255 6765 709 2254 6766 708 2256 6767 1350 2255 6768 708 2256 6769 1349 2257 6770 1349 2257 6771 708 2256 6772 707 2258 6773 1349 2257 6774 707 2258 6775 1348 2259 6776 1348 2259 6777 707 2258 6778 706 2260 6779 1348 2259 6780 706 2260 6781 1347 2261 6782 1347 2261 6783 706 2260 6784 705 2262 6785 1347 2261 6786 705 2262 6787 802 1217 6788 802 1217 6789 705 2262 6790 704 1216 6791 1357 2263 6792 766 2264 6793 1372 2265 6794 1372 2265 6795 766 2264 6796 765 2266 6797 1372 2265 6798 765 2266 6799 1371 2267 6800 1371 2267 6801 765 2266 6802 764 2268 6803 1371 2267 6804 764 2268 6805 1370 2269 6806 1370 2269 6807 764 2268 6808 763 2270 6809 1370 2269 6810 763 2270 6811 1369 2271 6812 1369 2271 6813 763 2270 6814 762 2272 6815 1369 2271 6816 762 2272 6817 1368 2273 6818 1368 2273 6819 762 2272 6820 761 2274 6821 1368 2273 6822 761 2274 6823 1367 2275 6824 1367 2275 6825 761 2274 6826 760 2276 6827 1367 2275 6828 760 2276 6829 1366 2277 6830 1366 2277 6831 760 2276 6832 759 2278 6833 1366 2277 6834 759 2278 6835 1365 2279 6836 1365 2279 6837 759 2278 6838 758 2280 6839 1365 2279 6840 758 2280 6841 1364 2281 6842 1364 2281 6843 758 2280 6844 757 2282 6845 1364 2281 6846 757 2282 6847 1363 2283 6848 1363 2283 6849 757 2282 6850 756 2284 6851 1363 2283 6852 756 2284 6853 1362 2285 6854 1362 2285 6855 756 2284 6856 755 2286 6857 1362 2285 6858 755 2286 6859 1361 2287 6860 1361 2287 6861 755 2286 6862 754 2288 6863 1361 2287 6864 754 2288 6865 1360 2289 6866 1360 2289 6867 754 2288 6868 753 2290 6869 1360 2289 6870 753 2290 6871 1359 2291 6872 1359 2291 6873 753 2290 6874 752 2292 6875 1359 2291 6876 752 2292 6877 1358 2293 6878 1358 2293 6879 752 2292 6880 751 2294 6881 1374 2295 6882 1139 2296 6883 1373 2297 6884 1373 2297 6885 1139 2296 6886 1138 2298 6887 1373 2297 6888 1138 2298 6889 1137 2299 6890 1375 2300 6891 1143 2301 6892 1374 2295 6893 1374 2295 6894 1143 2301 6895 1142 2302 6896 1374 2295 6897 1142 2302 6898 1141 2303 6899 1376 2304 6900 461 519 6901 1375 2300 6902 1375 2300 6903 461 519 6904 460 517 6905 1375 2300 6906 460 517 6907 1116 2305 6908 1116 2305 6909 460 517 6910 1117 2306 6911 1117 2306 6912 460 517 6913 459 512 6914 1117 2306 6915 459 512 6916 1118 2307 6917 1118 2307 6918 459 512 6919 458 511 6920 1118 2307 6921 458 511 6922 1119 2308 6923 461 519 6924 1376 2304 6925 462 521 6926 462 521 6927 1376 2304 6928 1377 2309 6929 462 521 6930 1377 2309 6931 463 523 6932 463 523 6933 1377 2309 6934 1378 2310 6935 463 523 6936 1378 2310 6937 464 525 6938 464 525 6939 1378 2310 6940 1379 2311 6941 464 525 6942 1379 2311 6943 465 541 6944 465 541 6945 1379 2311 6946 466 542 6947 466 542 6948 1379 2311 6949 1380 2312 6950 466 542 6951 1380 2312 6952 1060 2313 6953 1060 2313 6954 1380 2312 6955 1082 2314 6956 1082 2314 6957 1380 2312 6958 1083 2315 6959 1083 2315 6960 1380 2312 6961 1381 2316 6962 1083 2315 6963 1381 2316 6964 1084 2317 6965 1084 2317 6966 1381 2316 6967 1066 2318 6968 1066 2318 6969 1381 2316 6970 1067 2319 6971 1067 2319 6972 1381 2316 6973 1068 2320 6974 1068 2320 6975 1381 2316 6976 1069 2321 6977 1069 2321 6978 1381 2316 6979 1070 2322 6980 1070 2322 6981 1381 2316 6982 1071 2323 6983 1071 2323 6984 1381 2316 6985 1072 2324 6986 1072 2324 6987 1381 2316 6988 1382 2325 6989 1072 2324 6990 1382 2325 6991 1073 2326 6992 1073 2326 6993 1382 2325 6994 1074 2327 6995 1074 2327 6996 1382 2325 6997 1075 2328 6998 1075 2328 6999 1382 2325 7000 1076 2329 7001 1076 2329 7002 1382 2325 7003 1077 2330 7004 1077 2330 7005 1382 2325 7006 1078 2331 7007 1078 2332 7008 1382 2325 7009 1079 2333 7010 1079 2333 7011 1382 2325 7012 1383 2334 7013 1079 2333 7014 1383 2334 7015 1080 2335 7016 1080 2335 7017 1383 2334 7018 1081 2336 7019 1081 2336 7020 1383 2334 7021 1056 2337 7022 1056 2337 7023 1383 2334 7024 470 546 7025 1056 2337 7026 470 546 7027 469 545 7028 1383 2334 7029 1384 2338 7030 470 546 7031 470 546 7032 1384 2338 7033 471 547 7034 471 547 7035 1384 2338 7036 472 548 7037 472 548 7038 1384 2338 7039 1385 2339 7040 472 548 7041 1385 2339 7042 473 549 7043 473 549 7044 1385 2339 7045 1386 2340 7046 473 549 7047 1386 2340 7048 474 550 7049 474 550 7050 1386 2340 7051 1387 2341 7052 474 550 7053 1387 2341 7054 475 551 7055 475 551 7056 1387 2341 7057 1388 2342 7058 475 551 7059 1388 2342 7060 476 552 7061 476 552 7062 1388 2342 7063 1184 2343 7064 476 552 7065 1184 2343 7066 1183 2344 7067 1184 2343 7068 1388 2342 7069 1196 2345 7070 1196 2345 7071 1388 2342 7072 1389 2346 7073 1196 2345 7074 1389 2346 7075 1197 2347 7076 1197 2347 7077 1389 2346 7078 1198 2348 7079 1198 2348 7080 1389 2346 7081 503 2349 7082 503 2349 7083 1389 2346 7084 1390 2350 7085 503 2349 7086 1390 2350 7087 504 2351 7088 504 2351 7089 1390 2350 7090 505 2352 7091 505 2352 7092 1390 2350 7093 506 2353 7094 506 2353 7095 1390 2350 7096 507 2354 7097 507 2354 7098 1390 2350 7099 508 2355 7100 508 2355 7101 1390 2350 7102 509 2356 7103 476 552 7104 1183 2344 7105 477 553 7106 477 553 7107 1183 2344 7108 1182 2357 7109 477 553 7110 1182 2357 7111 478 555 7112 478 555 7113 1182 2357 7114 1181 2358 7115 1056 2337 7116 469 545 7117 1057 2359 7118 1057 2359 7119 469 545 7120 468 544 7121 1057 2359 7122 468 544 7123 1058 2360 7124 1058 2360 7125 468 544 7126 1059 2361 7127 1059 2361 7128 468 544 7129 467 543 7130 1059 2361 7131 467 543 7132 1060 2313 7133 1060 2313 7134 467 543 7135 466 542 7136 1116 2305 7137 1143 2301 7138 1375 2300 7139 1141 2303 7140 1140 2362 7141 1374 2295 7142 1374 2295 7143 1140 2363 7144 1139 2296 7145 1137 2299 7146 1136 2364 7147 1373 2297 7148 1373 2297 7149 1136 2364 7150 1135 2365 7151 1373 2297 7152 1135 2365 7153 1134 2366 7154 509 2356 7155 1390 2350 7156 1187 2367 7157 1187 2367 7158 1390 2350 7159 1188 2368 7160 1188 2368 7161 1390 2350 7162 1189 2369 7163 1189 2369 7164 1390 2350 7165 1190 2370 7166 1190 2370 7167 1390 2350 7168 1191 2371 7169 1191 2371 7170 1390 2350 7171 1391 2372 7172 1191 2371 7173 1391 2372 7174 1192 2373 7175 1192 2374 7176 1391 2372 7177 1193 2375 7178 1193 2375 7179 1391 2372 7180 1194 2376 7181 1194 2376 7182 1391 2372 7183 1195 2377 7184 1195 2377 7185 1391 2372 7186 1392 2378 7187 1195 2377 7188 1392 2378 7189 1178 2379 7190 1178 2379 7191 1392 2378 7192 1200 2033 7193 1178 2379 7194 1200 2033 7195 1179 2380 7196 1179 2380 7197 1200 2033 7198 1199 2032 7199 1179 2380 7200 1199 2032 7201 1180 2381 7202 1180 2381 7203 1199 2032 7204 478 555 7205 1180 2381 7206 478 555 7207 1181 2358 7208 1200 2033 7209 1392 2378 7210 1201 2034 7211 1201 2034 7212 1392 2378 7213 1393 2382 7214 1201 2034 7215 1393 2382 7216 1202 2035 7217 1202 2035 7218 1393 2382 7219 1394 2383 7220 1202 2035 7221 1394 2383 7222 1203 2036 7223 1203 2036 7224 1394 2383 7225 1395 2384 7226 1203 2036 7227 1395 2384 7228 1204 2037 7229 1204 2037 7230 1395 2384 7231 1396 2385 7232 1204 2037 7233 1396 2385 7234 1205 2038 7235 1205 2038 7236 1396 2385 7237 1206 2039 7238 1206 2039 7239 1396 2385 7240 1397 2386 7241 1206 2039 7242 1397 2386 7243 1152 2387 7244 1152 2387 7245 1397 2386 7246 1174 2388 7247 1174 2388 7248 1397 2386 7249 1175 2389 7250 1175 2389 7251 1397 2386 7252 1398 2390 7253 1175 2389 7254 1398 2390 7255 1176 2391 7256 1176 2391 7257 1398 2390 7258 1158 2392 7259 1158 2392 7260 1398 2390 7261 1159 2393 7262 1159 2393 7263 1398 2390 7264 1160 2394 7265 1160 2394 7266 1398 2390 7267 1161 2395 7268 1161 2395 7269 1398 2390 7270 1162 2396 7271 1162 2396 7272 1398 2390 7273 1163 2397 7274 1163 2397 7275 1398 2390 7276 1164 2398 7277 1164 2398 7278 1398 2390 7279 1399 2399 7280 1164 2398 7281 1399 2399 7282 1165 2400 7283 1165 2400 7284 1399 2399 7285 1166 2401 7286 1166 2401 7287 1399 2399 7288 1167 2402 7289 1167 2402 7290 1399 2399 7291 1168 2403 7292 1168 2403 7293 1399 2399 7294 1169 2404 7295 1169 2404 7296 1399 2399 7297 1170 2405 7298 1170 2406 7299 1399 2399 7300 1171 2407 7301 1171 2407 7302 1399 2399 7303 1400 2408 7304 1171 2407 7305 1400 2408 7306 1172 2409 7307 1172 2409 7308 1400 2408 7309 1173 2410 7310 1173 2410 7311 1400 2408 7312 1148 2411 7313 1148 2411 7314 1400 2408 7315 1210 2043 7316 1148 2411 7317 1210 2043 7318 1209 2042 7319 1400 2408 7320 1401 2412 7321 1210 2043 7322 1210 2043 7323 1401 2412 7324 1211 2044 7325 1211 2044 7326 1401 2412 7327 1212 2045 7328 1212 2045 7329 1401 2412 7330 1402 2413 7331 1212 2045 7332 1402 2413 7333 1213 2046 7334 1213 2046 7335 1402 2413 7336 1403 2414 7337 1213 2046 7338 1403 2414 7339 1214 2047 7340 1214 2047 7341 1403 2414 7342 1404 2415 7343 1214 2047 7344 1404 2415 7345 1215 2048 7346 1215 2048 7347 1404 2415 7348 1405 2416 7349 1215 2048 7350 1405 2416 7351 1216 2049 7352 1216 2049 7353 1405 2416 7354 1122 2417 7355 1216 2049 7356 1122 2417 7357 1121 2418 7358 1122 2417 7359 1405 2416 7360 1144 2419 7361 1144 2419 7362 1405 2416 7363 1406 2420 7364 1144 2419 7365 1406 2420 7366 1145 2421 7367 1145 2421 7368 1406 2420 7369 1146 2422 7370 1146 2422 7371 1406 2420 7372 1128 2423 7373 1128 2423 7374 1406 2420 7375 1373 2297 7376 1128 2423 7377 1373 2297 7378 1129 2424 7379 1129 2424 7380 1373 2297 7381 1130 2425 7382 1130 2425 7383 1373 2297 7384 1131 2426 7385 1131 2426 7386 1373 2297 7387 1132 2427 7388 1132 2427 7389 1373 2297 7390 1133 2428 7391 1133 2428 7392 1373 2297 7393 1134 2366 7394 1216 2049 7395 1121 2418 7396 1217 2031 7397 1217 2031 7398 1121 2418 7399 1120 2429 7400 1217 2031 7401 1120 2429 7402 458 511 7403 458 511 7404 1120 2429 7405 1119 2308 7406 1148 2411 7407 1209 2042 7408 1149 2430 7409 1149 2430 7410 1209 2042 7411 1208 2041 7412 1149 2430 7413 1208 2041 7414 1150 2431 7415 1150 2431 7416 1208 2041 7417 1151 2432 7418 1151 2432 7419 1208 2041 7420 1207 2040 7421 1151 2432 7422 1207 2040 7423 1152 2387 7424 1152 2387 7425 1207 2040 7426 1206 2039 7427 766 2264 7428 1357 2263 7429 767 2433 7430 767 2433 7431 1357 2263 7432 1407 2434 7433 767 2433 7434 1407 2434 7435 768 2435 7436 768 2435 7437 1407 2434 7438 1408 2436 7439 768 2435 7440 1408 2436 7441 769 2437 7442 769 2437 7443 1408 2436 7444 1409 2438 7445 769 2437 7446 1409 2438 7447 770 2439 7448 770 2439 7449 1409 2438 7450 1410 2440 7451 770 2439 7452 1410 2440 7453 771 2441 7454 771 2441 7455 1410 2440 7456 1411 2442 7457 771 2441 7458 1411 2442 7459 772 2443 7460 772 2443 7461 1411 2442 7462 1412 397 7463 772 2443 7464 1412 397 7465 773 2444 7466 773 2444 7467 1412 397 7468 1413 2445 7469 773 2444 7470 1413 2445 7471 774 2446 7472 774 2446 7473 1413 2445 7474 1414 2447 7475 774 2446 7476 1414 2447 7477 775 2448 7478 775 2448 7479 1414 2447 7480 1415 2449 7481 775 2448 7482 1415 2449 7483 776 2450 7484 776 2450 7485 1415 2449 7486 1416 2451 7487 776 2450 7488 1416 2451 7489 777 2452 7490 777 2452 7491 1416 2451 7492 1417 2453 7493 777 2452 7494 1417 2453 7495 778 2454 7496 778 2454 7497 1417 2453 7498 1418 2455 7499 778 2454 7500 1418 2455 7501 779 2456 7502 779 2456 7503 1418 2455 7504 1419 2457 7505 779 2456 7506 1419 2457 7507 780 2458 7508 780 2458 7509 1419 2457 7510 1420 2459 7511 780 2458 7512 1420 2459 7513 751 2294 7514 751 2294 7515 1420 2459 7516 1358 2293 7517 1422 2460 7518 1349 2460 7519 1421 2460 7520 1421 2461 7521 1349 2461 7522 1348 2461 7523 1421 2462 7524 1348 2462 7525 1347 2462 7526 1423 2463 7527 1359 2463 7528 1422 2463 7529 1422 1807 7530 1359 1807 7531 1351 1807 7532 1422 2464 7533 1351 2464 7534 1350 2464 7535 1424 2465 7536 824 2465 7537 1423 2465 7538 1423 2466 7539 824 2466 7540 823 2466 7541 1423 2467 7542 823 2467 7543 822 2467 7544 1425 2468 7545 1342 2468 7546 1424 2468 7547 1424 1807 7548 1342 1807 7549 1341 1807 7550 1424 2469 7551 1341 2469 7552 1340 2469 7553 1426 1807 7554 1362 1807 7555 1425 1807 7556 1425 1807 7557 1362 1807 7558 1361 1807 7559 1425 2470 7560 1361 2470 7561 1342 2470 7562 1342 1807 7563 1361 1807 7564 1343 1807 7565 1343 1807 7566 1361 1807 7567 1344 1807 7568 1344 1807 7569 1361 1807 7570 1345 1807 7571 1345 1807 7572 1361 1807 7573 1346 1807 7574 1346 2471 7575 1361 2471 7576 813 2471 7577 813 2472 7578 1361 2472 7579 814 2472 7580 814 2473 7581 1361 2473 7582 815 2473 7583 815 1807 7584 1361 1807 7585 1360 1807 7586 815 2474 7587 1360 2474 7588 816 2474 7589 816 1807 7590 1360 1807 7591 817 1807 7592 817 1807 7593 1360 1807 7594 818 1807 7595 818 1807 7596 1360 1807 7597 819 1807 7598 819 1807 7599 1360 1807 7600 820 1807 7601 820 1807 7602 1360 1807 7603 821 1807 7604 821 2475 7605 1360 2475 7606 1423 2475 7607 821 1807 7608 1423 1807 7609 822 1807 7610 1427 2476 7611 1329 2476 7612 1426 2476 7613 1426 1807 7614 1329 1807 7615 1328 1807 7616 1426 2477 7617 1328 2477 7618 1327 2477 7619 1428 1807 7620 1364 1807 7621 1427 1807 7622 1427 2478 7623 1364 2478 7624 1334 2478 7625 1427 2479 7626 1334 2479 7627 1333 2479 7628 1364 2480 7629 1428 2480 7630 1365 2480 7631 1365 2481 7632 1428 2481 7633 1429 2481 7634 1365 2482 7635 1429 2482 7636 1317 2482 7637 1317 1807 7638 1429 1807 7639 1318 1807 7640 1318 1807 7641 1429 1807 7642 1319 1807 7643 1319 1807 7644 1429 1807 7645 1320 1807 7646 1320 1807 7647 1429 1807 7648 1321 1807 7649 1321 1807 7650 1429 1807 7651 1430 1807 7652 1321 1807 7653 1430 1807 7654 1322 1807 7655 1322 1807 7656 1430 1807 7657 1323 1807 7658 1323 1807 7659 1430 1807 7660 1324 1807 7661 1324 1807 7662 1430 1807 7663 1325 1807 7664 1325 1807 7665 1430 1807 7666 1326 1807 7667 1326 2483 7668 1430 2483 7669 1366 2483 7670 1326 2484 7671 1366 2484 7672 857 2484 7673 857 1807 7674 1366 1807 7675 858 1807 7676 858 1807 7677 1366 1807 7678 859 1807 7679 859 1807 7680 1366 1807 7681 860 1807 7682 860 1807 7683 1366 1807 7684 861 1807 7685 861 1807 7686 1366 1807 7687 862 1807 7688 862 1807 7689 1366 1807 7690 1365 1807 7691 862 1807 7692 1365 1807 7693 863 1807 7694 863 1807 7695 1365 1807 7696 864 1807 7697 864 1807 7698 1365 1807 7699 865 1807 7700 865 2485 7701 1365 2485 7702 866 2485 7703 866 1807 7704 1365 1807 7705 867 1807 7706 867 1807 7707 1365 1807 7708 868 1807 7709 868 2486 7710 1365 2486 7711 1317 2486 7712 1430 1807 7713 1431 1807 7714 1366 1807 7715 1366 1807 7716 1431 1807 7717 1367 1807 7718 1367 1807 7719 1431 1807 7720 1432 1807 7721 1367 1807 7722 1432 1807 7723 1309 1807 7724 1309 1807 7725 1432 1807 7726 1310 1807 7727 1310 1807 7728 1432 1807 7729 1311 1807 7730 1311 1807 7731 1432 1807 7732 1312 1807 7733 1312 1807 7734 1432 1807 7735 1313 1807 7736 1313 1807 7737 1432 1807 7738 1314 1807 7739 1314 1807 7740 1432 1807 7741 1433 1807 7742 1314 1807 7743 1433 1807 7744 1315 1807 7745 1315 1807 7746 1433 1807 7747 1316 1807 7748 1316 1807 7749 1433 1807 7750 879 1807 7751 879 1807 7752 1433 1807 7753 880 1807 7754 880 1807 7755 1433 1807 7756 1369 1807 7757 880 1807 7758 1369 1807 7759 881 1807 7760 881 1807 7761 1369 1807 7762 882 1807 7763 882 1807 7764 1369 1807 7765 883 1807 7766 883 1807 7767 1369 1807 7768 884 1807 7769 884 1807 7770 1369 1807 7771 1368 1807 7772 884 1807 7773 1368 1807 7774 885 1807 7775 885 1807 7776 1368 1807 7777 886 1807 7778 886 1807 7779 1368 1807 7780 887 1807 7781 887 1807 7782 1368 1807 7783 888 1807 7784 888 1807 7785 1368 1807 7786 889 1807 7787 889 2487 7788 1368 2487 7789 1367 2487 7790 889 1807 7791 1367 1807 7792 890 1807 7793 890 2488 7794 1367 2488 7795 1307 2488 7796 1307 1807 7797 1367 1807 7798 1308 1807 7799 1308 1807 7800 1367 1807 7801 1309 1807 7802 1433 1807 7803 1434 1807 7804 1369 1807 7805 1369 1807 7806 1434 1807 7807 1370 1807 7808 1370 1807 7809 1434 1807 7810 1301 1807 7811 1370 2489 7812 1301 2489 7813 1300 2489 7814 1434 2490 7815 1435 2490 7816 1301 2490 7817 1301 1807 7818 1435 1807 7819 1302 1807 7820 1302 1807 7821 1435 1807 7822 1303 1807 7823 1303 1807 7824 1435 1807 7825 1304 1807 7826 1304 1807 7827 1435 1807 7828 1305 1807 7829 1305 1807 7830 1435 1807 7831 1306 1807 7832 1306 1807 7833 1435 1807 7834 901 1807 7835 901 2491 7836 1435 2491 7837 1436 2491 7838 901 1807 7839 1436 1807 7840 902 1807 7841 902 1807 7842 1436 1807 7843 903 1807 7844 903 1807 7845 1436 1807 7846 904 1807 7847 904 2492 7848 1436 2492 7849 1371 2492 7850 904 1807 7851 1371 1807 7852 905 1807 7853 905 1807 7854 1371 1807 7855 906 1807 7856 906 1807 7857 1371 1807 7858 907 1807 7859 907 1807 7860 1371 1807 7861 908 1807 7862 908 1807 7863 1371 1807 7864 909 1807 7865 909 1807 7866 1371 1807 7867 910 1807 7868 910 1807 7869 1371 1807 7870 1370 1807 7871 910 2493 7872 1370 2493 7873 911 2493 7874 911 2494 7875 1370 2494 7876 912 2494 7877 912 2495 7878 1370 2495 7879 1297 2495 7880 1297 2496 7881 1370 2496 7882 1298 2496 7883 1298 1807 7884 1370 1807 7885 1299 1807 7886 1299 1807 7887 1370 1807 7888 1300 1807 7889 1371 1807 7890 1436 1807 7891 1372 1807 7892 1372 2497 7893 1436 2497 7894 1437 2497 7895 1372 1807 7896 1437 1807 7897 1292 1807 7898 1292 2498 7899 1437 2498 7900 1293 2498 7901 1293 1807 7902 1437 1807 7903 1294 1807 7904 1294 2499 7905 1437 2499 7906 1438 2499 7907 1294 2500 7908 1438 2500 7909 1295 2500 7910 1295 2501 7911 1438 2501 7912 1296 2501 7913 1296 1807 7914 1438 1807 7915 923 1807 7916 923 1807 7917 1438 1807 7918 924 1807 7919 924 2462 7920 1438 2462 7921 925 2462 7922 925 2502 7923 1438 2502 7924 926 2502 7925 926 1807 7926 1438 1807 7927 1439 1807 7928 926 2503 7929 1439 2503 7930 927 2503 7931 927 2504 7932 1439 2504 7933 928 2504 7934 928 2505 7935 1439 2505 7936 1407 2505 7937 928 1807 7938 1407 1807 7939 929 1807 7940 929 2506 7941 1407 2506 7942 930 2506 7943 930 2507 7944 1407 2507 7945 931 2507 7946 931 1807 7947 1407 1807 7948 1357 1807 7949 931 2508 7950 1357 2508 7951 932 2508 7952 932 2509 7953 1357 2509 7954 933 2509 7955 933 1807 7956 1357 1807 7957 934 1807 7958 934 1807 7959 1357 1807 7960 1287 1807 7961 1287 2510 7962 1357 2510 7963 1288 2510 7964 1288 2511 7965 1357 2512 7966 1289 2513 7967 1289 2514 7968 1357 2514 7969 1372 2514 7970 1289 2507 7971 1372 2507 7972 1290 2507 7973 1290 2515 7974 1372 2515 7975 1291 2515 7976 1291 1807 7977 1372 1807 7978 1292 1807 7979 1439 1807 7980 1440 1807 7981 1407 1807 7982 1407 2516 7983 1440 2516 7984 1408 2516 7985 1408 1807 7986 1440 1807 7987 1284 1807 7988 1408 2517 7989 1284 2517 7990 1283 2517 7991 1441 2518 7992 945 2518 7993 1440 2518 7994 1440 2519 7995 945 2519 7996 1286 2519 7997 1440 2520 7998 1286 2520 7999 1285 2520 8000 1442 2521 8001 951 2521 8002 1441 2521 8003 1441 1807 8004 951 1807 8005 950 1807 8006 1441 2522 8007 950 2522 8008 949 2522 8009 1443 1807 8010 1410 1807 8011 1442 1807 8012 1442 2523 8013 1410 2523 8014 1409 2523 8015 1442 2524 8016 1409 2524 8017 951 2524 8018 951 1807 8019 1409 1807 8020 952 1807 8021 952 1807 8022 1409 1807 8023 953 1807 8024 953 1807 8025 1409 1807 8026 954 1807 8027 954 1807 8028 1409 1807 8029 955 1807 8030 955 1807 8031 1409 1807 8032 956 1807 8033 956 2525 8034 1409 2525 8035 1277 2525 8036 1277 1807 8037 1409 1807 8038 1278 1807 8039 1278 2526 8040 1409 2526 8041 1408 2526 8042 1278 1807 8043 1408 1807 8044 1279 1807 8045 1279 1807 8046 1408 1807 8047 1280 1807 8048 1280 1807 8049 1408 1807 8050 1281 1807 8051 1281 1807 8052 1408 1807 8053 1282 1807 8054 1282 1807 8055 1408 1807 8056 1283 1807 8057 1444 2527 8058 970 2527 8059 1443 2527 8060 1443 1807 8061 970 1807 8062 969 1807 8063 1443 2528 8064 969 2528 8065 968 2528 8066 1445 2529 8067 1412 2529 8068 1444 2529 8069 1444 2530 8070 1412 2530 8071 975 2530 8072 1444 2531 8073 975 2531 8074 974 2531 8075 1412 1807 8076 1445 1807 8077 1413 1807 8078 1413 2532 8079 1445 2532 8080 1446 2532 8081 1413 2533 8082 1446 2533 8083 990 2533 8084 990 1807 8085 1446 1807 8086 991 1807 8087 991 1807 8088 1446 1807 8089 992 1807 8090 992 1807 8091 1446 1807 8092 993 1807 8093 993 1807 8094 1446 1807 8095 994 1807 8096 994 1807 8097 1446 1807 8098 1447 1807 8099 994 1807 8100 1447 1807 8101 995 1807 8102 995 1807 8103 1447 1807 8104 996 1807 8105 996 1807 8106 1447 1807 8107 997 1807 8108 997 1807 8109 1447 1807 8110 998 1807 8111 998 1807 8112 1447 1807 8113 999 1807 8114 999 1807 8115 1447 1807 8116 1414 1807 8117 999 2486 8118 1414 2486 8119 1000 2486 8120 1000 1807 8121 1414 1807 8122 1257 1807 8123 1257 1807 8124 1414 1807 8125 1258 1807 8126 1258 1807 8127 1414 1807 8128 1259 1807 8129 1259 1807 8130 1414 1807 8131 1260 1807 8132 1260 1807 8133 1414 1807 8134 1261 1807 8135 1261 1807 8136 1414 1807 8137 1413 1807 8138 1261 1807 8139 1413 1807 8140 1262 1807 8141 1262 1807 8142 1413 1807 8143 1263 1807 8144 1263 1807 8145 1413 1807 8146 1264 1807 8147 1264 2534 8148 1413 2534 8149 1265 2534 8150 1265 1807 8151 1413 1807 8152 1266 1807 8153 1266 1807 8154 1413 1807 8155 989 1807 8156 989 2484 8157 1413 2484 8158 990 2484 8159 1447 1807 8160 1448 1807 8161 1414 1807 8162 1414 1807 8163 1448 1807 8164 1415 1807 8165 1415 2535 8166 1448 2535 8167 1449 2535 8168 1415 1807 8169 1449 1807 8170 1014 1807 8171 1014 2536 8172 1449 2536 8173 1015 2536 8174 1015 1807 8175 1449 1807 8176 1016 1807 8177 1016 1807 8178 1449 1807 8179 1017 1807 8180 1017 1807 8181 1449 1807 8182 1018 1807 8183 1018 2537 8184 1449 2537 8185 1019 2537 8186 1019 2538 8187 1449 2538 8188 1450 2538 8189 1019 1807 8190 1450 1807 8191 1020 1807 8192 1020 1807 8193 1450 1807 8194 1021 1807 8195 1021 1807 8196 1450 1807 8197 1022 1807 8198 1022 1807 8199 1450 1807 8200 1247 1807 8201 1247 1807 8202 1450 1807 8203 1417 1807 8204 1247 1807 8205 1417 1807 8206 1248 1807 8207 1248 1807 8208 1417 1807 8209 1249 1807 8210 1249 1807 8211 1417 1807 8212 1250 1807 8213 1250 1807 8214 1417 1807 8215 1251 1807 8216 1251 1807 8217 1417 1807 8218 1416 1807 8219 1251 1807 8220 1416 1807 8221 1252 1807 8222 1252 1807 8223 1416 1807 8224 1253 1807 8225 1253 1807 8226 1416 1807 8227 1254 1807 8228 1254 1807 8229 1416 1807 8230 1255 1807 8231 1255 1807 8232 1416 1807 8233 1256 1807 8234 1256 1807 8235 1416 1807 8236 1415 1807 8237 1256 1807 8238 1415 1807 8239 1011 1807 8240 1011 2539 8241 1415 2539 8242 1012 2539 8243 1012 1807 8244 1415 1807 8245 1013 1807 8246 1013 1807 8247 1415 1807 8248 1014 1807 8249 1450 1807 8250 1451 1807 8251 1417 1807 8252 1417 2540 8253 1451 2540 8254 1418 2540 8255 1418 2541 8256 1451 2541 8257 1038 2541 8258 1418 2542 8259 1038 2542 8260 1037 2542 8261 1451 2543 8262 1452 2543 8263 1038 2543 8264 1038 1807 8265 1452 1807 8266 1039 1807 8267 1039 1807 8268 1452 1807 8269 1040 1807 8270 1040 1807 8271 1452 1807 8272 1041 1807 8273 1041 1807 8274 1452 1807 8275 1042 1807 8276 1042 1807 8277 1452 1807 8278 1043 1807 8279 1043 2544 8280 1452 2544 8281 1044 2544 8282 1044 2545 8283 1452 2545 8284 1453 2545 8285 1044 1807 8286 1453 1807 8287 1237 1807 8288 1237 1807 8289 1453 1807 8290 1238 1807 8291 1238 1807 8292 1453 1807 8293 1239 1807 8294 1239 1807 8295 1453 1807 8296 1419 1807 8297 1239 1807 8298 1419 1807 8299 1240 1807 8300 1240 1807 8301 1419 1807 8302 1241 1807 8303 1241 1807 8304 1419 1807 8305 1242 1807 8306 1242 1807 8307 1419 1807 8308 1243 1807 8309 1243 1807 8310 1419 1807 8311 1244 1807 8312 1244 1807 8313 1419 1807 8314 1245 1807 8315 1245 2546 8316 1419 2546 8317 1418 2546 8318 1245 1807 8319 1418 1807 8320 1246 1807 8321 1246 2547 8322 1418 2547 8323 1033 2547 8324 1033 1807 8325 1418 1807 8326 1034 1807 8327 1034 1807 8328 1418 1807 8329 1035 1807 8330 1035 2548 8331 1418 2548 8332 1036 2548 8333 1036 1807 8334 1418 1807 8335 1037 1807 8336 1419 1807 8337 1453 1807 8338 1420 1807 8339 1420 1807 8340 1453 1807 8341 1454 1807 8342 1420 1807 8343 1454 1807 8344 797 1807 8345 797 2498 8346 1454 2498 8347 798 2498 8348 798 1807 8349 1454 1807 8350 799 1807 8351 799 1807 8352 1454 1807 8353 1421 1807 8354 799 2549 8355 1421 2549 8356 800 2549 8357 800 2501 8358 1421 2501 8359 801 2501 8360 801 1807 8361 1421 1807 8362 802 1807 8363 802 1807 8364 1421 1807 8365 1347 1807 8366 968 1807 8367 967 1807 8368 1443 1807 8369 1443 2550 8370 967 2550 8371 1276 2550 8372 1443 2551 8373 1276 2551 8374 1410 2551 8375 1410 2552 8376 1276 2552 8377 1275 2552 8378 1410 2553 8379 1275 2553 8380 1274 2553 8381 1274 1807 8382 1273 1807 8383 1410 1807 8384 1410 2554 8385 1273 2554 8386 1272 2554 8387 1410 1807 8388 1272 1807 8389 1411 1807 8390 1411 1807 8391 1272 1807 8392 1271 1807 8393 1411 2555 8394 1271 2555 8395 1270 2555 8396 1270 1807 8397 1269 1807 8398 1411 1807 8399 1411 1807 8400 1269 1807 8401 1268 1807 8402 1411 2556 8403 1268 2556 8404 1267 2556 8405 1411 1807 8406 1267 1807 8407 1412 1807 8408 1412 2557 8409 1267 2557 8410 978 2557 8411 1412 2558 8412 978 2558 8413 977 2558 8414 977 1807 8415 976 1807 8416 1412 1807 8417 1412 1807 8418 976 1807 8419 975 1807 8420 974 1807 8421 973 1807 8422 1444 1807 8423 1444 1807 8424 973 1807 8425 972 1807 8426 1444 2559 8427 972 2559 8428 971 2559 8429 971 2560 8430 970 2560 8431 1444 2560 8432 1285 1807 8433 1284 1807 8434 1440 1807 8435 949 1807 8436 948 1807 8437 1441 1807 8438 1441 2561 8439 948 2561 8440 947 2561 8441 1441 2562 8442 947 2562 8443 946 2562 8444 946 2563 8445 945 2563 8446 1441 2563 8447 836 1807 8448 835 1807 8449 1364 1807 8450 1364 2564 8451 835 2564 8452 1336 2564 8453 1364 2565 8454 1336 2565 8455 1335 2565 8456 1335 1807 8457 1334 1807 8458 1364 1807 8459 1333 1807 8460 1332 1807 8461 1427 1807 8462 1427 1807 8463 1332 1807 8464 1331 1807 8465 1427 2566 8466 1331 2566 8467 1330 2566 8468 1330 1807 8469 1329 1807 8470 1427 1807 8471 1327 1807 8472 846 1807 8473 1426 1807 8474 1426 2567 8475 846 2567 8476 845 2567 8477 1426 1807 8478 845 1807 8479 1362 1807 8480 1362 2568 8481 845 2568 8482 844 2568 8483 1362 2569 8484 844 2569 8485 843 2569 8486 843 1807 8487 842 1807 8488 1362 1807 8489 1362 2570 8490 842 2570 8491 841 2570 8492 1362 2571 8493 841 2571 8494 1363 2571 8495 1363 1807 8496 841 1807 8497 840 1807 8498 1363 2572 8499 840 2572 8500 839 2572 8501 839 1807 8502 838 1807 8503 1363 1807 8504 1363 1807 8505 838 1807 8506 837 1807 8507 1363 2573 8508 837 2573 8509 836 2573 8510 1363 2574 8511 836 2574 8512 1364 2574 8513 1340 1807 8514 1339 1807 8515 1424 1807 8516 1424 2575 8517 1339 2575 8518 1338 2575 8519 1424 2576 8520 1338 2576 8521 1337 2576 8522 1337 1807 8523 824 1807 8524 1424 1807 8525 792 1807 8526 791 1807 8527 1358 1807 8528 1358 1807 8529 791 1807 8530 1356 1807 8531 1358 2577 8532 1356 2577 8533 1355 2577 8534 1355 2578 8535 1354 2579 8536 1358 2580 8537 1358 2581 8538 1354 2581 8539 1359 2581 8540 1359 2582 8541 1354 2582 8542 1353 2582 8543 1359 2583 8544 1353 2583 8545 1352 2583 8546 1352 1807 8547 1351 1807 8548 1359 1807 8549 1350 1807 8550 1349 1807 8551 1422 1807 8552 797 1807 8553 796 1807 8554 1420 1807 8555 1420 2584 8556 796 2584 8557 795 2584 8558 1420 2585 8559 795 2585 8560 794 2585 8561 1420 2586 8562 794 2586 8563 1358 2586 8564 1358 2587 8565 794 2587 8566 793 2587 8567 1358 2588 8568 793 2588 8569 792 2588 8570 1360 1807 8571 1359 1807 8572 1423 1807 8573 1438 2589 8574 1437 2590 8575 1455 2591 8576 1455 2591 8577 1437 2590 8578 1472 2592 8579 1472 2592 8580 1437 2590 8581 1436 2593 8582 1472 2592 8583 1436 2593 8584 1471 2594 8585 1471 2594 8586 1436 2593 8587 1435 2595 8588 1471 2594 8589 1435 2595 8590 1470 2596 8591 1470 2596 8592 1435 2595 8593 1434 2597 8594 1470 2596 8595 1434 2597 8596 1469 2598 8597 1469 2598 8598 1434 2597 8599 1433 2599 8600 1469 2598 8601 1433 2599 8602 1468 2600 8603 1468 2600 8604 1433 2599 8605 1432 2601 8606 1468 2600 8607 1432 2601 8608 1467 2602 8609 1467 2602 8610 1432 2601 8611 1431 2603 8612 1467 2602 8613 1431 2603 8614 1466 2604 8615 1466 2604 8616 1431 2603 8617 1430 2605 8618 1466 2604 8619 1430 2605 8620 1465 2606 8621 1465 2606 8622 1430 2605 8623 1429 2607 8624 1465 2606 8625 1429 2607 8626 1464 2608 8627 1464 2608 8628 1429 2607 8629 1428 2609 8630 1464 2608 8631 1428 2609 8632 1463 2610 8633 1463 2610 8634 1428 2609 8635 1427 2611 8636 1463 2610 8637 1427 2611 8638 1462 2612 8639 1462 2612 8640 1427 2611 8641 1426 2613 8642 1462 2612 8643 1426 2613 8644 1461 2614 8645 1461 2614 8646 1426 2613 8647 1425 2615 8648 1461 2614 8649 1425 2615 8650 1460 2616 8651 1460 2616 8652 1425 2615 8653 1424 2617 8654 1460 2616 8655 1424 2617 8656 1459 2618 8657 1459 2618 8658 1424 2617 8659 1423 2619 8660 1459 2618 8661 1423 2619 8662 1458 2620 8663 1458 2620 8664 1423 2619 8665 1422 2621 8666 1458 2620 8667 1422 2621 8668 1457 2622 8669 1457 2622 8670 1422 2621 8671 1456 2623 8672 1456 2623 8673 1422 2621 8674 1421 2624 8675 1391 2372 8676 1390 2350 8677 1504 2625 8678 1504 2625 8679 1390 2350 8680 1473 2626 8681 1504 2625 8682 1473 2626 8683 1474 2627 8684 1474 2627 8685 1475 2628 8686 1504 2625 8687 1504 2625 8688 1475 2628 8689 1476 2629 8690 1504 2625 8691 1476 2629 8692 1505 2630 8693 1505 2630 8694 1476 2629 8695 1477 2631 8696 1505 2630 8697 1477 2631 8698 1503 2632 8699 1503 2632 8700 1477 2631 8701 1478 2633 8702 1503 2632 8703 1478 2633 8704 1506 2634 8705 1506 2634 8706 1478 2633 8707 1507 2635 8708 1506 2634 8709 1507 2635 8710 1393 2382 8711 1393 2382 8712 1507 2635 8713 1394 2383 8714 1394 2383 8715 1507 2635 8716 1508 2636 8717 1394 2383 8718 1508 2636 8719 1395 2384 8720 1395 2384 8721 1508 2636 8722 1502 2637 8723 1395 2384 8724 1502 2637 8725 1396 2385 8726 1396 2385 8727 1502 2637 8728 1509 2638 8729 1396 2385 8730 1509 2638 8731 1510 2639 8732 1510 2639 8733 1509 2638 8734 1481 2640 8735 1510 2639 8736 1481 2640 8737 1482 2641 8738 1478 2633 8739 1479 2642 8740 1507 2635 8741 1507 2635 8742 1479 2642 8743 1508 2636 8744 1479 2642 8745 1480 2643 8746 1508 2636 8747 1508 2636 8748 1480 2643 8749 1502 2637 8750 1480 2643 8751 1481 2640 8752 1502 2637 8753 1502 2637 8754 1481 2640 8755 1509 2638 8756 1510 2639 8757 1482 2641 8758 1511 2644 8759 1511 2644 8760 1482 2641 8761 1483 2645 8762 1511 2644 8763 1483 2645 8764 1500 2646 8765 1500 2646 8766 1483 2645 8767 1484 2647 8768 1500 2646 8769 1484 2647 8770 1501 2648 8771 1501 2648 8772 1484 2647 8773 1512 2649 8774 1501 2648 8775 1512 2649 8776 1399 2399 8777 1399 2399 8778 1512 2649 8779 1400 2408 8780 1400 2408 8781 1512 2649 8782 1513 2650 8783 1400 2408 8784 1513 2650 8785 1401 2412 8786 1401 2412 8787 1513 2650 8788 1498 2651 8789 1401 2412 8790 1498 2651 8791 1499 2652 8792 1499 2652 8793 1498 2651 8794 1487 2653 8795 1499 2652 8796 1487 2653 8797 1514 2654 8798 1514 2654 8799 1487 2653 8800 1488 2655 8801 1514 2654 8802 1488 2655 8803 1515 2656 8804 1515 2656 8805 1488 2655 8806 1489 2657 8807 1515 2656 8808 1489 2657 8809 1496 2658 8810 1496 2658 8811 1489 2657 8812 1490 2659 8813 1496 2658 8814 1490 2659 8815 1497 2660 8816 1497 2660 8817 1490 2659 8818 1516 2661 8819 1497 2660 8820 1516 2661 8821 1405 2416 8822 1405 2416 8823 1516 2661 8824 1406 2420 8825 1406 2420 8826 1516 2661 8827 1495 2662 8828 1406 2420 8829 1495 2662 8830 1373 2297 8831 1373 2297 8832 1495 2662 8833 1494 2663 8834 1494 2663 8835 1495 2662 8836 1493 2664 8837 1493 2664 8838 1495 2662 8839 1491 2665 8840 1493 2664 8841 1491 2665 8842 1492 2666 8843 1484 2647 8844 1485 2667 8845 1512 2649 8846 1512 2649 8847 1485 2667 8848 1513 2650 8849 1485 2667 8850 1486 2668 8851 1513 2650 8852 1513 2650 8853 1486 2668 8854 1498 2651 8855 1486 2668 8856 1487 2653 8857 1498 2651 8858 1490 2659 8859 1491 2665 8860 1516 2661 8861 1516 2661 8862 1491 2665 8863 1495 2662 8864 1405 2416 8865 1404 2415 8866 1497 2660 8867 1497 2660 8868 1404 2415 8869 1496 2658 8870 1496 2658 8871 1404 2415 8872 1515 2656 8873 1515 2656 8874 1404 2415 8875 1403 2414 8876 1515 2656 8877 1403 2414 8878 1514 2654 8879 1514 2654 8880 1403 2414 8881 1402 2413 8882 1514 2654 8883 1402 2413 8884 1499 2652 8885 1499 2652 8886 1402 2413 8887 1401 2412 8888 1399 2399 8889 1398 2390 8890 1501 2648 8891 1501 2648 8892 1398 2390 8893 1500 2646 8894 1500 2646 8895 1398 2390 8896 1511 2644 8897 1511 2644 8898 1398 2390 8899 1397 2386 8900 1511 2644 8901 1397 2386 8902 1510 2639 8903 1510 2639 8904 1397 2386 8905 1396 2385 8906 1506 2634 8907 1393 2382 8908 1503 2632 8909 1503 2632 8910 1393 2382 8911 1392 2378 8912 1503 2632 8913 1392 2378 8914 1505 2630 8915 1505 2630 8916 1392 2378 8917 1391 2372 8918 1505 2630 8919 1391 2372 8920 1504 2625 8921 1455 2591 8922 1517 2669 8923 1438 2589 8924 1438 2589 8925 1517 2669 8926 1439 2670 8927 1439 2670 8928 1517 2669 8929 1518 2671 8930 1439 2670 8931 1518 2671 8932 1440 2672 8933 1440 2672 8934 1518 2671 8935 1519 2673 8936 1440 2672 8937 1519 2673 8938 1441 2674 8939 1441 2674 8940 1519 2673 8941 1520 2675 8942 1441 2674 8943 1520 2675 8944 1442 2676 8945 1442 2676 8946 1520 2675 8947 1521 2677 8948 1442 2676 8949 1521 2677 8950 1443 2678 8951 1443 2678 8952 1521 2677 8953 1522 2679 8954 1443 2678 8955 1522 2679 8956 1444 2680 8957 1444 2680 8958 1522 2679 8959 1523 2681 8960 1444 2680 8961 1523 2681 8962 1445 2682 8963 1445 2682 8964 1523 2681 8965 1524 2683 8966 1445 2682 8967 1524 2683 8968 1446 2684 8969 1446 2684 8970 1524 2683 8971 1525 2685 8972 1446 2684 8973 1525 2685 8974 1447 2686 8975 1447 2686 8976 1525 2685 8977 1526 2687 8978 1447 2686 8979 1526 2687 8980 1448 2688 8981 1448 2688 8982 1526 2687 8983 1527 2689 8984 1448 2688 8985 1527 2689 8986 1449 2690 8987 1449 2690 8988 1527 2689 8989 1528 2691 8990 1449 2690 8991 1528 2691 8992 1450 2692 8993 1450 2692 8994 1528 2691 8995 1529 2693 8996 1450 2692 8997 1529 2693 8998 1451 2694 8999 1451 2694 9000 1529 2693 9001 1530 2695 9002 1451 2694 9003 1530 2695 9004 1452 2696 9005 1452 2696 9006 1530 2695 9007 1531 2697 9008 1452 2696 9009 1531 2697 9010 1453 2698 9011 1453 2698 9012 1531 2697 9013 1532 2699 9014 1453 2698 9015 1532 2699 9016 1454 2700 9017 1454 2700 9018 1532 2699 9019 1421 2624 9020 1421 2624 9021 1532 2699 9022 1456 2623 9023 1575 1807 9024 1533 1807 9025 1532 1807 9026 1532 2701 9027 1533 2701 9028 1534 2701 9029 1532 2702 9030 1534 2702 9031 1456 2702 9032 1456 2703 9033 1534 2703 9034 1535 2703 9035 1456 2704 9036 1535 2704 9037 1536 2704 9038 1536 1807 9039 1537 1807 9040 1456 1807 9041 1456 1807 9042 1537 1807 9043 1538 1807 9044 1456 1807 9045 1538 1807 9046 1539 1807 9047 1539 2705 9048 1540 2705 9049 1456 2705 9050 1456 2706 9051 1540 2706 9052 1541 2706 9053 1456 1807 9054 1541 1807 9055 1457 1807 9056 1457 2707 9057 1541 2707 9058 1542 2707 9059 1457 2708 9060 1542 2708 9061 1543 2708 9062 1457 2709 9063 1543 2709 9064 1458 2709 9065 1458 1807 9066 1543 1807 9067 1544 1807 9068 1458 2710 9069 1544 2710 9070 1459 2710 9071 1459 1807 9072 1544 1807 9073 1545 1807 9074 1459 2711 9075 1545 2711 9076 1460 2711 9077 1460 1807 9078 1545 1807 9079 1546 1807 9080 1460 1807 9081 1546 1807 9082 1461 1807 9083 1461 2712 9084 1546 2712 9085 1547 2712 9086 1461 2713 9087 1547 2713 9088 1462 2713 9089 1462 2714 9090 1547 2714 9091 1548 2714 9092 1462 2715 9093 1548 2715 9094 1463 2715 9095 1463 1807 9096 1548 1807 9097 1549 1807 9098 1463 2716 9099 1549 2716 9100 1464 2716 9101 1464 1807 9102 1549 1807 9103 1550 1807 9104 1464 1807 9105 1550 1807 9106 1465 1807 9107 1465 2717 9108 1550 2717 9109 1551 2717 9110 1465 1807 9111 1551 1807 9112 1466 1807 9113 1466 1807 9114 1551 1807 9115 1552 1807 9116 1466 1807 9117 1552 1807 9118 1467 1807 9119 1467 2718 9120 1552 2718 9121 1553 2718 9122 1467 2719 9123 1553 2719 9124 1468 2719 9125 1468 1807 9126 1553 1807 9127 1554 1807 9128 1468 1807 9129 1554 1807 9130 1469 1807 9131 1469 2720 9132 1554 2720 9133 1555 2720 9134 1469 1807 9135 1555 1807 9136 1470 1807 9137 1470 1807 9138 1555 1807 9139 1556 1807 9140 1470 1807 9141 1556 1807 9142 1471 1807 9143 1471 1807 9144 1556 1807 9145 1557 1807 9146 1471 2721 9147 1557 2721 9148 1472 2721 9149 1472 1807 9150 1557 1807 9151 1558 1807 9152 1472 1807 9153 1558 1807 9154 1455 1807 9155 1455 1807 9156 1558 1807 9157 1559 1807 9158 1455 2722 9159 1559 2722 9160 1560 2722 9161 1455 2723 9162 1560 2723 9163 1517 2723 9164 1517 1807 9165 1560 1807 9166 1561 1807 9167 1517 2724 9168 1561 2724 9169 1518 2724 9170 1518 1807 9171 1561 1807 9172 1562 1807 9173 1518 2725 9174 1562 2725 9175 1519 2725 9176 1519 1807 9177 1562 1807 9178 1563 1807 9179 1519 2726 9180 1563 2726 9181 1520 2726 9182 1520 2727 9183 1563 2727 9184 1564 2727 9185 1520 2728 9186 1564 2728 9187 1521 2728 9188 1521 1807 9189 1564 1807 9190 1565 1807 9191 1521 2729 9192 1565 2729 9193 1522 2729 9194 1522 2730 9195 1565 2730 9196 1566 2730 9197 1522 2731 9198 1566 2731 9199 1523 2731 9200 1523 1807 9201 1566 1807 9202 1567 1807 9203 1523 1807 9204 1567 1807 9205 1524 1807 9206 1524 2732 9207 1567 2732 9208 1568 2732 9209 1524 1807 9210 1568 1807 9211 1525 1807 9212 1525 1807 9213 1568 1807 9214 1569 1807 9215 1525 2733 9216 1569 2733 9217 1526 2733 9218 1526 1807 9219 1569 1807 9220 1570 1807 9221 1526 2734 9222 1570 2734 9223 1527 2734 9224 1527 2735 9225 1570 2735 9226 1571 2735 9227 1527 1807 9228 1571 1807 9229 1528 1807 9230 1528 2736 9231 1571 2736 9232 1572 2736 9233 1528 2737 9234 1572 2737 9235 1529 2737 9236 1529 1807 9237 1572 1807 9238 1573 1807 9239 1529 2738 9240 1573 2738 9241 1530 2738 9242 1530 1807 9243 1573 1807 9244 1574 1807 9245 1530 2739 9246 1574 2739 9247 1531 2739 9248 1531 1807 9249 1574 1807 9250 1575 1807 9251 1531 2740 9252 1575 2740 9253 1532 2740 9254 1473 2626 9255 1390 2350 9256 1592 2741 9257 1592 2741 9258 1390 2350 9259 1389 2346 9260 1592 2741 9261 1389 2346 9262 1601 2742 9263 1601 2742 9264 1389 2346 9265 1388 2342 9266 1601 2742 9267 1388 2342 9268 1594 2743 9269 1594 2743 9270 1388 2342 9271 1387 2341 9272 1594 2743 9273 1387 2341 9274 1593 2744 9275 1593 2744 9276 1387 2341 9277 1602 2745 9278 1593 2744 9279 1602 2745 9280 1589 2746 9281 1589 2746 9282 1602 2745 9283 1588 2747 9284 1588 2747 9285 1602 2745 9286 1603 2748 9287 1588 2747 9288 1603 2748 9289 1587 2749 9290 1587 2749 9291 1603 2748 9292 1596 2750 9293 1587 2749 9294 1596 2750 9295 1595 2751 9296 1595 2751 9297 1596 2750 9298 1384 2338 9299 1595 2751 9300 1384 2338 9301 1604 2752 9302 1604 2752 9303 1384 2338 9304 1383 2334 9305 1604 2752 9306 1383 2334 9307 1605 2753 9308 1605 2753 9309 1383 2334 9310 1382 2325 9311 1605 2753 9312 1382 2325 9313 1598 2754 9314 1598 2754 9315 1382 2325 9316 1381 2316 9317 1598 2754 9318 1381 2316 9319 1597 2755 9320 1597 2755 9321 1381 2316 9322 1606 2756 9323 1597 2755 9324 1606 2756 9325 1583 2757 9326 1583 2757 9327 1606 2756 9328 1582 2758 9329 1582 2758 9330 1606 2756 9331 1607 2759 9332 1582 2758 9333 1607 2759 9334 1581 2760 9335 1581 2760 9336 1607 2759 9337 1608 2761 9338 1581 2760 9339 1608 2761 9340 1599 2762 9341 1599 2762 9342 1608 2761 9343 1379 2311 9344 1599 2762 9345 1379 2311 9346 1378 2310 9347 1387 2341 9348 1386 2340 9349 1602 2745 9350 1602 2745 9351 1386 2340 9352 1603 2748 9353 1386 2340 9354 1385 2339 9355 1603 2748 9356 1603 2748 9357 1385 2339 9358 1596 2750 9359 1385 2339 9360 1384 2338 9361 1596 2750 9362 1381 2316 9363 1380 2312 9364 1606 2756 9365 1606 2756 9366 1380 2312 9367 1607 2759 9368 1380 2312 9369 1379 2311 9370 1607 2759 9371 1607 2759 9372 1379 2311 9373 1608 2761 9374 1599 2762 9375 1378 2310 9376 1609 2763 9377 1609 2763 9378 1378 2310 9379 1377 2309 9380 1609 2763 9381 1377 2309 9382 1610 2764 9383 1610 2764 9384 1377 2309 9385 1376 2304 9386 1610 2764 9387 1376 2304 9388 1611 2765 9389 1611 2765 9390 1376 2304 9391 1600 2766 9392 1611 2765 9393 1600 2766 9394 1578 2767 9395 1578 2767 9396 1600 2766 9397 1577 2768 9398 1577 2768 9399 1600 2766 9400 1612 2769 9401 1577 2768 9402 1612 2769 9403 1576 2770 9404 1576 2770 9405 1612 2769 9406 1613 2771 9407 1576 2770 9408 1613 2771 9409 1492 2666 9410 1492 2666 9411 1613 2771 9412 1493 2664 9413 1493 2664 9414 1613 2771 9415 1494 2663 9416 1494 2663 9417 1613 2771 9418 1373 2297 9419 1373 2297 9420 1613 2771 9421 1374 2295 9422 1374 2295 9423 1613 2771 9424 1612 2769 9425 1374 2295 9426 1612 2769 9427 1375 2300 9428 1375 2300 9429 1612 2769 9430 1600 2766 9431 1375 2300 9432 1600 2766 9433 1376 2304 9434 1611 2765 9435 1578 2767 9436 1610 2764 9437 1610 2764 9438 1578 2767 9439 1579 2772 9440 1610 2764 9441 1579 2772 9442 1609 2763 9443 1609 2763 9444 1579 2772 9445 1580 2773 9446 1609 2763 9447 1580 2773 9448 1599 2762 9449 1599 2762 9450 1580 2773 9451 1581 2760 9452 1583 2757 9453 1584 2774 9454 1597 2755 9455 1597 2755 9456 1584 2774 9457 1598 2754 9458 1598 2754 9459 1584 2774 9460 1605 2753 9461 1605 2753 9462 1584 2774 9463 1585 2775 9464 1605 2753 9465 1585 2775 9466 1604 2752 9467 1604 2752 9468 1585 2775 9469 1586 2776 9470 1604 2752 9471 1586 2776 9472 1595 2751 9473 1595 2751 9474 1586 2776 9475 1587 2749 9476 1589 2746 9477 1590 2777 9478 1593 2744 9479 1593 2744 9480 1590 2777 9481 1594 2743 9482 1594 2743 9483 1590 2777 9484 1601 2742 9485 1601 2742 9486 1590 2777 9487 1591 2778 9488 1601 2742 9489 1591 2778 9490 1592 2741 9491 1592 2741 9492 1591 2778 9493 1474 2627 9494 1592 2741 9495 1474 2627 9496 1473 2626 9497 1591 2778 9498 1475 2628 9499 1474 2627 9500 1542 2779 9501 1614 2780 9502 1543 2781 9503 1543 2781 9504 1614 2780 9505 1615 2782 9506 1543 2783 9507 1615 2784 9508 1616 2785 9509 1543 2783 9510 1616 2785 9511 1544 2786 9512 1544 2786 9513 1616 2785 9514 1617 2787 9515 1544 2786 9516 1617 2787 9517 1545 2788 9518 1545 2788 9519 1617 2787 9520 1618 2789 9521 1545 2788 9522 1618 2789 9523 1546 2790 9524 1546 2790 9525 1618 2789 9526 1619 2791 9527 1546 2790 9528 1619 2791 9529 1547 2792 9530 1547 2792 9531 1619 2791 9532 1620 2793 9533 1547 2792 9534 1620 2793 9535 1548 2794 9536 1548 2794 9537 1620 2793 9538 1621 2795 9539 1548 2794 9540 1621 2795 9541 1549 2796 9542 1549 2796 9543 1621 2795 9544 1622 2797 9545 1549 2796 9546 1622 2797 9547 1550 2798 9548 1550 2798 9549 1622 2797 9550 1623 2799 9551 1550 2798 9552 1623 2799 9553 1551 2800 9554 1551 2800 9555 1623 2799 9556 1624 2801 9557 1551 2800 9558 1624 2801 9559 1552 2802 9560 1552 2802 9561 1624 2801 9562 1625 2803 9563 1552 2802 9564 1625 2803 9565 1553 2804 9566 1553 2804 9567 1625 2803 9568 1626 2805 9569 1553 2804 9570 1626 2805 9571 1554 2806 9572 1554 2806 9573 1626 2805 9574 1627 2807 9575 1554 2806 9576 1627 2807 9577 1555 2808 9578 1555 2808 9579 1627 2807 9580 1628 2809 9581 1555 2808 9582 1628 2809 9583 1556 2810 9584 1556 2810 9585 1628 2809 9586 1629 2811 9587 1556 2810 9588 1629 2811 9589 1557 2812 9590 1557 2812 9591 1629 2811 9592 1630 2813 9593 1557 2812 9594 1630 2813 9595 1558 2814 9596 1558 2814 9597 1630 2813 9598 1631 2815 9599 1558 2814 9600 1631 2815 9601 1559 2816 9602 1559 2816 9603 1631 2815 9604 1632 2817 9605 1559 2816 9606 1632 2817 9607 1633 2818 9608 1559 2816 9609 1633 2818 9610 1560 2819 9611 1560 2819 9612 1633 2818 9613 1634 2820 9614 1560 2819 9615 1634 2820 9616 1561 2821 9617 1561 2821 9618 1634 2820 9619 1635 2822 9620 1561 2821 9621 1635 2822 9622 1562 2823 9623 1562 2823 9624 1635 2822 9625 1636 2824 9626 1562 2823 9627 1636 2824 9628 1563 2825 9629 1563 2825 9630 1636 2824 9631 1637 2826 9632 1563 2825 9633 1637 2826 9634 1564 2827 9635 1564 2827 9636 1637 2826 9637 1638 2828 9638 1564 2827 9639 1638 2828 9640 1565 2829 9641 1565 2829 9642 1638 2828 9643 1639 2830 9644 1565 2829 9645 1639 2830 9646 1566 2831 9647 1566 2831 9648 1639 2830 9649 1640 2832 9650 1566 2831 9651 1640 2832 9652 1567 2833 9653 1567 2833 9654 1640 2832 9655 1641 2834 9656 1567 2833 9657 1641 2834 9658 1568 2835 9659 1568 2835 9660 1641 2834 9661 1642 2836 9662 1568 2835 9663 1642 2836 9664 1569 2837 9665 1569 2837 9666 1642 2836 9667 1643 2838 9668 1569 2837 9669 1643 2838 9670 1570 2839 9671 1570 2839 9672 1643 2838 9673 1644 2840 9674 1570 2839 9675 1644 2840 9676 1571 2841 9677 1571 2841 9678 1644 2840 9679 1645 2842 9680 1571 2841 9681 1645 2842 9682 1572 2843 9683 1572 2843 9684 1645 2842 9685 1646 2844 9686 1572 2843 9687 1646 2844 9688 1573 2845 9689 1573 2845 9690 1646 2844 9691 1647 2846 9692 1573 2845 9693 1647 2846 9694 1574 2847 9695 1574 2847 9696 1647 2846 9697 1648 2848 9698 1574 2847 9699 1648 2848 9700 1575 2849 9701 1575 2849 9702 1648 2848 9703 1649 2850 9704 1575 2849 9705 1649 2850 9706 1650 2851 9707 1650 2852 9708 1533 2853 9709 1575 2854 9710 1632 2855 9711 1475 2628 9712 1633 2856 9713 1633 2856 9714 1475 2628 9715 1591 2778 9716 1633 2856 9717 1591 2778 9718 1634 2857 9719 1634 2857 9720 1591 2778 9721 1590 2777 9722 1634 2857 9723 1590 2777 9724 1635 2858 9725 1635 2858 9726 1590 2777 9727 1589 2746 9728 1635 2858 9729 1589 2746 9730 1636 2859 9731 1636 2859 9732 1589 2746 9733 1588 2747 9734 1636 2859 9735 1588 2747 9736 1637 2860 9737 1637 2860 9738 1588 2747 9739 1587 2749 9740 1637 2860 9741 1587 2749 9742 1638 2861 9743 1638 2861 9744 1587 2749 9745 1586 2776 9746 1638 2861 9747 1586 2776 9748 1639 2862 9749 1639 2862 9750 1586 2776 9751 1585 2775 9752 1639 2862 9753 1585 2775 9754 1640 2863 9755 1640 2863 9756 1585 2775 9757 1584 2774 9758 1640 2863 9759 1584 2774 9760 1641 2864 9761 1641 2864 9762 1584 2774 9763 1583 2757 9764 1641 2864 9765 1583 2757 9766 1642 2865 9767 1642 2865 9768 1583 2757 9769 1582 2758 9770 1642 2865 9771 1582 2758 9772 1643 2866 9773 1643 2866 9774 1582 2758 9775 1581 2760 9776 1643 2866 9777 1581 2760 9778 1644 2867 9779 1644 2867 9780 1581 2760 9781 1580 2773 9782 1644 2867 9783 1580 2773 9784 1645 2868 9785 1645 2868 9786 1580 2773 9787 1579 2772 9788 1645 2868 9789 1579 2772 9790 1646 2869 9791 1646 2869 9792 1579 2772 9793 1578 2767 9794 1646 2869 9795 1578 2767 9796 1647 2870 9797 1647 2870 9798 1578 2767 9799 1577 2768 9800 1647 2870 9801 1577 2768 9802 1648 2871 9803 1648 2871 9804 1577 2768 9805 1576 2770 9806 1648 2871 9807 1576 2770 9808 1649 2872 9809 1649 2873 9810 1576 2770 9811 1654 2874 9812 1654 2874 9813 1576 2770 9814 1492 2666 9815 1654 2874 9816 1492 2666 9817 1653 2875 9818 1653 2875 9819 1492 2666 9820 1652 2876 9821 1652 2876 9822 1492 2666 9823 1651 2877 9824 1651 2877 9825 1492 2666 9826 1657 2878 9827 1657 2878 9828 1492 2666 9829 1656 2879 9830 1656 2879 9831 1492 2666 9832 1655 2880 9833 1655 2880 9834 1492 2666 9835 1491 2665 9836 1655 2880 9837 1491 2665 9838 1615 2881 9839 1615 2881 9840 1491 2665 9841 1616 2882 9842 1616 2882 9843 1491 2665 9844 1490 2659 9845 1616 2882 9846 1490 2659 9847 1617 2883 9848 1617 2883 9849 1490 2659 9850 1489 2657 9851 1617 2883 9852 1489 2657 9853 1618 2884 9854 1618 2884 9855 1489 2657 9856 1488 2655 9857 1618 2884 9858 1488 2655 9859 1619 2885 9860 1619 2885 9861 1488 2655 9862 1487 2653 9863 1619 2885 9864 1487 2653 9865 1620 2886 9866 1620 2886 9867 1487 2653 9868 1486 2668 9869 1620 2886 9870 1486 2668 9871 1621 2887 9872 1621 2887 9873 1486 2668 9874 1485 2667 9875 1621 2887 9876 1485 2667 9877 1622 2888 9878 1622 2888 9879 1485 2667 9880 1484 2647 9881 1622 2888 9882 1484 2647 9883 1623 2889 9884 1623 2889 9885 1484 2647 9886 1483 2645 9887 1623 2889 9888 1483 2645 9889 1624 2890 9890 1624 2890 9891 1483 2645 9892 1482 2641 9893 1624 2890 9894 1482 2641 9895 1625 2891 9896 1625 2891 9897 1482 2641 9898 1481 2640 9899 1625 2891 9900 1481 2640 9901 1626 2892 9902 1626 2892 9903 1481 2640 9904 1480 2643 9905 1626 2892 9906 1480 2643 9907 1627 2893 9908 1627 2893 9909 1480 2643 9910 1479 2642 9911 1627 2893 9912 1479 2642 9913 1628 2894 9914 1628 2894 9915 1479 2642 9916 1478 2633 9917 1628 2894 9918 1478 2633 9919 1629 2895 9920 1629 2895 9921 1478 2633 9922 1477 2631 9923 1629 2895 9924 1477 2631 9925 1630 2896 9926 1630 2896 9927 1477 2631 9928 1476 2629 9929 1630 2896 9930 1476 2629 9931 1631 2897 9932 1631 2897 9933 1476 2629 9934 1475 2628 9935 1631 2897 9936 1475 2628 9937 1632 2855 9938 1658 2898 9939 1614 2899 9940 1669 2900 9941 1669 2901 9942 1614 2902 9943 1542 2903 9944 1669 2901 9945 1542 2903 9946 1668 2904 9947 1668 2904 9948 1542 2903 9949 1541 2905 9950 1668 2904 9951 1541 2905 9952 1667 2906 9953 1667 2906 9954 1541 2905 9955 1540 2907 9956 1667 2906 9957 1540 2907 9958 1666 2908 9959 1666 2908 9960 1540 2907 9961 1539 2909 9962 1666 2908 9963 1539 2909 9964 1665 2910 9965 1665 2910 9966 1539 2909 9967 1538 2911 9968 1665 2910 9969 1538 2911 9970 1537 2912 9971 1665 2910 9972 1537 2912 9973 1664 2913 9974 1664 2913 9975 1537 2912 9976 1536 2914 9977 1664 2913 9978 1536 2914 9979 1663 2915 9980 1663 2915 9981 1536 2914 9982 1535 2916 9983 1663 2915 9984 1535 2916 9985 1662 2917 9986 1662 2917 9987 1535 2916 9988 1534 2918 9989 1662 2917 9990 1534 2918 9991 1661 2919 9992 1661 2919 9993 1534 2918 9994 1533 2920 9995 1661 2921 9996 1533 2922 9997 1660 2923 9998 1660 2923 9999 1533 2922 10000 1650 2924 10001 1660 2923 10002 1650 2924 10003 1659 2925 10004 1655 2926 10005 1615 2926 10006 1658 2926 10007 1658 2926 10008 1615 2926 10009 1614 2926 10010 1650 401 10011 1649 401 10012 1659 401 10013 1659 401 10014 1649 401 10015 1654 401 10016 1655 1807 10017 1658 1807 10018 1656 1807 10019 1656 2927 10020 1658 2927 10021 1669 2927 10022 1656 2928 10023 1669 2928 10024 1657 2928 10025 1657 2929 10026 1669 2929 10027 1668 2929 10028 1657 2930 10029 1668 2930 10030 1667 2930 10031 1667 2931 10032 1666 2931 10033 1657 2931 10034 1657 1807 10035 1666 1807 10036 1651 1807 10037 1651 1807 10038 1666 1807 10039 1665 1807 10040 1651 1807 10041 1665 1807 10042 1664 1807 10043 1664 1807 10044 1663 1807 10045 1651 1807 10046 1651 2932 10047 1663 2932 10048 1652 2932 10049 1652 1807 10050 1663 1807 10051 1662 1807 10052 1652 2933 10053 1662 2933 10054 1661 2933 10055 1661 2934 10056 1660 2934 10057 1652 2934 10058 1652 2935 10059 1660 2935 10060 1653 2935 10061 1653 2936 10062 1660 2936 10063 1659 2936 10064 1653 1807 10065 1659 1807 10066 1654 1807 10067</p>
        </triangles>
      </mesh>
    </geometry>
  </library_geometries>
  <library_visual_scenes>
    <visual_scene id="Scene" name="Scene">
      <node id="RD37-FR3FBXASC239FBXASC188FBXASC136FBXASC233FBXASC149FBXASC156F" name="RD37-FR3FBXASC239FBXASC188FBXASC136FBXASC233FBXASC149FBXASC156F" type="NODE">
        <matrix sid="transform">0.001 0 0 0 0 0.001 -4.37114e-11 0 0 4.37114e-11 0.001 0 0 0 0 1</matrix>
        <node id="stitch_result_stitchFBXASC032all" name="stitch_result_stitchFBXASC032all" type="NODE">
          <matrix sid="transform">-1 -6.60024e-15 -1.50996e-7 0 -1.50996e-7 4.37114e-8 1 0 0 1 -4.37114e-8 0 0 0 0 1</matrix>
          <instance_geometry url="#stitch_result_stitchFBXASC032allMesh-mesh" name="stitch_result_stitchFBXASC032all">
            <bind_material>
              <technique_common>
                <instance_material symbol="MaterialFBXASC032FBXASC03526-material" target="#MaterialFBXASC032FBXASC03526-material">
                  <bind_vertex_input semantic="stitch_result_stitchFBXASC032all-UV0" input_semantic="TEXCOORD" input_set="0"/>
                </instance_material>
              </technique_common>
            </bind_material>
          </instance_geometry>
        </node>
      </node>
    </visual_scene>
  </library_visual_scenes>
  <scene>
    <instance_visual_scene url="#Scene"/>
  </scene>
</COLLADA>